SimulationName	SimulationDate	Date	Day	Month	Year	JulianDay	idZone	zoneName	idCell	x	y	monthYield	monthLai	monthEai	monthBiomass	monthDirectPar	monthDiffusePar	monthDirectParIntercepted	monthDiffuseParIntercepted	monthDirectParIncident	monthDiffuseParIncident	monthRelativeDirectParIncident	monthRelativeDiffuseParIncident	monthRelativeTotalParIncident	monthVisibleSky	
agroforestry	Mon Jan 26 16:28:55 CET 2026	28/1/2020	28	1	2020	28	1	Main-AF	1	0.0000000000000000e+00	2.0000000000000000e+00	0.00000e+00	0.00000e+00	0.00000e+00	0.00000e+00	1.16730e+02	1.72720e+02	0.00000e+00	0.00000e+00	2.73824e+01	2.80000e+01	2.34579e-01	1.62112e-01	1.91337e-01	2.70013e+01	
agroforestry	Mon Jan 26 16:28:55 CET 2026	28/1/2020	28	1	2020	28	1	Main-AF	2	1.0000000000000000e+00	2.0000000000000000e+00	0.00000e+00	0.00000e+00	0.00000e+00	0.00000e+00	1.16730e+02	1.72720e+02	0.00000e+00	0.00000e+00	2.71480e+01	2.80000e+01	2.32570e-01	1.62112e-01	1.90527e-01	2.70013e+01	
agroforestry	Mon Jan 26 16:28:55 CET 2026	28/1/2020	28	1	2020	28	1	Main-AF	3	2.0000000000000000e+00	2.0000000000000000e+00	0.00000e+00	0.00000e+00	0.00000e+00	0.00000e+00	1.16730e+02	1.72720e+02	0.00000e+00	0.00000e+00	2.73487e+01	2.80000e+01	2.34290e-01	1.62112e-01	1.91220e-01	2.70013e+01	
agroforestry	Mon Jan 26 16:28:55 CET 2026	28/1/2020	28	1	2020	28	2	TLV-AF	4	3.0000000000000000e+00	2.0000000000000000e+00	0.00000e+00	0.00000e+00	0.00000e+00	0.00000e+00	1.16730e+02	1.72720e+02	0.00000e+00	0.00000e+00	2.75691e+01	2.80000e+01	2.36178e-01	1.62112e-01	1.91981e-01	2.70013e+01	
agroforestry	Mon Jan 26 16:28:55 CET 2026	28/1/2020	28	1	2020	28	1	Main-AF	5	4.0000000000000000e+00	2.0000000000000000e+00	0.00000e+00	0.00000e+00	0.00000e+00	0.00000e+00	1.16730e+02	1.72720e+02	0.00000e+00	0.00000e+00	2.75568e+01	2.80000e+01	2.36073e-01	1.62112e-01	1.91939e-01	2.70013e+01	
agroforestry	Mon Jan 26 16:28:55 CET 2026	28/1/2020	28	1	2020	28	1	Main-AF	6	5.0000000000000000e+00	2.0000000000000000e+00	0.00000e+00	0.00000e+00	0.00000e+00	0.00000e+00	1.16730e+02	1.72720e+02	0.00000e+00	0.00000e+00	2.75057e+01	2.80000e+01	2.35634e-01	1.62112e-01	1.91762e-01	2.70013e+01	
agroforestry	Mon Jan 26 16:28:55 CET 2026	28/1/2020	28	1	2020	28	1	Main-AF	7	6.0000000000000000e+00	2.0000000000000000e+00	0.00000e+00	0.00000e+00	0.00000e+00	0.00000e+00	1.16730e+02	1.72720e+02	0.00000e+00	0.00000e+00	2.74455e+01	2.80000e+01	2.35119e-01	1.62112e-01	1.91555e-01	2.70013e+01	
agroforestry	Mon Jan 26 16:28:55 CET 2026	28/1/2020	28	1	2020	28	1	Main-AF	8	0.0000000000000000e+00	1.0000000000000000e+00	0.00000e+00	0.00000e+00	0.00000e+00	0.00000e+00	1.16730e+02	1.72720e+02	0.00000e+00	0.00000e+00	2.75474e+01	2.80000e+01	2.35992e-01	1.62112e-01	1.91907e-01	2.70013e+01	
agroforestry	Mon Jan 26 16:28:55 CET 2026	28/1/2020	28	1	2020	28	1	Main-AF	9	1.0000000000000000e+00	1.0000000000000000e+00	0.00000e+00	0.00000e+00	0.00000e+00	0.00000e+00	1.16730e+02	1.72720e+02	0.00000e+00	0.00000e+00	2.75279e+01	2.80000e+01	2.35825e-01	1.62112e-01	1.91839e-01	2.70013e+01	
agroforestry	Mon Jan 26 16:28:55 CET 2026	28/1/2020	28	1	2020	28	1	Main-AF	10	2.0000000000000000e+00	1.0000000000000000e+00	0.00000e+00	0.00000e+00	0.00000e+00	0.00000e+00	1.16730e+02	1.72720e+02	0.00000e+00	0.00000e+00	2.74606e+01	2.80000e+01	2.35248e-01	1.62112e-01	1.91607e-01	2.70013e+01	
agroforestry	Mon Jan 26 16:28:55 CET 2026	28/1/2020	28	1	2020	28	2	TLV-AF	11	3.0000000000000000e+00	1.0000000000000000e+00	0.00000e+00	0.00000e+00	0.00000e+00	0.00000e+00	1.16730e+02	1.72720e+02	0.00000e+00	0.00000e+00	2.70197e+01	2.80000e+01	2.31471e-01	1.62112e-01	1.90083e-01	2.70013e+01	
agroforestry	Mon Jan 26 16:28:55 CET 2026	28/1/2020	28	1	2020	28	1	Main-AF	12	4.0000000000000000e+00	1.0000000000000000e+00	0.00000e+00	0.00000e+00	0.00000e+00	0.00000e+00	1.16730e+02	1.72720e+02	0.00000e+00	0.00000e+00	2.71217e+01	2.80000e+01	2.32345e-01	1.62112e-01	1.90436e-01	2.70013e+01	
agroforestry	Mon Jan 26 16:28:55 CET 2026	28/1/2020	28	1	2020	28	1	Main-AF	13	5.0000000000000000e+00	1.0000000000000000e+00	0.00000e+00	0.00000e+00	0.00000e+00	0.00000e+00	1.16730e+02	1.72720e+02	0.00000e+00	0.00000e+00	2.73232e+01	2.80000e+01	2.34071e-01	1.62112e-01	1.91132e-01	2.70013e+01	
agroforestry	Mon Jan 26 16:28:55 CET 2026	28/1/2020	28	1	2020	28	1	Main-AF	14	6.0000000000000000e+00	1.0000000000000000e+00	0.00000e+00	0.00000e+00	0.00000e+00	0.00000e+00	1.16730e+02	1.72720e+02	0.00000e+00	0.00000e+00	2.74768e+01	2.80000e+01	2.35387e-01	1.62112e-01	1.91663e-01	2.70013e+01	
agroforestry	Mon Jan 26 16:28:55 CET 2026	28/1/2020	28	1	2020	28	1	Main-AF	15	0.0000000000000000e+00	0.0000000000000000e+00	0.00000e+00	0.00000e+00	0.00000e+00	0.00000e+00	1.16730e+02	1.72720e+02	0.00000e+00	0.00000e+00	2.71642e+01	2.80000e+01	2.32709e-01	1.62112e-01	1.90583e-01	2.70013e+01	
agroforestry	Mon Jan 26 16:28:55 CET 2026	28/1/2020	28	1	2020	28	1	Main-AF	16	1.0000000000000000e+00	0.0000000000000000e+00	0.00000e+00	0.00000e+00	0.00000e+00	0.00000e+00	1.16730e+02	1.72720e+02	0.00000e+00	0.00000e+00	2.73945e+01	2.80000e+01	2.34683e-01	1.62112e-01	1.91378e-01	2.70013e+01	
agroforestry	Mon Jan 26 16:28:55 CET 2026	28/1/2020	28	1	2020	28	1	Main-AF	17	2.0000000000000000e+00	0.0000000000000000e+00	0.00000e+00	0.00000e+00	0.00000e+00	0.00000e+00	1.16730e+02	1.72720e+02	0.00000e+00	0.00000e+00	2.72840e+01	2.80000e+01	2.33735e-01	1.62112e-01	1.90996e-01	2.70013e+01	
agroforestry	Mon Jan 26 16:28:55 CET 2026	28/1/2020	28	1	2020	28	2	TLV-AF	18	3.0000000000000000e+00	0.0000000000000000e+00	0.00000e+00	0.00000e+00	0.00000e+00	0.00000e+00	1.16730e+02	1.72720e+02	0.00000e+00	0.00000e+00	2.73113e+01	2.80000e+01	2.33969e-01	1.62112e-01	1.91091e-01	2.70013e+01	
agroforestry	Mon Jan 26 16:28:55 CET 2026	28/1/2020	28	1	2020	28	1	Main-AF	19	4.0000000000000000e+00	0.0000000000000000e+00	0.00000e+00	0.00000e+00	0.00000e+00	0.00000e+00	1.16730e+02	1.72720e+02	0.00000e+00	0.00000e+00	2.71866e+01	2.80000e+01	2.32901e-01	1.62112e-01	1.90660e-01	2.70013e+01	
agroforestry	Mon Jan 26 16:28:55 CET 2026	28/1/2020	28	1	2020	28	1	Main-AF	20	5.0000000000000000e+00	0.0000000000000000e+00	0.00000e+00	0.00000e+00	0.00000e+00	0.00000e+00	1.16730e+02	1.72720e+02	0.00000e+00	0.00000e+00	2.72844e+01	2.80000e+01	2.33739e-01	1.62112e-01	1.90998e-01	2.70013e+01	
agroforestry	Mon Jan 26 16:28:55 CET 2026	28/1/2020	28	1	2020	28	1	Main-AF	21	6.0000000000000000e+00	0.0000000000000000e+00	0.00000e+00	0.00000e+00	0.00000e+00	0.00000e+00	1.16730e+02	1.72720e+02	0.00000e+00	0.00000e+00	2.71126e+01	2.80000e+01	2.32267e-01	1.62112e-01	1.90404e-01	2.70013e+01	
agroforestry	Mon Jan 26 16:28:55 CET 2026	28/2/2020	28	2	2020	59	1	Main-AF	1	0.0000000000000000e+00	2.0000000000000000e+00	0.00000e+00	0.00000e+00	0.00000e+00	0.00000e+00	3.04732e+02	2.55003e+02	0.00000e+00	0.00000e+00	2.67544e+01	2.80000e+01	8.77966e-02	1.09803e-01	9.78221e-02	2.70013e+01	
agroforestry	Mon Jan 26 16:28:55 CET 2026	28/2/2020	28	2	2020	59	1	Main-AF	2	1.0000000000000000e+00	2.0000000000000000e+00	0.00000e+00	0.00000e+00	0.00000e+00	0.00000e+00	3.04732e+02	2.55003e+02	0.00000e+00	0.00000e+00	2.66063e+01	2.80000e+01	8.73105e-02	1.09803e-01	9.75574e-02	2.70013e+01	
agroforestry	Mon Jan 26 16:28:55 CET 2026	28/2/2020	28	2	2020	59	1	Main-AF	3	2.0000000000000000e+00	2.0000000000000000e+00	0.00000e+00	0.00000e+00	0.00000e+00	0.00000e+00	3.04732e+02	2.55003e+02	0.00000e+00	0.00000e+00	2.69858e+01	2.80000e+01	8.85559e-02	1.09803e-01	9.82354e-02	2.70013e+01	
agroforestry	Mon Jan 26 16:28:55 CET 2026	28/2/2020	28	2	2020	59	2	TLV-AF	4	3.0000000000000000e+00	2.0000000000000000e+00	0.00000e+00	0.00000e+00	0.00000e+00	0.00000e+00	3.04732e+02	2.55003e+02	0.00000e+00	0.00000e+00	2.74467e+01	2.80000e+01	9.00683e-02	1.09803e-01	9.90588e-02	2.70013e+01	
agroforestry	Mon Jan 26 16:28:55 CET 2026	28/2/2020	28	2	2020	59	1	Main-AF	5	4.0000000000000000e+00	2.0000000000000000e+00	0.00000e+00	0.00000e+00	0.00000e+00	0.00000e+00	3.04732e+02	2.55003e+02	0.00000e+00	0.00000e+00	2.74175e+01	2.80000e+01	8.99725e-02	1.09803e-01	9.90067e-02	2.70013e+01	
agroforestry	Mon Jan 26 16:28:55 CET 2026	28/2/2020	28	2	2020	59	1	Main-AF	6	5.0000000000000000e+00	2.0000000000000000e+00	0.00000e+00	0.00000e+00	0.00000e+00	0.00000e+00	3.04732e+02	2.55003e+02	0.00000e+00	0.00000e+00	2.70101e+01	2.80000e+01	8.86355e-02	1.09803e-01	9.82788e-02	2.70013e+01	
agroforestry	Mon Jan 26 16:28:55 CET 2026	28/2/2020	28	2	2020	59	1	Main-AF	7	6.0000000000000000e+00	2.0000000000000000e+00	0.00000e+00	0.00000e+00	0.00000e+00	0.00000e+00	3.04732e+02	2.55003e+02	0.00000e+00	0.00000e+00	2.68503e+01	2.80000e+01	8.81112e-02	1.09803e-01	9.79933e-02	2.70013e+01	
agroforestry	Mon Jan 26 16:28:55 CET 2026	28/2/2020	28	2	2020	59	1	Main-AF	8	0.0000000000000000e+00	1.0000000000000000e+00	0.00000e+00	0.00000e+00	0.00000e+00	0.00000e+00	3.04732e+02	2.55003e+02	0.00000e+00	0.00000e+00	2.68260e+01	2.80000e+01	8.80315e-02	1.09803e-01	9.79499e-02	2.70013e+01	
agroforestry	Mon Jan 26 16:28:55 CET 2026	28/2/2020	28	2	2020	59	1	Main-AF	9	1.0000000000000000e+00	1.0000000000000000e+00	0.00000e+00	0.00000e+00	0.00000e+00	0.00000e+00	3.04732e+02	2.55003e+02	0.00000e+00	0.00000e+00	2.70657e+01	2.80000e+01	8.88180e-02	1.09803e-01	9.83781e-02	2.70013e+01	
agroforestry	Mon Jan 26 16:28:55 CET 2026	28/2/2020	28	2	2020	59	1	Main-AF	10	2.0000000000000000e+00	1.0000000000000000e+00	0.00000e+00	0.00000e+00	0.00000e+00	0.00000e+00	3.04732e+02	2.55003e+02	0.00000e+00	0.00000e+00	2.72171e+01	2.80000e+01	8.93149e-02	1.09803e-01	9.86486e-02	2.70013e+01	
agroforestry	Mon Jan 26 16:28:55 CET 2026	28/2/2020	28	2	2020	59	2	TLV-AF	11	3.0000000000000000e+00	1.0000000000000000e+00	0.00000e+00	0.00000e+00	0.00000e+00	0.00000e+00	3.04732e+02	2.55003e+02	0.00000e+00	0.00000e+00	2.63468e+01	2.80000e+01	8.64588e-02	1.09803e-01	9.70937e-02	2.70013e+01	
agroforestry	Mon Jan 26 16:28:55 CET 2026	28/2/2020	28	2	2020	59	1	Main-AF	12	4.0000000000000000e+00	1.0000000000000000e+00	0.00000e+00	0.00000e+00	0.00000e+00	0.00000e+00	3.04732e+02	2.55003e+02	0.00000e+00	0.00000e+00	2.65543e+01	2.80000e+01	8.71398e-02	1.09803e-01	9.74644e-02	2.70013e+01	
agroforestry	Mon Jan 26 16:28:55 CET 2026	28/2/2020	28	2	2020	59	1	Main-AF	13	5.0000000000000000e+00	1.0000000000000000e+00	0.00000e+00	0.00000e+00	0.00000e+00	0.00000e+00	3.04732e+02	2.55003e+02	0.00000e+00	0.00000e+00	2.66158e+01	2.80000e+01	8.73418e-02	1.09803e-01	9.75745e-02	2.70013e+01	
agroforestry	Mon Jan 26 16:28:55 CET 2026	28/2/2020	28	2	2020	59	1	Main-AF	14	6.0000000000000000e+00	1.0000000000000000e+00	0.00000e+00	0.00000e+00	0.00000e+00	0.00000e+00	3.04732e+02	2.55003e+02	0.00000e+00	0.00000e+00	2.67534e+01	2.80000e+01	8.77932e-02	1.09803e-01	9.78202e-02	2.70013e+01	
agroforestry	Mon Jan 26 16:28:55 CET 2026	28/2/2020	28	2	2020	59	1	Main-AF	15	0.0000000000000000e+00	0.0000000000000000e+00	0.00000e+00	0.00000e+00	0.00000e+00	0.00000e+00	3.04732e+02	2.55003e+02	0.00000e+00	0.00000e+00	2.65380e+01	2.80000e+01	8.70862e-02	1.09803e-01	9.74353e-02	2.70013e+01	
agroforestry	Mon Jan 26 16:28:55 CET 2026	28/2/2020	28	2	2020	59	1	Main-AF	16	1.0000000000000000e+00	0.0000000000000000e+00	0.00000e+00	0.00000e+00	0.00000e+00	0.00000e+00	3.04732e+02	2.55003e+02	0.00000e+00	0.00000e+00	2.67781e+01	2.80000e+01	8.78743e-02	1.09803e-01	9.78644e-02	2.70013e+01	
agroforestry	Mon Jan 26 16:28:55 CET 2026	28/2/2020	28	2	2020	59	1	Main-AF	17	2.0000000000000000e+00	0.0000000000000000e+00	0.00000e+00	0.00000e+00	0.00000e+00	0.00000e+00	3.04732e+02	2.55003e+02	0.00000e+00	0.00000e+00	2.68349e+01	2.80000e+01	8.80608e-02	1.09803e-01	9.79659e-02	2.70013e+01	
agroforestry	Mon Jan 26 16:28:55 CET 2026	28/2/2020	28	2	2020	59	2	TLV-AF	18	3.0000000000000000e+00	0.0000000000000000e+00	0.00000e+00	0.00000e+00	0.00000e+00	0.00000e+00	3.04732e+02	2.55003e+02	0.00000e+00	0.00000e+00	2.69467e+01	2.80000e+01	8.84276e-02	1.09803e-01	9.81656e-02	2.70013e+01	
agroforestry	Mon Jan 26 16:28:55 CET 2026	28/2/2020	28	2	2020	59	1	Main-AF	19	4.0000000000000000e+00	0.0000000000000000e+00	0.00000e+00	0.00000e+00	0.00000e+00	0.00000e+00	3.04732e+02	2.55003e+02	0.00000e+00	0.00000e+00	2.67127e+01	2.80000e+01	8.76598e-02	1.09803e-01	9.77476e-02	2.70013e+01	
agroforestry	Mon Jan 26 16:28:55 CET 2026	28/2/2020	28	2	2020	59	1	Main-AF	20	5.0000000000000000e+00	0.0000000000000000e+00	0.00000e+00	0.00000e+00	0.00000e+00	0.00000e+00	3.04732e+02	2.55003e+02	0.00000e+00	0.00000e+00	2.67767e+01	2.80000e+01	8.78697e-02	1.09803e-01	9.78618e-02	2.70013e+01	
agroforestry	Mon Jan 26 16:28:55 CET 2026	28/2/2020	28	2	2020	59	1	Main-AF	21	6.0000000000000000e+00	0.0000000000000000e+00	0.00000e+00	0.00000e+00	0.00000e+00	0.00000e+00	3.04732e+02	2.55003e+02	0.00000e+00	0.00000e+00	2.63917e+01	2.80000e+01	8.66062e-02	1.09803e-01	9.71740e-02	2.70013e+01	
agroforestry	Mon Jan 26 16:28:55 CET 2026	28/3/2020	28	3	2020	88	1	Main-AF	1	0.0000000000000000e+00	2.0000000000000000e+00	0.00000e+00	0.00000e+00	0.00000e+00	0.00000e+00	4.23840e+02	3.69992e+02	0.00000e+00	0.00000e+00	2.69083e+01	2.80000e+01	6.34869e-02	7.56774e-02	6.91687e-02	2.70013e+01	
agroforestry	Mon Jan 26 16:28:55 CET 2026	28/3/2020	28	3	2020	88	1	Main-AF	2	1.0000000000000000e+00	2.0000000000000000e+00	0.00000e+00	0.00000e+00	0.00000e+00	0.00000e+00	4.23840e+02	3.69992e+02	0.00000e+00	0.00000e+00	2.72111e+01	2.80000e+01	6.42015e-02	7.56774e-02	6.95502e-02	2.70013e+01	
agroforestry	Mon Jan 26 16:28:55 CET 2026	28/3/2020	28	3	2020	88	1	Main-AF	3	2.0000000000000000e+00	2.0000000000000000e+00	0.00000e+00	0.00000e+00	0.00000e+00	0.00000e+00	4.23840e+02	3.69992e+02	0.00000e+00	0.00000e+00	2.76347e+01	2.80000e+01	6.52008e-02	7.56774e-02	7.00838e-02	2.70013e+01	
agroforestry	Mon Jan 26 16:28:55 CET 2026	28/3/2020	28	3	2020	88	2	TLV-AF	4	3.0000000000000000e+00	2.0000000000000000e+00	0.00000e+00	0.00000e+00	0.00000e+00	0.00000e+00	4.23840e+02	3.69992e+02	0.00000e+00	0.00000e+00	2.77974e+01	2.80000e+01	6.55848e-02	7.56774e-02	7.02888e-02	2.70013e+01	
agroforestry	Mon Jan 26 16:28:55 CET 2026	28/3/2020	28	3	2020	88	1	Main-AF	5	4.0000000000000000e+00	2.0000000000000000e+00	0.00000e+00	0.00000e+00	0.00000e+00	0.00000e+00	4.23840e+02	3.69992e+02	0.00000e+00	0.00000e+00	2.74251e+01	2.80000e+01	6.47064e-02	7.56774e-02	6.98198e-02	2.70013e+01	
agroforestry	Mon Jan 26 16:28:55 CET 2026	28/3/2020	28	3	2020	88	1	Main-AF	6	5.0000000000000000e+00	2.0000000000000000e+00	0.00000e+00	0.00000e+00	0.00000e+00	0.00000e+00	4.23840e+02	3.69992e+02	0.00000e+00	0.00000e+00	2.67958e+01	2.80000e+01	6.32215e-02	7.56774e-02	6.90270e-02	2.70013e+01	
agroforestry	Mon Jan 26 16:28:55 CET 2026	28/3/2020	28	3	2020	88	1	Main-AF	7	6.0000000000000000e+00	2.0000000000000000e+00	0.00000e+00	0.00000e+00	0.00000e+00	0.00000e+00	4.23840e+02	3.69992e+02	0.00000e+00	0.00000e+00	2.67333e+01	2.80000e+01	6.30742e-02	7.56774e-02	6.89483e-02	2.70013e+01	
agroforestry	Mon Jan 26 16:28:55 CET 2026	28/3/2020	28	3	2020	88	1	Main-AF	8	0.0000000000000000e+00	1.0000000000000000e+00	0.00000e+00	0.00000e+00	0.00000e+00	0.00000e+00	4.23840e+02	3.69992e+02	0.00000e+00	0.00000e+00	2.68904e+01	2.80000e+01	6.34447e-02	7.56774e-02	6.91461e-02	2.70013e+01	
agroforestry	Mon Jan 26 16:28:55 CET 2026	28/3/2020	28	3	2020	88	1	Main-AF	9	1.0000000000000000e+00	1.0000000000000000e+00	0.00000e+00	0.00000e+00	0.00000e+00	0.00000e+00	4.23840e+02	3.69992e+02	0.00000e+00	0.00000e+00	2.74168e+01	2.80000e+01	6.46868e-02	7.56774e-02	6.98094e-02	2.70013e+01	
agroforestry	Mon Jan 26 16:28:55 CET 2026	28/3/2020	28	3	2020	88	1	Main-AF	10	2.0000000000000000e+00	1.0000000000000000e+00	0.00000e+00	0.00000e+00	0.00000e+00	0.00000e+00	4.23840e+02	3.69992e+02	0.00000e+00	0.00000e+00	2.76905e+01	2.80000e+01	6.53325e-02	7.56774e-02	7.01541e-02	2.70013e+01	
agroforestry	Mon Jan 26 16:28:55 CET 2026	28/3/2020	28	3	2020	88	2	TLV-AF	11	3.0000000000000000e+00	1.0000000000000000e+00	0.00000e+00	0.00000e+00	0.00000e+00	0.00000e+00	4.23840e+02	3.69992e+02	0.00000e+00	0.00000e+00	2.70042e+01	2.80000e+01	6.37132e-02	7.56774e-02	6.92895e-02	2.70013e+01	
agroforestry	Mon Jan 26 16:28:55 CET 2026	28/3/2020	28	3	2020	88	1	Main-AF	12	4.0000000000000000e+00	1.0000000000000000e+00	0.00000e+00	0.00000e+00	0.00000e+00	0.00000e+00	4.23840e+02	3.69992e+02	0.00000e+00	0.00000e+00	2.69143e+01	2.80000e+01	6.35012e-02	7.56774e-02	6.91763e-02	2.70013e+01	
agroforestry	Mon Jan 26 16:28:55 CET 2026	28/3/2020	28	3	2020	88	1	Main-AF	13	5.0000000000000000e+00	1.0000000000000000e+00	0.00000e+00	0.00000e+00	0.00000e+00	0.00000e+00	4.23840e+02	3.69992e+02	0.00000e+00	0.00000e+00	2.65502e+01	2.80000e+01	6.26421e-02	7.56774e-02	6.87176e-02	2.70013e+01	
agroforestry	Mon Jan 26 16:28:55 CET 2026	28/3/2020	28	3	2020	88	1	Main-AF	14	6.0000000000000000e+00	1.0000000000000000e+00	0.00000e+00	0.00000e+00	0.00000e+00	0.00000e+00	4.23840e+02	3.69992e+02	0.00000e+00	0.00000e+00	2.65888e+01	2.80000e+01	6.27332e-02	7.56774e-02	6.87663e-02	2.70013e+01	
agroforestry	Mon Jan 26 16:28:55 CET 2026	28/3/2020	28	3	2020	88	1	Main-AF	15	0.0000000000000000e+00	0.0000000000000000e+00	0.00000e+00	0.00000e+00	0.00000e+00	0.00000e+00	4.23840e+02	3.69992e+02	0.00000e+00	0.00000e+00	2.68558e+01	2.80000e+01	6.33631e-02	7.56774e-02	6.91026e-02	2.70013e+01	
agroforestry	Mon Jan 26 16:28:55 CET 2026	28/3/2020	28	3	2020	88	1	Main-AF	16	1.0000000000000000e+00	0.0000000000000000e+00	0.00000e+00	0.00000e+00	0.00000e+00	0.00000e+00	4.23840e+02	3.69992e+02	0.00000e+00	0.00000e+00	2.72224e+01	2.80000e+01	6.42282e-02	7.56774e-02	6.95645e-02	2.70013e+01	
agroforestry	Mon Jan 26 16:28:55 CET 2026	28/3/2020	28	3	2020	88	1	Main-AF	17	2.0000000000000000e+00	0.0000000000000000e+00	0.00000e+00	0.00000e+00	0.00000e+00	0.00000e+00	4.23840e+02	3.69992e+02	0.00000e+00	0.00000e+00	2.74795e+01	2.80000e+01	6.48346e-02	7.56774e-02	6.98883e-02	2.70013e+01	
agroforestry	Mon Jan 26 16:28:55 CET 2026	28/3/2020	28	3	2020	88	2	TLV-AF	18	3.0000000000000000e+00	0.0000000000000000e+00	0.00000e+00	0.00000e+00	0.00000e+00	0.00000e+00	4.23840e+02	3.69992e+02	0.00000e+00	0.00000e+00	2.74337e+01	2.80000e+01	6.47266e-02	7.56774e-02	6.98306e-02	2.70013e+01	
agroforestry	Mon Jan 26 16:28:55 CET 2026	28/3/2020	28	3	2020	88	1	Main-AF	19	4.0000000000000000e+00	0.0000000000000000e+00	0.00000e+00	0.00000e+00	0.00000e+00	0.00000e+00	4.23840e+02	3.69992e+02	0.00000e+00	0.00000e+00	2.68717e+01	2.80000e+01	6.34007e-02	7.56774e-02	6.91227e-02	2.70013e+01	
agroforestry	Mon Jan 26 16:28:55 CET 2026	28/3/2020	28	3	2020	88	1	Main-AF	20	5.0000000000000000e+00	0.0000000000000000e+00	0.00000e+00	0.00000e+00	0.00000e+00	0.00000e+00	4.23840e+02	3.69992e+02	0.00000e+00	0.00000e+00	2.67484e+01	2.80000e+01	6.31097e-02	7.56774e-02	6.89673e-02	2.70013e+01	
agroforestry	Mon Jan 26 16:28:55 CET 2026	28/3/2020	28	3	2020	88	1	Main-AF	21	6.0000000000000000e+00	0.0000000000000000e+00	0.00000e+00	0.00000e+00	0.00000e+00	0.00000e+00	4.23840e+02	3.69992e+02	0.00000e+00	0.00000e+00	2.65915e+01	2.80000e+01	6.27396e-02	7.56774e-02	6.87697e-02	2.70013e+01	
agroforestry	Mon Jan 26 16:28:55 CET 2026	28/4/2020	28	4	2020	119	1	Main-AF	1	0.0000000000000000e+00	2.0000000000000000e+00	0.00000e+00	0.00000e+00	0.00000e+00	0.00000e+00	5.71555e+02	4.66648e+02	0.00000e+00	0.00000e+00	2.74936e+01	2.79009e+01	4.81032e-02	5.97900e-02	5.33562e-02	2.69499e+01	
agroforestry	Mon Jan 26 16:28:55 CET 2026	28/4/2020	28	4	2020	119	1	Main-AF	2	1.0000000000000000e+00	2.0000000000000000e+00	0.00000e+00	0.00000e+00	0.00000e+00	0.00000e+00	5.71555e+02	4.66648e+02	0.00000e+00	0.00000e+00	2.77642e+01	2.78896e+01	4.85766e-02	5.97659e-02	5.36059e-02	2.69471e+01	
agroforestry	Mon Jan 26 16:28:55 CET 2026	28/4/2020	28	4	2020	119	1	Main-AF	3	2.0000000000000000e+00	2.0000000000000000e+00	0.00000e+00	0.00000e+00	0.00000e+00	0.00000e+00	5.71555e+02	4.66648e+02	0.00000e+00	0.00000e+00	2.78009e+01	2.78733e+01	4.86407e-02	5.97309e-02	5.36255e-02	2.69441e+01	
agroforestry	Mon Jan 26 16:28:55 CET 2026	28/4/2020	28	4	2020	119	2	TLV-AF	4	3.0000000000000000e+00	2.0000000000000000e+00	0.00000e+00	0.00000e+00	0.00000e+00	0.00000e+00	5.71555e+02	4.66648e+02	0.00000e+00	0.00000e+00	2.75759e+01	2.78618e+01	4.82471e-02	5.97062e-02	5.33977e-02	2.69419e+01	
agroforestry	Mon Jan 26 16:28:55 CET 2026	28/4/2020	28	4	2020	119	1	Main-AF	5	4.0000000000000000e+00	2.0000000000000000e+00	0.00000e+00	0.00000e+00	0.00000e+00	0.00000e+00	5.71555e+02	4.66648e+02	0.00000e+00	0.00000e+00	2.67488e+01	2.78733e+01	4.68000e-02	5.97309e-02	5.26122e-02	2.69441e+01	
agroforestry	Mon Jan 26 16:28:55 CET 2026	28/4/2020	28	4	2020	119	1	Main-AF	6	5.0000000000000000e+00	2.0000000000000000e+00	0.00000e+00	0.00000e+00	0.00000e+00	0.00000e+00	5.71555e+02	4.66648e+02	0.00000e+00	0.00000e+00	2.65420e+01	2.78896e+01	4.64382e-02	5.97659e-02	5.24287e-02	2.69471e+01	
agroforestry	Mon Jan 26 16:28:55 CET 2026	28/4/2020	28	4	2020	119	1	Main-AF	7	6.0000000000000000e+00	2.0000000000000000e+00	0.00000e+00	0.00000e+00	0.00000e+00	0.00000e+00	5.71555e+02	4.66648e+02	0.00000e+00	0.00000e+00	2.70408e+01	2.79009e+01	4.73109e-02	5.97900e-02	5.29200e-02	2.69499e+01	
agroforestry	Mon Jan 26 16:28:55 CET 2026	28/4/2020	28	4	2020	119	1	Main-AF	8	0.0000000000000000e+00	1.0000000000000000e+00	0.00000e+00	0.00000e+00	0.00000e+00	0.00000e+00	5.71555e+02	4.66648e+02	0.00000e+00	0.00000e+00	2.74680e+01	2.79057e+01	4.80584e-02	5.98002e-02	5.33361e-02	2.69532e+01	
agroforestry	Mon Jan 26 16:28:55 CET 2026	28/4/2020	28	4	2020	119	1	Main-AF	9	1.0000000000000000e+00	1.0000000000000000e+00	0.00000e+00	0.00000e+00	0.00000e+00	0.00000e+00	5.71555e+02	4.66648e+02	0.00000e+00	0.00000e+00	2.77736e+01	2.78875e+01	4.85931e-02	5.97613e-02	5.36129e-02	2.69469e+01	
agroforestry	Mon Jan 26 16:28:55 CET 2026	28/4/2020	28	4	2020	119	1	Main-AF	10	2.0000000000000000e+00	1.0000000000000000e+00	0.00000e+00	0.00000e+00	0.00000e+00	0.00000e+00	5.71555e+02	4.66648e+02	0.00000e+00	0.00000e+00	2.78055e+01	2.78530e+01	4.86488e-02	5.96874e-02	5.36104e-02	2.69349e+01	
agroforestry	Mon Jan 26 16:28:55 CET 2026	28/4/2020	28	4	2020	119	2	TLV-AF	11	3.0000000000000000e+00	1.0000000000000000e+00	0.00000e+00	0.00000e+00	0.00000e+00	0.00000e+00	5.71555e+02	4.66648e+02	0.00000e+00	0.00000e+00	2.69008e+01	2.77983e+01	4.70660e-02	5.95701e-02	5.26863e-02	2.69104e+01	
agroforestry	Mon Jan 26 16:28:55 CET 2026	28/4/2020	28	4	2020	119	1	Main-AF	12	4.0000000000000000e+00	1.0000000000000000e+00	0.00000e+00	0.00000e+00	0.00000e+00	0.00000e+00	5.71555e+02	4.66648e+02	0.00000e+00	0.00000e+00	2.63989e+01	2.78530e+01	4.61879e-02	5.96874e-02	5.22556e-02	2.69349e+01	
agroforestry	Mon Jan 26 16:28:55 CET 2026	28/4/2020	28	4	2020	119	1	Main-AF	13	5.0000000000000000e+00	1.0000000000000000e+00	0.00000e+00	0.00000e+00	0.00000e+00	0.00000e+00	5.71555e+02	4.66648e+02	0.00000e+00	0.00000e+00	2.64811e+01	2.78875e+01	4.63316e-02	5.97613e-02	5.23679e-02	2.69469e+01	
agroforestry	Mon Jan 26 16:28:55 CET 2026	28/4/2020	28	4	2020	119	1	Main-AF	14	6.0000000000000000e+00	1.0000000000000000e+00	0.00000e+00	0.00000e+00	0.00000e+00	0.00000e+00	5.71555e+02	4.66648e+02	0.00000e+00	0.00000e+00	2.69533e+01	2.79057e+01	4.71578e-02	5.98002e-02	5.28403e-02	2.69532e+01	
agroforestry	Mon Jan 26 16:28:55 CET 2026	28/4/2020	28	4	2020	119	1	Main-AF	15	0.0000000000000000e+00	0.0000000000000000e+00	0.00000e+00	0.00000e+00	0.00000e+00	0.00000e+00	5.71555e+02	4.66648e+02	0.00000e+00	0.00000e+00	2.74444e+01	2.78937e+01	4.80171e-02	5.97746e-02	5.33018e-02	2.69457e+01	
agroforestry	Mon Jan 26 16:28:55 CET 2026	28/4/2020	28	4	2020	119	1	Main-AF	16	1.0000000000000000e+00	0.0000000000000000e+00	0.00000e+00	0.00000e+00	0.00000e+00	0.00000e+00	5.71555e+02	4.66648e+02	0.00000e+00	0.00000e+00	2.77633e+01	2.78893e+01	4.85750e-02	5.97652e-02	5.36047e-02	2.69471e+01	
agroforestry	Mon Jan 26 16:28:55 CET 2026	28/4/2020	28	4	2020	119	1	Main-AF	17	2.0000000000000000e+00	0.0000000000000000e+00	0.00000e+00	0.00000e+00	0.00000e+00	0.00000e+00	5.71555e+02	4.66648e+02	0.00000e+00	0.00000e+00	2.78020e+01	2.78573e+01	4.86427e-02	5.96965e-02	5.36111e-02	2.69352e+01	
agroforestry	Mon Jan 26 16:28:55 CET 2026	28/4/2020	28	4	2020	119	2	TLV-AF	18	3.0000000000000000e+00	0.0000000000000000e+00	0.00000e+00	0.00000e+00	0.00000e+00	0.00000e+00	5.71555e+02	4.66648e+02	0.00000e+00	0.00000e+00	2.73109e+01	2.78382e+01	4.77835e-02	5.96555e-02	5.31197e-02	2.69290e+01	
agroforestry	Mon Jan 26 16:28:55 CET 2026	28/4/2020	28	4	2020	119	1	Main-AF	19	4.0000000000000000e+00	0.0000000000000000e+00	0.00000e+00	0.00000e+00	0.00000e+00	0.00000e+00	5.71555e+02	4.66648e+02	0.00000e+00	0.00000e+00	2.62373e+01	2.78573e+01	4.59051e-02	5.96965e-02	5.21040e-02	2.69352e+01	
agroforestry	Mon Jan 26 16:28:55 CET 2026	28/4/2020	28	4	2020	119	1	Main-AF	20	5.0000000000000000e+00	0.0000000000000000e+00	0.00000e+00	0.00000e+00	0.00000e+00	0.00000e+00	5.71555e+02	4.66648e+02	0.00000e+00	0.00000e+00	2.65609e+01	2.78893e+01	4.64712e-02	5.97652e-02	5.24466e-02	2.69471e+01	
agroforestry	Mon Jan 26 16:28:55 CET 2026	28/4/2020	28	4	2020	119	1	Main-AF	21	6.0000000000000000e+00	0.0000000000000000e+00	0.00000e+00	0.00000e+00	0.00000e+00	0.00000e+00	5.71555e+02	4.66648e+02	0.00000e+00	0.00000e+00	2.68800e+01	2.78937e+01	4.70296e-02	5.97746e-02	5.27582e-02	2.69457e+01	
agroforestry	Mon Jan 26 16:28:55 CET 2026	28/5/2020	28	5	2020	149	1	Main-AF	1	0.0000000000000000e+00	2.0000000000000000e+00	0.00000e+00	2.25188e-02	0.00000e+00	8.67740e-03	7.73099e+02	5.38170e+02	3.90988e-01	1.42288e-01	2.62460e+01	2.26117e+01	3.39491e-02	4.20160e-02	3.72599e-02	2.05190e+01	
agroforestry	Mon Jan 26 16:28:55 CET 2026	28/5/2020	28	5	2020	149	1	Main-AF	2	1.0000000000000000e+00	2.0000000000000000e+00	0.00000e+00	2.22983e-02	0.00000e+00	8.32916e-03	7.73099e+02	5.38170e+02	3.69814e-01	1.35653e-01	2.56133e+01	2.20340e+01	3.31307e-02	4.09424e-02	3.63368e-02	2.01731e+01	
agroforestry	Mon Jan 26 16:28:55 CET 2026	28/5/2020	28	5	2020	149	1	Main-AF	3	2.0000000000000000e+00	2.0000000000000000e+00	0.00000e+00	2.19929e-02	0.00000e+00	7.85448e-03	7.73099e+02	5.38170e+02	3.42545e-01	1.24454e-01	2.46515e+01	2.09402e+01	3.18867e-02	3.89100e-02	3.47692e-02	1.95025e+01	
agroforestry	Mon Jan 26 16:28:55 CET 2026	28/5/2020	28	5	2020	149	2	TLV-AF	4	3.0000000000000000e+00	2.0000000000000000e+00	0.00000e+00	0.00000e+00	0.00000e+00	0.00000e+00	7.73099e+02	5.38170e+02	0.00000e+00	0.00000e+00	1.89673e+01	2.02798e+01	2.45342e-02	3.76829e-02	2.99307e-02	1.91115e+01	
agroforestry	Mon Jan 26 16:28:55 CET 2026	28/5/2020	28	5	2020	149	1	Main-AF	5	4.0000000000000000e+00	2.0000000000000000e+00	0.00000e+00	1.32024e-02	0.00000e+00	3.34110e-03	7.73099e+02	5.38170e+02	1.07773e-01	7.25794e-02	1.51476e+01	2.09402e+01	1.95934e-02	3.89100e-02	2.75213e-02	1.95026e+01	
agroforestry	Mon Jan 26 16:28:55 CET 2026	28/5/2020	28	5	2020	149	1	Main-AF	6	5.0000000000000000e+00	2.0000000000000000e+00	0.00000e+00	1.37566e-02	0.00000e+00	4.07270e-03	7.73099e+02	5.38170e+02	1.56483e-01	8.12175e-02	1.88620e+01	2.20340e+01	2.43979e-02	4.09424e-02	3.11881e-02	2.01731e+01	
agroforestry	Mon Jan 26 16:28:55 CET 2026	28/5/2020	28	5	2020	149	1	Main-AF	7	6.0000000000000000e+00	2.0000000000000000e+00	0.00000e+00	2.22540e-02	0.00000e+00	8.28284e-03	7.73099e+02	5.38170e+02	3.61574e-01	1.40659e-01	2.44267e+01	2.26118e+01	3.15958e-02	4.20160e-02	3.58725e-02	2.05190e+01	
agroforestry	Mon Jan 26 16:28:55 CET 2026	28/5/2020	28	5	2020	149	1	Main-AF	8	0.0000000000000000e+00	1.0000000000000000e+00	0.00000e+00	2.25447e-02	0.00000e+00	8.71720e-03	7.73099e+02	5.38170e+02	3.91087e-01	1.45526e-01	2.62500e+01	2.30151e+01	3.39543e-02	4.27654e-02	3.75706e-02	2.10425e+01	
agroforestry	Mon Jan 26 16:28:55 CET 2026	28/5/2020	28	5	2020	149	1	Main-AF	9	1.0000000000000000e+00	1.0000000000000000e+00	0.00000e+00	2.23036e-02	0.00000e+00	8.33881e-03	7.73099e+02	5.38170e+02	3.72103e-01	1.33969e-01	2.57156e+01	2.18487e+01	3.32630e-02	4.05981e-02	3.62734e-02	2.00270e+01	
agroforestry	Mon Jan 26 16:28:55 CET 2026	28/5/2020	28	5	2020	149	1	Main-AF	10	2.0000000000000000e+00	1.0000000000000000e+00	0.00000e+00	2.22764e-02	0.00000e+00	7.88617e-03	7.73099e+02	5.38170e+02	3.43809e-01	1.21789e-01	2.44508e+01	2.03739e+01	3.16270e-02	3.78578e-02	3.41842e-02	1.89831e+01	
agroforestry	Mon Jan 26 16:28:55 CET 2026	28/5/2020	28	5	2020	149	2	TLV-AF	11	3.0000000000000000e+00	1.0000000000000000e+00	0.00000e+00	0.00000e+00	0.00000e+00	0.00000e+00	7.73099e+02	5.38170e+02	0.00000e+00	0.00000e+00	1.82850e+01	1.91660e+01	2.36515e-02	3.56133e-02	2.85609e-02	1.80486e+01	
agroforestry	Mon Jan 26 16:28:55 CET 2026	28/5/2020	28	5	2020	149	1	Main-AF	12	4.0000000000000000e+00	1.0000000000000000e+00	0.00000e+00	1.32970e-02	0.00000e+00	3.26394e-03	7.73099e+02	5.38170e+02	1.01392e-01	7.06805e-02	1.44982e+01	2.03740e+01	1.87534e-02	3.78579e-02	2.65943e-02	1.89831e+01	
agroforestry	Mon Jan 26 16:28:55 CET 2026	28/5/2020	28	5	2020	149	1	Main-AF	13	5.0000000000000000e+00	1.0000000000000000e+00	0.00000e+00	1.36617e-02	0.00000e+00	3.94233e-03	7.73099e+02	5.38170e+02	1.47341e-01	7.96774e-02	1.82374e+01	2.18487e+01	2.35900e-02	4.05981e-02	3.05705e-02	2.00270e+01	
agroforestry	Mon Jan 26 16:28:55 CET 2026	28/5/2020	28	5	2020	149	1	Main-AF	14	6.0000000000000000e+00	1.0000000000000000e+00	0.00000e+00	2.23175e-02	0.00000e+00	8.36598e-03	7.73099e+02	5.38170e+02	3.63658e-01	1.44137e-01	2.48060e+01	2.30151e+01	3.20864e-02	4.27654e-02	3.64693e-02	2.10425e+01	
agroforestry	Mon Jan 26 16:28:55 CET 2026	28/5/2020	28	5	2020	149	1	Main-AF	15	0.0000000000000000e+00	0.0000000000000000e+00	0.00000e+00	2.25056e-02	0.00000e+00	8.65823e-03	7.73099e+02	5.38170e+02	3.90505e-01	1.41903e-01	2.61711e+01	2.25530e+01	3.38522e-02	4.19068e-02	3.71580e-02	2.04615e+01	
agroforestry	Mon Jan 26 16:28:55 CET 2026	28/5/2020	28	5	2020	149	1	Main-AF	16	1.0000000000000000e+00	0.0000000000000000e+00	0.00000e+00	2.23116e-02	0.00000e+00	8.35062e-03	7.73099e+02	5.38170e+02	3.71267e-01	1.35726e-01	2.56489e+01	2.20334e+01	3.31767e-02	4.09413e-02	3.63635e-02	2.01759e+01	
agroforestry	Mon Jan 26 16:28:55 CET 2026	28/5/2020	28	5	2020	149	1	Main-AF	17	2.0000000000000000e+00	0.0000000000000000e+00	0.00000e+00	2.19334e-02	0.00000e+00	7.76572e-03	7.73099e+02	5.38170e+02	3.38245e-01	1.23378e-01	2.45040e+01	2.08043e+01	3.16958e-02	3.86574e-02	3.45530e-02	1.93670e+01	
agroforestry	Mon Jan 26 16:28:55 CET 2026	28/5/2020	28	5	2020	149	2	TLV-AF	18	3.0000000000000000e+00	0.0000000000000000e+00	0.00000e+00	0.00000e+00	0.00000e+00	0.00000e+00	7.73099e+02	5.38170e+02	0.00000e+00	0.00000e+00	1.89820e+01	2.00501e+01	2.45531e-02	3.72560e-02	2.97666e-02	1.88772e+01	
agroforestry	Mon Jan 26 16:28:55 CET 2026	28/5/2020	28	5	2020	149	1	Main-AF	19	4.0000000000000000e+00	0.0000000000000000e+00	0.00000e+00	1.31818e-02	0.00000e+00	3.32329e-03	7.73099e+02	5.38170e+02	1.08304e-01	7.20111e-02	1.49875e+01	2.08043e+01	1.93863e-02	3.86574e-02	2.72956e-02	1.93670e+01	
agroforestry	Mon Jan 26 16:28:55 CET 2026	28/5/2020	28	5	2020	149	1	Main-AF	20	5.0000000000000000e+00	0.0000000000000000e+00	0.00000e+00	1.38054e-02	0.00000e+00	4.14104e-03	7.73099e+02	5.38170e+02	1.61483e-01	8.14835e-02	1.91142e+01	2.20334e+01	2.47241e-02	4.09414e-02	3.13800e-02	2.01759e+01	
agroforestry	Mon Jan 26 16:28:55 CET 2026	28/5/2020	28	5	2020	149	1	Main-AF	21	6.0000000000000000e+00	0.0000000000000000e+00	0.00000e+00	2.23265e-02	0.00000e+00	8.39248e-03	7.73099e+02	5.38170e+02	3.70449e-01	1.40801e-01	2.47167e+01	2.25530e+01	3.19710e-02	4.19068e-02	3.60488e-02	2.04615e+01	
agroforestry	Mon Jan 26 16:28:55 CET 2026	28/6/2020	28	6	2020	180	1	Main-AF	1	0.0000000000000000e+00	2.0000000000000000e+00	0.00000e+00	1.51835e+01	0.00000e+00	2.10316e+01	8.86461e+02	6.15291e+02	2.34826e+02	1.02279e+02	2.54673e+01	1.97695e+01	2.87292e-02	3.21303e-02	3.01227e-02	1.73684e+01	
agroforestry	Mon Jan 26 16:28:55 CET 2026	28/6/2020	28	6	2020	180	1	Main-AF	2	1.0000000000000000e+00	2.0000000000000000e+00	0.00000e+00	1.50608e+01	0.00000e+00	1.99983e+01	8.86461e+02	6.15291e+02	2.18656e+02	9.63794e+01	2.39330e+01	1.87962e+01	2.69984e-02	3.05485e-02	2.84529e-02	1.66968e+01	
agroforestry	Mon Jan 26 16:28:55 CET 2026	28/6/2020	28	6	2020	180	1	Main-AF	3	2.0000000000000000e+00	2.0000000000000000e+00	0.00000e+00	1.36219e+01	0.00000e+00	1.53489e+01	8.86461e+02	6.15291e+02	1.80522e+02	7.97688e+01	2.16522e+01	1.70656e+01	2.44254e-02	2.77357e-02	2.57817e-02	1.56154e+01	
agroforestry	Mon Jan 26 16:28:55 CET 2026	28/6/2020	28	6	2020	180	2	TLV-AF	4	3.0000000000000000e+00	2.0000000000000000e+00	0.00000e+00	0.00000e+00	0.00000e+00	0.00000e+00	8.86461e+02	6.15291e+02	0.00000e+00	0.00000e+00	1.22407e+01	1.60505e+01	1.38085e-02	2.60861e-02	1.88388e-02	1.49550e+01	
agroforestry	Mon Jan 26 16:28:55 CET 2026	28/6/2020	28	6	2020	180	1	Main-AF	5	4.0000000000000000e+00	2.0000000000000000e+00	0.00000e+00	1.26346e+01	0.00000e+00	1.09101e+01	8.86461e+02	6.15291e+02	7.76288e+01	7.45315e+01	1.01875e+01	1.70656e+01	1.14923e-02	2.77357e-02	1.81475e-02	1.56153e+01	
agroforestry	Mon Jan 26 16:28:55 CET 2026	28/6/2020	28	6	2020	180	1	Main-AF	6	5.0000000000000000e+00	2.0000000000000000e+00	0.00000e+00	1.31739e+01	0.00000e+00	1.46745e+01	8.86461e+02	6.15291e+02	1.34930e+02	8.51910e+01	1.65454e+01	1.87962e+01	1.86646e-02	3.05485e-02	2.35336e-02	1.66968e+01	
agroforestry	Mon Jan 26 16:28:55 CET 2026	28/6/2020	28	6	2020	180	1	Main-AF	7	6.0000000000000000e+00	2.0000000000000000e+00	0.00000e+00	1.51237e+01	0.00000e+00	2.04712e+01	8.86461e+02	6.15291e+02	2.22600e+02	1.01919e+02	2.41555e+01	1.97695e+01	2.72493e-02	3.21304e-02	2.92492e-02	1.73684e+01	
agroforestry	Mon Jan 26 16:28:55 CET 2026	28/6/2020	28	6	2020	180	1	Main-AF	8	0.0000000000000000e+00	1.0000000000000000e+00	0.00000e+00	1.52099e+01	0.00000e+00	2.11749e+01	8.86461e+02	6.15291e+02	2.34992e+02	1.05187e+02	2.54449e+01	2.02870e+01	2.87039e-02	3.29714e-02	3.04524e-02	1.79956e+01	
agroforestry	Mon Jan 26 16:28:55 CET 2026	28/6/2020	28	6	2020	180	1	Main-AF	9	1.0000000000000000e+00	1.0000000000000000e+00	0.00000e+00	1.50542e+01	0.00000e+00	1.99885e+01	8.86461e+02	6.15291e+02	2.20016e+02	9.45184e+01	2.40933e+01	1.84607e+01	2.71792e-02	3.00032e-02	2.83363e-02	1.63922e+01	
agroforestry	Mon Jan 26 16:28:55 CET 2026	28/6/2020	28	6	2020	180	1	Main-AF	10	2.0000000000000000e+00	1.0000000000000000e+00	0.00000e+00	1.38602e+01	0.00000e+00	1.43665e+01	8.86461e+02	6.15291e+02	1.84721e+02	7.94473e+01	2.14632e+01	1.63739e+01	2.42123e-02	2.66116e-02	2.51953e-02	1.49932e+01	
agroforestry	Mon Jan 26 16:28:55 CET 2026	28/6/2020	28	6	2020	180	2	TLV-AF	11	3.0000000000000000e+00	1.0000000000000000e+00	0.00000e+00	0.00000e+00	0.00000e+00	0.00000e+00	8.86461e+02	6.15291e+02	0.00000e+00	0.00000e+00	1.11789e+01	1.48665e+01	1.26107e-02	2.41618e-02	1.73434e-02	1.39042e+01	
agroforestry	Mon Jan 26 16:28:55 CET 2026	28/6/2020	28	6	2020	180	1	Main-AF	12	4.0000000000000000e+00	1.0000000000000000e+00	0.00000e+00	1.24392e+01	0.00000e+00	1.07565e+01	8.86461e+02	6.15291e+02	7.02753e+01	7.06421e+01	9.35763e+00	1.63739e+01	1.05562e-02	2.66116e-02	1.71343e-02	1.49932e+01	
agroforestry	Mon Jan 26 16:28:55 CET 2026	28/6/2020	28	6	2020	180	1	Main-AF	13	5.0000000000000000e+00	1.0000000000000000e+00	0.00000e+00	1.31080e+01	0.00000e+00	1.43131e+01	8.86461e+02	6.15291e+02	1.29287e+02	8.32149e+01	1.58636e+01	1.84607e+01	1.78954e-02	3.00032e-02	2.28562e-02	1.63922e+01	
agroforestry	Mon Jan 26 16:28:55 CET 2026	28/6/2020	28	6	2020	180	1	Main-AF	14	6.0000000000000000e+00	1.0000000000000000e+00	0.00000e+00	1.51579e+01	0.00000e+00	2.06653e+01	8.86461e+02	6.15291e+02	2.23087e+02	1.04860e+02	2.41755e+01	2.02870e+01	2.72719e-02	3.29714e-02	2.96071e-02	1.79956e+01	
agroforestry	Mon Jan 26 16:28:55 CET 2026	28/6/2020	28	6	2020	180	1	Main-AF	15	0.0000000000000000e+00	0.0000000000000000e+00	0.00000e+00	1.51774e+01	0.00000e+00	2.09892e+01	8.86461e+02	6.15291e+02	2.34602e+02	1.02089e+02	2.54533e+01	1.97374e+01	2.87134e-02	3.20782e-02	3.00920e-02	1.73400e+01	
agroforestry	Mon Jan 26 16:28:55 CET 2026	28/6/2020	28	6	2020	180	1	Main-AF	16	1.0000000000000000e+00	0.0000000000000000e+00	0.00000e+00	1.50662e+01	0.00000e+00	2.00416e+01	8.86461e+02	6.15291e+02	2.19241e+02	9.64129e+01	2.39990e+01	1.87970e+01	2.70728e-02	3.05498e-02	2.84974e-02	1.66996e+01	
agroforestry	Mon Jan 26 16:28:55 CET 2026	28/6/2020	28	6	2020	180	1	Main-AF	17	2.0000000000000000e+00	0.0000000000000000e+00	0.00000e+00	1.45960e+01	0.00000e+00	1.76667e+01	8.86461e+02	6.15291e+02	1.88796e+02	8.46051e+01	2.13734e+01	1.69795e+01	2.41109e-02	2.75959e-02	2.55388e-02	1.55298e+01	
agroforestry	Mon Jan 26 16:28:55 CET 2026	28/6/2020	28	6	2020	180	2	TLV-AF	18	3.0000000000000000e+00	0.0000000000000000e+00	0.00000e+00	0.00000e+00	0.00000e+00	0.00000e+00	8.86461e+02	6.15291e+02	0.00000e+00	0.00000e+00	1.23870e+01	1.58915e+01	1.39735e-02	2.58276e-02	1.88303e-02	1.47932e+01	
agroforestry	Mon Jan 26 16:28:55 CET 2026	28/6/2020	28	6	2020	180	1	Main-AF	19	4.0000000000000000e+00	0.0000000000000000e+00	0.00000e+00	1.26527e+01	0.00000e+00	1.09627e+01	8.86461e+02	6.15291e+02	7.85988e+01	7.42185e+01	1.03429e+01	1.69795e+01	1.16677e-02	2.75959e-02	1.81937e-02	1.55298e+01	
agroforestry	Mon Jan 26 16:28:55 CET 2026	28/6/2020	28	6	2020	180	1	Main-AF	20	5.0000000000000000e+00	0.0000000000000000e+00	0.00000e+00	1.32124e+01	0.00000e+00	1.49148e+01	8.86461e+02	6.15291e+02	1.39375e+02	8.54029e+01	1.70810e+01	1.87970e+01	1.92687e-02	3.05498e-02	2.38908e-02	1.66996e+01	
agroforestry	Mon Jan 26 16:28:55 CET 2026	28/6/2020	28	6	2020	180	1	Main-AF	21	6.0000000000000000e+00	0.0000000000000000e+00	0.00000e+00	1.51503e+01	0.00000e+00	2.07074e+01	8.86461e+02	6.15291e+02	2.28005e+02	1.01906e+02	2.47119e+01	1.97374e+01	2.78770e-02	3.20782e-02	2.95983e-02	1.73400e+01	
agroforestry	Mon Jan 26 16:28:55 CET 2026	28/7/2020	28	7	2020	210	1	Main-AF	1	0.0000000000000000e+00	2.0000000000000000e+00	0.00000e+00	6.59278e+01	0.00000e+00	1.35915e+02	9.96131e+02	5.83708e+02	6.92587e+02	2.88029e+02	2.54875e+01	1.86689e+01	2.55865e-02	3.19833e-02	2.79499e-02	1.62304e+01	
agroforestry	Mon Jan 26 16:28:55 CET 2026	28/7/2020	28	7	2020	210	1	Main-AF	2	1.0000000000000000e+00	2.0000000000000000e+00	0.00000e+00	6.67945e+01	0.00000e+00	1.33790e+02	9.96131e+02	5.83708e+02	6.50711e+02	2.72022e+02	2.38517e+01	1.75566e+01	2.39443e-02	3.00777e-02	2.62104e-02	1.54458e+01	
agroforestry	Mon Jan 26 16:28:55 CET 2026	28/7/2020	28	7	2020	210	1	Main-AF	3	2.0000000000000000e+00	2.0000000000000000e+00	0.00000e+00	6.27765e+01	0.00000e+00	1.07904e+02	9.96131e+02	5.83708e+02	5.71331e+02	2.35906e+02	2.14699e+01	1.56035e+01	2.15533e-02	2.67318e-02	2.34666e-02	1.42304e+01	
agroforestry	Mon Jan 26 16:28:55 CET 2026	28/7/2020	28	7	2020	210	2	TLV-AF	4	3.0000000000000000e+00	2.0000000000000000e+00	0.00000e+00	0.00000e+00	0.00000e+00	0.00000e+00	9.96131e+02	5.83708e+02	0.00000e+00	0.00000e+00	1.09080e+01	1.45058e+01	1.09504e-02	2.48512e-02	1.60863e-02	1.35302e+01	
agroforestry	Mon Jan 26 16:28:55 CET 2026	28/7/2020	28	7	2020	210	1	Main-AF	5	4.0000000000000000e+00	2.0000000000000000e+00	0.00000e+00	6.95694e+01	0.00000e+00	9.36406e+01	9.96131e+02	5.83708e+02	2.20445e+02	2.43409e+02	8.01055e+00	1.56035e+01	8.04166e-03	2.67318e-02	1.49472e-02	1.42305e+01	
agroforestry	Mon Jan 26 16:28:55 CET 2026	28/7/2020	28	7	2020	210	1	Main-AF	6	5.0000000000000000e+00	2.0000000000000000e+00	0.00000e+00	6.95754e+01	0.00000e+00	1.19637e+02	9.96131e+02	5.83708e+02	3.88881e+02	2.74666e+02	1.40580e+01	1.75566e+01	1.41126e-02	3.00777e-02	2.00113e-02	1.54458e+01	
agroforestry	Mon Jan 26 16:28:55 CET 2026	28/7/2020	28	7	2020	210	1	Main-AF	7	6.0000000000000000e+00	2.0000000000000000e+00	0.00000e+00	6.64247e+01	0.00000e+00	1.34899e+02	9.96131e+02	5.83708e+02	6.36200e+02	2.88736e+02	2.33151e+01	1.86689e+01	2.34057e-02	3.19833e-02	2.65749e-02	1.62304e+01	
agroforestry	Mon Jan 26 16:28:55 CET 2026	28/7/2020	28	7	2020	210	1	Main-AF	8	0.0000000000000000e+00	1.0000000000000000e+00	0.00000e+00	6.58671e+01	0.00000e+00	1.36248e+02	9.96131e+02	5.83708e+02	6.93237e+02	2.96571e+02	2.55220e+01	1.92281e+01	2.56211e-02	3.29413e-02	2.83257e-02	1.68918e+01	
agroforestry	Mon Jan 26 16:28:55 CET 2026	28/7/2020	28	7	2020	210	1	Main-AF	9	1.0000000000000000e+00	1.0000000000000000e+00	0.00000e+00	6.67899e+01	0.00000e+00	1.33770e+02	9.96131e+02	5.83708e+02	6.55162e+02	2.65739e+02	2.40145e+01	1.71513e+01	2.41078e-02	2.93834e-02	2.60570e-02	1.50680e+01	
agroforestry	Mon Jan 26 16:28:55 CET 2026	28/7/2020	28	7	2020	210	1	Main-AF	10	2.0000000000000000e+00	1.0000000000000000e+00	0.00000e+00	6.13408e+01	0.00000e+00	1.02780e+02	9.96131e+02	5.83708e+02	5.62420e+02	2.22455e+02	2.13606e+01	1.48728e+01	2.14435e-02	2.54800e-02	2.29349e-02	1.35837e+01	
agroforestry	Mon Jan 26 16:28:55 CET 2026	28/7/2020	28	7	2020	210	2	TLV-AF	11	3.0000000000000000e+00	1.0000000000000000e+00	0.00000e+00	0.00000e+00	0.00000e+00	0.00000e+00	9.96131e+02	5.83708e+02	0.00000e+00	0.00000e+00	9.75047e+00	1.32688e+01	9.78835e-03	2.27320e-02	1.45707e-02	1.24502e+01	
agroforestry	Mon Jan 26 16:28:55 CET 2026	28/7/2020	28	7	2020	210	1	Main-AF	12	4.0000000000000000e+00	1.0000000000000000e+00	0.00000e+00	6.87813e+01	0.00000e+00	9.13332e+01	9.96131e+02	5.83708e+02	1.95028e+02	2.31008e+02	7.11762e+00	1.48729e+01	7.14526e-03	2.54800e-02	1.39194e-02	1.35837e+01	
agroforestry	Mon Jan 26 16:28:55 CET 2026	28/7/2020	28	7	2020	210	1	Main-AF	13	5.0000000000000000e+00	1.0000000000000000e+00	0.00000e+00	6.99302e+01	0.00000e+00	1.18220e+02	9.96131e+02	5.83708e+02	3.63067e+02	2.68691e+02	1.31025e+01	1.71513e+01	1.31534e-02	2.93834e-02	1.91499e-02	1.50680e+01	
agroforestry	Mon Jan 26 16:28:55 CET 2026	28/7/2020	28	7	2020	210	1	Main-AF	14	6.0000000000000000e+00	1.0000000000000000e+00	0.00000e+00	6.63180e+01	0.00000e+00	1.35297e+02	9.96131e+02	5.83708e+02	6.36019e+02	2.97234e+02	2.33278e+01	1.92281e+01	2.34184e-02	3.29413e-02	2.69369e-02	1.68918e+01	
agroforestry	Mon Jan 26 16:28:55 CET 2026	28/7/2020	28	7	2020	210	1	Main-AF	15	0.0000000000000000e+00	0.0000000000000000e+00	0.00000e+00	6.59437e+01	0.00000e+00	1.35830e+02	9.96131e+02	5.83708e+02	6.93489e+02	2.87703e+02	2.55199e+01	1.86464e+01	2.56190e-02	3.19448e-02	2.79562e-02	1.62116e+01	
agroforestry	Mon Jan 26 16:28:55 CET 2026	28/7/2020	28	7	2020	210	1	Main-AF	16	1.0000000000000000e+00	0.0000000000000000e+00	0.00000e+00	6.67550e+01	0.00000e+00	1.33921e+02	9.96131e+02	5.83708e+02	6.52009e+02	2.71992e+02	2.39035e+01	1.75580e+01	2.39964e-02	3.00801e-02	2.62441e-02	1.54486e+01	
agroforestry	Mon Jan 26 16:28:55 CET 2026	28/7/2020	28	7	2020	210	1	Main-AF	17	2.0000000000000000e+00	0.0000000000000000e+00	0.00000e+00	6.27155e+01	0.00000e+00	1.12757e+02	9.96131e+02	5.83708e+02	5.66985e+02	2.35043e+02	2.13023e+01	1.55390e+01	2.13850e-02	2.66212e-02	2.33197e-02	1.41655e+01	
agroforestry	Mon Jan 26 16:28:55 CET 2026	28/7/2020	28	7	2020	210	2	TLV-AF	18	3.0000000000000000e+00	0.0000000000000000e+00	0.00000e+00	0.00000e+00	0.00000e+00	0.00000e+00	9.96131e+02	5.83708e+02	0.00000e+00	0.00000e+00	1.11574e+01	1.43728e+01	1.12007e-02	2.46232e-02	1.61599e-02	1.33933e+01	
agroforestry	Mon Jan 26 16:28:55 CET 2026	28/7/2020	28	7	2020	210	1	Main-AF	19	4.0000000000000000e+00	0.0000000000000000e+00	0.00000e+00	6.95540e+01	0.00000e+00	9.38473e+01	9.96131e+02	5.83708e+02	2.23084e+02	2.42446e+02	8.09450e+00	1.55390e+01	8.12593e-03	2.66212e-02	1.49595e-02	1.41655e+01	
agroforestry	Mon Jan 26 16:28:55 CET 2026	28/7/2020	28	7	2020	210	1	Main-AF	20	5.0000000000000000e+00	0.0000000000000000e+00	0.00000e+00	6.93352e+01	0.00000e+00	1.20728e+02	9.96131e+02	5.83708e+02	4.03300e+02	2.74428e+02	1.45834e+01	1.75580e+01	1.46400e-02	3.00801e-02	2.03447e-02	1.54486e+01	
agroforestry	Mon Jan 26 16:28:55 CET 2026	28/7/2020	28	7	2020	210	1	Main-AF	21	6.0000000000000000e+00	0.0000000000000000e+00	0.00000e+00	6.62386e+01	0.00000e+00	1.35494e+02	9.96131e+02	5.83708e+02	6.54168e+02	2.88129e+02	2.39974e+01	1.86464e+01	2.40906e-02	3.19448e-02	2.69925e-02	1.62116e+01	
agroforestry	Mon Jan 26 16:28:55 CET 2026	28/8/2020	28	8	2020	241	1	Main-AF	1	0.0000000000000000e+00	2.0000000000000000e+00	0.00000e+00	6.06360e+01	2.10179e+01	1.83334e+02	8.02372e+02	5.29915e+02	5.73460e+02	2.83941e+02	2.38304e+01	1.84620e+01	2.96999e-02	3.48396e-02	3.17442e-02	1.60179e+01	
agroforestry	Mon Jan 26 16:28:55 CET 2026	28/8/2020	28	8	2020	241	1	Main-AF	2	1.0000000000000000e+00	2.0000000000000000e+00	0.00000e+00	6.29093e+01	2.18043e+01	1.85446e+02	8.02372e+02	5.29915e+02	5.99164e+02	2.68943e+02	2.48037e+01	1.73223e+01	3.09129e-02	3.26889e-02	3.16193e-02	1.52087e+01	
agroforestry	Mon Jan 26 16:28:55 CET 2026	28/8/2020	28	8	2020	241	1	Main-AF	3	2.0000000000000000e+00	2.0000000000000000e+00	0.00000e+00	5.19547e+01	1.46015e+01	1.34589e+02	8.02372e+02	5.29915e+02	5.34868e+02	2.20510e+02	2.40978e+01	1.53314e+01	3.00332e-02	2.89318e-02	2.95951e-02	1.39718e+01	
agroforestry	Mon Jan 26 16:28:55 CET 2026	28/8/2020	28	8	2020	241	2	TLV-AF	4	3.0000000000000000e+00	2.0000000000000000e+00	0.00000e+00	0.00000e+00	0.00000e+00	0.00000e+00	8.02372e+02	5.29915e+02	0.00000e+00	0.00000e+00	1.50969e+01	1.42260e+01	1.88153e-02	2.68459e-02	2.20095e-02	1.32714e+01	
agroforestry	Mon Jan 26 16:28:55 CET 2026	28/8/2020	28	8	2020	241	1	Main-AF	5	4.0000000000000000e+00	2.0000000000000000e+00	0.00000e+00	6.74342e+01	2.31035e+01	1.38864e+02	8.02372e+02	5.29915e+02	1.82944e+02	2.42136e+02	7.47693e+00	1.53314e+01	9.31853e-03	2.89318e-02	1.71197e-02	1.39718e+01	
agroforestry	Mon Jan 26 16:28:55 CET 2026	28/8/2020	28	8	2020	241	1	Main-AF	6	5.0000000000000000e+00	2.0000000000000000e+00	0.00000e+00	7.22948e+01	2.31193e+01	1.84028e+02	8.02372e+02	5.29915e+02	2.25101e+02	2.76848e+02	8.86577e+00	1.73223e+01	1.10494e-02	3.26889e-02	1.96565e-02	1.52087e+01	
agroforestry	Mon Jan 26 16:28:55 CET 2026	28/8/2020	28	8	2020	241	1	Main-AF	7	6.0000000000000000e+00	2.0000000000000000e+00	0.00000e+00	6.35781e+01	2.15030e+01	1.85804e+02	8.02372e+02	5.29915e+02	4.33699e+02	2.86857e+02	1.75887e+01	1.84620e+01	2.19209e-02	3.48396e-02	2.70593e-02	1.60179e+01	
agroforestry	Mon Jan 26 16:28:55 CET 2026	28/8/2020	28	8	2020	241	1	Main-AF	8	0.0000000000000000e+00	1.0000000000000000e+00	0.00000e+00	6.04578e+01	2.09359e+01	1.83089e+02	8.02372e+02	5.29915e+02	5.84596e+02	2.92392e+02	2.43382e+01	1.90290e+01	3.03328e-02	3.59095e-02	3.25510e-02	1.66858e+01	
agroforestry	Mon Jan 26 16:28:55 CET 2026	28/8/2020	28	8	2020	241	1	Main-AF	9	1.0000000000000000e+00	1.0000000000000000e+00	0.00000e+00	6.29179e+01	2.18142e+01	1.85500e+02	8.02372e+02	5.29915e+02	5.99787e+02	2.62504e+02	2.48231e+01	1.69067e+01	3.09371e-02	3.19046e-02	3.13219e-02	1.48206e+01	
agroforestry	Mon Jan 26 16:28:55 CET 2026	28/8/2020	28	8	2020	241	1	Main-AF	10	2.0000000000000000e+00	1.0000000000000000e+00	0.00000e+00	4.93637e+01	1.52148e+01	1.30204e+02	8.02372e+02	5.29915e+02	5.28524e+02	2.07552e+02	2.40630e+01	1.46006e+01	2.99898e-02	2.75528e-02	2.90205e-02	1.33277e+01	
agroforestry	Mon Jan 26 16:28:55 CET 2026	28/8/2020	28	8	2020	241	2	TLV-AF	11	3.0000000000000000e+00	1.0000000000000000e+00	0.00000e+00	0.00000e+00	0.00000e+00	0.00000e+00	8.02372e+02	5.29915e+02	0.00000e+00	0.00000e+00	1.48928e+01	1.29832e+01	1.85609e-02	2.45006e-02	2.09234e-02	1.21899e+01	
agroforestry	Mon Jan 26 16:28:55 CET 2026	28/8/2020	28	8	2020	241	1	Main-AF	12	4.0000000000000000e+00	1.0000000000000000e+00	0.00000e+00	6.77772e+01	2.18208e+01	1.34637e+02	8.02372e+02	5.29915e+02	1.57461e+02	2.29976e+02	6.43061e+00	1.46006e+01	8.01449e-03	2.75528e-02	1.57858e-02	1.33277e+01	
agroforestry	Mon Jan 26 16:28:55 CET 2026	28/8/2020	28	8	2020	241	1	Main-AF	13	5.0000000000000000e+00	1.0000000000000000e+00	0.00000e+00	7.29880e+01	2.34800e+01	1.84115e+02	8.02372e+02	5.29915e+02	1.99086e+02	2.70879e+02	7.81276e+00	1.69067e+01	9.73708e-03	3.19046e-02	1.85542e-02	1.48206e+01	
agroforestry	Mon Jan 26 16:28:55 CET 2026	28/8/2020	28	8	2020	241	1	Main-AF	14	6.0000000000000000e+00	1.0000000000000000e+00	0.00000e+00	6.20990e+01	2.13948e+01	1.85545e+02	8.02372e+02	5.29915e+02	4.47635e+02	2.94249e+02	1.82861e+01	1.90290e+01	2.27901e-02	3.59095e-02	2.80083e-02	1.66858e+01	
agroforestry	Mon Jan 26 16:28:55 CET 2026	28/8/2020	28	8	2020	241	1	Main-AF	15	0.0000000000000000e+00	0.0000000000000000e+00	0.00000e+00	5.96885e+01	2.10408e+01	1.83358e+02	8.02372e+02	5.29915e+02	5.67766e+02	2.82724e+02	2.36465e+01	1.84412e+01	2.94707e-02	3.48004e-02	3.15906e-02	1.60007e+01	
agroforestry	Mon Jan 26 16:28:55 CET 2026	28/8/2020	28	8	2020	241	1	Main-AF	16	1.0000000000000000e+00	0.0000000000000000e+00	0.00000e+00	6.16012e+01	2.17773e+01	1.85403e+02	8.02372e+02	5.29915e+02	5.95163e+02	2.67903e+02	2.47440e+01	1.73238e+01	3.08386e-02	3.26916e-02	3.15757e-02	1.52113e+01	
agroforestry	Mon Jan 26 16:28:55 CET 2026	28/8/2020	28	8	2020	241	1	Main-AF	17	2.0000000000000000e+00	0.0000000000000000e+00	0.00000e+00	4.97858e+01	1.44673e+01	1.38219e+02	8.02372e+02	5.29915e+02	5.28070e+02	2.16535e+02	2.41579e+01	1.52708e+01	3.01081e-02	2.88174e-02	2.95947e-02	1.39107e+01	
agroforestry	Mon Jan 26 16:28:55 CET 2026	28/8/2020	28	8	2020	241	2	TLV-AF	18	3.0000000000000000e+00	0.0000000000000000e+00	0.00000e+00	0.00000e+00	0.00000e+00	0.00000e+00	8.02372e+02	5.29915e+02	0.00000e+00	0.00000e+00	1.53117e+01	1.40976e+01	1.90830e-02	2.66034e-02	2.20742e-02	1.31390e+01	
agroforestry	Mon Jan 26 16:28:55 CET 2026	28/8/2020	28	8	2020	241	1	Main-AF	19	4.0000000000000000e+00	0.0000000000000000e+00	0.00000e+00	7.01318e+01	2.27576e+01	1.38942e+02	8.02372e+02	5.29915e+02	1.75850e+02	2.42621e+02	7.12674e+00	1.52707e+01	8.88209e-03	2.88173e-02	1.68113e-02	1.39107e+01	
agroforestry	Mon Jan 26 16:28:55 CET 2026	28/8/2020	28	8	2020	241	1	Main-AF	20	5.0000000000000000e+00	0.0000000000000000e+00	0.00000e+00	7.19827e+01	2.28953e+01	1.84222e+02	8.02372e+02	5.29915e+02	2.23788e+02	2.76522e+02	8.79261e+00	1.73238e+01	1.09583e-02	3.26917e-02	1.96027e-02	1.52113e+01	
agroforestry	Mon Jan 26 16:28:55 CET 2026	28/8/2020	28	8	2020	241	1	Main-AF	21	6.0000000000000000e+00	0.0000000000000000e+00	0.00000e+00	6.20385e+01	2.13741e+01	1.85657e+02	8.02372e+02	5.29915e+02	4.29793e+02	2.85027e+02	1.74749e+01	1.84412e+01	2.17791e-02	3.48003e-02	2.69583e-02	1.60007e+01	
agroforestry	Mon Jan 26 16:28:55 CET 2026	28/9/2020	28	9	2020	272	1	Main-AF	1	0.0000000000000000e+00	2.0000000000000000e+00	0.00000e+00	3.95090e+01	7.78441e-01	2.26417e+02	5.42634e+02	4.30618e+02	1.96002e+02	1.70070e+02	1.46891e+01	1.84620e+01	2.70700e-02	4.28733e-02	3.40622e-02	1.60179e+01	
agroforestry	Mon Jan 26 16:28:55 CET 2026	28/9/2020	28	9	2020	272	1	Main-AF	2	1.0000000000000000e+00	2.0000000000000000e+00	0.00000e+00	3.94997e+01	8.07565e-01	2.29007e+02	5.42634e+02	4.30618e+02	2.84189e+02	1.59483e+02	2.17600e+01	1.73223e+01	4.01007e-02	4.02267e-02	4.01564e-02	1.52087e+01	
agroforestry	Mon Jan 26 16:28:55 CET 2026	28/9/2020	28	9	2020	272	1	Main-AF	3	2.0000000000000000e+00	2.0000000000000000e+00	0.00000e+00	7.43930e+00	5.40797e-01	1.57691e+02	5.42634e+02	4.30618e+02	1.10294e+02	4.32663e+01	2.46935e+01	1.53314e+01	4.55068e-02	3.56033e-02	4.11250e-02	1.39718e+01	
agroforestry	Mon Jan 26 16:28:55 CET 2026	28/9/2020	28	9	2020	272	2	TLV-AF	4	3.0000000000000000e+00	2.0000000000000000e+00	0.00000e+00	0.00000e+00	0.00000e+00	0.00000e+00	5.42634e+02	4.30618e+02	0.00000e+00	0.00000e+00	2.22990e+01	1.42260e+01	4.10939e-02	3.30363e-02	3.75288e-02	1.32714e+01	
agroforestry	Mon Jan 26 16:28:55 CET 2026	28/9/2020	28	9	2020	272	1	Main-AF	5	4.0000000000000000e+00	2.0000000000000000e+00	0.00000e+00	3.65285e+01	1.71137e+00	1.71794e+02	5.42634e+02	4.30618e+02	1.24000e+02	1.35032e+02	1.13294e+01	1.53314e+01	2.08786e-02	3.56032e-02	2.73936e-02	1.39718e+01	
agroforestry	Mon Jan 26 16:28:55 CET 2026	28/9/2020	28	9	2020	272	1	Main-AF	6	5.0000000000000000e+00	2.0000000000000000e+00	0.00000e+00	6.64524e+01	1.71254e+00	2.41465e+02	5.42634e+02	4.30618e+02	8.15993e+01	2.02703e+02	5.49298e+00	1.73223e+01	1.01228e-02	4.02267e-02	2.34424e-02	1.52087e+01	
agroforestry	Mon Jan 26 16:28:55 CET 2026	28/9/2020	28	9	2020	272	1	Main-AF	7	6.0000000000000000e+00	2.0000000000000000e+00	0.00000e+00	5.21055e+01	7.96407e-01	2.33299e+02	5.42634e+02	4.30618e+02	1.23494e+02	1.95082e+02	8.25332e+00	1.84620e+01	1.52097e-02	4.28733e-02	2.74495e-02	1.60179e+01	
agroforestry	Mon Jan 26 16:28:55 CET 2026	28/9/2020	28	9	2020	272	1	Main-AF	8	0.0000000000000000e+00	1.0000000000000000e+00	0.00000e+00	3.77789e+01	7.75402e-01	2.25420e+02	5.42634e+02	4.30618e+02	2.03002e+02	1.71058e+02	1.55637e+01	1.90290e+01	2.86817e-02	4.41900e-02	3.55434e-02	1.66858e+01	
agroforestry	Mon Jan 26 16:28:55 CET 2026	28/9/2020	28	9	2020	272	1	Main-AF	9	1.0000000000000000e+00	1.0000000000000000e+00	0.00000e+00	4.05027e+01	8.07934e-01	2.29340e+02	5.42634e+02	4.30618e+02	2.77804e+02	1.57859e+02	2.10459e+01	1.69067e+01	3.87847e-02	3.92615e-02	3.89957e-02	1.48206e+01	
agroforestry	Mon Jan 26 16:28:55 CET 2026	28/9/2020	28	9	2020	272	1	Main-AF	10	2.0000000000000000e+00	1.0000000000000000e+00	0.00000e+00	4.52701e+00	5.63512e-01	1.48803e+02	5.42634e+02	4.30618e+02	8.09245e+01	2.85238e+01	2.47350e+01	1.46006e+01	4.55832e-02	3.39062e-02	4.04167e-02	1.33277e+01	
agroforestry	Mon Jan 26 16:28:55 CET 2026	28/9/2020	28	9	2020	272	2	TLV-AF	11	3.0000000000000000e+00	1.0000000000000000e+00	0.00000e+00	0.00000e+00	0.00000e+00	0.00000e+00	5.42634e+02	4.30618e+02	0.00000e+00	0.00000e+00	2.16342e+01	1.29832e+01	3.98688e-02	3.01502e-02	3.55688e-02	1.21899e+01	
agroforestry	Mon Jan 26 16:28:55 CET 2026	28/9/2020	28	9	2020	272	1	Main-AF	12	4.0000000000000000e+00	1.0000000000000000e+00	0.00000e+00	3.76014e+01	1.61635e+00	1.62644e+02	5.42634e+02	4.30618e+02	1.13045e+02	1.29890e+02	1.05275e+01	1.46006e+01	1.94007e-02	3.39062e-02	2.58187e-02	1.33277e+01	
agroforestry	Mon Jan 26 16:28:55 CET 2026	28/9/2020	28	9	2020	272	1	Main-AF	13	5.0000000000000000e+00	1.0000000000000000e+00	0.00000e+00	6.86280e+01	1.73926e+00	2.42712e+02	5.42634e+02	4.30618e+02	7.65696e+01	2.00072e+02	5.11250e+00	1.69067e+01	9.42164e-03	3.92616e-02	2.26244e-02	1.48206e+01	
agroforestry	Mon Jan 26 16:28:55 CET 2026	28/9/2020	28	9	2020	272	1	Main-AF	14	6.0000000000000000e+00	1.0000000000000000e+00	0.00000e+00	4.82601e+01	7.92398e-01	2.32024e+02	5.42634e+02	4.30618e+02	1.28193e+02	1.94029e+02	8.81379e+00	1.90290e+01	1.62426e-02	4.41900e-02	2.86080e-02	1.66858e+01	
agroforestry	Mon Jan 26 16:28:55 CET 2026	28/9/2020	28	9	2020	272	1	Main-AF	15	0.0000000000000000e+00	0.0000000000000000e+00	0.00000e+00	3.78942e+01	7.79290e-01	2.26481e+02	5.42634e+02	4.30618e+02	1.88837e+02	1.65924e+02	1.46125e+01	1.84412e+01	2.69289e-02	4.28250e-02	3.39622e-02	1.60007e+01	
agroforestry	Mon Jan 26 16:28:55 CET 2026	28/9/2020	28	9	2020	272	1	Main-AF	16	1.0000000000000000e+00	0.0000000000000000e+00	0.00000e+00	3.62429e+01	8.06568e-01	2.29047e+02	5.42634e+02	4.30618e+02	2.60613e+02	1.52275e+02	2.12032e+01	1.73238e+01	3.90745e-02	4.02301e-02	3.95858e-02	1.52113e+01	
agroforestry	Mon Jan 26 16:28:55 CET 2026	28/9/2020	28	9	2020	272	1	Main-AF	17	2.0000000000000000e+00	0.0000000000000000e+00	0.00000e+00	6.24424e+00	5.35827e-01	1.58925e+02	5.42634e+02	4.30618e+02	9.86165e+01	3.76823e+01	2.47716e+01	1.52708e+01	4.56507e-02	3.54624e-02	4.11429e-02	1.39107e+01	
agroforestry	Mon Jan 26 16:28:55 CET 2026	28/9/2020	28	9	2020	272	2	TLV-AF	18	3.0000000000000000e+00	0.0000000000000000e+00	0.00000e+00	0.00000e+00	0.00000e+00	0.00000e+00	5.42634e+02	4.30618e+02	0.00000e+00	0.00000e+00	2.25062e+01	1.40976e+01	4.14759e-02	3.27379e-02	3.76098e-02	1.31390e+01	
agroforestry	Mon Jan 26 16:28:55 CET 2026	28/9/2020	28	9	2020	272	1	Main-AF	19	4.0000000000000000e+00	0.0000000000000000e+00	0.00000e+00	4.77848e+01	1.68574e+00	1.73884e+02	5.42634e+02	4.30618e+02	1.36161e+02	1.55498e+02	1.10027e+01	1.52707e+01	2.02765e-02	3.54624e-02	2.69955e-02	1.39107e+01	
agroforestry	Mon Jan 26 16:28:55 CET 2026	28/9/2020	28	9	2020	272	1	Main-AF	20	5.0000000000000000e+00	0.0000000000000000e+00	0.00000e+00	6.60465e+01	1.69595e+00	2.41266e+02	5.42634e+02	4.30618e+02	7.65562e+01	2.02267e+02	5.16913e+00	1.73238e+01	9.52599e-03	4.02301e-02	2.31111e-02	1.52113e+01	
agroforestry	Mon Jan 26 16:28:55 CET 2026	28/9/2020	28	9	2020	272	1	Main-AF	21	6.0000000000000000e+00	0.0000000000000000e+00	0.00000e+00	5.00530e+01	7.91632e-01	2.32785e+02	5.42634e+02	4.30618e+02	1.13699e+02	1.91306e+02	7.80373e+00	1.84412e+01	1.43812e-02	4.28250e-02	2.69662e-02	1.60007e+01	
agroforestry	Mon Jan 26 16:28:55 CET 2026	28/10/2020	28	10	2020	302	1	Main-AF	1	0.0000000000000000e+00	2.0000000000000000e+00	4.70300e+00	1.10021e+01	0.00000e+00	7.48856e+01	2.56196e+02	3.09866e+02	1.02429e+01	4.44394e+01	6.72012e+00	1.91338e+01	2.62304e-02	6.17486e-02	4.56733e-02	1.65147e+01	
agroforestry	Mon Jan 26 16:28:55 CET 2026	28/10/2020	28	10	2020	302	1	Main-AF	2	1.0000000000000000e+00	2.0000000000000000e+00	4.75250e+00	8.11773e+00	0.00000e+00	6.60801e+01	2.56196e+02	3.09866e+02	1.68723e+01	3.30016e+01	1.06328e+01	1.80788e+01	4.15026e-02	5.83438e-02	5.07216e-02	1.57517e+01	
agroforestry	Mon Jan 26 16:28:55 CET 2026	28/10/2020	28	10	2020	302	1	Main-AF	3	2.0000000000000000e+00	2.0000000000000000e+00	3.07793e+00	1.37136e-01	0.00000e+00	2.95741e+01	2.56196e+02	3.09866e+02	5.24973e-01	7.42731e-01	1.69209e+01	1.62334e+01	6.60468e-02	5.23883e-02	5.85701e-02	1.45785e+01	
agroforestry	Mon Jan 26 16:28:55 CET 2026	28/10/2020	28	10	2020	302	2	TLV-AF	4	3.0000000000000000e+00	2.0000000000000000e+00	0.00000e+00	5.36461e-01	0.00000e+00	2.54906e-02	2.56196e+02	3.09866e+02	1.23805e+00	1.22767e+00	2.14006e+01	1.51964e+01	8.35321e-02	4.90419e-02	6.46520e-02	1.39043e+01	
agroforestry	Mon Jan 26 16:28:55 CET 2026	28/10/2020	28	10	2020	302	1	Main-AF	5	4.0000000000000000e+00	2.0000000000000000e+00	3.55229e+00	7.12934e+00	0.00000e+00	6.92954e+01	2.56196e+02	3.09866e+02	2.59561e+01	2.85740e+01	1.77957e+01	1.62334e+01	6.94614e-02	5.23883e-02	6.01155e-02	1.45785e+01	
agroforestry	Mon Jan 26 16:28:55 CET 2026	28/10/2020	28	10	2020	302	1	Main-AF	6	5.0000000000000000e+00	2.0000000000000000e+00	5.16520e+00	2.46120e+01	0.00000e+00	1.02641e+02	2.56196e+02	3.09866e+02	2.59861e+01	6.74987e+01	1.02410e+01	1.80788e+01	3.99734e-02	5.83438e-02	5.00294e-02	1.57517e+01	
agroforestry	Mon Jan 26 16:28:55 CET 2026	28/10/2020	28	10	2020	302	1	Main-AF	7	6.0000000000000000e+00	2.0000000000000000e+00	4.90661e+00	1.70175e+01	0.00000e+00	8.82654e+01	2.56196e+02	3.09866e+02	1.15609e+01	5.90567e+01	6.85764e+00	1.91338e+01	2.67672e-02	6.17486e-02	4.59162e-02	1.65147e+01	
agroforestry	Mon Jan 26 16:28:55 CET 2026	28/10/2020	28	10	2020	302	1	Main-AF	8	0.0000000000000000e+00	1.0000000000000000e+00	4.67657e+00	1.02712e+01	0.00000e+00	7.44534e+01	2.56196e+02	3.09866e+02	1.06809e+01	4.39354e+01	7.22530e+00	1.96680e+01	2.82023e-02	6.34726e-02	4.75095e-02	1.71634e+01	
agroforestry	Mon Jan 26 16:28:55 CET 2026	28/10/2020	28	10	2020	302	1	Main-AF	9	1.0000000000000000e+00	1.0000000000000000e+00	4.76573e+00	8.76877e+00	0.00000e+00	6.63274e+01	2.56196e+02	3.09866e+02	1.72552e+01	3.38314e+01	1.05673e+01	1.77056e+01	4.12470e-02	5.71394e-02	4.99466e-02	1.53972e+01	
agroforestry	Mon Jan 26 16:28:55 CET 2026	28/10/2020	28	10	2020	302	1	Main-AF	10	2.0000000000000000e+00	1.0000000000000000e+00	2.88666e+00	0.00000e+00	0.00000e+00	2.76976e+01	2.56196e+02	3.09866e+02	0.00000e+00	0.00000e+00	1.66420e+01	1.55367e+01	6.49582e-02	5.01399e-02	5.68466e-02	1.39511e+01	
agroforestry	Mon Jan 26 16:28:55 CET 2026	28/10/2020	28	10	2020	302	2	TLV-AF	11	3.0000000000000000e+00	1.0000000000000000e+00	0.00000e+00	6.23479e-01	0.00000e+00	2.95623e-02	2.56196e+02	3.09866e+02	1.41041e+00	1.33557e+00	2.04508e+01	1.39916e+01	7.98247e-02	4.51536e-02	6.08455e-02	1.28390e+01	
agroforestry	Mon Jan 26 16:28:55 CET 2026	28/10/2020	28	10	2020	302	1	Main-AF	12	4.0000000000000000e+00	1.0000000000000000e+00	3.35056e+00	7.02225e+00	0.00000e+00	6.53998e+01	2.56196e+02	3.09866e+02	2.53624e+01	2.68956e+01	1.68984e+01	1.55367e+01	6.59591e-02	5.01399e-02	5.72996e-02	1.39511e+01	
agroforestry	Mon Jan 26 16:28:55 CET 2026	28/10/2020	28	10	2020	302	1	Main-AF	13	5.0000000000000000e+00	1.0000000000000000e+00	5.19051e+00	2.54178e+01	0.00000e+00	1.03061e+02	2.56196e+02	3.09866e+02	2.29913e+01	6.66647e+01	8.79405e+00	1.77056e+01	3.43255e-02	5.71395e-02	4.68141e-02	1.53972e+01	
agroforestry	Mon Jan 26 16:28:55 CET 2026	28/10/2020	28	10	2020	302	1	Main-AF	14	6.0000000000000000e+00	1.0000000000000000e+00	4.86598e+00	1.57893e+01	0.00000e+00	8.75106e+01	2.56196e+02	3.09866e+02	1.12484e+01	5.86572e+01	6.84050e+00	1.96680e+01	2.67003e-02	6.34726e-02	4.68297e-02	1.71634e+01	
agroforestry	Mon Jan 26 16:28:55 CET 2026	28/10/2020	28	10	2020	302	1	Main-AF	15	0.0000000000000000e+00	0.0000000000000000e+00	4.70073e+00	1.10117e+01	0.00000e+00	7.48553e+01	2.56196e+02	3.09866e+02	1.04780e+01	4.44125e+01	6.75839e+00	1.91067e+01	2.63798e-02	6.16610e-02	4.56930e-02	1.64930e+01	
agroforestry	Mon Jan 26 16:28:55 CET 2026	28/10/2020	28	10	2020	302	1	Main-AF	16	1.0000000000000000e+00	0.0000000000000000e+00	4.74872e+00	8.10186e+00	0.00000e+00	6.60486e+01	2.56196e+02	3.09866e+02	1.79617e+01	3.29625e+01	1.14653e+01	1.80797e+01	4.47519e-02	5.83468e-02	5.21939e-02	1.57542e+01	
agroforestry	Mon Jan 26 16:28:55 CET 2026	28/10/2020	28	10	2020	302	1	Main-AF	17	2.0000000000000000e+00	0.0000000000000000e+00	3.09448e+00	0.00000e+00	0.00000e+00	2.96848e+01	2.56196e+02	3.09866e+02	0.00000e+00	0.00000e+00	1.68392e+01	1.61582e+01	6.57279e-02	5.21458e-02	5.82930e-02	1.45077e+01	
agroforestry	Mon Jan 26 16:28:55 CET 2026	28/10/2020	28	10	2020	302	2	TLV-AF	18	3.0000000000000000e+00	0.0000000000000000e+00	0.00000e+00	5.39184e-01	0.00000e+00	2.53114e-02	2.56196e+02	3.09866e+02	1.21132e+00	1.22109e+00	2.10906e+01	1.50515e+01	8.23224e-02	4.85742e-02	6.38484e-02	1.37608e+01	
agroforestry	Mon Jan 26 16:28:55 CET 2026	28/10/2020	28	10	2020	302	1	Main-AF	19	4.0000000000000000e+00	0.0000000000000000e+00	3.65681e+00	1.23153e+01	0.00000e+00	7.22568e+01	2.56196e+02	3.09866e+02	3.80049e+01	4.18490e+01	1.77644e+01	1.61582e+01	6.93392e-02	5.21458e-02	5.99274e-02	1.45077e+01	
agroforestry	Mon Jan 26 16:28:55 CET 2026	28/10/2020	28	10	2020	302	1	Main-AF	20	5.0000000000000000e+00	0.0000000000000000e+00	5.15883e+00	2.44617e+01	0.00000e+00	1.02496e+02	2.56196e+02	3.09866e+02	2.48333e+01	6.73492e+01	9.84273e+00	1.80797e+01	3.84188e-02	5.83469e-02	4.93276e-02	1.57542e+01	
agroforestry	Mon Jan 26 16:28:55 CET 2026	28/10/2020	28	10	2020	302	1	Main-AF	21	6.0000000000000000e+00	0.0000000000000000e+00	4.88997e+00	1.63350e+01	0.00000e+00	8.79253e+01	2.56196e+02	3.09866e+02	1.22365e+01	5.78238e+01	7.01793e+00	1.91067e+01	2.73928e-02	6.16610e-02	4.61515e-02	1.64930e+01	
agroforestry	Mon Jan 26 16:28:55 CET 2026	28/11/2020	28	11	2020	333	1	Main-AF	1	0.0000000000000000e+00	2.0000000000000000e+00	0.00000e+00	0.00000e+00	0.00000e+00	0.00000e+00	1.58468e+02	2.02911e+02	0.00000e+00	0.00000e+00	2.55971e+01	2.70814e+01	1.61528e-01	1.33465e-01	1.45771e-01	2.58952e+01	
agroforestry	Mon Jan 26 16:28:55 CET 2026	28/11/2020	28	11	2020	333	1	Main-AF	2	1.0000000000000000e+00	2.0000000000000000e+00	0.00000e+00	0.00000e+00	0.00000e+00	0.00000e+00	1.58468e+02	2.02911e+02	0.00000e+00	0.00000e+00	2.54016e+01	2.69462e+01	1.60295e-01	1.32798e-01	1.44856e-01	2.57944e+01	
agroforestry	Mon Jan 26 16:28:55 CET 2026	28/11/2020	28	11	2020	333	1	Main-AF	3	2.0000000000000000e+00	2.0000000000000000e+00	0.00000e+00	0.00000e+00	0.00000e+00	0.00000e+00	1.58468e+02	2.02911e+02	0.00000e+00	0.00000e+00	2.57996e+01	2.68437e+01	1.62806e-01	1.32293e-01	1.45673e-01	2.57727e+01	
agroforestry	Mon Jan 26 16:28:55 CET 2026	28/11/2020	28	11	2020	333	2	TLV-AF	4	3.0000000000000000e+00	2.0000000000000000e+00	0.00000e+00	1.23974e+01	0.00000e+00	2.72512e+00	1.58468e+02	2.02911e+02	2.80155e+01	3.42329e+01	2.62690e+01	2.67034e+01	1.65769e-01	1.31602e-01	1.46584e-01	2.56769e+01	
agroforestry	Mon Jan 26 16:28:55 CET 2026	28/11/2020	28	11	2020	333	1	Main-AF	5	4.0000000000000000e+00	2.0000000000000000e+00	0.00000e+00	0.00000e+00	0.00000e+00	0.00000e+00	1.58468e+02	2.02911e+02	0.00000e+00	0.00000e+00	2.64062e+01	2.68437e+01	1.66634e-01	1.32293e-01	1.47352e-01	2.57727e+01	
agroforestry	Mon Jan 26 16:28:55 CET 2026	28/11/2020	28	11	2020	333	1	Main-AF	6	5.0000000000000000e+00	2.0000000000000000e+00	0.00000e+00	0.00000e+00	0.00000e+00	0.00000e+00	1.58468e+02	2.02911e+02	0.00000e+00	0.00000e+00	2.60713e+01	2.69461e+01	1.64521e-01	1.32798e-01	1.46709e-01	2.57943e+01	
agroforestry	Mon Jan 26 16:28:55 CET 2026	28/11/2020	28	11	2020	333	1	Main-AF	7	6.0000000000000000e+00	2.0000000000000000e+00	0.00000e+00	0.00000e+00	0.00000e+00	0.00000e+00	1.58468e+02	2.02911e+02	0.00000e+00	0.00000e+00	2.58771e+01	2.70814e+01	1.63295e-01	1.33465e-01	1.46546e-01	2.58951e+01	
agroforestry	Mon Jan 26 16:28:55 CET 2026	28/11/2020	28	11	2020	333	1	Main-AF	8	0.0000000000000000e+00	1.0000000000000000e+00	0.00000e+00	0.00000e+00	0.00000e+00	0.00000e+00	1.58468e+02	2.02911e+02	0.00000e+00	0.00000e+00	2.60402e+01	2.70813e+01	1.64325e-01	1.33464e-01	1.46997e-01	2.59231e+01	
agroforestry	Mon Jan 26 16:28:55 CET 2026	28/11/2020	28	11	2020	333	1	Main-AF	9	1.0000000000000000e+00	1.0000000000000000e+00	0.00000e+00	0.00000e+00	0.00000e+00	0.00000e+00	1.58468e+02	2.02911e+02	0.00000e+00	0.00000e+00	2.59740e+01	2.69191e+01	1.63907e-01	1.32665e-01	1.46365e-01	2.57946e+01	
agroforestry	Mon Jan 26 16:28:55 CET 2026	28/11/2020	28	11	2020	333	1	Main-AF	10	2.0000000000000000e+00	1.0000000000000000e+00	0.00000e+00	0.00000e+00	0.00000e+00	0.00000e+00	1.58468e+02	2.02911e+02	0.00000e+00	0.00000e+00	2.58227e+01	2.65955e+01	1.62952e-01	1.31070e-01	1.45051e-01	2.55373e+01	
agroforestry	Mon Jan 26 16:28:55 CET 2026	28/11/2020	28	11	2020	333	2	TLV-AF	11	3.0000000000000000e+00	1.0000000000000000e+00	0.00000e+00	1.30729e+01	0.00000e+00	2.81006e+00	1.58468e+02	2.02911e+02	2.82275e+01	3.49744e+01	2.52177e+01	2.59823e+01	1.59135e-01	1.28048e-01	1.41680e-01	2.49645e+01	
agroforestry	Mon Jan 26 16:28:55 CET 2026	28/11/2020	28	11	2020	333	1	Main-AF	12	4.0000000000000000e+00	1.0000000000000000e+00	0.00000e+00	0.00000e+00	0.00000e+00	0.00000e+00	1.58468e+02	2.02911e+02	0.00000e+00	0.00000e+00	2.54725e+01	2.65955e+01	1.60742e-01	1.31070e-01	1.44082e-01	2.55372e+01	
agroforestry	Mon Jan 26 16:28:55 CET 2026	28/11/2020	28	11	2020	333	1	Main-AF	13	5.0000000000000000e+00	1.0000000000000000e+00	0.00000e+00	0.00000e+00	0.00000e+00	0.00000e+00	1.58468e+02	2.02911e+02	0.00000e+00	0.00000e+00	2.57814e+01	2.69191e+01	1.62692e-01	1.32665e-01	1.45832e-01	2.57945e+01	
agroforestry	Mon Jan 26 16:28:55 CET 2026	28/11/2020	28	11	2020	333	1	Main-AF	14	6.0000000000000000e+00	1.0000000000000000e+00	0.00000e+00	0.00000e+00	0.00000e+00	0.00000e+00	1.58468e+02	2.02911e+02	0.00000e+00	0.00000e+00	2.59038e+01	2.70813e+01	1.63464e-01	1.33464e-01	1.46619e-01	2.59231e+01	
agroforestry	Mon Jan 26 16:28:55 CET 2026	28/11/2020	28	11	2020	333	1	Main-AF	15	0.0000000000000000e+00	0.0000000000000000e+00	0.00000e+00	0.00000e+00	0.00000e+00	0.00000e+00	1.58468e+02	2.02911e+02	0.00000e+00	0.00000e+00	2.53120e+01	2.69734e+01	1.59729e-01	1.32933e-01	1.44683e-01	2.57783e+01	
agroforestry	Mon Jan 26 16:28:55 CET 2026	28/11/2020	28	11	2020	333	1	Main-AF	16	1.0000000000000000e+00	0.0000000000000000e+00	0.00000e+00	0.00000e+00	0.00000e+00	0.00000e+00	1.58468e+02	2.02911e+02	0.00000e+00	0.00000e+00	2.56306e+01	2.69406e+01	1.61740e-01	1.32771e-01	1.45474e-01	2.57950e+01	
agroforestry	Mon Jan 26 16:28:55 CET 2026	28/11/2020	28	11	2020	333	1	Main-AF	17	2.0000000000000000e+00	0.0000000000000000e+00	0.00000e+00	0.00000e+00	0.00000e+00	0.00000e+00	1.58468e+02	2.02911e+02	0.00000e+00	0.00000e+00	2.57245e+01	2.65938e+01	1.62333e-01	1.31062e-01	1.44774e-01	2.55169e+01	
agroforestry	Mon Jan 26 16:28:55 CET 2026	28/11/2020	28	11	2020	333	2	TLV-AF	18	3.0000000000000000e+00	0.0000000000000000e+00	0.00000e+00	1.24320e+01	0.00000e+00	2.69272e+00	1.58468e+02	2.02911e+02	2.75425e+01	3.38822e+01	2.57641e+01	2.63605e+01	1.62583e-01	1.29912e-01	1.44238e-01	2.53240e+01	
agroforestry	Mon Jan 26 16:28:55 CET 2026	28/11/2020	28	11	2020	333	1	Main-AF	19	4.0000000000000000e+00	0.0000000000000000e+00	0.00000e+00	0.00000e+00	0.00000e+00	0.00000e+00	1.58468e+02	2.02911e+02	0.00000e+00	0.00000e+00	2.55908e+01	2.65938e+01	1.61489e-01	1.31062e-01	1.44404e-01	2.55168e+01	
agroforestry	Mon Jan 26 16:28:55 CET 2026	28/11/2020	28	11	2020	333	1	Main-AF	20	5.0000000000000000e+00	0.0000000000000000e+00	0.00000e+00	0.00000e+00	0.00000e+00	0.00000e+00	1.58468e+02	2.02911e+02	0.00000e+00	0.00000e+00	2.57742e+01	2.69406e+01	1.62646e-01	1.32771e-01	1.45871e-01	2.57949e+01	
agroforestry	Mon Jan 26 16:28:55 CET 2026	28/11/2020	28	11	2020	333	1	Main-AF	21	6.0000000000000000e+00	0.0000000000000000e+00	0.00000e+00	0.00000e+00	0.00000e+00	0.00000e+00	1.58468e+02	2.02911e+02	0.00000e+00	0.00000e+00	2.52822e+01	2.69734e+01	1.59541e-01	1.32932e-01	1.44601e-01	2.57782e+01	
agroforestry	Mon Jan 26 16:28:55 CET 2026	28/12/2020	28	12	2020	363	1	Main-AF	1	0.0000000000000000e+00	2.0000000000000000e+00	0.00000e+00	0.00000e+00	0.00000e+00	0.00000e+00	9.46945e+01	1.50717e+02	0.00000e+00	0.00000e+00	2.54144e+01	2.70983e+01	2.68383e-01	1.79796e-01	2.13978e-01	2.59179e+01	
agroforestry	Mon Jan 26 16:28:55 CET 2026	28/12/2020	28	12	2020	363	1	Main-AF	2	1.0000000000000000e+00	2.0000000000000000e+00	0.00000e+00	0.00000e+00	0.00000e+00	0.00000e+00	9.46945e+01	1.50717e+02	0.00000e+00	0.00000e+00	2.51698e+01	2.69646e+01	2.65800e-01	1.78909e-01	2.12437e-01	2.58179e+01	
agroforestry	Mon Jan 26 16:28:55 CET 2026	28/12/2020	28	12	2020	363	1	Main-AF	3	2.0000000000000000e+00	2.0000000000000000e+00	0.00000e+00	0.00000e+00	0.00000e+00	0.00000e+00	9.46945e+01	1.50717e+02	0.00000e+00	0.00000e+00	2.54644e+01	2.68657e+01	2.68911e-01	1.78253e-01	2.13234e-01	2.57986e+01	
agroforestry	Mon Jan 26 16:28:55 CET 2026	28/12/2020	28	12	2020	363	2	TLV-AF	4	3.0000000000000000e+00	2.0000000000000000e+00	0.00000e+00	2.51341e+01	0.00000e+00	9.50599e+00	9.46945e+01	1.50717e+02	2.76803e+01	4.79266e+01	2.58799e+01	2.67273e+01	2.73298e-01	1.77335e-01	2.14363e-01	2.57040e+01	
agroforestry	Mon Jan 26 16:28:55 CET 2026	28/12/2020	28	12	2020	363	1	Main-AF	5	4.0000000000000000e+00	2.0000000000000000e+00	0.00000e+00	0.00000e+00	0.00000e+00	0.00000e+00	9.46945e+01	1.50717e+02	0.00000e+00	0.00000e+00	2.60017e+01	2.68657e+01	2.74585e-01	1.78253e-01	2.15424e-01	2.57985e+01	
agroforestry	Mon Jan 26 16:28:55 CET 2026	28/12/2020	28	12	2020	363	1	Main-AF	6	5.0000000000000000e+00	2.0000000000000000e+00	0.00000e+00	0.00000e+00	0.00000e+00	0.00000e+00	9.46945e+01	1.50717e+02	0.00000e+00	0.00000e+00	2.58846e+01	2.69646e+01	2.73349e-01	1.78909e-01	2.15350e-01	2.58178e+01	
agroforestry	Mon Jan 26 16:28:55 CET 2026	28/12/2020	28	12	2020	363	1	Main-AF	7	6.0000000000000000e+00	2.0000000000000000e+00	0.00000e+00	0.00000e+00	0.00000e+00	0.00000e+00	9.46945e+01	1.50717e+02	0.00000e+00	0.00000e+00	2.57451e+01	2.70983e+01	2.71875e-01	1.79796e-01	2.15326e-01	2.59178e+01	
agroforestry	Mon Jan 26 16:28:55 CET 2026	28/12/2020	28	12	2020	363	1	Main-AF	8	0.0000000000000000e+00	1.0000000000000000e+00	0.00000e+00	0.00000e+00	0.00000e+00	0.00000e+00	9.46945e+01	1.50717e+02	0.00000e+00	0.00000e+00	2.61500e+01	2.70967e+01	2.76151e-01	1.79786e-01	2.16969e-01	2.59437e+01	
agroforestry	Mon Jan 26 16:28:55 CET 2026	28/12/2020	28	12	2020	363	1	Main-AF	9	1.0000000000000000e+00	1.0000000000000000e+00	0.00000e+00	0.00000e+00	0.00000e+00	0.00000e+00	9.46945e+01	1.50717e+02	0.00000e+00	0.00000e+00	2.59236e+01	2.69378e+01	2.73760e-01	1.78731e-01	2.15399e-01	2.58181e+01	
agroforestry	Mon Jan 26 16:28:55 CET 2026	28/12/2020	28	12	2020	363	1	Main-AF	10	2.0000000000000000e+00	1.0000000000000000e+00	0.00000e+00	0.00000e+00	0.00000e+00	0.00000e+00	9.46945e+01	1.50717e+02	0.00000e+00	0.00000e+00	2.55666e+01	2.66186e+01	2.69990e-01	1.76613e-01	2.12644e-01	2.55641e+01	
agroforestry	Mon Jan 26 16:28:55 CET 2026	28/12/2020	28	12	2020	363	2	TLV-AF	11	3.0000000000000000e+00	1.0000000000000000e+00	0.00000e+00	2.52559e+01	0.00000e+00	9.45191e+00	9.46945e+01	1.50717e+02	2.66621e+01	4.68654e+01	2.48076e+01	2.60074e+01	2.61975e-01	1.72558e-01	2.07061e-01	2.49926e+01	
agroforestry	Mon Jan 26 16:28:55 CET 2026	28/12/2020	28	12	2020	363	1	Main-AF	12	4.0000000000000000e+00	1.0000000000000000e+00	0.00000e+00	0.00000e+00	0.00000e+00	0.00000e+00	9.46945e+01	1.50717e+02	0.00000e+00	0.00000e+00	2.50216e+01	2.66185e+01	2.64235e-01	1.76613e-01	2.10423e-01	2.55641e+01	
agroforestry	Mon Jan 26 16:28:55 CET 2026	28/12/2020	28	12	2020	363	1	Main-AF	13	5.0000000000000000e+00	1.0000000000000000e+00	0.00000e+00	0.00000e+00	0.00000e+00	0.00000e+00	9.46945e+01	1.50717e+02	0.00000e+00	0.00000e+00	2.55876e+01	2.69377e+01	2.70212e-01	1.78731e-01	2.14030e-01	2.58180e+01	
agroforestry	Mon Jan 26 16:28:55 CET 2026	28/12/2020	28	12	2020	363	1	Main-AF	14	6.0000000000000000e+00	1.0000000000000000e+00	0.00000e+00	0.00000e+00	0.00000e+00	0.00000e+00	9.46945e+01	1.50717e+02	0.00000e+00	0.00000e+00	2.58560e+01	2.70967e+01	2.73047e-01	1.79786e-01	2.15771e-01	2.59437e+01	
agroforestry	Mon Jan 26 16:28:55 CET 2026	28/12/2020	28	12	2020	363	1	Main-AF	15	0.0000000000000000e+00	0.0000000000000000e+00	0.00000e+00	0.00000e+00	0.00000e+00	0.00000e+00	9.46945e+01	1.50717e+02	0.00000e+00	0.00000e+00	2.50358e+01	2.69901e+01	2.64385e-01	1.79079e-01	2.11995e-01	2.58007e+01	
agroforestry	Mon Jan 26 16:28:55 CET 2026	28/12/2020	28	12	2020	363	1	Main-AF	16	1.0000000000000000e+00	0.0000000000000000e+00	0.00000e+00	0.00000e+00	0.00000e+00	0.00000e+00	9.46945e+01	1.50717e+02	0.00000e+00	0.00000e+00	2.54885e+01	2.69590e+01	2.69165e-01	1.78872e-01	2.13713e-01	2.58184e+01	
agroforestry	Mon Jan 26 16:28:55 CET 2026	28/12/2020	28	12	2020	363	1	Main-AF	17	2.0000000000000000e+00	0.0000000000000000e+00	0.00000e+00	0.00000e+00	0.00000e+00	0.00000e+00	9.46945e+01	1.50717e+02	0.00000e+00	0.00000e+00	2.55036e+01	2.66155e+01	2.69325e-01	1.76593e-01	2.12375e-01	2.55423e+01	
agroforestry	Mon Jan 26 16:28:55 CET 2026	28/12/2020	28	12	2020	363	2	TLV-AF	18	3.0000000000000000e+00	0.0000000000000000e+00	0.00000e+00	2.51333e+01	0.00000e+00	9.38278e+00	9.46945e+01	1.50717e+02	2.71786e+01	4.73162e+01	2.54072e+01	2.63840e+01	2.68307e-01	1.75057e-01	2.11038e-01	2.53506e+01	
agroforestry	Mon Jan 26 16:28:55 CET 2026	28/12/2020	28	12	2020	363	1	Main-AF	19	4.0000000000000000e+00	0.0000000000000000e+00	0.00000e+00	0.00000e+00	0.00000e+00	0.00000e+00	9.46945e+01	1.50717e+02	0.00000e+00	0.00000e+00	2.51760e+01	2.66155e+01	2.65865e-01	1.76593e-01	2.11039e-01	2.55422e+01	
agroforestry	Mon Jan 26 16:28:55 CET 2026	28/12/2020	28	12	2020	363	1	Main-AF	20	5.0000000000000000e+00	0.0000000000000000e+00	0.00000e+00	0.00000e+00	0.00000e+00	0.00000e+00	9.46945e+01	1.50717e+02	0.00000e+00	0.00000e+00	2.54013e+01	2.69590e+01	2.68245e-01	1.78872e-01	2.13357e-01	2.58184e+01	
agroforestry	Mon Jan 26 16:28:55 CET 2026	28/12/2020	28	12	2020	363	1	Main-AF	21	6.0000000000000000e+00	0.0000000000000000e+00	0.00000e+00	0.00000e+00	0.00000e+00	0.00000e+00	9.46945e+01	1.50717e+02	0.00000e+00	0.00000e+00	2.49650e+01	2.69901e+01	2.63638e-01	1.79078e-01	2.11707e-01	2.58007e+01	
agroforestry	Mon Jan 26 16:28:55 CET 2026	28/1/2021	28	1	2021	28	1	Main-AF	1	0.0000000000000000e+00	2.0000000000000000e+00	0.00000e+00	0.00000e+00	0.00000e+00	0.00000e+00	2.08228e+02	1.85667e+02	0.00000e+00	0.00000e+00	2.52354e+01	2.70599e+01	1.21191e-01	1.45744e-01	1.32764e-01	2.58755e+01	
agroforestry	Mon Jan 26 16:28:55 CET 2026	28/1/2021	28	1	2021	28	1	Main-AF	2	1.0000000000000000e+00	2.0000000000000000e+00	0.00000e+00	0.00000e+00	0.00000e+00	0.00000e+00	2.08228e+02	1.85667e+02	0.00000e+00	0.00000e+00	2.58413e+01	2.70967e+01	1.24101e-01	1.45942e-01	1.34396e-01	2.59682e+01	
agroforestry	Mon Jan 26 16:28:55 CET 2026	28/1/2021	28	1	2021	28	1	Main-AF	3	2.0000000000000000e+00	2.0000000000000000e+00	0.00000e+00	0.00000e+00	0.00000e+00	0.00000e+00	2.08228e+02	1.85667e+02	0.00000e+00	0.00000e+00	2.49603e+01	2.67692e+01	1.19870e-01	1.44178e-01	1.31328e-01	2.56897e+01	
agroforestry	Mon Jan 26 16:28:55 CET 2026	28/1/2021	28	1	2021	28	2	TLV-AF	4	3.0000000000000000e+00	2.0000000000000000e+00	0.00000e+00	0.00000e+00	0.00000e+00	0.00000e+00	2.08228e+02	1.85667e+02	2.87035e+00	2.71767e+00	2.58968e+01	2.67898e+01	1.24368e-01	1.44289e-01	1.33758e-01	2.57613e+01	
agroforestry	Mon Jan 26 16:28:55 CET 2026	28/1/2021	28	1	2021	28	1	Main-AF	5	4.0000000000000000e+00	2.0000000000000000e+00	0.00000e+00	0.00000e+00	0.00000e+00	0.00000e+00	2.08228e+02	1.85667e+02	0.00000e+00	0.00000e+00	2.60225e+01	2.67692e+01	1.24971e-01	1.44178e-01	1.34025e-01	2.56897e+01	
agroforestry	Mon Jan 26 16:28:55 CET 2026	28/1/2021	28	1	2021	28	1	Main-AF	6	5.0000000000000000e+00	2.0000000000000000e+00	0.00000e+00	0.00000e+00	0.00000e+00	0.00000e+00	2.08228e+02	1.85667e+02	0.00000e+00	0.00000e+00	2.60155e+01	2.70967e+01	1.24937e-01	1.45942e-01	1.34838e-01	2.59682e+01	
agroforestry	Mon Jan 26 16:28:55 CET 2026	28/1/2021	28	1	2021	28	1	Main-AF	7	6.0000000000000000e+00	2.0000000000000000e+00	0.00000e+00	0.00000e+00	0.00000e+00	0.00000e+00	2.08228e+02	1.85667e+02	0.00000e+00	0.00000e+00	2.56378e+01	2.70599e+01	1.23124e-01	1.45744e-01	1.33786e-01	2.58755e+01	
agroforestry	Mon Jan 26 16:28:55 CET 2026	28/1/2021	28	1	2021	28	1	Main-AF	8	0.0000000000000000e+00	1.0000000000000000e+00	0.00000e+00	0.00000e+00	0.00000e+00	0.00000e+00	2.08228e+02	1.85667e+02	0.00000e+00	0.00000e+00	2.60356e+01	2.70754e+01	1.25034e-01	1.45828e-01	1.34835e-01	2.59158e+01	
agroforestry	Mon Jan 26 16:28:55 CET 2026	28/1/2021	28	1	2021	28	1	Main-AF	9	1.0000000000000000e+00	1.0000000000000000e+00	0.00000e+00	0.00000e+00	0.00000e+00	0.00000e+00	2.08228e+02	1.85667e+02	0.00000e+00	0.00000e+00	2.59163e+01	2.69697e+01	1.24461e-01	1.45258e-01	1.34264e-01	2.58534e+01	
agroforestry	Mon Jan 26 16:28:55 CET 2026	28/1/2021	28	1	2021	28	1	Main-AF	10	2.0000000000000000e+00	1.0000000000000000e+00	0.00000e+00	0.00000e+00	0.00000e+00	0.00000e+00	2.08228e+02	1.85667e+02	0.00000e+00	0.00000e+00	2.56751e+01	2.68647e+01	1.23303e-01	1.44693e-01	1.33385e-01	2.58120e+01	
agroforestry	Mon Jan 26 16:28:55 CET 2026	28/1/2021	28	1	2021	28	2	TLV-AF	11	3.0000000000000000e+00	1.0000000000000000e+00	0.00000e+00	0.00000e+00	0.00000e+00	0.00000e+00	2.08228e+02	1.85667e+02	2.78339e+00	2.64781e+00	2.52061e+01	2.61790e+01	1.21051e-01	1.41000e-01	1.30454e-01	2.51695e+01	
agroforestry	Mon Jan 26 16:28:55 CET 2026	28/1/2021	28	1	2021	28	1	Main-AF	12	4.0000000000000000e+00	1.0000000000000000e+00	0.00000e+00	0.00000e+00	0.00000e+00	0.00000e+00	2.08228e+02	1.85667e+02	0.00000e+00	0.00000e+00	2.58592e+01	2.68647e+01	1.24187e-01	1.44693e-01	1.33853e-01	2.58120e+01	
agroforestry	Mon Jan 26 16:28:55 CET 2026	28/1/2021	28	1	2021	28	1	Main-AF	13	5.0000000000000000e+00	1.0000000000000000e+00	0.00000e+00	0.00000e+00	0.00000e+00	0.00000e+00	2.08228e+02	1.85667e+02	0.00000e+00	0.00000e+00	2.57293e+01	2.69697e+01	1.23563e-01	1.45258e-01	1.33789e-01	2.58534e+01	
agroforestry	Mon Jan 26 16:28:55 CET 2026	28/1/2021	28	1	2021	28	1	Main-AF	14	6.0000000000000000e+00	1.0000000000000000e+00	0.00000e+00	0.00000e+00	0.00000e+00	0.00000e+00	2.08228e+02	1.85667e+02	0.00000e+00	0.00000e+00	2.58544e+01	2.70754e+01	1.24164e-01	1.45828e-01	1.34375e-01	2.59158e+01	
agroforestry	Mon Jan 26 16:28:55 CET 2026	28/1/2021	28	1	2021	28	1	Main-AF	15	0.0000000000000000e+00	0.0000000000000000e+00	0.00000e+00	0.00000e+00	0.00000e+00	0.00000e+00	2.08228e+02	1.85667e+02	0.00000e+00	0.00000e+00	2.57333e+01	2.71027e+01	1.23582e-01	1.45975e-01	1.34137e-01	2.59073e+01	
agroforestry	Mon Jan 26 16:28:55 CET 2026	28/1/2021	28	1	2021	28	1	Main-AF	16	1.0000000000000000e+00	0.0000000000000000e+00	0.00000e+00	0.00000e+00	0.00000e+00	0.00000e+00	2.08228e+02	1.85667e+02	0.00000e+00	0.00000e+00	2.49170e+01	2.67975e+01	1.19662e-01	1.44331e-01	1.31290e-01	2.56469e+01	
agroforestry	Mon Jan 26 16:28:55 CET 2026	28/1/2021	28	1	2021	28	1	Main-AF	17	2.0000000000000000e+00	0.0000000000000000e+00	0.00000e+00	0.00000e+00	0.00000e+00	0.00000e+00	2.08228e+02	1.85667e+02	0.00000e+00	0.00000e+00	2.59088e+01	2.67164e+01	1.24425e-01	1.43894e-01	1.33602e-01	2.56519e+01	
agroforestry	Mon Jan 26 16:28:55 CET 2026	28/1/2021	28	1	2021	28	2	TLV-AF	18	3.0000000000000000e+00	0.0000000000000000e+00	0.00000e+00	0.00000e+00	0.00000e+00	0.00000e+00	2.08228e+02	1.85667e+02	2.81853e+00	2.70888e+00	2.54297e+01	2.67274e+01	1.22124e-01	1.43953e-01	1.32414e-01	2.56985e+01	
agroforestry	Mon Jan 26 16:28:55 CET 2026	28/1/2021	28	1	2021	28	1	Main-AF	19	4.0000000000000000e+00	0.0000000000000000e+00	0.00000e+00	0.00000e+00	0.00000e+00	0.00000e+00	2.08228e+02	1.85667e+02	0.00000e+00	0.00000e+00	2.52882e+01	2.67164e+01	1.21445e-01	1.43894e-01	1.32026e-01	2.56519e+01	
agroforestry	Mon Jan 26 16:28:55 CET 2026	28/1/2021	28	1	2021	28	1	Main-AF	20	5.0000000000000000e+00	0.0000000000000000e+00	0.00000e+00	0.00000e+00	0.00000e+00	0.00000e+00	2.08228e+02	1.85667e+02	0.00000e+00	0.00000e+00	2.52412e+01	2.67975e+01	1.21219e-01	1.44331e-01	1.32113e-01	2.56469e+01	
agroforestry	Mon Jan 26 16:28:55 CET 2026	28/1/2021	28	1	2021	28	1	Main-AF	21	6.0000000000000000e+00	0.0000000000000000e+00	0.00000e+00	0.00000e+00	0.00000e+00	0.00000e+00	2.08228e+02	1.85667e+02	0.00000e+00	0.00000e+00	2.43609e+01	2.71027e+01	1.16992e-01	1.45975e-01	1.30653e-01	2.59073e+01	
agroforestry	Mon Jan 26 16:28:55 CET 2026	28/2/2021	28	2	2021	59	1	Main-AF	1	0.0000000000000000e+00	2.0000000000000000e+00	0.00000e+00	0.00000e+00	0.00000e+00	0.00000e+00	1.71577e+02	2.40888e+02	0.00000e+00	0.00000e+00	2.55298e+01	2.70599e+01	1.48794e-01	1.12334e-01	1.27501e-01	2.58755e+01	
agroforestry	Mon Jan 26 16:28:55 CET 2026	28/2/2021	28	2	2021	59	1	Main-AF	2	1.0000000000000000e+00	2.0000000000000000e+00	0.00000e+00	0.00000e+00	0.00000e+00	0.00000e+00	1.71577e+02	2.40888e+02	0.00000e+00	0.00000e+00	2.61076e+01	2.70967e+01	1.52162e-01	1.12486e-01	1.28991e-01	2.59682e+01	
agroforestry	Mon Jan 26 16:28:55 CET 2026	28/2/2021	28	2	2021	59	1	Main-AF	3	2.0000000000000000e+00	2.0000000000000000e+00	0.00000e+00	0.00000e+00	0.00000e+00	0.00000e+00	1.71577e+02	2.40888e+02	0.00000e+00	0.00000e+00	2.58743e+01	2.67692e+01	1.50803e-01	1.11127e-01	1.27631e-01	2.56897e+01	
agroforestry	Mon Jan 26 16:28:55 CET 2026	28/2/2021	28	2	2021	59	2	TLV-AF	4	3.0000000000000000e+00	2.0000000000000000e+00	0.00000e+00	0.00000e+00	0.00000e+00	0.00000e+00	1.71577e+02	2.40888e+02	0.00000e+00	0.00000e+00	2.67407e+01	2.67898e+01	1.55852e-01	1.11213e-01	1.29782e-01	2.57613e+01	
agroforestry	Mon Jan 26 16:28:55 CET 2026	28/2/2021	28	2	2021	59	1	Main-AF	5	4.0000000000000000e+00	2.0000000000000000e+00	0.00000e+00	0.00000e+00	0.00000e+00	0.00000e+00	1.71577e+02	2.40888e+02	0.00000e+00	0.00000e+00	2.68108e+01	2.67692e+01	1.56261e-01	1.11127e-01	1.29902e-01	2.56897e+01	
agroforestry	Mon Jan 26 16:28:55 CET 2026	28/2/2021	28	2	2021	59	1	Main-AF	6	5.0000000000000000e+00	2.0000000000000000e+00	0.00000e+00	0.00000e+00	0.00000e+00	0.00000e+00	1.71577e+02	2.40888e+02	0.00000e+00	0.00000e+00	2.64234e+01	2.70967e+01	1.54003e-01	1.12486e-01	1.29756e-01	2.59682e+01	
agroforestry	Mon Jan 26 16:28:55 CET 2026	28/2/2021	28	2	2021	59	1	Main-AF	7	6.0000000000000000e+00	2.0000000000000000e+00	0.00000e+00	0.00000e+00	0.00000e+00	0.00000e+00	1.71577e+02	2.40888e+02	0.00000e+00	0.00000e+00	2.57820e+01	2.70599e+01	1.50265e-01	1.12334e-01	1.28112e-01	2.58755e+01	
agroforestry	Mon Jan 26 16:28:55 CET 2026	28/2/2021	28	2	2021	59	1	Main-AF	8	0.0000000000000000e+00	1.0000000000000000e+00	0.00000e+00	0.00000e+00	0.00000e+00	0.00000e+00	1.71577e+02	2.40888e+02	0.00000e+00	0.00000e+00	2.58000e+01	2.70754e+01	1.50369e-01	1.12398e-01	1.28193e-01	2.59158e+01	
agroforestry	Mon Jan 26 16:28:55 CET 2026	28/2/2021	28	2	2021	59	1	Main-AF	9	1.0000000000000000e+00	1.0000000000000000e+00	0.00000e+00	0.00000e+00	0.00000e+00	0.00000e+00	1.71577e+02	2.40888e+02	0.00000e+00	0.00000e+00	2.61368e+01	2.69697e+01	1.52332e-01	1.11959e-01	1.28754e-01	2.58534e+01	
agroforestry	Mon Jan 26 16:28:55 CET 2026	28/2/2021	28	2	2021	59	1	Main-AF	10	2.0000000000000000e+00	1.0000000000000000e+00	0.00000e+00	0.00000e+00	0.00000e+00	0.00000e+00	1.71577e+02	2.40888e+02	0.00000e+00	0.00000e+00	2.63248e+01	2.68647e+01	1.53428e-01	1.11523e-01	1.28955e-01	2.58120e+01	
agroforestry	Mon Jan 26 16:28:55 CET 2026	28/2/2021	28	2	2021	59	2	TLV-AF	11	3.0000000000000000e+00	1.0000000000000000e+00	0.00000e+00	0.00000e+00	0.00000e+00	0.00000e+00	1.71577e+02	2.40888e+02	0.00000e+00	0.00000e+00	2.62141e+01	2.61790e+01	1.52783e-01	1.08677e-01	1.27024e-01	2.51695e+01	
agroforestry	Mon Jan 26 16:28:55 CET 2026	28/2/2021	28	2	2021	59	1	Main-AF	12	4.0000000000000000e+00	1.0000000000000000e+00	0.00000e+00	0.00000e+00	0.00000e+00	0.00000e+00	1.71577e+02	2.40888e+02	0.00000e+00	0.00000e+00	2.66409e+01	2.68647e+01	1.55271e-01	1.11523e-01	1.29721e-01	2.58120e+01	
agroforestry	Mon Jan 26 16:28:55 CET 2026	28/2/2021	28	2	2021	59	1	Main-AF	13	5.0000000000000000e+00	1.0000000000000000e+00	0.00000e+00	0.00000e+00	0.00000e+00	0.00000e+00	1.71577e+02	2.40888e+02	0.00000e+00	0.00000e+00	2.59964e+01	2.69697e+01	1.51514e-01	1.11959e-01	1.28413e-01	2.58534e+01	
agroforestry	Mon Jan 26 16:28:55 CET 2026	28/2/2021	28	2	2021	59	1	Main-AF	14	6.0000000000000000e+00	1.0000000000000000e+00	0.00000e+00	0.00000e+00	0.00000e+00	0.00000e+00	1.71577e+02	2.40888e+02	0.00000e+00	0.00000e+00	2.58010e+01	2.70754e+01	1.50375e-01	1.12398e-01	1.28196e-01	2.59158e+01	
agroforestry	Mon Jan 26 16:28:55 CET 2026	28/2/2021	28	2	2021	59	1	Main-AF	15	0.0000000000000000e+00	0.0000000000000000e+00	0.00000e+00	0.00000e+00	0.00000e+00	0.00000e+00	1.71577e+02	2.40888e+02	0.00000e+00	0.00000e+00	2.59257e+01	2.71027e+01	1.51102e-01	1.12512e-01	1.28565e-01	2.59073e+01	
agroforestry	Mon Jan 26 16:28:55 CET 2026	28/2/2021	28	2	2021	59	1	Main-AF	16	1.0000000000000000e+00	0.0000000000000000e+00	0.00000e+00	0.00000e+00	0.00000e+00	0.00000e+00	1.71577e+02	2.40888e+02	0.00000e+00	0.00000e+00	2.53631e+01	2.67975e+01	1.47823e-01	1.11245e-01	1.26461e-01	2.56469e+01	
agroforestry	Mon Jan 26 16:28:55 CET 2026	28/2/2021	28	2	2021	59	1	Main-AF	17	2.0000000000000000e+00	0.0000000000000000e+00	0.00000e+00	0.00000e+00	0.00000e+00	0.00000e+00	1.71577e+02	2.40888e+02	0.00000e+00	0.00000e+00	2.64111e+01	2.67164e+01	1.53931e-01	1.10908e-01	1.28805e-01	2.56519e+01	
agroforestry	Mon Jan 26 16:28:55 CET 2026	28/2/2021	28	2	2021	59	2	TLV-AF	18	3.0000000000000000e+00	0.0000000000000000e+00	0.00000e+00	0.00000e+00	0.00000e+00	0.00000e+00	1.71577e+02	2.40888e+02	0.00000e+00	0.00000e+00	2.63057e+01	2.67274e+01	1.53317e-01	1.10954e-01	1.28576e-01	2.56985e+01	
agroforestry	Mon Jan 26 16:28:55 CET 2026	28/2/2021	28	2	2021	59	1	Main-AF	19	4.0000000000000000e+00	0.0000000000000000e+00	0.00000e+00	0.00000e+00	0.00000e+00	0.00000e+00	1.71577e+02	2.40888e+02	0.00000e+00	0.00000e+00	2.61811e+01	2.67164e+01	1.52591e-01	1.10908e-01	1.28247e-01	2.56519e+01	
agroforestry	Mon Jan 26 16:28:55 CET 2026	28/2/2021	28	2	2021	59	1	Main-AF	20	5.0000000000000000e+00	0.0000000000000000e+00	0.00000e+00	0.00000e+00	0.00000e+00	0.00000e+00	1.71577e+02	2.40888e+02	0.00000e+00	0.00000e+00	2.57009e+01	2.67975e+01	1.49792e-01	1.11245e-01	1.27279e-01	2.56469e+01	
agroforestry	Mon Jan 26 16:28:55 CET 2026	28/2/2021	28	2	2021	59	1	Main-AF	21	6.0000000000000000e+00	0.0000000000000000e+00	0.00000e+00	0.00000e+00	0.00000e+00	0.00000e+00	1.71577e+02	2.40888e+02	0.00000e+00	0.00000e+00	2.52923e+01	2.71027e+01	1.47410e-01	1.12512e-01	1.27029e-01	2.59073e+01	
agroforestry	Mon Jan 26 16:28:55 CET 2026	28/3/2021	28	3	2021	87	1	Main-AF	1	0.0000000000000000e+00	2.0000000000000000e+00	0.00000e+00	0.00000e+00	0.00000e+00	0.00000e+00	5.16117e+02	3.63391e+02	0.00000e+00	0.00000e+00	2.58331e+01	2.70599e+01	5.00529e-02	7.44648e-02	6.01393e-02	2.58755e+01	
agroforestry	Mon Jan 26 16:28:55 CET 2026	28/3/2021	28	3	2021	87	1	Main-AF	2	1.0000000000000000e+00	2.0000000000000000e+00	0.00000e+00	0.00000e+00	0.00000e+00	0.00000e+00	5.16117e+02	3.63391e+02	0.00000e+00	0.00000e+00	2.67282e+01	2.70967e+01	5.17872e-02	7.45660e-02	6.11988e-02	2.59682e+01	
agroforestry	Mon Jan 26 16:28:55 CET 2026	28/3/2021	28	3	2021	87	1	Main-AF	3	2.0000000000000000e+00	2.0000000000000000e+00	0.00000e+00	0.00000e+00	0.00000e+00	0.00000e+00	5.16117e+02	3.63391e+02	0.00000e+00	0.00000e+00	2.70171e+01	2.67692e+01	5.23469e-02	7.36648e-02	6.11549e-02	2.56897e+01	
agroforestry	Mon Jan 26 16:28:55 CET 2026	28/3/2021	28	3	2021	87	2	TLV-AF	4	3.0000000000000000e+00	2.0000000000000000e+00	0.00000e+00	0.00000e+00	0.00000e+00	0.00000e+00	5.16117e+02	3.63391e+02	0.00000e+00	0.00000e+00	2.75245e+01	2.67898e+01	5.33300e-02	7.37216e-02	6.17553e-02	2.57613e+01	
agroforestry	Mon Jan 26 16:28:55 CET 2026	28/3/2021	28	3	2021	87	1	Main-AF	5	4.0000000000000000e+00	2.0000000000000000e+00	0.00000e+00	0.00000e+00	0.00000e+00	0.00000e+00	5.16117e+02	3.63391e+02	0.00000e+00	0.00000e+00	2.69265e+01	2.67692e+01	5.21713e-02	7.36648e-02	6.10519e-02	2.56897e+01	
agroforestry	Mon Jan 26 16:28:55 CET 2026	28/3/2021	28	3	2021	87	1	Main-AF	6	5.0000000000000000e+00	2.0000000000000000e+00	0.00000e+00	0.00000e+00	0.00000e+00	0.00000e+00	5.16117e+02	3.63391e+02	0.00000e+00	0.00000e+00	2.62127e+01	2.70967e+01	5.07882e-02	7.45660e-02	6.06127e-02	2.59682e+01	
agroforestry	Mon Jan 26 16:28:55 CET 2026	28/3/2021	28	3	2021	87	1	Main-AF	7	6.0000000000000000e+00	2.0000000000000000e+00	0.00000e+00	0.00000e+00	0.00000e+00	0.00000e+00	5.16117e+02	3.63391e+02	0.00000e+00	0.00000e+00	2.58078e+01	2.70599e+01	5.00038e-02	7.44648e-02	6.01105e-02	2.58755e+01	
agroforestry	Mon Jan 26 16:28:55 CET 2026	28/3/2021	28	3	2021	87	1	Main-AF	8	0.0000000000000000e+00	1.0000000000000000e+00	0.00000e+00	0.00000e+00	0.00000e+00	0.00000e+00	5.16117e+02	3.63391e+02	0.00000e+00	0.00000e+00	2.58710e+01	2.70754e+01	5.01263e-02	7.45075e-02	6.02000e-02	2.59158e+01	
agroforestry	Mon Jan 26 16:28:55 CET 2026	28/3/2021	28	3	2021	87	1	Main-AF	9	1.0000000000000000e+00	1.0000000000000000e+00	0.00000e+00	0.00000e+00	0.00000e+00	0.00000e+00	5.16117e+02	3.63391e+02	0.00000e+00	0.00000e+00	2.67508e+01	2.69697e+01	5.18309e-02	7.42167e-02	6.10801e-02	2.58534e+01	
agroforestry	Mon Jan 26 16:28:55 CET 2026	28/3/2021	28	3	2021	87	1	Main-AF	10	2.0000000000000000e+00	1.0000000000000000e+00	0.00000e+00	0.00000e+00	0.00000e+00	0.00000e+00	5.16117e+02	3.63391e+02	0.00000e+00	0.00000e+00	2.73034e+01	2.68647e+01	5.29015e-02	7.39277e-02	6.15890e-02	2.58120e+01	
agroforestry	Mon Jan 26 16:28:55 CET 2026	28/3/2021	28	3	2021	87	2	TLV-AF	11	3.0000000000000000e+00	1.0000000000000000e+00	0.00000e+00	0.00000e+00	0.00000e+00	0.00000e+00	5.16117e+02	3.63391e+02	0.00000e+00	0.00000e+00	2.71794e+01	2.61790e+01	5.26614e-02	7.20408e-02	6.06685e-02	2.51695e+01	
agroforestry	Mon Jan 26 16:28:55 CET 2026	28/3/2021	28	3	2021	87	1	Main-AF	12	4.0000000000000000e+00	1.0000000000000000e+00	0.00000e+00	0.00000e+00	0.00000e+00	0.00000e+00	5.16117e+02	3.63391e+02	0.00000e+00	0.00000e+00	2.70215e+01	2.68647e+01	5.23554e-02	7.39277e-02	6.12686e-02	2.58120e+01	
agroforestry	Mon Jan 26 16:28:55 CET 2026	28/3/2021	28	3	2021	87	1	Main-AF	13	5.0000000000000000e+00	1.0000000000000000e+00	0.00000e+00	0.00000e+00	0.00000e+00	0.00000e+00	5.16117e+02	3.63391e+02	0.00000e+00	0.00000e+00	2.58923e+01	2.69697e+01	5.01675e-02	7.42167e-02	6.01040e-02	2.58534e+01	
agroforestry	Mon Jan 26 16:28:55 CET 2026	28/3/2021	28	3	2021	87	1	Main-AF	14	6.0000000000000000e+00	1.0000000000000000e+00	0.00000e+00	0.00000e+00	0.00000e+00	0.00000e+00	5.16117e+02	3.63391e+02	0.00000e+00	0.00000e+00	2.56092e+01	2.70754e+01	4.96191e-02	7.45075e-02	5.99024e-02	2.59158e+01	
agroforestry	Mon Jan 26 16:28:55 CET 2026	28/3/2021	28	3	2021	87	1	Main-AF	15	0.0000000000000000e+00	0.0000000000000000e+00	0.00000e+00	0.00000e+00	0.00000e+00	0.00000e+00	5.16117e+02	3.63391e+02	0.00000e+00	0.00000e+00	2.61204e+01	2.71027e+01	5.06095e-02	7.45828e-02	6.05147e-02	2.59073e+01	
agroforestry	Mon Jan 26 16:28:55 CET 2026	28/3/2021	28	3	2021	87	1	Main-AF	16	1.0000000000000000e+00	0.0000000000000000e+00	0.00000e+00	0.00000e+00	0.00000e+00	0.00000e+00	5.16117e+02	3.63391e+02	0.00000e+00	0.00000e+00	2.62952e+01	2.67975e+01	5.09482e-02	7.37428e-02	6.03664e-02	2.56469e+01	
agroforestry	Mon Jan 26 16:28:55 CET 2026	28/3/2021	28	3	2021	87	1	Main-AF	17	2.0000000000000000e+00	0.0000000000000000e+00	0.00000e+00	0.00000e+00	0.00000e+00	0.00000e+00	5.16117e+02	3.63391e+02	0.00000e+00	0.00000e+00	2.73206e+01	2.67164e+01	5.29350e-02	7.35196e-02	6.14400e-02	2.56519e+01	
agroforestry	Mon Jan 26 16:28:55 CET 2026	28/3/2021	28	3	2021	87	2	TLV-AF	18	3.0000000000000000e+00	0.0000000000000000e+00	0.00000e+00	0.00000e+00	0.00000e+00	0.00000e+00	5.16117e+02	3.63391e+02	0.00000e+00	0.00000e+00	2.73079e+01	2.67274e+01	5.29102e-02	7.35499e-02	6.14381e-02	2.56985e+01	
agroforestry	Mon Jan 26 16:28:55 CET 2026	28/3/2021	28	3	2021	87	1	Main-AF	19	4.0000000000000000e+00	0.0000000000000000e+00	0.00000e+00	0.00000e+00	0.00000e+00	0.00000e+00	5.16117e+02	3.63391e+02	0.00000e+00	0.00000e+00	2.64777e+01	2.67164e+01	5.13018e-02	7.35196e-02	6.04817e-02	2.56519e+01	
agroforestry	Mon Jan 26 16:28:55 CET 2026	28/3/2021	28	3	2021	87	1	Main-AF	20	5.0000000000000000e+00	0.0000000000000000e+00	0.00000e+00	0.00000e+00	0.00000e+00	0.00000e+00	5.16117e+02	3.63391e+02	0.00000e+00	0.00000e+00	2.55097e+01	2.67975e+01	4.94262e-02	7.37429e-02	5.94733e-02	2.56469e+01	
agroforestry	Mon Jan 26 16:28:55 CET 2026	28/3/2021	28	3	2021	87	1	Main-AF	21	6.0000000000000000e+00	0.0000000000000000e+00	0.00000e+00	0.00000e+00	0.00000e+00	0.00000e+00	5.16117e+02	3.63391e+02	0.00000e+00	0.00000e+00	2.58804e+01	2.71027e+01	5.01445e-02	7.45828e-02	6.02418e-02	2.59073e+01	
agroforestry	Mon Jan 26 16:28:55 CET 2026	28/4/2021	28	4	2021	118	1	Main-AF	1	0.0000000000000000e+00	2.0000000000000000e+00	0.00000e+00	0.00000e+00	0.00000e+00	0.00000e+00	6.19019e+02	4.56009e+02	0.00000e+00	0.00000e+00	2.68822e+01	2.70599e+01	4.34271e-02	5.93407e-02	5.01774e-02	2.58755e+01	
agroforestry	Mon Jan 26 16:28:55 CET 2026	28/4/2021	28	4	2021	118	1	Main-AF	2	1.0000000000000000e+00	2.0000000000000000e+00	0.00000e+00	0.00000e+00	0.00000e+00	0.00000e+00	6.19019e+02	4.56009e+02	0.00000e+00	0.00000e+00	2.75635e+01	2.70967e+01	4.45277e-02	5.94213e-02	5.08453e-02	2.59682e+01	
agroforestry	Mon Jan 26 16:28:55 CET 2026	28/4/2021	28	4	2021	118	1	Main-AF	3	2.0000000000000000e+00	2.0000000000000000e+00	0.00000e+00	0.00000e+00	0.00000e+00	0.00000e+00	6.19019e+02	4.56009e+02	0.00000e+00	0.00000e+00	2.76640e+01	2.67692e+01	4.46901e-02	5.87031e-02	5.06342e-02	2.56897e+01	
agroforestry	Mon Jan 26 16:28:55 CET 2026	28/4/2021	28	4	2021	118	2	TLV-AF	4	3.0000000000000000e+00	2.0000000000000000e+00	0.00000e+00	0.00000e+00	0.00000e+00	0.00000e+00	6.19019e+02	4.56009e+02	0.00000e+00	0.00000e+00	2.72309e+01	2.67898e+01	4.39904e-02	5.87484e-02	5.02505e-02	2.57613e+01	
agroforestry	Mon Jan 26 16:28:55 CET 2026	28/4/2021	28	4	2021	118	1	Main-AF	5	4.0000000000000000e+00	2.0000000000000000e+00	0.00000e+00	0.00000e+00	0.00000e+00	0.00000e+00	6.19019e+02	4.56009e+02	0.00000e+00	0.00000e+00	2.61120e+01	2.67692e+01	4.21829e-02	5.87031e-02	4.91905e-02	2.56897e+01	
agroforestry	Mon Jan 26 16:28:55 CET 2026	28/4/2021	28	4	2021	118	1	Main-AF	6	5.0000000000000000e+00	2.0000000000000000e+00	0.00000e+00	0.00000e+00	0.00000e+00	0.00000e+00	6.19019e+02	4.56009e+02	0.00000e+00	0.00000e+00	2.60163e+01	2.70967e+01	4.20283e-02	5.94213e-02	4.94061e-02	2.59682e+01	
agroforestry	Mon Jan 26 16:28:55 CET 2026	28/4/2021	28	4	2021	118	1	Main-AF	7	6.0000000000000000e+00	2.0000000000000000e+00	0.00000e+00	0.00000e+00	0.00000e+00	0.00000e+00	6.19019e+02	4.56009e+02	0.00000e+00	0.00000e+00	2.63996e+01	2.70599e+01	4.26476e-02	5.93407e-02	4.97285e-02	2.58755e+01	
agroforestry	Mon Jan 26 16:28:55 CET 2026	28/4/2021	28	4	2021	118	1	Main-AF	8	0.0000000000000000e+00	1.0000000000000000e+00	0.00000e+00	0.00000e+00	0.00000e+00	0.00000e+00	6.19019e+02	4.56009e+02	0.00000e+00	0.00000e+00	2.70224e+01	2.70754e+01	4.36536e-02	5.93747e-02	5.03222e-02	2.59158e+01	
agroforestry	Mon Jan 26 16:28:55 CET 2026	28/4/2021	28	4	2021	118	1	Main-AF	9	1.0000000000000000e+00	1.0000000000000000e+00	0.00000e+00	0.00000e+00	0.00000e+00	0.00000e+00	6.19019e+02	4.56009e+02	0.00000e+00	0.00000e+00	2.75403e+01	2.69697e+01	4.44903e-02	5.91429e-02	5.07057e-02	2.58534e+01	
agroforestry	Mon Jan 26 16:28:55 CET 2026	28/4/2021	28	4	2021	118	1	Main-AF	10	2.0000000000000000e+00	1.0000000000000000e+00	0.00000e+00	0.00000e+00	0.00000e+00	0.00000e+00	6.19019e+02	4.56009e+02	0.00000e+00	0.00000e+00	2.77073e+01	2.68647e+01	4.47601e-02	5.89127e-02	5.07634e-02	2.58120e+01	
agroforestry	Mon Jan 26 16:28:55 CET 2026	28/4/2021	28	4	2021	118	2	TLV-AF	11	3.0000000000000000e+00	1.0000000000000000e+00	0.00000e+00	0.00000e+00	0.00000e+00	0.00000e+00	6.19019e+02	4.56009e+02	0.00000e+00	0.00000e+00	2.68882e+01	2.61790e+01	4.34368e-02	5.74090e-02	4.93636e-02	2.51695e+01	
agroforestry	Mon Jan 26 16:28:55 CET 2026	28/4/2021	28	4	2021	118	1	Main-AF	12	4.0000000000000000e+00	1.0000000000000000e+00	0.00000e+00	0.00000e+00	0.00000e+00	0.00000e+00	6.19019e+02	4.56009e+02	0.00000e+00	0.00000e+00	2.63053e+01	2.68647e+01	4.24951e-02	5.89127e-02	4.94592e-02	2.58120e+01	
agroforestry	Mon Jan 26 16:28:55 CET 2026	28/4/2021	28	4	2021	118	1	Main-AF	13	5.0000000000000000e+00	1.0000000000000000e+00	0.00000e+00	0.00000e+00	0.00000e+00	0.00000e+00	6.19019e+02	4.56009e+02	0.00000e+00	0.00000e+00	2.57420e+01	2.69697e+01	4.15851e-02	5.91429e-02	4.90328e-02	2.58534e+01	
agroforestry	Mon Jan 26 16:28:55 CET 2026	28/4/2021	28	4	2021	118	1	Main-AF	14	6.0000000000000000e+00	1.0000000000000000e+00	0.00000e+00	0.00000e+00	0.00000e+00	0.00000e+00	6.19019e+02	4.56009e+02	0.00000e+00	0.00000e+00	2.62623e+01	2.70754e+01	4.24257e-02	5.93747e-02	4.96152e-02	2.59158e+01	
agroforestry	Mon Jan 26 16:28:55 CET 2026	28/4/2021	28	4	2021	118	1	Main-AF	15	0.0000000000000000e+00	0.0000000000000000e+00	0.00000e+00	0.00000e+00	0.00000e+00	0.00000e+00	6.19019e+02	4.56009e+02	0.00000e+00	0.00000e+00	2.70916e+01	2.71027e+01	4.37655e-02	5.94346e-02	5.04121e-02	2.59073e+01	
agroforestry	Mon Jan 26 16:28:55 CET 2026	28/4/2021	28	4	2021	118	1	Main-AF	16	1.0000000000000000e+00	0.0000000000000000e+00	0.00000e+00	0.00000e+00	0.00000e+00	0.00000e+00	6.19019e+02	4.56009e+02	0.00000e+00	0.00000e+00	2.75269e+01	2.67975e+01	4.44686e-02	5.87653e-02	5.05330e-02	2.56469e+01	
agroforestry	Mon Jan 26 16:28:55 CET 2026	28/4/2021	28	4	2021	118	1	Main-AF	17	2.0000000000000000e+00	0.0000000000000000e+00	0.00000e+00	0.00000e+00	0.00000e+00	0.00000e+00	6.19019e+02	4.56009e+02	0.00000e+00	0.00000e+00	2.77082e+01	2.67164e+01	4.47615e-02	5.85874e-02	5.06262e-02	2.56519e+01	
agroforestry	Mon Jan 26 16:28:55 CET 2026	28/4/2021	28	4	2021	118	2	TLV-AF	18	3.0000000000000000e+00	0.0000000000000000e+00	0.00000e+00	0.00000e+00	0.00000e+00	0.00000e+00	6.19019e+02	4.56009e+02	0.00000e+00	0.00000e+00	2.73521e+01	2.67274e+01	4.41862e-02	5.86116e-02	5.03052e-02	2.56985e+01	
agroforestry	Mon Jan 26 16:28:55 CET 2026	28/4/2021	28	4	2021	118	1	Main-AF	19	4.0000000000000000e+00	0.0000000000000000e+00	0.00000e+00	0.00000e+00	0.00000e+00	0.00000e+00	6.19019e+02	4.56009e+02	0.00000e+00	0.00000e+00	2.57813e+01	2.67164e+01	4.16487e-02	5.85874e-02	4.88338e-02	2.56519e+01	
agroforestry	Mon Jan 26 16:28:55 CET 2026	28/4/2021	28	4	2021	118	1	Main-AF	20	5.0000000000000000e+00	0.0000000000000000e+00	0.00000e+00	0.00000e+00	0.00000e+00	0.00000e+00	6.19019e+02	4.56009e+02	0.00000e+00	0.00000e+00	2.54597e+01	2.67975e+01	4.11291e-02	5.87653e-02	4.86101e-02	2.56469e+01	
agroforestry	Mon Jan 26 16:28:55 CET 2026	28/4/2021	28	4	2021	118	1	Main-AF	21	6.0000000000000000e+00	0.0000000000000000e+00	0.00000e+00	0.00000e+00	0.00000e+00	0.00000e+00	6.19019e+02	4.56009e+02	0.00000e+00	0.00000e+00	2.63835e+01	2.71027e+01	4.26216e-02	5.94347e-02	4.97534e-02	2.59073e+01	
agroforestry	Mon Jan 26 16:28:55 CET 2026	28/5/2021	28	5	2021	148	1	Main-AF	1	0.0000000000000000e+00	2.0000000000000000e+00	0.00000e+00	9.01099e-03	0.00000e+00	2.74881e-03	6.98455e+02	5.48672e+02	1.42064e-01	6.74875e-02	2.64377e+01	2.35612e+01	3.78518e-02	4.29423e-02	4.00914e-02	2.16531e+01	
agroforestry	Mon Jan 26 16:28:55 CET 2026	28/5/2021	28	5	2021	148	1	Main-AF	2	1.0000000000000000e+00	2.0000000000000000e+00	0.00000e+00	8.93585e-03	0.00000e+00	2.65880e-03	6.98455e+02	5.48672e+02	1.35898e-01	6.53215e-02	2.59384e+01	2.31793e+01	3.71368e-02	4.22462e-02	3.93847e-02	2.14544e+01	
agroforestry	Mon Jan 26 16:28:55 CET 2026	28/5/2021	28	5	2021	148	1	Main-AF	3	2.0000000000000000e+00	2.0000000000000000e+00	0.00000e+00	8.81501e-03	0.00000e+00	2.51650e-03	6.98455e+02	5.48672e+02	1.28101e-01	6.07652e-02	2.52033e+01	2.21740e+01	3.60844e-02	4.04139e-02	3.79891e-02	2.07891e+01	
agroforestry	Mon Jan 26 16:28:55 CET 2026	28/5/2021	28	5	2021	148	2	TLV-AF	4	3.0000000000000000e+00	2.0000000000000000e+00	0.00000e+00	0.00000e+00	0.00000e+00	0.00000e+00	6.98455e+02	5.48672e+02	0.00000e+00	0.00000e+00	2.04321e+01	2.16867e+01	2.92533e-02	3.95259e-02	3.37727e-02	2.04975e+01	
agroforestry	Mon Jan 26 16:28:55 CET 2026	28/5/2021	28	5	2021	148	1	Main-AF	5	4.0000000000000000e+00	2.0000000000000000e+00	0.00000e+00	5.60015e-03	0.00000e+00	1.20547e-03	6.98455e+02	5.48672e+02	5.06077e-02	3.73705e-02	1.77200e+01	2.21740e+01	2.53703e-02	4.04139e-02	3.19887e-02	2.07891e+01	
agroforestry	Mon Jan 26 16:28:55 CET 2026	28/5/2021	28	5	2021	148	1	Main-AF	6	5.0000000000000000e+00	2.0000000000000000e+00	0.00000e+00	5.81227e-03	0.00000e+00	1.41691e-03	6.98455e+02	5.48672e+02	6.66222e-02	4.10595e-02	2.04595e+01	2.31793e+01	2.92925e-02	4.22461e-02	3.49914e-02	2.14544e+01	
agroforestry	Mon Jan 26 16:28:55 CET 2026	28/5/2021	28	5	2021	148	1	Main-AF	7	6.0000000000000000e+00	2.0000000000000000e+00	0.00000e+00	8.91548e-03	0.00000e+00	2.64106e-03	6.98455e+02	5.48672e+02	1.32597e-01	6.67934e-02	2.49187e+01	2.35612e+01	3.56769e-02	4.29423e-02	3.88733e-02	2.16531e+01	
agroforestry	Mon Jan 26 16:28:55 CET 2026	28/5/2021	28	5	2021	148	1	Main-AF	8	0.0000000000000000e+00	1.0000000000000000e+00	0.00000e+00	9.02729e-03	0.00000e+00	2.76754e-03	6.98455e+02	5.48672e+02	1.42281e-01	6.87691e-02	2.65250e+01	2.38541e+01	3.79767e-02	4.34761e-02	4.03961e-02	2.20360e+01	
agroforestry	Mon Jan 26 16:28:55 CET 2026	28/5/2021	28	5	2021	148	1	Main-AF	9	1.0000000000000000e+00	1.0000000000000000e+00	0.00000e+00	8.92933e-03	0.00000e+00	2.65120e-03	6.98455e+02	5.48672e+02	1.36237e-01	6.45097e-02	2.59880e+01	2.29698e+01	3.72078e-02	4.18644e-02	3.92565e-02	2.12845e+01	
agroforestry	Mon Jan 26 16:28:55 CET 2026	28/5/2021	28	5	2021	148	1	Main-AF	10	2.0000000000000000e+00	1.0000000000000000e+00	0.00000e+00	8.78649e-03	0.00000e+00	2.48315e-03	6.98455e+02	5.48672e+02	1.26369e-01	5.94873e-02	2.50597e+01	2.19296e+01	3.58788e-02	3.99686e-02	3.76781e-02	2.05800e+01	
agroforestry	Mon Jan 26 16:28:55 CET 2026	28/5/2021	28	5	2021	148	2	TLV-AF	11	3.0000000000000000e+00	1.0000000000000000e+00	0.00000e+00	0.00000e+00	0.00000e+00	0.00000e+00	6.98455e+02	5.48672e+02	0.00000e+00	0.00000e+00	1.98066e+01	2.08618e+01	2.83578e-02	3.80223e-02	3.26097e-02	1.97337e+01	
agroforestry	Mon Jan 26 16:28:55 CET 2026	28/5/2021	28	5	2021	148	1	Main-AF	12	4.0000000000000000e+00	1.0000000000000000e+00	0.00000e+00	5.57984e-03	0.00000e+00	1.18530e-03	6.98455e+02	5.48672e+02	4.89182e-02	3.65722e-02	1.75084e+01	2.19296e+01	2.50673e-02	3.99686e-02	3.16231e-02	2.05800e+01	
agroforestry	Mon Jan 26 16:28:55 CET 2026	28/5/2021	28	5	2021	148	1	Main-AF	13	5.0000000000000000e+00	1.0000000000000000e+00	0.00000e+00	5.76804e-03	0.00000e+00	1.37165e-03	6.98455e+02	5.48672e+02	6.32026e-02	4.02899e-02	1.98028e+01	2.29698e+01	2.83524e-02	4.18644e-02	3.42969e-02	2.12845e+01	
agroforestry	Mon Jan 26 16:28:55 CET 2026	28/5/2021	28	5	2021	148	1	Main-AF	14	6.0000000000000000e+00	1.0000000000000000e+00	0.00000e+00	8.93576e-03	0.00000e+00	2.66315e-03	6.98455e+02	5.48672e+02	1.33233e-01	6.80963e-02	2.50325e+01	2.38541e+01	3.58398e-02	4.34761e-02	3.91994e-02	2.20360e+01	
agroforestry	Mon Jan 26 16:28:55 CET 2026	28/5/2021	28	5	2021	148	1	Main-AF	15	0.0000000000000000e+00	0.0000000000000000e+00	0.00000e+00	9.01188e-03	0.00000e+00	2.74957e-03	6.98455e+02	5.48672e+02	1.41961e-01	6.75992e-02	2.64379e+01	2.35984e+01	3.78520e-02	4.30101e-02	4.01213e-02	2.16832e+01	
agroforestry	Mon Jan 26 16:28:55 CET 2026	28/5/2021	28	5	2021	148	1	Main-AF	16	1.0000000000000000e+00	0.0000000000000000e+00	0.00000e+00	8.92792e-03	0.00000e+00	2.65002e-03	6.98455e+02	5.48672e+02	1.36139e-01	6.48331e-02	2.59666e+01	2.29948e+01	3.71772e-02	4.19100e-02	3.92594e-02	2.12646e+01	
agroforestry	Mon Jan 26 16:28:55 CET 2026	28/5/2021	28	5	2021	148	1	Main-AF	17	2.0000000000000000e+00	0.0000000000000000e+00	0.00000e+00	8.79683e-03	0.00000e+00	2.49541e-03	6.98455e+02	5.48672e+02	1.26568e-01	6.05415e-02	2.50642e+01	2.21330e+01	3.58852e-02	4.03393e-02	3.78448e-02	2.07554e+01	
agroforestry	Mon Jan 26 16:28:55 CET 2026	28/5/2021	28	5	2021	148	2	TLV-AF	18	3.0000000000000000e+00	0.0000000000000000e+00	0.00000e+00	0.00000e+00	0.00000e+00	0.00000e+00	6.98455e+02	5.48672e+02	0.00000e+00	0.00000e+00	2.06499e+01	2.16240e+01	2.95651e-02	3.94116e-02	3.38971e-02	2.04367e+01	
agroforestry	Mon Jan 26 16:28:55 CET 2026	28/5/2021	28	5	2021	148	1	Main-AF	19	4.0000000000000000e+00	0.0000000000000000e+00	0.00000e+00	5.59735e-03	0.00000e+00	1.20428e-03	6.98455e+02	5.48672e+02	5.07700e-02	3.72822e-02	1.76348e+01	2.21330e+01	2.52483e-02	4.03393e-02	3.18876e-02	2.07554e+01	
agroforestry	Mon Jan 26 16:28:55 CET 2026	28/5/2021	28	5	2021	148	1	Main-AF	20	5.0000000000000000e+00	0.0000000000000000e+00	0.00000e+00	5.81554e-03	0.00000e+00	1.42153e-03	6.98455e+02	5.48672e+02	6.78735e-02	4.08055e-02	2.05675e+01	2.29948e+01	2.94471e-02	4.19100e-02	3.49302e-02	2.12646e+01	
agroforestry	Mon Jan 26 16:28:55 CET 2026	28/5/2021	28	5	2021	148	1	Main-AF	21	6.0000000000000000e+00	0.0000000000000000e+00	0.00000e+00	8.94616e-03	0.00000e+00	2.67729e-03	6.98455e+02	5.48672e+02	1.35536e-01	6.71142e-02	2.51732e+01	2.35984e+01	3.60412e-02	4.30101e-02	3.91072e-02	2.16832e+01	
agroforestry	Mon Jan 26 16:28:55 CET 2026	28/6/2021	28	6	2021	179	1	Main-AF	1	0.0000000000000000e+00	2.0000000000000000e+00	0.00000e+00	1.51027e+01	0.00000e+00	1.73526e+01	7.63957e+02	6.36299e+02	1.82637e+02	1.07624e+02	2.56490e+01	2.07317e+01	3.35739e-02	3.25818e-02	3.31230e-02	1.84003e+01	
agroforestry	Mon Jan 26 16:28:55 CET 2026	28/6/2021	28	6	2021	179	1	Main-AF	2	1.0000000000000000e+00	2.0000000000000000e+00	0.00000e+00	1.29341e+01	0.00000e+00	1.38645e+01	7.63957e+02	6.36299e+02	1.55717e+02	9.19253e+01	2.43170e+01	1.99772e+01	3.18303e-02	3.13959e-02	3.16329e-02	1.79146e+01	
agroforestry	Mon Jan 26 16:28:55 CET 2026	28/6/2021	28	6	2021	179	1	Main-AF	3	2.0000000000000000e+00	2.0000000000000000e+00	0.00000e+00	1.41320e+01	0.00000e+00	1.31974e+01	7.63957e+02	6.36299e+02	1.51183e+02	9.02779e+01	2.24317e+01	1.84236e+01	2.93625e-02	2.89543e-02	2.91770e-02	1.69261e+01	
agroforestry	Mon Jan 26 16:28:55 CET 2026	28/6/2021	28	6	2021	179	2	TLV-AF	4	3.0000000000000000e+00	2.0000000000000000e+00	0.00000e+00	0.00000e+00	0.00000e+00	0.00000e+00	7.63957e+02	6.36299e+02	0.00000e+00	0.00000e+00	1.40255e+01	1.75222e+01	1.83591e-02	2.75376e-02	2.25300e-02	1.63330e+01	
agroforestry	Mon Jan 26 16:28:55 CET 2026	28/6/2021	28	6	2021	179	1	Main-AF	5	4.0000000000000000e+00	2.0000000000000000e+00	0.00000e+00	1.34871e+01	0.00000e+00	1.12339e+01	7.63957e+02	6.36299e+02	7.35861e+01	8.55985e+01	1.21895e+01	1.84236e+01	1.59557e-02	2.89543e-02	2.18625e-02	1.69261e+01	
agroforestry	Mon Jan 26 16:28:55 CET 2026	28/6/2021	28	6	2021	179	1	Main-AF	6	5.0000000000000000e+00	2.0000000000000000e+00	0.00000e+00	1.27156e+01	0.00000e+00	1.24709e+01	7.63957e+02	6.36299e+02	1.09581e+02	8.96555e+01	1.78797e+01	1.99771e+01	2.34041e-02	3.13959e-02	2.70357e-02	1.79146e+01	
agroforestry	Mon Jan 26 16:28:55 CET 2026	28/6/2021	28	6	2021	179	1	Main-AF	7	6.0000000000000000e+00	2.0000000000000000e+00	0.00000e+00	1.50539e+01	0.00000e+00	1.69932e+01	7.63957e+02	6.36299e+02	1.73989e+02	1.07314e+02	2.44809e+01	2.07317e+01	3.20449e-02	3.25818e-02	3.22889e-02	1.84003e+01	
agroforestry	Mon Jan 26 16:28:55 CET 2026	28/6/2021	28	6	2021	179	1	Main-AF	8	0.0000000000000000e+00	1.0000000000000000e+00	0.00000e+00	1.51396e+01	0.00000e+00	1.74606e+01	7.63957e+02	6.36299e+02	1.82557e+02	1.10291e+02	2.56123e+01	2.11981e+01	3.35258e-02	3.33147e-02	3.34299e-02	1.89790e+01	
agroforestry	Mon Jan 26 16:28:55 CET 2026	28/6/2021	28	6	2021	179	1	Main-AF	9	1.0000000000000000e+00	1.0000000000000000e+00	0.00000e+00	1.48210e+01	0.00000e+00	1.44081e+01	7.63957e+02	6.36299e+02	1.71041e+02	1.00119e+02	2.43939e+01	1.96334e+01	3.19310e-02	3.08556e-02	3.14423e-02	1.76059e+01	
agroforestry	Mon Jan 26 16:28:55 CET 2026	28/6/2021	28	6	2021	179	1	Main-AF	10	2.0000000000000000e+00	1.0000000000000000e+00	0.00000e+00	1.26397e+01	0.00000e+00	1.07643e+01	7.63957e+02	6.36299e+02	1.39281e+02	8.07010e+01	2.21674e+01	1.78988e+01	2.90166e-02	2.81296e-02	2.86135e-02	1.64558e+01	
agroforestry	Mon Jan 26 16:28:55 CET 2026	28/6/2021	28	6	2021	179	2	TLV-AF	11	3.0000000000000000e+00	1.0000000000000000e+00	0.00000e+00	0.00000e+00	0.00000e+00	0.00000e+00	7.63957e+02	6.36299e+02	0.00000e+00	0.00000e+00	1.30783e+01	1.65260e+01	1.71191e-02	2.59721e-02	2.11421e-02	1.54460e+01	
agroforestry	Mon Jan 26 16:28:55 CET 2026	28/6/2021	28	6	2021	179	1	Main-AF	12	4.0000000000000000e+00	1.0000000000000000e+00	0.00000e+00	1.28393e+01	0.00000e+00	1.02212e+01	7.63957e+02	6.36299e+02	6.68889e+01	8.02403e+01	1.15510e+01	1.78988e+01	1.51199e-02	2.81296e-02	2.10317e-02	1.64558e+01	
agroforestry	Mon Jan 26 16:28:55 CET 2026	28/6/2021	28	6	2021	179	1	Main-AF	13	5.0000000000000000e+00	1.0000000000000000e+00	0.00000e+00	1.27352e+01	0.00000e+00	1.22335e+01	7.63957e+02	6.36299e+02	1.05856e+02	8.83817e+01	1.71671e+01	1.96334e+01	2.24712e-02	3.08556e-02	2.62812e-02	1.76059e+01	
agroforestry	Mon Jan 26 16:28:55 CET 2026	28/6/2021	28	6	2021	179	1	Main-AF	14	6.0000000000000000e+00	1.0000000000000000e+00	0.00000e+00	1.50735e+01	0.00000e+00	1.71349e+01	7.63957e+02	6.36299e+02	1.74316e+02	1.10002e+02	2.45051e+01	2.11981e+01	3.20765e-02	3.33147e-02	3.26391e-02	1.89790e+01	
agroforestry	Mon Jan 26 16:28:55 CET 2026	28/6/2021	28	6	2021	179	1	Main-AF	15	0.0000000000000000e+00	0.0000000000000000e+00	0.00000e+00	1.51241e+01	0.00000e+00	1.73465e+01	7.63957e+02	6.36299e+02	1.82416e+02	1.07767e+02	2.56177e+01	2.07611e+01	3.35329e-02	3.26280e-02	3.31217e-02	1.84248e+01	
agroforestry	Mon Jan 26 16:28:55 CET 2026	28/6/2021	28	6	2021	179	1	Main-AF	16	1.0000000000000000e+00	0.0000000000000000e+00	0.00000e+00	1.28106e+01	0.00000e+00	1.36838e+01	7.63957e+02	6.36299e+02	1.55251e+02	9.09222e+01	2.43898e+01	1.98816e+01	3.19256e-02	3.12457e-02	3.16166e-02	1.78225e+01	
agroforestry	Mon Jan 26 16:28:55 CET 2026	28/6/2021	28	6	2021	179	1	Main-AF	17	2.0000000000000000e+00	0.0000000000000000e+00	0.00000e+00	1.34486e+01	0.00000e+00	1.23536e+01	7.63957e+02	6.36299e+02	1.44720e+02	8.72703e+01	2.20916e+01	1.83952e+01	2.89174e-02	2.89097e-02	2.89139e-02	1.69004e+01	
agroforestry	Mon Jan 26 16:28:55 CET 2026	28/6/2021	28	6	2021	179	2	TLV-AF	18	3.0000000000000000e+00	0.0000000000000000e+00	0.00000e+00	0.00000e+00	0.00000e+00	0.00000e+00	7.63957e+02	6.36299e+02	0.00000e+00	0.00000e+00	1.43617e+01	1.74623e+01	1.87991e-02	2.74436e-02	2.27273e-02	1.62771e+01	
agroforestry	Mon Jan 26 16:28:55 CET 2026	28/6/2021	28	6	2021	179	1	Main-AF	19	4.0000000000000000e+00	0.0000000000000000e+00	0.00000e+00	1.35378e+01	0.00000e+00	1.13638e+01	7.63957e+02	6.36299e+02	7.47219e+01	8.57067e+01	1.23823e+01	1.83952e+01	1.62081e-02	2.89097e-02	2.19799e-02	1.69004e+01	
agroforestry	Mon Jan 26 16:28:55 CET 2026	28/6/2021	28	6	2021	179	1	Main-AF	20	5.0000000000000000e+00	0.0000000000000000e+00	0.00000e+00	1.29561e+01	0.00000e+00	1.27626e+01	7.63957e+02	6.36299e+02	1.13751e+02	9.04263e+01	1.83616e+01	1.98816e+01	2.40348e-02	3.12457e-02	2.73116e-02	1.78225e+01	
agroforestry	Mon Jan 26 16:28:55 CET 2026	28/6/2021	28	6	2021	179	1	Main-AF	21	6.0000000000000000e+00	0.0000000000000000e+00	0.00000e+00	1.50847e+01	0.00000e+00	1.71948e+01	7.63957e+02	6.36299e+02	1.78285e+02	1.07624e+02	2.50336e+01	2.07611e+01	3.27683e-02	3.26280e-02	3.27045e-02	1.84248e+01	
agroforestry	Mon Jan 26 16:28:55 CET 2026	28/7/2021	28	7	2021	209	1	Main-AF	1	0.0000000000000000e+00	2.0000000000000000e+00	0.00000e+00	7.02434e+01	0.00000e+00	1.36037e+02	8.29944e+02	5.94024e+02	5.87779e+02	3.03035e+02	2.55374e+01	1.89640e+01	3.07700e-02	3.19246e-02	3.12517e-02	1.65369e+01	
agroforestry	Mon Jan 26 16:28:55 CET 2026	28/7/2021	28	7	2021	209	1	Main-AF	2	1.0000000000000000e+00	2.0000000000000000e+00	0.00000e+00	6.95820e+01	0.00000e+00	1.32917e+02	8.29944e+02	5.94024e+02	5.50165e+02	2.84950e+02	2.40334e+01	1.79685e+01	2.89579e-02	3.02488e-02	2.94964e-02	1.58591e+01	
agroforestry	Mon Jan 26 16:28:55 CET 2026	28/7/2021	28	7	2021	209	1	Main-AF	3	2.0000000000000000e+00	2.0000000000000000e+00	0.00000e+00	6.99106e+01	0.00000e+00	1.28500e+02	8.29944e+02	5.94024e+02	5.02375e+02	2.56257e+02	2.18629e+01	1.60973e+01	2.63426e-02	2.70988e-02	2.66581e-02	1.46942e+01	
agroforestry	Mon Jan 26 16:28:55 CET 2026	28/7/2021	28	7	2021	209	2	TLV-AF	4	3.0000000000000000e+00	2.0000000000000000e+00	0.00000e+00	0.00000e+00	0.00000e+00	0.00000e+00	8.29944e+02	5.94024e+02	0.00000e+00	0.00000e+00	1.14774e+01	1.49654e+01	1.38291e-02	2.51932e-02	1.85698e-02	1.39478e+01	
agroforestry	Mon Jan 26 16:28:55 CET 2026	28/7/2021	28	7	2021	209	1	Main-AF	5	4.0000000000000000e+00	2.0000000000000000e+00	0.00000e+00	7.18242e+01	0.00000e+00	1.02872e+02	8.29944e+02	5.94024e+02	2.00692e+02	2.57770e+02	8.73735e+00	1.60973e+01	1.05276e-02	2.70988e-02	1.74405e-02	1.46942e+01	
agroforestry	Mon Jan 26 16:28:55 CET 2026	28/7/2021	28	7	2021	209	1	Main-AF	6	5.0000000000000000e+00	2.0000000000000000e+00	0.00000e+00	6.81657e+01	0.00000e+00	1.16774e+02	8.29944e+02	5.94024e+02	3.24857e+02	2.82866e+02	1.43871e+01	1.79685e+01	1.73350e-02	3.02488e-02	2.27222e-02	1.58591e+01	
agroforestry	Mon Jan 26 16:28:55 CET 2026	28/7/2021	28	7	2021	209	1	Main-AF	7	6.0000000000000000e+00	2.0000000000000000e+00	0.00000e+00	7.02997e+01	0.00000e+00	1.34085e+02	8.29944e+02	5.94024e+02	5.37185e+02	3.03154e+02	2.33479e+01	1.89640e+01	2.81319e-02	3.19246e-02	2.97141e-02	1.65369e+01	
agroforestry	Mon Jan 26 16:28:55 CET 2026	28/7/2021	28	7	2021	209	1	Main-AF	8	0.0000000000000000e+00	1.0000000000000000e+00	0.00000e+00	6.89634e+01	0.00000e+00	1.39155e+02	8.29944e+02	5.94024e+02	5.85607e+02	3.09539e+02	2.55933e+01	1.94900e+01	3.08374e-02	3.28101e-02	3.16604e-02	1.71681e+01	
agroforestry	Mon Jan 26 16:28:55 CET 2026	28/7/2021	28	7	2021	209	1	Main-AF	9	1.0000000000000000e+00	1.0000000000000000e+00	0.00000e+00	7.17753e+01	0.00000e+00	1.31840e+02	8.29944e+02	5.94024e+02	5.57501e+02	2.80893e+02	2.40900e+01	1.75012e+01	2.90260e-02	2.94621e-02	2.92079e-02	1.54174e+01	
agroforestry	Mon Jan 26 16:28:55 CET 2026	28/7/2021	28	7	2021	209	1	Main-AF	10	2.0000000000000000e+00	1.0000000000000000e+00	0.00000e+00	6.87196e+01	0.00000e+00	1.13603e+02	8.29944e+02	5.94024e+02	4.93558e+02	2.42211e+02	2.17007e+01	1.53988e+01	2.61471e-02	2.59228e-02	2.60535e-02	1.40751e+01	
agroforestry	Mon Jan 26 16:28:55 CET 2026	28/7/2021	28	7	2021	209	2	TLV-AF	11	3.0000000000000000e+00	1.0000000000000000e+00	0.00000e+00	0.00000e+00	0.00000e+00	0.00000e+00	8.29944e+02	5.94024e+02	0.00000e+00	0.00000e+00	1.03782e+01	1.38558e+01	1.25048e-02	2.33253e-02	1.70187e-02	1.29816e+01	
agroforestry	Mon Jan 26 16:28:55 CET 2026	28/7/2021	28	7	2021	209	1	Main-AF	12	4.0000000000000000e+00	1.0000000000000000e+00	0.00000e+00	6.96836e+01	0.00000e+00	9.97686e+01	8.29944e+02	5.94024e+02	1.77739e+02	2.43968e+02	7.83700e+00	1.53988e+01	9.44281e-03	2.59228e-02	1.63176e-02	1.40751e+01	
agroforestry	Mon Jan 26 16:28:55 CET 2026	28/7/2021	28	7	2021	209	1	Main-AF	13	5.0000000000000000e+00	1.0000000000000000e+00	0.00000e+00	7.01169e+01	0.00000e+00	1.20000e+02	8.29944e+02	5.94024e+02	3.01513e+02	2.77633e+02	1.32681e+01	1.75012e+01	1.59868e-02	2.94621e-02	2.16082e-02	1.54174e+01	
agroforestry	Mon Jan 26 16:28:55 CET 2026	28/7/2021	28	7	2021	209	1	Main-AF	14	6.0000000000000000e+00	1.0000000000000000e+00	0.00000e+00	7.04147e+01	0.00000e+00	1.35073e+02	8.29944e+02	5.94024e+02	5.36484e+02	3.11662e+02	2.33229e+01	1.94900e+01	2.81018e-02	3.28101e-02	3.00659e-02	1.71681e+01	
agroforestry	Mon Jan 26 16:28:55 CET 2026	28/7/2021	28	7	2021	209	1	Main-AF	15	0.0000000000000000e+00	0.0000000000000000e+00	0.00000e+00	6.91835e+01	0.00000e+00	1.39229e+02	8.29944e+02	5.94024e+02	5.85577e+02	3.01715e+02	2.55709e+01	1.89858e+01	3.08104e-02	3.19614e-02	3.12906e-02	1.65550e+01	
agroforestry	Mon Jan 26 16:28:55 CET 2026	28/7/2021	28	7	2021	209	1	Main-AF	16	1.0000000000000000e+00	0.0000000000000000e+00	0.00000e+00	6.90692e+01	0.00000e+00	1.32637e+02	8.29944e+02	5.94024e+02	5.49355e+02	2.83228e+02	2.40829e+01	1.79226e+01	2.90175e-02	3.01715e-02	2.94989e-02	1.58174e+01	
agroforestry	Mon Jan 26 16:28:55 CET 2026	28/7/2021	28	7	2021	209	1	Main-AF	17	2.0000000000000000e+00	0.0000000000000000e+00	0.00000e+00	6.83907e+01	0.00000e+00	1.23300e+02	8.29944e+02	5.94024e+02	4.92053e+02	2.53112e+02	2.16434e+01	1.60775e+01	2.60781e-02	2.70654e-02	2.64900e-02	1.46746e+01	
agroforestry	Mon Jan 26 16:28:55 CET 2026	28/7/2021	28	7	2021	209	2	TLV-AF	18	3.0000000000000000e+00	0.0000000000000000e+00	0.00000e+00	0.00000e+00	0.00000e+00	0.00000e+00	8.29944e+02	5.94024e+02	0.00000e+00	0.00000e+00	1.19060e+01	1.49091e+01	1.43455e-02	2.50985e-02	1.88313e-02	1.38968e+01	
agroforestry	Mon Jan 26 16:28:55 CET 2026	28/7/2021	28	7	2021	209	1	Main-AF	19	4.0000000000000000e+00	0.0000000000000000e+00	0.00000e+00	7.26553e+01	0.00000e+00	1.05013e+02	8.29944e+02	5.94024e+02	2.02401e+02	2.58561e+02	8.77290e+00	1.60775e+01	1.05705e-02	2.70654e-02	1.74515e-02	1.46746e+01	
agroforestry	Mon Jan 26 16:28:55 CET 2026	28/7/2021	28	7	2021	209	1	Main-AF	20	5.0000000000000000e+00	0.0000000000000000e+00	0.00000e+00	7.07218e+01	0.00000e+00	1.23284e+02	8.29944e+02	5.94024e+02	3.39364e+02	2.85677e+02	1.48287e+01	1.79226e+01	1.78671e-02	3.01715e-02	2.30001e-02	1.58174e+01	
agroforestry	Mon Jan 26 16:28:55 CET 2026	28/7/2021	28	7	2021	209	1	Main-AF	21	6.0000000000000000e+00	0.0000000000000000e+00	0.00000e+00	7.09677e+01	0.00000e+00	1.33818e+02	8.29944e+02	5.94024e+02	5.54795e+02	3.04424e+02	2.40376e+01	1.89858e+01	2.89629e-02	3.19614e-02	3.02138e-02	1.65550e+01	
agroforestry	Mon Jan 26 16:28:55 CET 2026	28/8/2021	28	8	2021	240	1	Main-AF	1	0.0000000000000000e+00	2.0000000000000000e+00	0.00000e+00	6.26414e+01	3.65650e+01	2.09307e+02	8.23890e+02	5.20704e+02	5.90725e+02	2.90663e+02	2.38426e+01	1.83500e+01	2.89390e-02	3.52408e-02	3.13794e-02	1.59075e+01	
agroforestry	Mon Jan 26 16:28:55 CET 2026	28/8/2021	28	8	2021	240	1	Main-AF	2	1.0000000000000000e+00	2.0000000000000000e+00	0.00000e+00	6.04290e+01	3.56877e+01	1.97296e+02	8.23890e+02	5.20704e+02	6.07175e+02	2.71894e+02	2.47283e+01	1.72747e+01	3.00140e-02	3.31756e-02	3.12384e-02	1.51622e+01	
agroforestry	Mon Jan 26 16:28:55 CET 2026	28/8/2021	28	8	2021	240	1	Main-AF	3	2.0000000000000000e+00	2.0000000000000000e+00	0.00000e+00	6.81537e+01	3.59001e+01	1.95950e+02	8.23890e+02	5.20704e+02	6.01510e+02	2.44863e+02	2.41121e+01	1.53051e+01	2.92662e-02	2.93931e-02	2.93153e-02	1.39458e+01	
agroforestry	Mon Jan 26 16:28:55 CET 2026	28/8/2021	28	8	2021	240	2	TLV-AF	4	3.0000000000000000e+00	2.0000000000000000e+00	0.00000e+00	0.00000e+00	0.00000e+00	0.00000e+00	8.23890e+02	5.20704e+02	0.00000e+00	0.00000e+00	1.47884e+01	1.40943e+01	1.79495e-02	2.70678e-02	2.14806e-02	1.31473e+01	
agroforestry	Mon Jan 26 16:28:55 CET 2026	28/8/2021	28	8	2021	240	1	Main-AF	5	4.0000000000000000e+00	2.0000000000000000e+00	0.00000e+00	8.03720e+01	3.90179e+01	1.93900e+02	8.23890e+02	5.20704e+02	1.91623e+02	2.50506e+02	7.50963e+00	1.53051e+01	9.11485e-03	2.93931e-02	1.69678e-02	1.39458e+01	
agroforestry	Mon Jan 26 16:28:55 CET 2026	28/8/2021	28	8	2021	240	1	Main-AF	6	5.0000000000000000e+00	2.0000000000000000e+00	0.00000e+00	7.51629e+01	3.57324e+01	1.96788e+02	8.23890e+02	5.20704e+02	2.29216e+02	2.79515e+02	9.05379e+00	1.72747e+01	1.09891e-02	3.31756e-02	1.95810e-02	1.51622e+01	
agroforestry	Mon Jan 26 16:28:55 CET 2026	28/8/2021	28	8	2021	240	1	Main-AF	7	6.0000000000000000e+00	2.0000000000000000e+00	0.00000e+00	6.23754e+01	3.54093e+01	2.04635e+02	8.23890e+02	5.20704e+02	4.39276e+02	2.89854e+02	1.77410e+01	1.83500e+01	2.15332e-02	3.52408e-02	2.68416e-02	1.59076e+01	
agroforestry	Mon Jan 26 16:28:55 CET 2026	28/8/2021	28	8	2021	240	1	Main-AF	8	0.0000000000000000e+00	1.0000000000000000e+00	0.00000e+00	5.94462e+01	3.58643e+01	2.11979e+02	8.23890e+02	5.20704e+02	6.00884e+02	2.96638e+02	2.44579e+01	1.88834e+01	2.96859e-02	3.62651e-02	3.22338e-02	1.65399e+01	
agroforestry	Mon Jan 26 16:28:55 CET 2026	28/8/2021	28	8	2021	240	1	Main-AF	9	1.0000000000000000e+00	1.0000000000000000e+00	0.00000e+00	6.48857e+01	3.74431e+01	2.02369e+02	8.23890e+02	5.20704e+02	6.16006e+02	2.67172e+02	2.47555e+01	1.67548e+01	3.00471e-02	3.21773e-02	3.08720e-02	1.46653e+01	
agroforestry	Mon Jan 26 16:28:55 CET 2026	28/8/2021	28	8	2021	240	1	Main-AF	10	2.0000000000000000e+00	1.0000000000000000e+00	0.00000e+00	7.32020e+01	3.57532e+01	1.91200e+02	8.23890e+02	5.20704e+02	6.05262e+02	2.34653e+02	2.40578e+01	1.45452e+01	2.92003e-02	2.79337e-02	2.87098e-02	1.32751e+01	
agroforestry	Mon Jan 26 16:28:55 CET 2026	28/8/2021	28	8	2021	240	2	TLV-AF	11	3.0000000000000000e+00	1.0000000000000000e+00	0.00000e+00	0.00000e+00	0.00000e+00	0.00000e+00	8.23890e+02	5.20704e+02	0.00000e+00	0.00000e+00	1.45831e+01	1.29532e+01	1.77003e-02	2.48764e-02	2.04793e-02	1.21602e+01	
agroforestry	Mon Jan 26 16:28:55 CET 2026	28/8/2021	28	8	2021	240	1	Main-AF	12	4.0000000000000000e+00	1.0000000000000000e+00	0.00000e+00	7.82342e+01	3.83751e+01	1.92653e+02	8.23890e+02	5.20704e+02	1.64737e+02	2.37167e+02	6.48671e+00	1.45452e+01	7.87327e-03	2.79337e-02	1.56418e-02	1.32751e+01	
agroforestry	Mon Jan 26 16:28:55 CET 2026	28/8/2021	28	8	2021	240	1	Main-AF	13	5.0000000000000000e+00	1.0000000000000000e+00	0.00000e+00	7.30761e+01	3.89174e+01	1.98782e+02	8.23890e+02	5.20704e+02	1.95333e+02	2.71482e+02	7.71263e+00	1.67548e+01	9.36124e-03	3.21773e-02	1.81969e-02	1.46653e+01	
agroforestry	Mon Jan 26 16:28:55 CET 2026	28/8/2021	28	8	2021	240	1	Main-AF	14	6.0000000000000000e+00	1.0000000000000000e+00	0.00000e+00	6.15644e+01	3.60775e+01	2.07280e+02	8.23890e+02	5.20704e+02	4.51195e+02	2.98147e+02	1.82349e+01	1.88834e+01	2.21327e-02	3.62651e-02	2.76056e-02	1.65399e+01	
agroforestry	Mon Jan 26 16:28:55 CET 2026	28/8/2021	28	8	2021	240	1	Main-AF	15	0.0000000000000000e+00	0.0000000000000000e+00	0.00000e+00	6.17299e+01	3.77266e+01	2.13148e+02	8.23890e+02	5.20704e+02	5.89559e+02	2.91124e+02	2.37926e+01	1.83684e+01	2.88784e-02	3.52761e-02	3.13560e-02	1.59226e+01	
agroforestry	Mon Jan 26 16:28:55 CET 2026	28/8/2021	28	8	2021	240	1	Main-AF	16	1.0000000000000000e+00	0.0000000000000000e+00	0.00000e+00	6.54425e+01	3.66120e+01	2.01460e+02	8.23890e+02	5.20704e+02	6.13614e+02	2.74901e+02	2.46594e+01	1.72438e+01	2.99304e-02	3.31164e-02	3.11642e-02	1.51353e+01	
agroforestry	Mon Jan 26 16:28:55 CET 2026	28/8/2021	28	8	2021	240	1	Main-AF	17	2.0000000000000000e+00	0.0000000000000000e+00	0.00000e+00	7.19032e+01	3.58261e+01	1.96384e+02	8.23890e+02	5.20704e+02	6.04955e+02	2.46123e+02	2.40956e+01	1.52879e+01	2.92462e-02	2.93601e-02	2.92903e-02	1.39280e+01	
agroforestry	Mon Jan 26 16:28:55 CET 2026	28/8/2021	28	8	2021	240	2	TLV-AF	18	3.0000000000000000e+00	0.0000000000000000e+00	0.00000e+00	0.00000e+00	0.00000e+00	0.00000e+00	8.23890e+02	5.20704e+02	0.00000e+00	0.00000e+00	1.52296e+01	1.40394e+01	1.84850e-02	2.69624e-02	2.17679e-02	1.30981e+01	
agroforestry	Mon Jan 26 16:28:55 CET 2026	28/8/2021	28	8	2021	240	1	Main-AF	19	4.0000000000000000e+00	0.0000000000000000e+00	0.00000e+00	8.16613e+01	3.87275e+01	1.93245e+02	8.23890e+02	5.20704e+02	1.85201e+02	2.50468e+02	7.26724e+00	1.52879e+01	8.82065e-03	2.93601e-02	1.67747e-02	1.39280e+01	
agroforestry	Mon Jan 26 16:28:55 CET 2026	28/8/2021	28	8	2021	240	1	Main-AF	20	5.0000000000000000e+00	0.0000000000000000e+00	0.00000e+00	7.38984e+01	3.88565e+01	2.02571e+02	8.23890e+02	5.20704e+02	2.26107e+02	2.79736e+02	8.91314e+00	1.72438e+01	1.08184e-02	3.31164e-02	1.94534e-02	1.51353e+01	
agroforestry	Mon Jan 26 16:28:55 CET 2026	28/8/2021	28	8	2021	240	1	Main-AF	21	6.0000000000000000e+00	0.0000000000000000e+00	0.00000e+00	6.18514e+01	3.28738e+01	2.00521e+02	8.23890e+02	5.20704e+02	4.34681e+02	2.88054e+02	1.76699e+01	1.83684e+01	2.14470e-02	3.52761e-02	2.68024e-02	1.59226e+01	
agroforestry	Mon Jan 26 16:28:55 CET 2026	28/9/2021	28	9	2021	271	1	Main-AF	1	0.0000000000000000e+00	2.0000000000000000e+00	0.00000e+00	3.55714e+01	4.06277e+00	2.45403e+02	4.01628e+02	4.25798e+02	1.28523e+02	1.62674e+02	1.49698e+01	1.83446e+01	3.72728e-02	4.30827e-02	4.02626e-02	1.59020e+01	
agroforestry	Mon Jan 26 16:28:55 CET 2026	28/9/2021	28	9	2021	271	1	Main-AF	2	1.0000000000000000e+00	2.0000000000000000e+00	0.00000e+00	2.34640e+00	3.96530e+00	2.10715e+02	4.01628e+02	4.25798e+02	4.03119e+01	3.06229e+01	2.19780e+01	1.72686e+01	5.47224e-02	4.05559e-02	4.74322e-02	1.51561e+01	
agroforestry	Mon Jan 26 16:28:55 CET 2026	28/9/2021	28	9	2021	271	1	Main-AF	3	2.0000000000000000e+00	2.0000000000000000e+00	0.00000e+00	5.28946e+00	3.98890e+00	2.11176e+02	4.01628e+02	4.25798e+02	6.10949e+01	3.94882e+01	2.48322e+01	1.52983e+01	6.18289e-02	3.59284e-02	4.85004e-02	1.39394e+01	
agroforestry	Mon Jan 26 16:28:55 CET 2026	28/9/2021	28	9	2021	271	2	TLV-AF	4	3.0000000000000000e+00	2.0000000000000000e+00	0.00000e+00	0.00000e+00	0.00000e+00	0.00000e+00	4.01628e+02	4.25798e+02	0.00000e+00	0.00000e+00	2.21498e+01	1.40866e+01	5.51501e-02	3.30829e-02	4.37942e-02	1.31402e+01	
agroforestry	Mon Jan 26 16:28:55 CET 2026	28/9/2021	28	9	2021	271	1	Main-AF	5	4.0000000000000000e+00	2.0000000000000000e+00	0.00000e+00	5.04657e+01	4.33532e+00	2.31599e+02	4.01628e+02	4.25798e+02	1.06125e+02	1.59922e+02	1.10222e+01	1.52983e+01	2.74437e-02	3.59285e-02	3.18100e-02	1.39394e+01	
agroforestry	Mon Jan 26 16:28:55 CET 2026	28/9/2021	28	9	2021	271	1	Main-AF	6	5.0000000000000000e+00	2.0000000000000000e+00	0.00000e+00	4.15423e+01	3.97027e+00	2.29243e+02	4.01628e+02	4.25798e+02	4.80693e+01	1.64767e+02	5.40272e+00	1.72686e+01	1.34520e-02	4.05559e-02	2.73998e-02	1.51561e+01	
agroforestry	Mon Jan 26 16:28:55 CET 2026	28/9/2021	28	9	2021	271	1	Main-AF	7	6.0000000000000000e+00	2.0000000000000000e+00	0.00000e+00	3.20589e+01	3.93437e+00	2.40024e+02	4.01628e+02	4.25798e+02	6.67708e+01	1.53929e+02	8.27160e+00	1.83446e+01	2.05952e-02	4.30827e-02	3.21674e-02	1.59020e+01	
agroforestry	Mon Jan 26 16:28:55 CET 2026	28/9/2021	28	9	2021	271	1	Main-AF	8	0.0000000000000000e+00	1.0000000000000000e+00	0.00000e+00	2.90621e+01	3.98492e+00	2.51425e+02	4.01628e+02	4.25798e+02	1.22185e+02	1.49942e+02	1.58526e+01	1.88780e+01	3.94709e-02	4.43355e-02	4.19742e-02	1.65343e+01	
agroforestry	Mon Jan 26 16:28:55 CET 2026	28/9/2021	28	9	2021	271	1	Main-AF	9	1.0000000000000000e+00	1.0000000000000000e+00	0.00000e+00	4.42033e+00	4.16034e+00	2.17162e+02	4.01628e+02	4.25798e+02	5.20536e+01	3.97348e+01	2.13853e+01	1.67481e+01	5.32464e-02	3.93335e-02	4.60868e-02	1.46586e+01	
agroforestry	Mon Jan 26 16:28:55 CET 2026	28/9/2021	28	9	2021	271	1	Main-AF	10	2.0000000000000000e+00	1.0000000000000000e+00	0.00000e+00	5.98375e+00	3.97258e+00	2.07860e+02	4.01628e+02	4.25798e+02	6.42421e+01	3.90324e+01	2.49070e+01	1.45378e+01	6.20150e-02	3.41424e-02	4.76716e-02	1.32682e+01	
agroforestry	Mon Jan 26 16:28:55 CET 2026	28/9/2021	28	9	2021	271	2	TLV-AF	11	3.0000000000000000e+00	1.0000000000000000e+00	0.00000e+00	0.00000e+00	0.00000e+00	0.00000e+00	4.01628e+02	4.25798e+02	0.00000e+00	0.00000e+00	2.17299e+01	1.29455e+01	5.41045e-02	3.04028e-02	4.19075e-02	1.21531e+01	
agroforestry	Mon Jan 26 16:28:55 CET 2026	28/9/2021	28	9	2021	271	1	Main-AF	12	4.0000000000000000e+00	1.0000000000000000e+00	0.00000e+00	6.75102e+01	4.26390e+00	2.34306e+02	4.01628e+02	4.25798e+02	1.09677e+02	1.70094e+02	1.01734e+01	1.45378e+01	2.53303e-02	3.41424e-02	2.98650e-02	1.32682e+01	
agroforestry	Mon Jan 26 16:28:55 CET 2026	28/9/2021	28	9	2021	271	1	Main-AF	13	5.0000000000000000e+00	1.0000000000000000e+00	0.00000e+00	4.70379e+01	4.32416e+00	2.33007e+02	4.01628e+02	4.25798e+02	4.61041e+01	1.69897e+02	4.87642e+00	1.67482e+01	1.21416e-02	3.93335e-02	2.61347e-02	1.46586e+01	
agroforestry	Mon Jan 26 16:28:55 CET 2026	28/9/2021	28	9	2021	271	1	Main-AF	14	6.0000000000000000e+00	1.0000000000000000e+00	0.00000e+00	3.20136e+01	4.00861e+00	2.44225e+02	4.01628e+02	4.25798e+02	7.14307e+01	1.58428e+02	8.79128e+00	1.88780e+01	2.18891e-02	4.43355e-02	3.34401e-02	1.65343e+01	
agroforestry	Mon Jan 26 16:28:55 CET 2026	28/9/2021	28	9	2021	271	1	Main-AF	15	0.0000000000000000e+00	0.0000000000000000e+00	0.00000e+00	2.52994e+01	4.19184e+00	2.47384e+02	4.01628e+02	4.25798e+02	1.07745e+02	1.34434e+02	1.49469e+01	1.83629e+01	3.72157e-02	4.31259e-02	4.02571e-02	1.59170e+01	
agroforestry	Mon Jan 26 16:28:55 CET 2026	28/9/2021	28	9	2021	271	1	Main-AF	16	1.0000000000000000e+00	0.0000000000000000e+00	0.00000e+00	7.01344e+00	4.06800e+00	2.17115e+02	4.01628e+02	4.25798e+02	6.84288e+01	5.23927e+01	2.13207e+01	1.72379e+01	5.30856e-02	4.04837e-02	4.66006e-02	1.51294e+01	
agroforestry	Mon Jan 26 16:28:55 CET 2026	28/9/2021	28	9	2021	271	1	Main-AF	17	2.0000000000000000e+00	0.0000000000000000e+00	0.00000e+00	5.69194e+00	3.98067e+00	2.12402e+02	4.01628e+02	4.25798e+02	6.35621e+01	4.04786e+01	2.50836e+01	1.52811e+01	6.24548e-02	3.58881e-02	4.87834e-02	1.39216e+01	
agroforestry	Mon Jan 26 16:28:55 CET 2026	28/9/2021	28	9	2021	271	2	TLV-AF	18	3.0000000000000000e+00	0.0000000000000000e+00	0.00000e+00	0.00000e+00	0.00000e+00	0.00000e+00	4.01628e+02	4.25798e+02	0.00000e+00	0.00000e+00	2.25294e+01	1.40317e+01	5.60951e-02	3.29539e-02	4.41865e-02	1.30910e+01	
agroforestry	Mon Jan 26 16:28:55 CET 2026	28/9/2021	28	9	2021	271	1	Main-AF	19	4.0000000000000000e+00	0.0000000000000000e+00	0.00000e+00	6.79232e+01	4.30305e+00	2.33482e+02	4.01628e+02	4.25798e+02	1.18038e+02	1.79096e+02	1.08650e+01	1.52811e+01	2.70524e-02	3.58881e-02	3.15993e-02	1.39216e+01	
agroforestry	Mon Jan 26 16:28:55 CET 2026	28/9/2021	28	9	2021	271	1	Main-AF	20	5.0000000000000000e+00	0.0000000000000000e+00	0.00000e+00	4.26024e+01	4.31739e+00	2.34043e+02	4.01628e+02	4.25798e+02	4.49478e+01	1.66851e+02	4.97486e+00	1.72379e+01	1.23867e-02	4.04838e-02	2.68456e-02	1.51294e+01	
agroforestry	Mon Jan 26 16:28:55 CET 2026	28/9/2021	28	9	2021	271	1	Main-AF	21	6.0000000000000000e+00	0.0000000000000000e+00	0.00000e+00	3.32757e+01	3.65264e+00	2.35287e+02	4.01628e+02	4.25798e+02	6.40597e+01	1.56716e+02	7.81351e+00	1.83629e+01	1.94546e-02	4.31259e-02	3.16360e-02	1.59170e+01	
agroforestry	Mon Jan 26 16:28:55 CET 2026	28/10/2021	28	10	2021	301	1	Main-AF	1	0.0000000000000000e+00	2.0000000000000000e+00	5.22272e+00	1.21182e+01	0.00000e+00	1.01815e+02	3.93457e+02	3.03674e+02	1.83736e+01	4.38843e+01	5.37679e+00	1.83905e+01	1.36655e-02	6.05602e-02	3.40931e-02	1.59229e+01	
agroforestry	Mon Jan 26 16:28:55 CET 2026	28/10/2021	28	10	2021	301	1	Main-AF	2	1.0000000000000000e+00	2.0000000000000000e+00	4.13700e+00	0.00000e+00	0.00000e+00	7.80566e+01	3.93457e+02	3.03674e+02	0.00000e+00	0.00000e+00	9.37706e+00	1.73214e+01	2.38325e-02	5.70394e-02	3.82976e-02	1.51796e+01	
agroforestry	Mon Jan 26 16:28:55 CET 2026	28/10/2021	28	10	2021	301	1	Main-AF	3	2.0000000000000000e+00	2.0000000000000000e+00	4.14748e+00	0.00000e+00	0.00000e+00	7.04289e+01	3.93457e+02	3.03674e+02	0.00000e+00	0.00000e+00	1.61705e+01	1.53591e+01	4.10985e-02	5.05775e-02	4.52276e-02	1.39649e+01	
agroforestry	Mon Jan 26 16:28:55 CET 2026	28/10/2021	28	10	2021	301	2	TLV-AF	4	3.0000000000000000e+00	2.0000000000000000e+00	0.00000e+00	1.67908e+00	0.00000e+00	1.80452e-01	3.93457e+02	3.03674e+02	5.69824e+00	3.45729e+00	2.09182e+01	1.41529e+01	5.31652e-02	4.66056e-02	5.03078e-02	1.31672e+01	
agroforestry	Mon Jan 26 16:28:55 CET 2026	28/10/2021	28	10	2021	301	1	Main-AF	5	4.0000000000000000e+00	2.0000000000000000e+00	4.98398e+00	1.74393e+01	0.00000e+00	1.07285e+02	3.93457e+02	3.03674e+02	7.09927e+01	4.70109e+01	1.69427e+01	1.53591e+01	4.30611e-02	5.05775e-02	4.63353e-02	1.39649e+01	
agroforestry	Mon Jan 26 16:28:55 CET 2026	28/10/2021	28	10	2021	301	1	Main-AF	6	5.0000000000000000e+00	2.0000000000000000e+00	4.87847e+00	1.64196e+01	0.00000e+00	1.05501e+02	3.93457e+02	3.03674e+02	3.32438e+01	5.11453e+01	8.97188e+00	1.73214e+01	2.28027e-02	5.70394e-02	3.77164e-02	1.51796e+01	
agroforestry	Mon Jan 26 16:28:55 CET 2026	28/10/2021	28	10	2021	301	1	Main-AF	7	6.0000000000000000e+00	2.0000000000000000e+00	5.06950e+00	1.25726e+01	0.00000e+00	1.08691e+02	3.93457e+02	3.03674e+02	1.69326e+01	4.61550e+01	5.32467e+00	1.83905e+01	1.35331e-02	6.05602e-02	3.40183e-02	1.59229e+01	
agroforestry	Mon Jan 26 16:28:55 CET 2026	28/10/2021	28	10	2021	301	1	Main-AF	8	0.0000000000000000e+00	1.0000000000000000e+00	5.31052e+00	1.01560e+01	0.00000e+00	1.03195e+02	3.93457e+02	3.03674e+02	1.70519e+01	4.01820e+01	5.66410e+00	1.89240e+01	1.43957e-02	6.23169e-02	3.52705e-02	1.65555e+01	
agroforestry	Mon Jan 26 16:28:55 CET 2026	28/10/2021	28	10	2021	301	1	Main-AF	9	1.0000000000000000e+00	1.0000000000000000e+00	4.26474e+00	0.00000e+00	0.00000e+00	8.04667e+01	3.93457e+02	3.03674e+02	0.00000e+00	0.00000e+00	9.31040e+00	1.68051e+01	2.36631e-02	5.53392e-02	3.74614e-02	1.46841e+01	
agroforestry	Mon Jan 26 16:28:55 CET 2026	28/10/2021	28	10	2021	301	1	Main-AF	10	2.0000000000000000e+00	1.0000000000000000e+00	4.08216e+00	0.00000e+00	0.00000e+00	6.93198e+01	3.93457e+02	3.03674e+02	0.00000e+00	0.00000e+00	1.56513e+01	1.45986e+01	3.97790e-02	4.80734e-02	4.33921e-02	1.32924e+01	
agroforestry	Mon Jan 26 16:28:55 CET 2026	28/10/2021	28	10	2021	301	2	TLV-AF	11	3.0000000000000000e+00	1.0000000000000000e+00	0.00000e+00	1.67464e+00	0.00000e+00	1.71827e-01	3.93457e+02	3.03674e+02	5.32026e+00	3.17401e+00	2.00783e+01	1.30150e+01	5.10304e-02	4.28583e-02	4.74706e-02	1.21812e+01	
agroforestry	Mon Jan 26 16:28:55 CET 2026	28/10/2021	28	10	2021	301	1	Main-AF	12	4.0000000000000000e+00	1.0000000000000000e+00	5.13003e+00	2.48666e+01	0.00000e+00	1.11684e+02	3.93457e+02	3.03674e+02	8.20556e+01	5.28723e+01	1.58939e+01	1.45986e+01	4.03956e-02	4.80734e-02	4.37401e-02	1.32924e+01	
agroforestry	Mon Jan 26 16:28:55 CET 2026	28/10/2021	28	10	2021	301	1	Main-AF	13	5.0000000000000000e+00	1.0000000000000000e+00	4.97497e+00	1.82826e+01	0.00000e+00	1.07634e+02	3.93457e+02	3.03674e+02	2.98521e+01	5.26125e+01	7.17486e+00	1.68051e+01	1.82354e-02	5.53392e-02	3.43981e-02	1.46841e+01	
agroforestry	Mon Jan 26 16:28:55 CET 2026	28/10/2021	28	10	2021	301	1	Main-AF	14	6.0000000000000000e+00	1.0000000000000000e+00	5.15849e+00	1.25916e+01	0.00000e+00	1.10576e+02	3.93457e+02	3.03674e+02	1.66604e+01	4.75438e+01	5.22181e+00	1.89240e+01	1.32716e-02	6.23169e-02	3.46360e-02	1.65555e+01	
agroforestry	Mon Jan 26 16:28:55 CET 2026	28/10/2021	28	10	2021	301	1	Main-AF	15	0.0000000000000000e+00	0.0000000000000000e+00	5.15782e+00	7.52982e+00	0.00000e+00	9.97081e+01	3.93457e+02	3.03674e+02	1.32880e+01	3.14708e+01	5.41566e+00	1.84096e+01	1.37643e-02	6.06228e-02	3.41761e-02	1.59382e+01	
agroforestry	Mon Jan 26 16:28:55 CET 2026	28/10/2021	28	10	2021	301	1	Main-AF	16	1.0000000000000000e+00	0.0000000000000000e+00	4.26536e+00	0.00000e+00	0.00000e+00	8.04786e+01	3.93457e+02	3.03674e+02	0.00000e+00	0.00000e+00	1.02367e+01	1.72895e+01	2.60174e-02	5.69343e-02	3.94850e-02	1.51524e+01	
agroforestry	Mon Jan 26 16:28:55 CET 2026	28/10/2021	28	10	2021	301	1	Main-AF	17	2.0000000000000000e+00	0.0000000000000000e+00	4.17106e+00	0.00000e+00	0.00000e+00	7.08294e+01	3.93457e+02	3.03674e+02	0.00000e+00	0.00000e+00	1.61220e+01	1.53414e+01	4.09752e-02	5.05194e-02	4.51327e-02	1.39469e+01	
agroforestry	Mon Jan 26 16:28:55 CET 2026	28/10/2021	28	10	2021	301	2	TLV-AF	18	3.0000000000000000e+00	0.0000000000000000e+00	0.00000e+00	1.68193e+00	0.00000e+00	1.78317e-01	3.93457e+02	3.03674e+02	5.50965e+00	3.44932e+00	2.05977e+01	1.40979e+01	5.23505e-02	4.64245e-02	4.97691e-02	1.31179e+01	
agroforestry	Mon Jan 26 16:28:55 CET 2026	28/10/2021	28	10	2021	301	1	Main-AF	19	4.0000000000000000e+00	0.0000000000000000e+00	5.09831e+00	2.59124e+01	0.00000e+00	1.11119e+02	3.93457e+02	3.03674e+02	8.55593e+01	5.63930e+01	1.70910e+01	1.53414e+01	4.34380e-02	5.05194e-02	4.65227e-02	1.39469e+01	
agroforestry	Mon Jan 26 16:28:55 CET 2026	28/10/2021	28	10	2021	301	1	Main-AF	20	5.0000000000000000e+00	0.0000000000000000e+00	4.96763e+00	1.63216e+01	0.00000e+00	1.07301e+02	3.93457e+02	3.03674e+02	3.10187e+01	5.08810e+01	8.43029e+00	1.72895e+01	2.14262e-02	5.69344e-02	3.68938e-02	1.51524e+01	
agroforestry	Mon Jan 26 16:28:55 CET 2026	28/10/2021	28	10	2021	301	1	Main-AF	21	6.0000000000000000e+00	0.0000000000000000e+00	4.98887e+00	1.35568e+01	0.00000e+00	1.07228e+02	3.93457e+02	3.03674e+02	1.92374e+01	4.84895e+01	5.58889e+00	1.84096e+01	1.42046e-02	6.06228e-02	3.44246e-02	1.59382e+01	
agroforestry	Mon Jan 26 16:28:55 CET 2026	28/11/2021	28	11	2021	332	1	Main-AF	1	0.0000000000000000e+00	2.0000000000000000e+00	0.00000e+00	0.00000e+00	0.00000e+00	0.00000e+00	2.00514e+02	2.22628e+02	0.00000e+00	0.00000e+00	2.45061e+01	2.66574e+01	1.22217e-01	1.19740e-01	1.20914e-01	2.53626e+01	
agroforestry	Mon Jan 26 16:28:55 CET 2026	28/11/2021	28	11	2021	332	1	Main-AF	2	1.0000000000000000e+00	2.0000000000000000e+00	0.00000e+00	0.00000e+00	0.00000e+00	0.00000e+00	2.00514e+02	2.22628e+02	0.00000e+00	0.00000e+00	2.51171e+01	2.66789e+01	1.25264e-01	1.19836e-01	1.22408e-01	2.54523e+01	
agroforestry	Mon Jan 26 16:28:55 CET 2026	28/11/2021	28	11	2021	332	1	Main-AF	3	2.0000000000000000e+00	2.0000000000000000e+00	0.00000e+00	0.00000e+00	0.00000e+00	0.00000e+00	2.00514e+02	2.22628e+02	0.00000e+00	0.00000e+00	2.46272e+01	2.62790e+01	1.22821e-01	1.18040e-01	1.20305e-01	2.51280e+01	
agroforestry	Mon Jan 26 16:28:55 CET 2026	28/11/2021	28	11	2021	332	2	TLV-AF	4	3.0000000000000000e+00	2.0000000000000000e+00	0.00000e+00	1.28411e+01	0.00000e+00	3.61115e+00	2.00514e+02	2.22628e+02	3.36091e+01	3.85228e+01	2.56668e+01	2.62501e+01	1.28005e-01	1.17910e-01	1.22694e-01	2.51655e+01	
agroforestry	Mon Jan 26 16:28:55 CET 2026	28/11/2021	28	11	2021	332	1	Main-AF	5	4.0000000000000000e+00	2.0000000000000000e+00	0.00000e+00	0.00000e+00	0.00000e+00	0.00000e+00	2.00514e+02	2.22628e+02	0.00000e+00	0.00000e+00	2.58791e+01	2.62790e+01	1.29064e-01	1.18040e-01	1.23264e-01	2.51281e+01	
agroforestry	Mon Jan 26 16:28:55 CET 2026	28/11/2021	28	11	2021	332	1	Main-AF	6	5.0000000000000000e+00	2.0000000000000000e+00	0.00000e+00	0.00000e+00	0.00000e+00	0.00000e+00	2.00514e+02	2.22628e+02	0.00000e+00	0.00000e+00	2.55645e+01	2.66789e+01	1.27495e-01	1.19836e-01	1.23465e-01	2.54523e+01	
agroforestry	Mon Jan 26 16:28:55 CET 2026	28/11/2021	28	11	2021	332	1	Main-AF	7	6.0000000000000000e+00	2.0000000000000000e+00	0.00000e+00	0.00000e+00	0.00000e+00	0.00000e+00	2.00514e+02	2.22628e+02	0.00000e+00	0.00000e+00	2.49234e+01	2.66574e+01	1.24298e-01	1.19740e-01	1.21900e-01	2.53626e+01	
agroforestry	Mon Jan 26 16:28:55 CET 2026	28/11/2021	28	11	2021	332	1	Main-AF	8	0.0000000000000000e+00	1.0000000000000000e+00	0.00000e+00	0.00000e+00	0.00000e+00	0.00000e+00	2.00514e+02	2.22628e+02	0.00000e+00	0.00000e+00	2.51055e+01	2.67318e+01	1.25206e-01	1.20074e-01	1.22506e-01	2.54725e+01	
agroforestry	Mon Jan 26 16:28:55 CET 2026	28/11/2021	28	11	2021	332	1	Main-AF	9	1.0000000000000000e+00	1.0000000000000000e+00	0.00000e+00	0.00000e+00	0.00000e+00	0.00000e+00	2.00514e+02	2.22628e+02	0.00000e+00	0.00000e+00	2.51376e+01	2.65471e+01	1.25366e-01	1.19244e-01	1.22145e-01	2.53370e+01	
agroforestry	Mon Jan 26 16:28:55 CET 2026	28/11/2021	28	11	2021	332	1	Main-AF	10	2.0000000000000000e+00	1.0000000000000000e+00	0.00000e+00	0.00000e+00	0.00000e+00	0.00000e+00	2.00514e+02	2.22628e+02	0.00000e+00	0.00000e+00	2.51249e+01	2.62551e+01	1.25303e-01	1.17933e-01	1.21425e-01	2.51266e+01	
agroforestry	Mon Jan 26 16:28:55 CET 2026	28/11/2021	28	11	2021	332	2	TLV-AF	11	3.0000000000000000e+00	1.0000000000000000e+00	0.00000e+00	1.28245e+01	0.00000e+00	3.49405e+00	2.00514e+02	2.22628e+02	3.27017e+01	3.75444e+01	2.50018e+01	2.56179e+01	1.24689e-01	1.15071e-01	1.19628e-01	2.45553e+01	
agroforestry	Mon Jan 26 16:28:55 CET 2026	28/11/2021	28	11	2021	332	1	Main-AF	12	4.0000000000000000e+00	1.0000000000000000e+00	0.00000e+00	0.00000e+00	0.00000e+00	0.00000e+00	2.00514e+02	2.22628e+02	0.00000e+00	0.00000e+00	2.52301e+01	2.62551e+01	1.25827e-01	1.17933e-01	1.21674e-01	2.51266e+01	
agroforestry	Mon Jan 26 16:28:55 CET 2026	28/11/2021	28	11	2021	332	1	Main-AF	13	5.0000000000000000e+00	1.0000000000000000e+00	0.00000e+00	0.00000e+00	0.00000e+00	0.00000e+00	2.00514e+02	2.22628e+02	0.00000e+00	0.00000e+00	2.52108e+01	2.65471e+01	1.25731e-01	1.19244e-01	1.22318e-01	2.53370e+01	
agroforestry	Mon Jan 26 16:28:55 CET 2026	28/11/2021	28	11	2021	332	1	Main-AF	14	6.0000000000000000e+00	1.0000000000000000e+00	0.00000e+00	0.00000e+00	0.00000e+00	0.00000e+00	2.00514e+02	2.22628e+02	0.00000e+00	0.00000e+00	2.51513e+01	2.67318e+01	1.25434e-01	1.20074e-01	1.22614e-01	2.54725e+01	
agroforestry	Mon Jan 26 16:28:55 CET 2026	28/11/2021	28	11	2021	332	1	Main-AF	15	0.0000000000000000e+00	0.0000000000000000e+00	0.00000e+00	0.00000e+00	0.00000e+00	0.00000e+00	2.00514e+02	2.22628e+02	0.00000e+00	0.00000e+00	2.49646e+01	2.67270e+01	1.24503e-01	1.20052e-01	1.22162e-01	2.54218e+01	
agroforestry	Mon Jan 26 16:28:55 CET 2026	28/11/2021	28	11	2021	332	1	Main-AF	16	1.0000000000000000e+00	0.0000000000000000e+00	0.00000e+00	0.00000e+00	0.00000e+00	0.00000e+00	2.00514e+02	2.22628e+02	0.00000e+00	0.00000e+00	2.43154e+01	2.63841e+01	1.21265e-01	1.18512e-01	1.19817e-01	2.51330e+01	
agroforestry	Mon Jan 26 16:28:55 CET 2026	28/11/2021	28	11	2021	332	1	Main-AF	17	2.0000000000000000e+00	0.0000000000000000e+00	0.00000e+00	0.00000e+00	0.00000e+00	0.00000e+00	2.00514e+02	2.22628e+02	0.00000e+00	0.00000e+00	2.53235e+01	2.62063e+01	1.26293e-01	1.17714e-01	1.21779e-01	2.50775e+01	
agroforestry	Mon Jan 26 16:28:55 CET 2026	28/11/2021	28	11	2021	332	2	TLV-AF	18	3.0000000000000000e+00	0.0000000000000000e+00	0.00000e+00	1.28629e+01	0.00000e+00	3.57542e+00	2.00514e+02	2.22628e+02	3.30089e+01	3.84902e+01	2.51680e+01	2.61876e+01	1.25518e-01	1.17630e-01	1.21367e-01	2.51028e+01	
agroforestry	Mon Jan 26 16:28:55 CET 2026	28/11/2021	28	11	2021	332	1	Main-AF	19	4.0000000000000000e+00	0.0000000000000000e+00	0.00000e+00	0.00000e+00	0.00000e+00	0.00000e+00	2.00514e+02	2.22628e+02	0.00000e+00	0.00000e+00	2.51511e+01	2.62063e+01	1.25433e-01	1.17714e-01	1.21372e-01	2.50775e+01	
agroforestry	Mon Jan 26 16:28:55 CET 2026	28/11/2021	28	11	2021	332	1	Main-AF	20	5.0000000000000000e+00	0.0000000000000000e+00	0.00000e+00	0.00000e+00	0.00000e+00	0.00000e+00	2.00514e+02	2.22628e+02	0.00000e+00	0.00000e+00	2.47899e+01	2.63841e+01	1.23632e-01	1.18512e-01	1.20938e-01	2.51330e+01	
agroforestry	Mon Jan 26 16:28:55 CET 2026	28/11/2021	28	11	2021	332	1	Main-AF	21	6.0000000000000000e+00	0.0000000000000000e+00	0.00000e+00	0.00000e+00	0.00000e+00	0.00000e+00	2.00514e+02	2.22628e+02	0.00000e+00	0.00000e+00	2.40050e+01	2.67270e+01	1.19718e-01	1.20052e-01	1.19894e-01	2.54218e+01	
agroforestry	Mon Jan 26 16:28:55 CET 2026	28/12/2021	28	12	2021	362	1	Main-AF	1	0.0000000000000000e+00	2.0000000000000000e+00	0.00000e+00	0.00000e+00	0.00000e+00	0.00000e+00	1.39047e+02	1.77908e+02	0.00000e+00	0.00000e+00	2.51827e+01	2.70206e+01	1.81109e-01	1.51880e-01	1.64703e-01	2.58343e+01	
agroforestry	Mon Jan 26 16:28:55 CET 2026	28/12/2021	28	12	2021	362	1	Main-AF	2	1.0000000000000000e+00	2.0000000000000000e+00	0.00000e+00	0.00000e+00	0.00000e+00	0.00000e+00	1.39047e+02	1.77908e+02	0.00000e+00	0.00000e+00	2.58113e+01	2.70847e+01	1.85630e-01	1.52241e-01	1.66889e-01	2.59547e+01	
agroforestry	Mon Jan 26 16:28:55 CET 2026	28/12/2021	28	12	2021	362	1	Main-AF	3	2.0000000000000000e+00	2.0000000000000000e+00	0.00000e+00	0.00000e+00	0.00000e+00	0.00000e+00	1.39047e+02	1.77908e+02	0.00000e+00	0.00000e+00	2.49095e+01	2.67535e+01	1.79145e-01	1.50378e-01	1.62998e-01	2.56704e+01	
agroforestry	Mon Jan 26 16:28:55 CET 2026	28/12/2021	28	12	2021	362	2	TLV-AF	4	3.0000000000000000e+00	2.0000000000000000e+00	0.00000e+00	2.62934e+01	0.00000e+00	1.16369e+01	1.39047e+02	1.77908e+02	4.45731e+01	5.85137e+01	2.58500e+01	2.67768e+01	1.85908e-01	1.50510e-01	1.66039e-01	2.57475e+01	
agroforestry	Mon Jan 26 16:28:55 CET 2026	28/12/2021	28	12	2021	362	1	Main-AF	5	4.0000000000000000e+00	2.0000000000000000e+00	0.00000e+00	0.00000e+00	0.00000e+00	0.00000e+00	1.39047e+02	1.77908e+02	0.00000e+00	0.00000e+00	2.59751e+01	2.67535e+01	1.86808e-01	1.50378e-01	1.66360e-01	2.56704e+01	
agroforestry	Mon Jan 26 16:28:55 CET 2026	28/12/2021	28	12	2021	362	1	Main-AF	6	5.0000000000000000e+00	2.0000000000000000e+00	0.00000e+00	0.00000e+00	0.00000e+00	0.00000e+00	1.39047e+02	1.77908e+02	0.00000e+00	0.00000e+00	2.59699e+01	2.70847e+01	1.86770e-01	1.52241e-01	1.67389e-01	2.59547e+01	
agroforestry	Mon Jan 26 16:28:55 CET 2026	28/12/2021	28	12	2021	362	1	Main-AF	7	6.0000000000000000e+00	2.0000000000000000e+00	0.00000e+00	0.00000e+00	0.00000e+00	0.00000e+00	1.39047e+02	1.77908e+02	0.00000e+00	0.00000e+00	2.56072e+01	2.70206e+01	1.84162e-01	1.51880e-01	1.66042e-01	2.58343e+01	
agroforestry	Mon Jan 26 16:28:55 CET 2026	28/12/2021	28	12	2021	362	1	Main-AF	8	0.0000000000000000e+00	1.0000000000000000e+00	0.00000e+00	0.00000e+00	0.00000e+00	0.00000e+00	1.39047e+02	1.77908e+02	0.00000e+00	0.00000e+00	2.60261e+01	2.70657e+01	1.87175e-01	1.52134e-01	1.67506e-01	2.59048e+01	
agroforestry	Mon Jan 26 16:28:55 CET 2026	28/12/2021	28	12	2021	362	1	Main-AF	9	1.0000000000000000e+00	1.0000000000000000e+00	0.00000e+00	0.00000e+00	0.00000e+00	0.00000e+00	1.39047e+02	1.77908e+02	0.00000e+00	0.00000e+00	2.58975e+01	2.69589e+01	1.86250e-01	1.51533e-01	1.66763e-01	2.58415e+01	
agroforestry	Mon Jan 26 16:28:55 CET 2026	28/12/2021	28	12	2021	362	1	Main-AF	10	2.0000000000000000e+00	1.0000000000000000e+00	0.00000e+00	0.00000e+00	0.00000e+00	0.00000e+00	1.39047e+02	1.77908e+02	0.00000e+00	0.00000e+00	2.56364e+01	2.67627e+01	1.84372e-01	1.50431e-01	1.65321e-01	2.57034e+01	
agroforestry	Mon Jan 26 16:28:55 CET 2026	28/12/2021	28	12	2021	362	2	TLV-AF	11	3.0000000000000000e+00	1.0000000000000000e+00	0.00000e+00	2.62457e+01	0.00000e+00	1.13479e+01	1.39047e+02	1.77908e+02	4.33228e+01	5.71062e+01	2.51573e+01	2.61667e+01	1.80927e-01	1.47080e-01	1.61929e-01	2.51568e+01	
agroforestry	Mon Jan 26 16:28:55 CET 2026	28/12/2021	28	12	2021	362	1	Main-AF	12	4.0000000000000000e+00	1.0000000000000000e+00	0.00000e+00	0.00000e+00	0.00000e+00	0.00000e+00	1.39047e+02	1.77908e+02	0.00000e+00	0.00000e+00	2.53089e+01	2.67627e+01	1.82017e-01	1.50430e-01	1.64287e-01	2.57034e+01	
agroforestry	Mon Jan 26 16:28:55 CET 2026	28/12/2021	28	12	2021	362	1	Main-AF	13	5.0000000000000000e+00	1.0000000000000000e+00	0.00000e+00	0.00000e+00	0.00000e+00	0.00000e+00	1.39047e+02	1.77908e+02	0.00000e+00	0.00000e+00	2.56868e+01	2.69589e+01	1.84735e-01	1.51533e-01	1.66099e-01	2.58415e+01	
agroforestry	Mon Jan 26 16:28:55 CET 2026	28/12/2021	28	12	2021	362	1	Main-AF	14	6.0000000000000000e+00	1.0000000000000000e+00	0.00000e+00	0.00000e+00	0.00000e+00	0.00000e+00	1.39047e+02	1.77908e+02	0.00000e+00	0.00000e+00	2.58239e+01	2.70657e+01	1.85721e-01	1.52133e-01	1.66868e-01	2.59048e+01	
agroforestry	Mon Jan 26 16:28:55 CET 2026	28/12/2021	28	12	2021	362	1	Main-AF	15	0.0000000000000000e+00	0.0000000000000000e+00	0.00000e+00	0.00000e+00	0.00000e+00	0.00000e+00	1.39047e+02	1.77908e+02	0.00000e+00	0.00000e+00	2.56876e+01	2.70917e+01	1.84741e-01	1.52280e-01	1.66520e-01	2.58948e+01	
agroforestry	Mon Jan 26 16:28:55 CET 2026	28/12/2021	28	12	2021	362	1	Main-AF	16	1.0000000000000000e+00	0.0000000000000000e+00	0.00000e+00	0.00000e+00	0.00000e+00	0.00000e+00	1.39047e+02	1.77908e+02	0.00000e+00	0.00000e+00	2.48790e+01	2.67774e+01	1.78926e-01	1.50513e-01	1.62978e-01	2.56196e+01	
agroforestry	Mon Jan 26 16:28:55 CET 2026	28/12/2021	28	12	2021	362	1	Main-AF	17	2.0000000000000000e+00	0.0000000000000000e+00	0.00000e+00	0.00000e+00	0.00000e+00	0.00000e+00	1.39047e+02	1.77908e+02	0.00000e+00	0.00000e+00	2.58822e+01	2.66788e+01	1.86140e-01	1.49959e-01	1.65831e-01	2.56191e+01	
agroforestry	Mon Jan 26 16:28:55 CET 2026	28/12/2021	28	12	2021	362	2	TLV-AF	18	3.0000000000000000e+00	0.0000000000000000e+00	0.00000e+00	2.63103e+01	0.00000e+00	1.15365e+01	1.39047e+02	1.77908e+02	4.38060e+01	5.84105e+01	2.53881e+01	2.67144e+01	1.82586e-01	1.50159e-01	1.64385e-01	2.56847e+01	
agroforestry	Mon Jan 26 16:28:55 CET 2026	28/12/2021	28	12	2021	362	1	Main-AF	19	4.0000000000000000e+00	0.0000000000000000e+00	0.00000e+00	0.00000e+00	0.00000e+00	0.00000e+00	1.39047e+02	1.77908e+02	0.00000e+00	0.00000e+00	2.52429e+01	2.66788e+01	1.81542e-01	1.49959e-01	1.63814e-01	2.56191e+01	
agroforestry	Mon Jan 26 16:28:55 CET 2026	28/12/2021	28	12	2021	362	1	Main-AF	20	5.0000000000000000e+00	0.0000000000000000e+00	0.00000e+00	0.00000e+00	0.00000e+00	0.00000e+00	1.39047e+02	1.77908e+02	0.00000e+00	0.00000e+00	2.49954e+01	2.67774e+01	1.79762e-01	1.50513e-01	1.63345e-01	2.56196e+01	
agroforestry	Mon Jan 26 16:28:55 CET 2026	28/12/2021	28	12	2021	362	1	Main-AF	21	6.0000000000000000e+00	0.0000000000000000e+00	0.00000e+00	0.00000e+00	0.00000e+00	0.00000e+00	1.39047e+02	1.77908e+02	0.00000e+00	0.00000e+00	2.43017e+01	2.70917e+01	1.74773e-01	1.52280e-01	1.62148e-01	2.58948e+01	
