SimulationName	SimulationDate	Date	Day	Month	Year	JulianDay	realYear	minTemperature	maxTemperature	minRelativeHumidity	maxRelativeHumidity	precipitation	rain	snow	meltedSnow	stockedSnow	rainCapacityinSnow	rainCapturedBySnow	waterEnteringSoil	etpPenman	globalPar	globalRadiation	diffusePar	directPar	extraTerrestrialRadiation	infraRedRadiation	sunDeclination	dayLength	airVapourPressure	waterTableDepth	windSpeed	
agroforestry	Fri Nov 07 14:59:57 CET 2025	1/1/2000	1	1	2000	1	2000	-3.42200e+00	1.27900e+01	5.40000e+01	9.80000e+01	0.00000e+00	0.00000e+00	0.00000e+00	0.00000e+00	0.00000e+00	0.00000e+00	0.00000e+00	0.00000e+00	0.00000e+00	1.59484e+01	7.21000e+00	5.19958e+00	1.07488e+01	1.07246e+01	-7.03051e+01	-4.02256e-01	8.78021e+00	6.48013e+00	-5.68000e+00	6.00000e-01	
agroforestry	Fri Nov 07 14:59:57 CET 2025	2/1/2000	2	1	2000	2	2000	-2.93900e+00	1.49000e+01	4.60000e+01	9.80000e+01	0.00000e+00	0.00000e+00	0.00000e+00	0.00000e+00	0.00000e+00	0.00000e+00	0.00000e+00	0.00000e+00	0.00000e+00	1.74083e+01	7.87000e+00	4.36790e+00	1.30404e+01	1.07798e+01	-7.87882e+01	-4.00825e-01	8.79425e+00	6.71828e+00	-5.70000e+00	6.00000e-01	
agroforestry	Fri Nov 07 14:59:57 CET 2025	3/1/2000	3	1	2000	3	2000	-2.14000e-01	9.18000e+00	6.90000e+01	9.70000e+01	2.00000e-01	2.00000e-01	0.00000e+00	0.00000e+00	0.00000e+00	0.00000e+00	0.00000e+00	2.00000e-01	2.66505e-01	6.08295e+00	2.75000e+00	5.29342e+00	7.89532e-01	1.08401e+01	-2.14117e+01	-3.99262e-01	8.80958e+00	6.97817e+00	-5.71000e+00	5.00000e-01	
agroforestry	Fri Nov 07 14:59:57 CET 2025	4/1/2000	4	1	2000	4	2000	-5.06000e-01	1.43700e+01	5.10000e+01	9.80000e+01	0.00000e+00	0.00000e+00	0.00000e+00	0.00000e+00	0.00000e+00	0.00000e+00	0.00000e+00	0.00000e+00	0.00000e+00	1.68774e+01	7.63000e+00	4.90215e+00	1.19753e+01	1.09055e+01	-7.55298e+01	-3.97565e-01	8.82616e+00	7.42266e+00	-5.73000e+00	5.00000e-01	
agroforestry	Fri Nov 07 14:59:57 CET 2025	5/1/2000	5	1	2000	5	2000	-7.02000e-01	1.74200e+01	4.10000e+01	9.80000e+01	0.00000e+00	0.00000e+00	0.00000e+00	0.00000e+00	0.00000e+00	0.00000e+00	0.00000e+00	0.00000e+00	6.73160e-02	1.43558e+01	6.49000e+00	6.19186e+00	8.16390e+00	1.09759e+01	-6.44557e+01	-3.95738e-01	8.84398e+00	7.63294e+00	-5.74000e+00	5.00000e-01	
agroforestry	Fri Nov 07 14:59:57 CET 2025	6/1/2000	6	1	2000	6	2000	-1.22100e+00	1.19700e+01	7.40000e+01	9.80000e+01	0.00000e+00	0.00000e+00	0.00000e+00	0.00000e+00	0.00000e+00	0.00000e+00	0.00000e+00	0.00000e+00	2.50900e-01	6.30415e+00	2.85000e+00	5.45149e+00	8.52654e-01	1.10514e+01	-2.23446e+01	-3.93779e-01	8.86303e+00	7.69438e+00	-5.76000e+00	6.00000e-01	
agroforestry	Fri Nov 07 14:59:57 CET 2025	7/1/2000	7	1	2000	7	2000	-1.90900e+00	1.63400e+01	4.00000e+01	9.90000e+01	2.00000e-01	2.00000e-01	0.00000e+00	0.00000e+00	0.00000e+00	0.00000e+00	0.00000e+00	2.00000e-01	7.65676e-03	1.59926e+01	7.23000e+00	5.68802e+00	1.03046e+01	1.11318e+01	-7.04986e+01	-3.91691e-01	8.88329e+00	7.06042e+00	-5.78000e+00	6.00000e-01	
agroforestry	Fri Nov 07 14:59:57 CET 2025	8/1/2000	8	1	2000	8	2000	-2.26800e+00	1.35200e+01	4.80000e+01	9.80000e+01	2.00000e-01	2.00000e-01	0.00000e+00	0.00000e+00	0.00000e+00	0.00000e+00	0.00000e+00	2.00000e-01	0.00000e+00	1.56166e+01	7.06000e+00	5.96243e+00	9.65416e+00	1.12173e+01	-6.61032e+01	-3.89475e-01	8.90473e+00	6.64635e+00	-5.79000e+00	5.00000e-01	
agroforestry	Fri Nov 07 14:59:57 CET 2025	9/1/2000	9	1	2000	9	2000	4.14200e+00	9.92000e+00	7.20000e+01	9.80000e+01	4.60000e+00	4.60000e+00	0.00000e+00	0.00000e+00	0.00000e+00	0.00000e+00	0.00000e+00	4.60000e+00	3.23521e-01	5.19816e+00	2.35000e+00	4.83341e+00	3.64746e-01	1.13078e+01	-1.65669e+01	-3.87130e-01	8.92733e+00	8.52653e+00	-5.80000e+00	3.00000e-01	
agroforestry	Fri Nov 07 14:59:57 CET 2025	10/1/2000	10	1	2000	10	2000	-1.54100e+00	1.05500e+01	6.30000e+01	9.80000e+01	0.00000e+00	0.00000e+00	0.00000e+00	0.00000e+00	0.00000e+00	0.00000e+00	0.00000e+00	0.00000e+00	9.58325e-02	1.13032e+01	5.11000e+00	6.97909e+00	4.32413e+00	1.14032e+01	-4.37170e+01	-3.84659e-01	8.95108e+00	6.77818e+00	-5.72000e+00	4.00000e-01	
agroforestry	Fri Nov 07 14:59:57 CET 2025	11/1/2000	11	1	2000	11	2000	-3.71700e+00	1.04700e+01	5.30000e+01	9.80000e+01	2.00000e-01	2.00000e-01	0.00000e+00	0.00000e+00	0.00000e+00	0.00000e+00	0.00000e+00	2.00000e-01	1.32995e-01	1.22544e+01	5.54000e+00	7.03314e+00	5.22124e+00	1.15035e+01	-4.70743e+01	-3.82063e-01	8.97595e+00	5.87235e+00	-5.74000e+00	6.00000e-01	
agroforestry	Fri Nov 07 14:59:57 CET 2025	12/1/2000	12	1	2000	12	2000	-4.28900e+00	1.02100e+01	4.70000e+01	9.80000e+01	0.00000e+00	0.00000e+00	0.00000e+00	0.00000e+00	0.00000e+00	0.00000e+00	0.00000e+00	0.00000e+00	0.00000e+00	1.81825e+01	8.22000e+00	5.08170e+00	1.31008e+01	1.16087e+01	-7.22478e+01	-3.79343e-01	9.00191e+00	5.47543e+00	-5.75000e+00	5.00000e-01	
agroforestry	Fri Nov 07 14:59:57 CET 2025	13/1/2000	13	1	2000	13	2000	-6.65800e+00	9.23000e+00	5.10000e+01	9.80000e+01	1.00000e+00	1.00000e+00	0.00000e+00	0.00000e+00	0.00000e+00	0.00000e+00	0.00000e+00	1.00000e+00	0.00000e+00	1.80940e+01	8.18000e+00	5.29371e+00	1.28003e+01	1.17188e+01	-6.97187e+01	-3.76500e-01	9.02895e+00	4.99266e+00	-5.76000e+00	5.00000e-01	
agroforestry	Fri Nov 07 14:59:57 CET 2025	14/1/2000	14	1	2000	14	2000	3.90500e+00	1.06100e+01	6.50000e+01	9.60000e+01	8.00000e-01	8.00000e-01	0.00000e+00	0.00000e+00	0.00000e+00	0.00000e+00	0.00000e+00	8.00000e-01	1.01684e-01	1.59484e+01	7.21000e+00	6.50596e+00	9.44242e+00	1.18337e+01	-6.35199e+01	-3.73536e-01	9.05704e+00	8.20146e+00	-5.76000e+00	1.20000e+00	
agroforestry	Fri Nov 07 14:59:57 CET 2025	15/1/2000	15	1	2000	15	2000	5.32600e+00	1.30700e+01	5.10000e+01	8.80000e+01	2.00000e-01	2.00000e-01	0.00000e+00	0.00000e+00	0.00000e+00	0.00000e+00	0.00000e+00	2.00000e-01	4.68261e-01	1.28959e+01	5.83000e+00	7.29845e+00	5.59740e+00	1.19534e+01	-5.07978e+01	-3.70452e-01	9.08615e+00	8.07868e+00	-5.75000e+00	1.20000e+00	
agroforestry	Fri Nov 07 14:59:57 CET 2025	16/1/2000	16	1	2000	16	2000	-7.51000e-01	8.16000e+00	4.70000e+01	7.80000e+01	0.00000e+00	0.00000e+00	0.00000e+00	0.00000e+00	0.00000e+00	0.00000e+00	0.00000e+00	0.00000e+00	1.82609e-01	1.80276e+01	8.15000e+00	5.81885e+00	1.22088e+01	1.20778e+01	-6.81099e+01	-3.67249e-01	9.11626e+00	4.97503e+00	-5.76000e+00	1.00000e+00	
agroforestry	Fri Nov 07 14:59:57 CET 2025	17/1/2000	17	1	2000	17	2000	-2.60900e+00	1.05600e+01	3.90000e+01	9.60000e+01	0.00000e+00	0.00000e+00	0.00000e+00	0.00000e+00	0.00000e+00	0.00000e+00	0.00000e+00	0.00000e+00	8.59792e-02	1.82046e+01	8.23000e+00	5.88986e+00	1.23147e+01	1.22070e+01	-6.91485e+01	-3.63930e-01	9.14735e+00	5.47650e+00	-5.78000e+00	7.00000e-01	
agroforestry	Fri Nov 07 14:59:57 CET 2025	18/1/2000	18	1	2000	18	2000	-3.64200e+00	1.69100e+01	3.40000e+01	9.70000e+01	0.00000e+00	0.00000e+00	0.00000e+00	0.00000e+00	0.00000e+00	0.00000e+00	0.00000e+00	0.00000e+00	1.87453e-01	1.99078e+01	9.00000e+00	5.01541e+00	1.48924e+01	1.23409e+01	-7.99479e+01	-3.60494e-01	9.17938e+00	6.39365e+00	-5.80000e+00	1.10000e+00	
agroforestry	Fri Nov 07 14:59:57 CET 2025	19/1/2000	19	1	2000	19	2000	5.70000e-02	1.21700e+01	3.20000e+01	6.20000e+01	0.00000e+00	0.00000e+00	0.00000e+00	0.00000e+00	0.00000e+00	0.00000e+00	0.00000e+00	0.00000e+00	3.79383e-01	2.03502e+01	9.20000e+00	4.91699e+00	1.54332e+01	1.24794e+01	-7.83924e+01	-3.56945e-01	9.21234e+00	4.42606e+00	-5.81000e+00	1.10000e+00	
agroforestry	Fri Nov 07 14:59:57 CET 2025	20/1/2000	20	1	2000	20	2000	-5.17900e+00	1.15000e+01	3.00000e+01	9.40000e+01	0.00000e+00	0.00000e+00	0.00000e+00	0.00000e+00	0.00000e+00	0.00000e+00	0.00000e+00	0.00000e+00	1.15097e-01	2.01954e+01	9.13000e+00	5.24458e+00	1.49508e+01	1.26225e+01	-7.45893e+01	-3.53284e-01	9.24619e+00	4.74924e+00	-5.83000e+00	7.00000e-01	
agroforestry	Fri Nov 07 14:59:57 CET 2025	21/1/2000	21	1	2000	21	2000	-7.26000e+00	1.20500e+01	3.10000e+01	9.60000e+01	0.00000e+00	0.00000e+00	0.00000e+00	0.00000e+00	0.00000e+00	0.00000e+00	0.00000e+00	0.00000e+00	9.69005e-02	2.07926e+01	9.40000e+00	5.05419e+00	1.57384e+01	1.27701e+01	-7.57753e+01	-3.49512e-01	9.28091e+00	4.60685e+00	-5.84000e+00	7.00000e-01	
agroforestry	Fri Nov 07 14:59:57 CET 2025	22/1/2000	22	1	2000	22	2000	-5.57300e+00	1.17100e+01	3.60000e+01	9.30000e+01	0.00000e+00	0.00000e+00	0.00000e+00	0.00000e+00	0.00000e+00	0.00000e+00	0.00000e+00	0.00000e+00	5.11312e-01	2.02839e+01	9.17000e+00	5.62837e+00	1.46555e+01	1.29222e+01	-7.30571e+01	-3.45631e-01	9.31648e+00	4.90866e+00	-5.86000e+00	2.50000e+00	
agroforestry	Fri Nov 07 14:59:57 CET 2025	23/1/2000	23	1	2000	23	2000	3.33800e+00	1.10300e+01	3.00000e+01	6.90000e+01	0.00000e+00	0.00000e+00	0.00000e+00	0.00000e+00	0.00000e+00	0.00000e+00	0.00000e+00	0.00000e+00	7.49238e-01	2.16553e+01	9.79000e+00	4.91352e+00	1.67418e+01	1.30788e+01	-7.98952e+01	-3.41643e-01	9.35287e+00	5.01781e+00	-5.87000e+00	2.00000e+00	
agroforestry	Fri Nov 07 14:59:57 CET 2025	24/1/2000	24	1	2000	24	2000	-4.76800e+00	9.10000e+00	3.10000e+01	7.80000e+01	0.00000e+00	0.00000e+00	0.00000e+00	0.00000e+00	0.00000e+00	0.00000e+00	0.00000e+00	0.00000e+00	3.80962e-01	2.05051e+01	9.27000e+00	5.94207e+00	1.45630e+01	1.32397e+01	-7.03612e+01	-3.37549e-01	9.39005e+00	3.88989e+00	-5.88000e+00	1.20000e+00	
agroforestry	Fri Nov 07 14:59:57 CET 2025	25/1/2000	25	1	2000	25	2000	-6.57000e+00	6.99000e-01	7.60000e+01	9.70000e+01	2.00000e-01	0.00000e+00	2.00000e-01	0.00000e+00	2.00000e-01	2.00000e-01	0.00000e+00	0.00000e+00	3.14354e-01	3.73825e+00	1.69000e+00	3.70087e+00	3.73826e-02	1.34050e+01	-6.60212e+00	-3.33352e-01	9.42799e+00	4.25721e+00	-5.90000e+00	7.00000e-01	
agroforestry	Fri Nov 07 14:59:57 CET 2025	26/1/2000	26	1	2000	26	2000	-3.67000e+00	6.55800e+00	5.50000e+01	9.70000e+01	4.40000e+00	4.40000e+00	0.00000e+00	0.00000e+00	4.00000e-01	0.00000e+00	2.00000e-01	4.20000e+00	1.58587e-01	1.93991e+01	8.77000e+00	6.98605e+00	1.24130e+01	1.35746e+01	-6.30555e+01	-3.29053e-01	9.46668e+00	5.15130e+00	-5.90000e+00	9.00000e-01	
agroforestry	Fri Nov 07 14:59:57 CET 2025	27/1/2000	27	1	2000	27	2000	-2.73100e+00	3.73600e+00	7.00000e+01	9.60000e+01	2.40000e+00	2.40000e+00	0.00000e+00	0.00000e+00	4.00000e-01	0.00000e+00	0.00000e+00	2.40000e+00	4.11034e-01	3.36221e+00	1.52000e+00	3.32859e+00	3.36220e-02	1.37484e+01	-5.12870e+00	-3.24654e-01	9.50608e+00	5.25681e+00	-5.82000e+00	5.00000e-01	
agroforestry	Fri Nov 07 14:59:57 CET 2025	28/1/2000	28	1	2000	28	2000	-2.15600e+00	1.24500e+01	5.70000e+01	9.90000e+01	0.00000e+00	0.00000e+00	0.00000e+00	4.00000e-01	0.00000e+00	0.00000e+00	0.00000e+00	4.00000e-01	1.87584e-01	1.98857e+01	8.99000e+00	7.17473e+00	1.27110e+01	1.39263e+01	-6.72055e+01	-3.20157e-01	9.54617e+00	6.86902e+00	-5.78000e+00	6.00000e-01	
agroforestry	Fri Nov 07 14:59:57 CET 2025	29/1/2000	29	1	2000	29	2000	-2.71300e+00	1.31400e+01	4.60000e+01	9.90000e+01	2.00000e-01	2.00000e-01	0.00000e+00	0.00000e+00	0.00000e+00	0.00000e+00	0.00000e+00	2.00000e-01	7.25222e-01	1.69438e+01	7.66000e+00	8.37323e+00	8.57055e+00	1.41084e+01	-5.55640e+01	-3.15563e-01	9.58693e+00	6.41430e+00	-5.80000e+00	2.80000e+00	
agroforestry	Fri Nov 07 14:59:57 CET 2025	30/1/2000	30	1	2000	30	2000	7.92000e-01	1.68100e+01	4.30000e+01	9.60000e+01	0.00000e+00	0.00000e+00	0.00000e+00	0.00000e+00	0.00000e+00	0.00000e+00	0.00000e+00	0.00000e+00	9.68460e-01	2.33364e+01	1.05500e+01	5.61321e+00	1.77232e+01	1.42944e+01	-8.23302e+01	-3.10875e-01	9.62833e+00	7.86498e+00	-5.81000e+00	3.50000e+00	
agroforestry	Fri Nov 07 14:59:57 CET 2025	31/1/2000	31	1	2000	31	2000	-1.13600e+00	1.90400e+01	4.40000e+01	9.80000e+01	0.00000e+00	0.00000e+00	0.00000e+00	0.00000e+00	0.00000e+00	0.00000e+00	0.00000e+00	0.00000e+00	4.52177e-01	1.78728e+01	8.08000e+00	8.48615e+00	9.38666e+00	1.44844e+01	-6.10243e+01	-3.06094e-01	9.67035e+00	8.11716e+00	-5.82000e+00	5.00000e-01	
agroforestry	Fri Nov 07 14:59:57 CET 2025	1/2/2000	1	2	2000	32	2000	-7.12000e-01	1.10100e+01	8.90000e+01	9.90000e+01	0.00000e+00	0.00000e+00	0.00000e+00	0.00000e+00	0.00000e+00	0.00000e+00	0.00000e+00	0.00000e+00	3.42087e-01	3.49493e+00	1.58000e+00	3.45998e+00	3.49493e-02	1.46783e+01	-4.92683e+00	-3.01223e-01	9.71296e+00	8.27921e+00	-5.84000e+00	4.00000e-01	
agroforestry	Fri Nov 07 14:59:57 CET 2025	2/2/2000	2	2	2000	33	2000	7.39000e+00	1.70100e+01	6.20000e+01	9.80000e+01	3.60000e+00	3.60000e+00	0.00000e+00	0.00000e+00	0.00000e+00	0.00000e+00	0.00000e+00	3.60000e+00	7.20324e-01	1.34046e+01	6.06000e+00	8.98678e+00	4.41783e+00	1.48761e+01	-4.29558e+01	-2.96264e-01	9.75615e+00	1.13582e+01	-5.85000e+00	1.40000e+00	
agroforestry	Fri Nov 07 14:59:57 CET 2025	3/2/2000	3	2	2000	34	2000	1.99000e-01	1.81100e+01	1.90000e+01	8.90000e+01	0.00000e+00	0.00000e+00	0.00000e+00	0.00000e+00	0.00000e+00	0.00000e+00	0.00000e+00	0.00000e+00	6.32773e-01	2.52608e+01	1.14200e+01	5.44007e+00	1.98208e+01	1.50775e+01	-8.55267e+01	-2.91218e-01	9.79988e+00	6.25857e+00	-5.79000e+00	9.00000e-01	
agroforestry	Fri Nov 07 14:59:57 CET 2025	4/2/2000	4	2	2000	35	2000	-2.56100e+00	1.71400e+01	2.90000e+01	9.60000e+01	0.00000e+00	0.00000e+00	0.00000e+00	0.00000e+00	0.00000e+00	0.00000e+00	0.00000e+00	0.00000e+00	5.14848e-01	2.47078e+01	1.11700e+01	6.17297e+00	1.85349e+01	1.52827e+01	-8.05063e+01	-2.86087e-01	9.84414e+00	6.38156e+00	-5.80000e+00	8.00000e-01	
agroforestry	Fri Nov 07 14:59:57 CET 2025	5/2/2000	5	2	2000	36	2000	-2.10600e+00	1.34000e+01	6.30000e+01	9.80000e+01	2.00000e-01	2.00000e-01	0.00000e+00	0.00000e+00	0.00000e+00	0.00000e+00	0.00000e+00	2.00000e-01	3.62370e-01	2.18323e+01	9.87000e+00	8.11578e+00	1.37165e+01	1.54914e+01	-6.68040e+01	-2.80873e-01	9.88890e+00	7.33987e+00	-5.82000e+00	8.00000e-01	
agroforestry	Fri Nov 07 14:59:57 CET 2025	6/2/2000	6	2	2000	37	2000	5.96600e+00	1.02800e+01	7.40000e+01	9.60000e+01	0.00000e+00	0.00000e+00	0.00000e+00	0.00000e+00	0.00000e+00	0.00000e+00	0.00000e+00	0.00000e+00	5.37435e-01	4.02581e+00	1.82000e+00	3.98555e+00	4.02582e-02	1.57036e+01	-5.92150e+00	-2.75579e-01	9.93414e+00	9.18677e+00	-5.83000e+00	4.00000e-01	
agroforestry	Fri Nov 07 14:59:57 CET 2025	7/2/2000	7	2	2000	38	2000	3.38600e+00	1.58300e+01	3.70000e+01	9.80000e+01	0.00000e+00	0.00000e+00	0.00000e+00	0.00000e+00	0.00000e+00	0.00000e+00	0.00000e+00	0.00000e+00	1.01314e+00	2.30488e+01	1.04200e+01	8.04598e+00	1.50029e+01	1.59193e+01	-7.21338e+01	-2.70206e-01	9.97985e+00	8.06575e+00	-5.84000e+00	2.20000e+00	
agroforestry	Fri Nov 07 14:59:57 CET 2025	8/2/2000	8	2	2000	39	2000	1.17500e+01	1.66400e+01	4.70000e+01	7.60000e+01	0.00000e+00	0.00000e+00	0.00000e+00	0.00000e+00	0.00000e+00	0.00000e+00	0.00000e+00	0.00000e+00	1.73135e+00	1.46433e+01	6.62000e+00	9.76322e+00	4.88010e+00	1.61383e+01	-4.39189e+01	-2.64756e-01	1.00260e+01	9.94702e+00	-5.86000e+00	2.70000e+00	
agroforestry	Fri Nov 07 14:59:57 CET 2025	9/2/2000	9	2	2000	40	2000	1.48000e+00	1.59100e+01	3.20000e+01	7.70000e+01	0.00000e+00	0.00000e+00	0.00000e+00	0.00000e+00	0.00000e+00	0.00000e+00	0.00000e+00	0.00000e+00	1.15536e+00	2.68977e+01	1.21600e+01	6.28810e+00	2.06096e+01	1.63606e+01	-8.23897e+01	-2.59232e-01	1.00726e+01	6.12343e+00	-5.87000e+00	2.00000e+00	
agroforestry	Fri Nov 07 14:59:57 CET 2025	10/2/2000	10	2	2000	41	2000	-3.03400e+00	1.78900e+01	2.00000e+01	9.50000e+01	4.00000e-01	4.00000e-01	0.00000e+00	0.00000e+00	0.00000e+00	0.00000e+00	0.00000e+00	4.00000e-01	7.51909e-01	2.68756e+01	1.21500e+01	6.65702e+00	2.02186e+01	1.65861e+01	-8.10511e+01	-2.53635e-01	1.01195e+01	5.92693e+00	-5.88000e+00	9.00000e-01	
agroforestry	Fri Nov 07 14:59:57 CET 2025	11/2/2000	11	2	2000	42	2000	-1.71200e+00	1.56800e+01	4.70000e+01	9.40000e+01	0.00000e+00	0.00000e+00	0.00000e+00	0.00000e+00	0.00000e+00	0.00000e+00	0.00000e+00	0.00000e+00	8.84197e-01	1.63023e+01	7.37000e+00	1.02737e+01	6.02858e+00	1.68147e+01	-4.45560e+01	-2.47968e-01	1.01669e+01	7.04924e+00	-5.89000e+00	1.60000e+00	
agroforestry	Fri Nov 07 14:59:57 CET 2025	12/2/2000	12	2	2000	43	2000	-2.01200e+00	1.42900e+01	3.00000e+01	9.20000e+01	0.00000e+00	0.00000e+00	0.00000e+00	0.00000e+00	0.00000e+00	0.00000e+00	0.00000e+00	0.00000e+00	8.80904e-01	2.56369e+01	1.15900e+01	8.10414e+00	1.75327e+01	1.70463e+01	-7.23899e+01	-2.42232e-01	1.02146e+01	5.75459e+00	-5.90000e+00	1.40000e+00	
agroforestry	Fri Nov 07 14:59:57 CET 2025	13/2/2000	13	2	2000	44	2000	-1.29800e+00	1.28700e+01	4.70000e+01	9.30000e+01	1.20000e+00	1.20000e+00	0.00000e+00	0.00000e+00	0.00000e+00	0.00000e+00	0.00000e+00	1.20000e+00	9.98919e-01	1.42230e+01	6.43000e+00	1.01877e+01	4.03530e+00	1.72808e+01	-3.57519e+01	-2.36429e-01	1.02627e+01	6.44430e+00	-5.91000e+00	2.10000e+00	
agroforestry	Fri Nov 07 14:59:57 CET 2025	14/2/2000	14	2	2000	45	2000	-2.33000e-01	1.93800e+01	4.10000e+01	9.70000e+01	0.00000e+00	0.00000e+00	0.00000e+00	0.00000e+00	0.00000e+00	0.00000e+00	0.00000e+00	0.00000e+00	9.40947e-01	2.81364e+01	1.27200e+01	7.20477e+00	2.09316e+01	1.75182e+01	-8.23602e+01	-2.30562e-01	1.03111e+01	8.22589e+00	-5.89000e+00	1.30000e+00	
agroforestry	Fri Nov 07 14:59:57 CET 2025	15/2/2000	15	2	2000	46	2000	1.10100e+01	1.98700e+01	3.80000e+01	7.60000e+01	0.00000e+00	0.00000e+00	0.00000e+00	0.00000e+00	0.00000e+00	0.00000e+00	0.00000e+00	0.00000e+00	2.21450e+00	2.83134e+01	1.28000e+01	7.44562e+00	2.08677e+01	1.77583e+01	-8.61242e+01	-2.24632e-01	1.03598e+01	9.99007e+00	-5.91000e+00	3.20000e+00	
agroforestry	Fri Nov 07 14:59:57 CET 2025	16/2/2000	16	2	2000	47	2000	6.37500e+00	1.38900e+01	3.80000e+01	8.90000e+01	4.00000e-01	4.00000e-01	0.00000e+00	0.00000e+00	0.00000e+00	0.00000e+00	0.00000e+00	4.00000e-01	1.75508e+00	2.22747e+01	1.00700e+01	1.05306e+01	1.17440e+01	1.80010e+01	-6.00673e+01	-2.18642e-01	1.04088e+01	7.85942e+00	-5.92000e+00	3.50000e+00	
agroforestry	Fri Nov 07 14:59:57 CET 2025	17/2/2000	17	2	2000	48	2000	2.75000e+00	1.26300e+01	3.80000e+01	7.60000e+01	0.00000e+00	0.00000e+00	0.00000e+00	0.00000e+00	0.00000e+00	0.00000e+00	0.00000e+00	0.00000e+00	1.63187e+00	1.10599e+01	5.00000e+00	9.33195e+00	1.72795e+00	1.82463e+01	-2.46548e+01	-2.12594e-01	1.04581e+01	5.98149e+00	-5.92000e+00	2.60000e+00	
agroforestry	Fri Nov 07 14:59:57 CET 2025	18/2/2000	18	2	2000	49	2000	-5.07000e-01	1.60700e+01	5.90000e+01	8.50000e+01	0.00000e+00	0.00000e+00	0.00000e+00	0.00000e+00	0.00000e+00	0.00000e+00	0.00000e+00	0.00000e+00	1.19173e+00	1.51078e+01	6.83000e+00	1.08762e+01	4.23168e+00	1.84941e+01	-3.65701e+01	-2.06488e-01	1.05077e+01	7.60287e+00	-5.93000e+00	2.50000e+00	
agroforestry	Fri Nov 07 14:59:57 CET 2025	19/2/2000	19	2	2000	50	2000	9.01000e+00	1.57900e+01	3.60000e+01	7.60000e+01	0.00000e+00	0.00000e+00	0.00000e+00	0.00000e+00	0.00000e+00	0.00000e+00	0.00000e+00	0.00000e+00	2.09470e+00	2.70083e+01	1.22100e+01	9.53883e+00	1.74695e+01	1.87443e+01	-7.33987e+01	-2.00329e-01	1.05575e+01	8.05602e+00	-5.94000e+00	3.10000e+00	
agroforestry	Fri Nov 07 14:59:57 CET 2025	20/2/2000	20	2	2000	51	2000	4.71000e-01	1.24500e+01	2.10000e+01	6.20000e+01	0.00000e+00	0.00000e+00	0.00000e+00	0.00000e+00	0.00000e+00	0.00000e+00	0.00000e+00	0.00000e+00	1.32470e+00	3.22065e+01	1.45600e+01	6.55779e+00	2.56487e+01	1.89967e+01	-8.19320e+01	-1.94116e-01	1.06076e+01	4.00283e+00	-5.95000e+00	1.40000e+00	
agroforestry	Fri Nov 07 14:59:57 CET 2025	21/2/2000	21	2	2000	52	2000	-6.28800e+00	1.34500e+01	2.30000e+01	8.30000e+01	0.00000e+00	0.00000e+00	0.00000e+00	0.00000e+00	0.00000e+00	0.00000e+00	0.00000e+00	0.00000e+00	8.99548e-01	3.16535e+01	1.43100e+01	7.39670e+00	2.42568e+01	1.92513e+01	-7.76140e+01	-1.87854e-01	1.06579e+01	4.18225e+00	-5.96000e+00	7.00000e-01	
agroforestry	Fri Nov 07 14:59:57 CET 2025	22/2/2000	22	2	2000	53	2000	-5.59300e+00	1.34600e+01	2.50000e+01	8.60000e+01	0.00000e+00	0.00000e+00	0.00000e+00	0.00000e+00	0.00000e+00	0.00000e+00	0.00000e+00	0.00000e+00	9.78525e-01	2.30931e+01	1.04400e+01	1.16455e+01	1.14475e+01	1.95080e+01	-5.39702e+01	-1.81543e-01	1.07084e+01	4.48962e+00	-5.97000e+00	8.00000e-01	
agroforestry	Fri Nov 07 14:59:57 CET 2025	23/2/2000	23	2	2000	54	2000	-6.50300e+00	1.62400e+01	2.60000e+01	9.50000e+01	0.00000e+00	0.00000e+00	0.00000e+00	0.00000e+00	0.00000e+00	0.00000e+00	0.00000e+00	0.00000e+00	9.98186e-01	3.14544e+01	1.42200e+01	8.32891e+00	2.31255e+01	1.97668e+01	-7.68208e+01	-1.75185e-01	1.07591e+01	5.22544e+00	-5.98000e+00	9.00000e-01	
agroforestry	Fri Nov 07 14:59:57 CET 2025	24/2/2000	24	2	2000	55	2000	-4.18400e+00	1.66800e+01	4.00000e+01	9.70000e+01	0.00000e+00	0.00000e+00	0.00000e+00	0.00000e+00	0.00000e+00	0.00000e+00	0.00000e+00	0.00000e+00	1.00764e+00	3.15650e+01	1.42700e+01	8.63986e+00	2.29251e+01	2.00274e+01	-7.71134e+01	-1.68783e-01	1.08100e+01	6.51095e+00	-5.99000e+00	9.00000e-01	
agroforestry	Fri Nov 07 14:59:57 CET 2025	25/2/2000	25	2	2000	56	2000	-1.98500e+00	1.84600e+01	4.50000e+01	9.80000e+01	0.00000e+00	0.00000e+00	0.00000e+00	0.00000e+00	0.00000e+00	0.00000e+00	0.00000e+00	0.00000e+00	1.10234e+00	3.16313e+01	1.43000e+01	8.97615e+00	2.26552e+01	2.02898e+01	-7.82408e+01	-1.62338e-01	1.08611e+01	7.78807e+00	-6.00000e+00	9.00000e-01	
agroforestry	Fri Nov 07 14:59:57 CET 2025	26/2/2000	26	2	2000	57	2000	-1.33400e+00	1.87000e+01	4.60000e+01	9.80000e+01	0.00000e+00	0.00000e+00	0.00000e+00	0.00000e+00	0.00000e+00	0.00000e+00	0.00000e+00	0.00000e+00	1.17225e+00	3.19410e+01	1.44400e+01	9.15723e+00	2.27838e+01	2.05539e+01	-7.83541e+01	-1.55853e-01	1.09123e+01	8.08309e+00	-6.01000e+00	1.00000e+00	
agroforestry	Fri Nov 07 14:59:57 CET 2025	27/2/2000	27	2	2000	58	2000	-1.57000e+00	1.38700e+01	7.00000e+01	9.80000e+01	0.00000e+00	0.00000e+00	0.00000e+00	0.00000e+00	0.00000e+00	0.00000e+00	0.00000e+00	0.00000e+00	7.22397e-01	1.46212e+01	6.61000e+00	1.15107e+01	3.11047e+00	2.08196e+01	-2.95685e+01	-1.49329e-01	1.09637e+01	7.93038e+00	-6.02000e+00	6.00000e-01	
agroforestry	Fri Nov 07 14:59:57 CET 2025	28/2/2000	28	2	2000	59	2000	9.39000e+00	1.31200e+01	8.00000e+01	9.70000e+01	0.00000e+00	0.00000e+00	0.00000e+00	0.00000e+00	0.00000e+00	0.00000e+00	0.00000e+00	0.00000e+00	7.68244e-01	8.64885e+00	3.91000e+00	8.29380e+00	3.55049e-01	2.10868e+01	-1.45367e+01	-1.42768e-01	1.10153e+01	1.18043e+01	-6.03000e+00	1.10000e+00	
agroforestry	Fri Nov 07 14:59:57 CET 2025	29/2/2000	29	2	2000	60	2000	7.98000e+00	1.44400e+01	7.70000e+01	9.80000e+01	0.00000e+00	0.00000e+00	0.00000e+00	0.00000e+00	0.00000e+00	0.00000e+00	0.00000e+00	0.00000e+00	7.48879e-01	7.67558e+00	3.47000e+00	7.58934e+00	8.62327e-02	2.13554e+01	-1.17757e+01	-1.36173e-01	1.10669e+01	1.16361e+01	-6.04000e+00	8.00000e-01	
agroforestry	Fri Nov 07 14:59:57 CET 2025	1/3/2000	1	3	2000	61	2000	7.57000e+00	1.59300e+01	4.30000e+01	9.80000e+01	8.00000e-01	8.00000e-01	0.00000e+00	0.00000e+00	0.00000e+00	0.00000e+00	0.00000e+00	8.00000e-01	1.80842e+00	2.19650e+01	9.93000e+00	1.32462e+01	8.71875e+00	2.16253e+01	-4.89553e+01	-1.29544e-01	1.11188e+01	9.71668e+00	-6.05000e+00	2.90000e+00	
agroforestry	Fri Nov 07 14:59:57 CET 2025	2/3/2000	2	3	2000	62	2000	-1.14800e+00	1.50100e+01	2.10000e+01	8.40000e+01	0.00000e+00	0.00000e+00	0.00000e+00	0.00000e+00	0.00000e+00	0.00000e+00	0.00000e+00	0.00000e+00	1.74896e+00	3.61659e+01	1.63500e+01	8.29269e+00	2.78732e+01	2.18965e+01	-8.08984e+01	-1.22885e-01	1.11707e+01	5.23037e+00	-6.04000e+00	1.90000e+00	
agroforestry	Fri Nov 07 14:59:57 CET 2025	3/3/2000	3	3	2000	63	2000	-4.55700e+00	1.64400e+01	2.10000e+01	9.60000e+01	0.00000e+00	0.00000e+00	0.00000e+00	0.00000e+00	0.00000e+00	0.00000e+00	0.00000e+00	0.00000e+00	1.55530e+00	3.47060e+01	1.56900e+01	9.71493e+00	2.49911e+01	2.21687e+01	-7.61184e+01	-1.16197e-01	1.12227e+01	5.44389e+00	-6.05000e+00	1.70000e+00	
agroforestry	Fri Nov 07 14:59:57 CET 2025	4/3/2000	4	3	2000	64	2000	-3.56000e-01	1.83900e+01	3.50000e+01	7.20000e+01	0.00000e+00	0.00000e+00	0.00000e+00	0.00000e+00	0.00000e+00	0.00000e+00	0.00000e+00	0.00000e+00	1.75969e+00	1.56608e+01	7.08000e+00	1.23701e+01	3.29071e+00	2.24420e+01	-3.06361e+01	-1.09482e-01	1.12748e+01	6.14336e+00	-6.05000e+00	1.80000e+00	
agroforestry	Fri Nov 07 14:59:57 CET 2025	5/3/2000	5	3	2000	65	2000	-3.85100e+00	1.67000e+01	1.50000e+01	5.30000e+01	0.00000e+00	0.00000e+00	0.00000e+00	0.00000e+00	0.00000e+00	0.00000e+00	0.00000e+00	0.00000e+00	1.64119e+00	3.88645e+01	1.75700e+01	7.55946e+00	3.13051e+01	2.27162e+01	-8.43538e+01	-1.02741e-01	1.13270e+01	3.27130e+00	-6.06000e+00	9.00000e-01	
agroforestry	Fri Nov 07 14:59:57 CET 2025	6/3/2000	6	3	2000	66	2000	-4.86200e+00	1.55000e+01	3.20000e+01	9.60000e+01	0.00000e+00	0.00000e+00	0.00000e+00	0.00000e+00	0.00000e+00	0.00000e+00	0.00000e+00	0.00000e+00	1.40569e+00	3.55465e+01	1.60700e+01	1.03565e+01	2.51900e+01	2.29913e+01	-7.42592e+01	-9.59776e-02	1.13793e+01	5.70399e+00	-6.07000e+00	1.20000e+00	
agroforestry	Fri Nov 07 14:59:57 CET 2025	7/3/2000	7	3	2000	67	2000	1.65800e+00	1.59700e+01	5.80000e+01	9.80000e+01	0.00000e+00	0.00000e+00	0.00000e+00	0.00000e+00	0.00000e+00	0.00000e+00	0.00000e+00	0.00000e+00	1.29814e+00	2.88885e+01	1.30600e+01	1.35862e+01	1.53023e+01	2.32670e+01	-6.01046e+01	-8.91925e-02	1.14317e+01	8.83465e+00	-6.08000e+00	9.00000e-01	
agroforestry	Fri Nov 07 14:59:57 CET 2025	8/3/2000	8	3	2000	68	2000	-1.15500e+00	2.13800e+01	2.80000e+01	9.90000e+01	0.00000e+00	0.00000e+00	0.00000e+00	0.00000e+00	0.00000e+00	0.00000e+00	0.00000e+00	0.00000e+00	1.68205e+00	3.71392e+01	1.67900e+01	1.01355e+01	2.70037e+01	2.35434e+01	-8.15762e+01	-8.23877e-02	1.14841e+01	7.84891e+00	-6.09000e+00	8.00000e-01	
agroforestry	Fri Nov 07 14:59:57 CET 2025	9/3/2000	9	3	2000	69	2000	2.47000e+00	2.78800e+01	2.10000e+01	8.70000e+01	0.00000e+00	0.00000e+00	0.00000e+00	0.00000e+00	0.00000e+00	0.00000e+00	0.00000e+00	0.00000e+00	2.17311e+00	3.74931e+01	1.69500e+01	1.03088e+01	2.71843e+01	2.38204e+01	-8.78040e+01	-7.55652e-02	1.15366e+01	9.30448e+00	-6.09000e+00	8.00000e-01	
agroforestry	Fri Nov 07 14:59:57 CET 2025	10/3/2000	10	3	2000	70	2000	7.47000e-01	2.51200e+01	2.60000e+01	9.70000e+01	0.00000e+00	0.00000e+00	0.00000e+00	0.00000e+00	0.00000e+00	0.00000e+00	0.00000e+00	0.00000e+00	1.98640e+00	3.84221e+01	1.73700e+01	1.01028e+01	2.83193e+01	2.40978e+01	-8.61536e+01	-6.87269e-02	1.15892e+01	9.16234e+00	-6.10000e+00	8.00000e-01	
agroforestry	Fri Nov 07 14:59:57 CET 2025	11/3/2000	11	3	2000	71	2000	1.42100e+00	2.48200e+01	2.50000e+01	9.70000e+01	0.00000e+00	0.00000e+00	0.00000e+00	0.00000e+00	0.00000e+00	0.00000e+00	0.00000e+00	0.00000e+00	2.05292e+00	3.93069e+01	1.77700e+01	9.91660e+00	2.93903e+01	2.43755e+01	-8.72402e+01	-6.18745e-02	1.16418e+01	9.19970e+00	-6.11000e+00	8.00000e-01	
agroforestry	Fri Nov 07 14:59:57 CET 2025	12/3/2000	12	3	2000	72	2000	-8.20000e-02	2.17600e+01	3.00000e+01	9.70000e+01	0.00000e+00	0.00000e+00	0.00000e+00	0.00000e+00	0.00000e+00	0.00000e+00	0.00000e+00	0.00000e+00	1.94034e+00	3.91742e+01	1.77100e+01	1.04257e+01	2.87485e+01	2.46535e+01	-8.28550e+01	-5.50100e-02	1.16944e+01	8.23886e+00	-6.11000e+00	1.00000e+00	
agroforestry	Fri Nov 07 14:59:57 CET 2025	13/3/2000	13	3	2000	73	2000	5.86000e-01	1.98900e+01	4.30000e+01	9.80000e+01	0.00000e+00	0.00000e+00	0.00000e+00	0.00000e+00	0.00000e+00	0.00000e+00	0.00000e+00	0.00000e+00	1.75403e+00	3.48387e+01	1.57500e+01	1.31953e+01	2.16434e+01	2.49317e+01	-7.07899e+01	-4.81351e-02	1.17470e+01	8.78762e+00	-6.12000e+00	1.00000e+00	
agroforestry	Fri Nov 07 14:59:57 CET 2025	14/3/2000	14	3	2000	74	2000	8.31000e-01	2.34000e+01	2.60000e+01	9.80000e+01	0.00000e+00	0.00000e+00	0.00000e+00	0.00000e+00	0.00000e+00	0.00000e+00	0.00000e+00	0.00000e+00	2.15389e+00	3.82009e+01	1.72700e+01	1.18208e+01	2.63802e+01	2.52099e+01	-8.01042e+01	-4.12516e-02	1.17997e+01	8.75373e+00	-6.13000e+00	1.20000e+00	
agroforestry	Fri Nov 07 14:59:57 CET 2025	15/3/2000	15	3	2000	75	2000	4.63400e+00	1.81900e+01	2.60000e+01	7.80000e+01	0.00000e+00	0.00000e+00	0.00000e+00	0.00000e+00	0.00000e+00	0.00000e+00	0.00000e+00	0.00000e+00	2.38271e+00	3.93954e+01	1.78100e+01	1.14883e+01	2.79071e+01	2.54881e+01	-7.93946e+01	-3.43614e-02	1.18524e+01	7.00842e+00	-6.14000e+00	1.50000e+00	
agroforestry	Fri Nov 07 14:59:57 CET 2025	16/3/2000	16	3	2000	76	2000	-8.27000e-01	2.01600e+01	2.60000e+01	6.70000e+01	0.00000e+00	0.00000e+00	0.00000e+00	0.00000e+00	0.00000e+00	0.00000e+00	0.00000e+00	0.00000e+00	2.19612e+00	4.03687e+01	1.82500e+01	1.12717e+01	2.90969e+01	2.57662e+01	-8.00294e+01	-2.74663e-02	1.19051e+01	5.57829e+00	-6.14000e+00	1.10000e+00	
agroforestry	Fri Nov 07 14:59:57 CET 2025	17/3/2000	17	3	2000	77	2000	4.34000e-01	2.08700e+01	2.80000e+01	8.00000e+01	0.00000e+00	0.00000e+00	0.00000e+00	0.00000e+00	0.00000e+00	0.00000e+00	0.00000e+00	0.00000e+00	2.20355e+00	4.12535e+01	1.86500e+01	1.11004e+01	3.01530e+01	2.60441e+01	-8.19958e+01	-2.05680e-02	1.19578e+01	6.91956e+00	-6.15000e+00	1.00000e+00	
agroforestry	Fri Nov 07 14:59:57 CET 2025	18/3/2000	18	3	2000	78	2000	3.41000e-01	1.92400e+01	3.10000e+01	9.30000e+01	0.00000e+00	0.00000e+00	0.00000e+00	0.00000e+00	0.00000e+00	0.00000e+00	0.00000e+00	0.00000e+00	2.08690e+00	4.01696e+01	1.81600e+01	1.21753e+01	2.79943e+01	2.63217e+01	-7.74620e+01	-1.36683e-02	1.20105e+01	7.49990e+00	-6.15000e+00	1.10000e+00	
agroforestry	Fri Nov 07 14:59:57 CET 2025	19/3/2000	19	3	2000	79	2000	2.94000e-01	1.24000e+01	4.50000e+01	8.00000e+01	4.00000e-01	4.00000e-01	0.00000e+00	0.00000e+00	0.00000e+00	0.00000e+00	0.00000e+00	4.00000e-01	1.16644e+00	1.04848e+01	4.74000e+00	1.01528e+01	3.31983e-01	2.65989e+01	-1.31477e+01	-6.76899e-03	1.20632e+01	5.98137e+00	-6.16000e+00	6.00000e-01	
agroforestry	Fri Nov 07 14:59:57 CET 2025	20/3/2000	20	3	2000	80	2000	1.90000e-01	1.17000e+01	6.50000e+01	9.80000e+01	1.20000e+00	1.20000e+00	0.00000e+00	0.00000e+00	0.00000e+00	0.00000e+00	0.00000e+00	1.20000e+00	8.00529e-01	7.67558e+00	3.47000e+00	7.59882e+00	7.67555e-02	2.68757e+01	-7.41160e+00	1.28135e-04	1.21159e+01	7.58607e+00	-6.17000e+00	6.00000e-01	
agroforestry	Fri Nov 07 14:59:57 CET 2025	21/3/2000	21	3	2000	81	2000	-1.04000e+00	1.52500e+01	2.70000e+01	9.90000e+01	2.00000e-01	2.00000e-01	0.00000e+00	0.00000e+00	0.00000e+00	0.00000e+00	0.00000e+00	2.00000e-01	2.02756e+00	4.30009e+01	1.94400e+01	1.15775e+01	3.14234e+01	2.71519e+01	-7.72204e+01	7.02133e-03	1.21686e+01	6.35182e+00	-6.17000e+00	1.20000e+00	
agroforestry	Fri Nov 07 14:59:57 CET 2025	22/3/2000	22	3	2000	82	2000	1.48800e+00	1.52600e+01	5.00000e+01	9.70000e+01	0.00000e+00	0.00000e+00	0.00000e+00	0.00000e+00	0.00000e+00	0.00000e+00	0.00000e+00	0.00000e+00	1.95108e+00	4.03465e+01	1.82400e+01	1.35349e+01	2.68116e+01	2.74275e+01	-7.20146e+01	1.39089e-02	1.22213e+01	8.08047e+00	-6.18000e+00	1.20000e+00	
agroforestry	Fri Nov 07 14:59:57 CET 2025	23/3/2000	23	3	2000	83	2000	8.26000e+00	1.54400e+01	4.70000e+01	9.70000e+01	1.20000e+00	1.20000e+00	0.00000e+00	0.00000e+00	0.00000e+00	0.00000e+00	0.00000e+00	1.20000e+00	1.78953e+00	1.65014e+01	7.46000e+00	1.40249e+01	2.47649e+00	2.77024e+01	-2.51542e+01	2.07889e-02	1.22739e+01	9.98917e+00	-6.18000e+00	2.20000e+00	
agroforestry	Fri Nov 07 14:59:57 CET 2025	24/3/2000	24	3	2000	84	2000	4.36800e+00	1.82500e+01	5.80000e+01	9.80000e+01	4.00000e-01	4.00000e-01	0.00000e+00	0.00000e+00	0.00000e+00	0.00000e+00	0.00000e+00	4.00000e-01	2.10672e+00	3.84664e+01	1.73900e+01	1.50760e+01	2.33903e+01	2.79765e+01	-6.95533e+01	2.76599e-02	1.23265e+01	1.04411e+01	-6.19000e+00	1.20000e+00	
agroforestry	Fri Nov 07 14:59:57 CET 2025	25/3/2000	25	3	2000	85	2000	2.62000e+00	1.68900e+01	6.20000e+01	9.90000e+01	0.00000e+00	0.00000e+00	0.00000e+00	0.00000e+00	0.00000e+00	0.00000e+00	0.00000e+00	0.00000e+00	1.43093e+00	2.32479e+01	1.05100e+01	1.66536e+01	6.59432e+00	2.82496e+01	-3.74777e+01	3.45199e-02	1.23790e+01	9.71459e+00	-6.19000e+00	7.00000e-01	
agroforestry	Fri Nov 07 14:59:57 CET 2025	26/3/2000	26	3	2000	86	2000	7.30000e+00	1.50300e+01	4.00000e+01	7.70000e+01	0.00000e+00	0.00000e+00	0.00000e+00	0.00000e+00	0.00000e+00	0.00000e+00	0.00000e+00	0.00000e+00	2.83652e+00	3.18968e+01	1.44200e+01	1.73120e+01	1.45848e+01	2.85219e+01	-5.41351e+01	4.13673e-02	1.24315e+01	7.75638e+00	-6.20000e+00	3.00000e+00	
agroforestry	Fri Nov 07 14:59:57 CET 2025	27/3/2000	27	3	2000	87	2000	4.19700e+00	1.48400e+01	4.20000e+01	8.00000e+01	4.00000e-01	4.00000e-01	0.00000e+00	0.00000e+00	0.00000e+00	0.00000e+00	0.00000e+00	4.00000e-01	2.40530e+00	3.12995e+01	1.41500e+01	1.75631e+01	1.37364e+01	2.87930e+01	-5.15528e+01	4.82004e-02	1.24839e+01	7.24533e+00	-6.20000e+00	2.30000e+00	
agroforestry	Fri Nov 07 14:59:57 CET 2025	28/3/2000	28	3	2000	88	2000	-1.43900e+00	1.54100e+01	2.80000e+01	9.70000e+01	0.00000e+00	0.00000e+00	0.00000e+00	0.00000e+00	0.00000e+00	0.00000e+00	0.00000e+00	0.00000e+00	1.98159e+00	3.59005e+01	1.62300e+01	1.70178e+01	1.88827e+01	2.90631e+01	-5.84171e+01	5.50175e-02	1.25363e+01	6.24997e+00	-6.21000e+00	1.10000e+00	
agroforestry	Fri Nov 07 14:59:57 CET 2025	29/3/2000	29	3	2000	89	2000	-6.09000e-01	1.41200e+01	3.70000e+01	9.60000e+01	0.00000e+00	0.00000e+00	0.00000e+00	0.00000e+00	0.00000e+00	0.00000e+00	0.00000e+00	0.00000e+00	2.52861e+00	4.63189e+01	2.09400e+01	1.25956e+01	3.37233e+01	2.93319e+01	-7.62272e+01	6.18167e-02	1.25886e+01	6.54574e+00	-6.21000e+00	2.60000e+00	
agroforestry	Fri Nov 07 14:59:57 CET 2025	30/3/2000	30	3	2000	90	2000	-2.33400e+00	1.61800e+01	3.20000e+01	9.80000e+01	0.00000e+00	0.00000e+00	0.00000e+00	0.00000e+00	0.00000e+00	0.00000e+00	0.00000e+00	0.00000e+00	2.26807e+00	4.74028e+01	2.14300e+01	1.22679e+01	3.51348e+01	2.95995e+01	-7.82401e+01	6.85966e-02	1.26408e+01	6.47214e+00	-6.22000e+00	1.10000e+00	
agroforestry	Fri Nov 07 14:59:57 CET 2025	31/3/2000	31	3	2000	91	2000	4.85300e+00	1.23000e+01	6.70000e+01	9.50000e+01	2.20000e+00	2.20000e+00	0.00000e+00	0.00000e+00	0.00000e+00	0.00000e+00	0.00000e+00	2.20000e+00	1.24226e+00	1.56608e+01	7.08000e+00	1.39667e+01	1.69418e+00	2.98657e+01	-2.03294e+01	7.53552e-02	1.26930e+01	9.02813e+00	-6.22000e+00	1.10000e+00	
agroforestry	Fri Nov 07 14:59:57 CET 2025	1/4/2000	1	4	2000	92	2000	2.07200e+00	1.83900e+01	2.80000e+01	9.70000e+01	0.00000e+00	0.00000e+00	0.00000e+00	0.00000e+00	0.00000e+00	0.00000e+00	0.00000e+00	0.00000e+00	2.67486e+00	4.48811e+01	2.02900e+01	1.45673e+01	3.03138e+01	3.01305e+01	-7.52417e+01	8.20910e-02	1.27451e+01	7.78679e+00	-6.23000e+00	1.50000e+00	
agroforestry	Fri Nov 07 14:59:57 CET 2025	2/4/2000	2	4	2000	93	2000	5.47100e+00	1.56600e+01	5.80000e+01	9.50000e+01	2.00000e-01	2.00000e-01	0.00000e+00	0.00000e+00	0.00000e+00	0.00000e+00	0.00000e+00	2.00000e-01	1.89845e+00	2.49733e+01	1.12900e+01	1.79085e+01	7.06480e+00	3.03938e+01	-3.74511e+01	8.88023e-02	1.27970e+01	9.74634e+00	-6.23000e+00	1.90000e+00	
agroforestry	Fri Nov 07 14:59:57 CET 2025	3/4/2000	3	4	2000	94	2000	9.34000e+00	1.57500e+01	7.20000e+01	9.70000e+01	8.80000e+00	8.80000e+00	0.00000e+00	0.00000e+00	0.00000e+00	0.00000e+00	0.00000e+00	8.80000e+00	2.19653e+00	3.11668e+01	1.40900e+01	1.87777e+01	1.23891e+01	3.06555e+01	-4.92030e+01	9.54873e-02	1.28489e+01	1.22723e+01	-6.24000e+00	2.80000e+00	
agroforestry	Fri Nov 07 14:59:57 CET 2025	4/4/2000	4	4	2000	95	2000	1.04500e+01	1.80800e+01	4.40000e+01	9.10000e+01	0.00000e+00	0.00000e+00	0.00000e+00	0.00000e+00	0.00000e+00	0.00000e+00	0.00000e+00	0.00000e+00	3.27938e+00	4.39742e+01	1.98800e+01	1.60087e+01	2.79655e+01	3.09156e+01	-7.41361e+01	1.02144e-01	1.29007e+01	1.09671e+01	-6.24000e+00	2.40000e+00	
agroforestry	Fri Nov 07 14:59:57 CET 2025	5/4/2000	5	4	2000	96	2000	5.68900e+00	1.56100e+01	3.50000e+01	7.20000e+01	0.00000e+00	0.00000e+00	0.00000e+00	0.00000e+00	0.00000e+00	0.00000e+00	0.00000e+00	0.00000e+00	3.36517e+00	4.11429e+01	1.86000e+01	1.74591e+01	2.36838e+01	3.11740e+01	-6.51654e+01	1.08772e-01	1.29524e+01	6.85435e+00	-6.25000e+00	3.00000e+00	
agroforestry	Fri Nov 07 14:59:57 CET 2025	6/4/2000	6	4	2000	97	2000	2.30800e+00	1.64000e+01	3.70000e+01	8.50000e+01	0.00000e+00	0.00000e+00	0.00000e+00	0.00000e+00	0.00000e+00	0.00000e+00	0.00000e+00	0.00000e+00	2.47540e+00	3.51041e+01	1.58700e+01	1.90826e+01	1.60215e+01	3.14306e+01	-5.33939e+01	1.15368e-01	1.30039e+01	7.16556e+00	-6.25000e+00	1.70000e+00	
agroforestry	Fri Nov 07 14:59:57 CET 2025	7/4/2000	7	4	2000	98	2000	-1.28700e+00	1.92500e+01	3.50000e+01	9.70000e+01	0.00000e+00	0.00000e+00	0.00000e+00	0.00000e+00	0.00000e+00	0.00000e+00	0.00000e+00	0.00000e+00	2.72194e+00	5.14286e+01	2.32500e+01	1.26559e+01	3.87726e+01	3.16853e+01	-8.19531e+01	1.21932e-01	1.30553e+01	7.56057e+00	-6.26000e+00	1.10000e+00	
agroforestry	Fri Nov 07 14:59:57 CET 2025	8/4/2000	8	4	2000	99	2000	3.73500e+00	1.72800e+01	3.70000e+01	9.80000e+01	8.00000e-01	8.00000e-01	0.00000e+00	0.00000e+00	0.00000e+00	0.00000e+00	0.00000e+00	8.00000e-01	2.51019e+00	3.91963e+01	1.77200e+01	1.87645e+01	2.04319e+01	3.19381e+01	-6.03351e+01	1.28461e-01	1.31066e+01	8.56650e+00	-6.26000e+00	1.30000e+00	
agroforestry	Fri Nov 07 14:59:57 CET 2025	9/4/2000	9	4	2000	100	2000	8.13000e+00	9.78000e+00	7.50000e+01	9.60000e+01	1.02000e+01	1.02000e+01	0.00000e+00	0.00000e+00	0.00000e+00	0.00000e+00	0.00000e+00	1.02000e+01	8.84289e-01	8.11797e+00	3.67000e+00	8.03679e+00	8.11796e-02	3.21890e+01	-5.70743e+00	1.34953e-01	1.31577e+01	9.77687e+00	-6.26000e+00	5.00000e-01	
agroforestry	Fri Nov 07 14:59:57 CET 2025	10/4/2000	10	4	2000	101	2000	8.28000e+00	1.35000e+01	7.30000e+01	9.80000e+01	2.20000e+00	2.20000e+00	0.00000e+00	0.00000e+00	0.00000e+00	0.00000e+00	0.00000e+00	2.20000e+00	1.06544e+00	1.15908e+01	5.24000e+00	1.14749e+01	1.15932e-01	3.24378e+01	-1.15800e+01	1.41408e-01	1.32087e+01	1.11310e+01	-6.27000e+00	4.00000e-01	
agroforestry	Fri Nov 07 14:59:57 CET 2025	11/4/2000	11	4	2000	102	2000	8.98000e+00	1.85400e+01	4.30000e+01	9.70000e+01	8.00000e-01	8.00000e-01	0.00000e+00	0.00000e+00	0.00000e+00	0.00000e+00	0.00000e+00	8.00000e-01	2.62872e+00	3.36000e+01	1.51900e+01	2.00199e+01	1.35801e+01	3.26845e+01	-5.09560e+01	1.47823e-01	1.32595e+01	1.10065e+01	-6.27000e+00	1.50000e+00	
agroforestry	Fri Nov 07 14:59:57 CET 2025	12/4/2000	12	4	2000	103	2000	4.83300e+00	1.72800e+01	3.70000e+01	9.70000e+01	0.00000e+00	0.00000e+00	0.00000e+00	0.00000e+00	0.00000e+00	0.00000e+00	0.00000e+00	0.00000e+00	2.51099e+00	3.53475e+01	1.59800e+01	2.01172e+01	1.52302e+01	3.29290e+01	-5.19752e+01	1.54197e-01	1.33102e+01	8.81960e+00	-6.28000e+00	1.40000e+00	
agroforestry	Fri Nov 07 14:59:57 CET 2025	13/4/2000	13	4	2000	104	2000	4.47300e+00	1.92200e+01	3.90000e+01	9.70000e+01	0.00000e+00	0.00000e+00	0.00000e+00	0.00000e+00	0.00000e+00	0.00000e+00	0.00000e+00	0.00000e+00	2.89207e+00	4.71816e+01	2.13300e+01	1.71773e+01	3.00043e+01	3.31713e+01	-7.27028e+01	1.60529e-01	1.33606e+01	9.43204e+00	-6.28000e+00	9.00000e-01	
agroforestry	Fri Nov 07 14:59:57 CET 2025	14/4/2000	14	4	2000	105	2000	1.12300e+01	1.57400e+01	7.60000e+01	9.30000e+01	2.00000e-01	2.00000e-01	0.00000e+00	0.00000e+00	0.00000e+00	0.00000e+00	0.00000e+00	2.00000e-01	2.02216e+00	2.24737e+01	1.01600e+01	1.80843e+01	4.38945e+00	3.34114e+01	-2.99113e+01	1.66815e-01	1.34109e+01	1.30507e+01	-6.28000e+00	3.00000e+00	
agroforestry	Fri Nov 07 14:59:57 CET 2025	15/4/2000	15	4	2000	106	2000	7.85000e+00	1.91700e+01	2.90000e+01	9.00000e+01	8.00000e-01	8.00000e-01	0.00000e+00	0.00000e+00	0.00000e+00	0.00000e+00	0.00000e+00	8.00000e-01	3.73872e+00	5.51668e+01	2.49400e+01	1.30451e+01	4.21218e+01	3.36490e+01	-8.64656e+01	1.73056e-01	1.34610e+01	9.20451e+00	-6.29000e+00	1.60000e+00	
agroforestry	Fri Nov 07 14:59:57 CET 2025	16/4/2000	16	4	2000	107	2000	9.49000e+00	1.46900e+01	6.90000e+01	9.70000e+01	2.98000e+01	2.98000e+01	0.00000e+00	0.00000e+00	0.00000e+00	0.00000e+00	0.00000e+00	2.98000e+01	1.43087e+00	1.02636e+01	4.64000e+00	1.01610e+01	1.02636e-01	3.38843e+01	-8.65576e+00	1.79249e-01	1.35109e+01	1.16990e+01	-6.29000e+00	2.70000e+00	
agroforestry	Fri Nov 07 14:59:57 CET 2025	17/4/2000	17	4	2000	108	2000	4.71900e+00	1.86300e+01	2.90000e+01	9.80000e+01	4.00000e-01	4.00000e-01	0.00000e+00	0.00000e+00	0.00000e+00	0.00000e+00	0.00000e+00	4.00000e-01	3.17375e+00	4.50581e+01	2.03700e+01	1.90966e+01	2.59615e+01	3.41171e+01	-6.65864e+01	1.85393e-01	1.35605e+01	8.70834e+00	-5.79000e+00	1.80000e+00	
agroforestry	Fri Nov 07 14:59:57 CET 2025	18/4/2000	18	4	2000	109	2000	1.35700e+00	1.89400e+01	3.50000e+01	9.80000e+01	0.00000e+00	0.00000e+00	0.00000e+00	0.00000e+00	0.00000e+00	0.00000e+00	0.00000e+00	0.00000e+00	3.24163e+00	5.30876e+01	2.40000e+01	1.54822e+01	3.76053e+01	3.43475e+01	-7.82733e+01	1.91486e-01	1.36100e+01	8.23955e+00	-5.81000e+00	1.70000e+00	
agroforestry	Fri Nov 07 14:59:57 CET 2025	19/4/2000	19	4	2000	110	2000	5.74600e+00	2.19600e+01	2.50000e+01	8.70000e+01	0.00000e+00	0.00000e+00	0.00000e+00	0.00000e+00	0.00000e+00	0.00000e+00	0.00000e+00	0.00000e+00	4.33873e+00	5.75115e+01	2.60000e+01	1.27918e+01	4.47197e+01	3.45752e+01	-8.90876e+01	1.97526e-01	1.36592e+01	8.85861e+00	-5.82000e+00	2.50000e+00	
agroforestry	Fri Nov 07 14:59:57 CET 2025	20/4/2000	20	4	2000	111	2000	1.95000e+00	2.29900e+01	2.70000e+01	9.70000e+01	0.00000e+00	0.00000e+00	0.00000e+00	0.00000e+00	0.00000e+00	0.00000e+00	0.00000e+00	0.00000e+00	3.33805e+00	5.16055e+01	2.33300e+01	1.69517e+01	3.46538e+01	3.48004e+01	-7.76908e+01	2.03512e-01	1.37081e+01	8.96029e+00	-5.84000e+00	1.00000e+00	
agroforestry	Fri Nov 07 14:59:57 CET 2025	21/4/2000	21	4	2000	112	2000	4.77800e+00	2.33600e+01	3.00000e+01	9.80000e+01	0.00000e+00	0.00000e+00	0.00000e+00	0.00000e+00	0.00000e+00	0.00000e+00	0.00000e+00	0.00000e+00	3.41958e+00	5.09641e+01	2.30400e+01	1.75717e+01	3.33924e+01	3.50228e+01	-7.73697e+01	2.09442e-01	1.37568e+01	1.02671e+01	-5.85000e+00	8.00000e-01	
agroforestry	Fri Nov 07 14:59:57 CET 2025	22/4/2000	22	4	2000	113	2000	1.19700e+01	1.59300e+01	8.40000e+01	9.70000e+01	4.00000e-01	4.00000e-01	0.00000e+00	0.00000e+00	0.00000e+00	0.00000e+00	0.00000e+00	4.00000e-01	1.32754e+00	1.37585e+01	6.22000e+00	1.33535e+01	4.05030e-01	3.52426e+01	-1.38053e+01	2.15315e-01	1.38052e+01	1.44067e+01	-5.86000e+00	1.70000e+00	
agroforestry	Fri Nov 07 14:59:57 CET 2025	23/4/2000	23	4	2000	114	2000	1.01700e+01	1.45800e+01	5.80000e+01	9.70000e+01	1.56000e+01	1.56000e+01	0.00000e+00	0.00000e+00	0.00000e+00	0.00000e+00	0.00000e+00	1.56000e+01	1.69629e+00	1.38691e+01	6.27000e+00	1.34549e+01	4.14237e-01	3.54595e+01	-1.36322e+01	2.21129e-01	1.38533e+01	1.11307e+01	-5.88000e+00	2.00000e+00	
agroforestry	Fri Nov 07 14:59:57 CET 2025	24/4/2000	24	4	2000	115	2000	6.63300e+00	1.95900e+01	2.60000e+01	9.70000e+01	0.00000e+00	0.00000e+00	0.00000e+00	0.00000e+00	0.00000e+00	0.00000e+00	0.00000e+00	0.00000e+00	4.00064e+00	5.88166e+01	2.65900e+01	1.35880e+01	4.52286e+01	3.56737e+01	-8.67117e+01	2.26882e-01	1.39012e+01	9.26965e+00	-5.89000e+00	1.70000e+00	
agroforestry	Fri Nov 07 14:59:57 CET 2025	25/4/2000	25	4	2000	116	2000	5.60200e+00	2.06300e+01	4.00000e+01	9.80000e+01	0.00000e+00	0.00000e+00	0.00000e+00	0.00000e+00	0.00000e+00	0.00000e+00	0.00000e+00	0.00000e+00	3.51236e+00	5.23797e+01	2.36800e+01	1.79216e+01	3.44581e+01	3.58850e+01	-7.60601e+01	2.32574e-01	1.39487e+01	1.04032e+01	-5.90000e+00	1.30000e+00	
agroforestry	Fri Nov 07 14:59:57 CET 2025	26/4/2000	26	4	2000	117	2000	6.95800e+00	1.92200e+01	4.10000e+01	9.80000e+01	0.00000e+00	0.00000e+00	0.00000e+00	0.00000e+00	0.00000e+00	0.00000e+00	0.00000e+00	0.00000e+00	3.52878e+00	5.03668e+01	2.27700e+01	1.91332e+01	3.12336e+01	3.60934e+01	-7.19143e+01	2.38201e-01	1.39959e+01	1.04601e+01	-5.92000e+00	1.70000e+00	
agroforestry	Fri Nov 07 14:59:57 CET 2025	27/4/2000	27	4	2000	118	2000	6.21300e+00	1.67700e+01	5.90000e+01	9.80000e+01	3.60000e+00	3.60000e+00	0.00000e+00	0.00000e+00	0.00000e+00	0.00000e+00	0.00000e+00	3.60000e+00	1.20413e+00	5.61843e+00	2.54000e+00	5.56225e+00	5.61843e-02	3.62988e+01	-3.30883e-01	2.43763e-01	1.40427e+01	1.06359e+01	-5.93000e+00	1.60000e+00	
agroforestry	Fri Nov 07 14:59:57 CET 2025	28/4/2000	28	4	2000	119	2000	5.11800e+00	1.68900e+01	5.10000e+01	9.80000e+01	6.00000e-01	6.00000e-01	0.00000e+00	0.00000e+00	0.00000e+00	0.00000e+00	0.00000e+00	6.00000e-01	1.90811e+00	2.32037e+01	1.04900e+01	1.91754e+01	4.02825e+00	3.65012e+01	-2.72695e+01	2.49258e-01	1.40892e+01	9.77272e+00	-5.94000e+00	9.00000e-01	
agroforestry	Fri Nov 07 14:59:57 CET 2025	29/4/2000	29	4	2000	120	2000	3.96100e+00	1.89100e+01	4.00000e+01	9.80000e+01	2.00000e-01	2.00000e-01	0.00000e+00	0.00000e+00	0.00000e+00	0.00000e+00	0.00000e+00	2.00000e-01	3.60015e+00	5.95687e+01	2.69300e+01	1.46594e+01	4.49093e+01	3.67006e+01	-8.35322e+01	2.54685e-01	1.41353e+01	9.31413e+00	-5.95000e+00	1.00000e+00	
agroforestry	Fri Nov 07 14:59:57 CET 2025	30/4/2000	30	4	2000	121	2000	4.48200e+00	2.05600e+01	3.90000e+01	9.80000e+01	0.00000e+00	0.00000e+00	0.00000e+00	0.00000e+00	0.00000e+00	0.00000e+00	0.00000e+00	0.00000e+00	3.52467e+00	5.37954e+01	2.43200e+01	1.84586e+01	3.53368e+01	3.68969e+01	-7.54391e+01	2.60042e-01	1.41811e+01	9.93290e+00	-5.96000e+00	1.10000e+00	
agroforestry	Fri Nov 07 14:59:57 CET 2025	1/5/2000	1	5	2000	122	2000	6.76600e+00	2.43300e+01	4.10000e+01	9.80000e+01	0.00000e+00	0.00000e+00	0.00000e+00	0.00000e+00	0.00000e+00	0.00000e+00	0.00000e+00	0.00000e+00	3.92205e+00	5.50341e+01	2.48800e+01	1.80490e+01	3.69851e+01	3.70900e+01	-8.03903e+01	2.65327e-01	1.42264e+01	1.22656e+01	-5.97000e+00	1.00000e+00	
agroforestry	Fri Nov 07 14:59:57 CET 2025	2/5/2000	2	5	2000	123	2000	6.94000e+00	2.61100e+01	3.30000e+01	9.80000e+01	0.00000e+00	0.00000e+00	0.00000e+00	0.00000e+00	0.00000e+00	0.00000e+00	0.00000e+00	0.00000e+00	4.27292e+00	5.83963e+01	2.64000e+01	1.63159e+01	4.20804e+01	3.72800e+01	-8.67697e+01	2.70540e-01	1.42713e+01	1.23042e+01	-5.98000e+00	1.00000e+00	
agroforestry	Fri Nov 07 14:59:57 CET 2025	3/5/2000	3	5	2000	124	2000	7.05000e+00	2.42900e+01	3.40000e+01	9.80000e+01	0.00000e+00	0.00000e+00	0.00000e+00	0.00000e+00	0.00000e+00	0.00000e+00	0.00000e+00	0.00000e+00	4.19666e+00	5.89935e+01	2.66700e+01	1.62008e+01	4.27928e+01	3.74668e+01	-8.59418e+01	2.75677e-01	1.43158e+01	1.17393e+01	-5.99000e+00	1.00000e+00	
agroforestry	Fri Nov 07 14:59:57 CET 2025	4/5/2000	4	5	2000	125	2000	7.15000e+00	2.29300e+01	3.70000e+01	9.90000e+01	0.00000e+00	0.00000e+00	0.00000e+00	0.00000e+00	0.00000e+00	0.00000e+00	0.00000e+00	0.00000e+00	3.01722e+00	3.73825e+01	1.69000e+01	2.30452e+01	1.43373e+01	3.76503e+01	-5.01964e+01	2.80739e-01	1.43599e+01	1.16154e+01	-6.00000e+00	9.00000e-01	
agroforestry	Fri Nov 07 14:59:57 CET 2025	5/5/2000	5	5	2000	126	2000	9.21000e+00	2.27800e+01	4.80000e+01	9.80000e+01	0.00000e+00	0.00000e+00	0.00000e+00	0.00000e+00	0.00000e+00	0.00000e+00	0.00000e+00	0.00000e+00	3.56099e+00	4.51023e+01	2.03900e+01	2.25205e+01	2.25818e+01	3.78305e+01	-6.26586e+01	2.85723e-01	1.44034e+01	1.32573e+01	-6.01000e+00	1.40000e+00	
agroforestry	Fri Nov 07 14:59:57 CET 2025	6/5/2000	6	5	2000	127	2000	1.41200e+01	1.82000e+01	8.00000e+01	9.80000e+01	6.00000e-01	6.00000e-01	0.00000e+00	0.00000e+00	0.00000e+00	0.00000e+00	0.00000e+00	6.00000e-01	1.20013e+00	1.03742e+01	4.69000e+00	1.02705e+01	1.03742e-01	3.80073e+01	-7.14259e+00	2.90628e-01	1.44465e+01	1.63342e+01	-6.02000e+00	7.00000e-01	
agroforestry	Fri Nov 07 14:59:57 CET 2025	7/5/2000	7	5	2000	128	2000	1.25200e+01	1.81900e+01	7.90000e+01	9.80000e+01	1.50000e+01	1.50000e+01	0.00000e+00	0.00000e+00	0.00000e+00	0.00000e+00	0.00000e+00	1.50000e+01	1.29750e+00	1.26525e+01	5.72000e+00	1.25260e+01	1.26525e-01	3.81808e+01	-1.05573e+01	2.95452e-01	1.44891e+01	1.54265e+01	-6.03000e+00	5.00000e-01	
agroforestry	Fri Nov 07 14:59:57 CET 2025	8/5/2000	8	5	2000	129	2000	1.30600e+01	1.96300e+01	7.60000e+01	9.80000e+01	2.00000e-01	2.00000e-01	0.00000e+00	0.00000e+00	0.00000e+00	0.00000e+00	0.00000e+00	2.00000e-01	2.05543e+00	2.43760e+01	1.10200e+01	2.01456e+01	4.23047e+00	3.83509e+01	-2.88631e+01	3.00195e-01	1.45312e+01	1.61567e+01	-6.04000e+00	6.00000e-01	
agroforestry	Fri Nov 07 14:59:57 CET 2025	9/5/2000	9	5	2000	130	2000	1.04700e+01	1.89200e+01	8.00000e+01	9.80000e+01	0.00000e+00	0.00000e+00	0.00000e+00	0.00000e+00	0.00000e+00	0.00000e+00	0.00000e+00	0.00000e+00	1.15287e+00	1.03521e+01	4.68000e+00	1.02486e+01	1.03520e-01	3.85176e+01	-6.85730e+00	3.04853e-01	1.45727e+01	1.48681e+01	-6.05000e+00	6.00000e-01	
agroforestry	Fri Nov 07 14:59:57 CET 2025	10/5/2000	10	5	2000	131	2000	1.52200e+01	1.84800e+01	8.40000e+01	9.80000e+01	4.20000e+01	4.20000e+01	0.00000e+00	0.00000e+00	0.00000e+00	0.00000e+00	0.00000e+00	4.20000e+01	1.45973e+00	1.47318e+01	6.66000e+00	1.43807e+01	3.51094e-01	3.86807e+01	-1.36304e+01	3.09427e-01	1.46137e+01	1.74512e+01	-6.06000e+00	9.00000e-01	
agroforestry	Fri Nov 07 14:59:57 CET 2025	11/5/2000	11	5	2000	132	2000	1.03800e+01	2.02600e+01	6.90000e+01	9.80000e+01	2.00000e-01	2.00000e-01	0.00000e+00	0.00000e+00	0.00000e+00	0.00000e+00	0.00000e+00	2.00000e-01	3.73779e+00	5.21806e+01	2.35900e+01	2.14168e+01	3.07639e+01	3.88404e+01	-7.06271e+01	3.13915e-01	1.46541e+01	1.45222e+01	-5.38000e+00	1.50000e+00	
agroforestry	Fri Nov 07 14:59:57 CET 2025	12/5/2000	12	5	2000	133	2000	1.03600e+01	2.30000e+01	5.70000e+01	9.80000e+01	2.00000e-01	2.00000e-01	0.00000e+00	0.00000e+00	0.00000e+00	0.00000e+00	0.00000e+00	2.00000e-01	3.89235e+00	5.20037e+01	2.35100e+01	2.16472e+01	3.03565e+01	3.89965e+01	-7.16762e+01	3.18314e-01	1.46939e+01	1.47027e+01	-5.41000e+00	9.00000e-01	
agroforestry	Fri Nov 07 14:59:57 CET 2025	13/5/2000	13	5	2000	134	2000	1.14800e+01	2.59300e+01	4.10000e+01	9.80000e+01	4.00000e-01	4.00000e-01	0.00000e+00	0.00000e+00	0.00000e+00	0.00000e+00	0.00000e+00	4.00000e-01	4.83836e+00	6.04535e+01	2.73300e+01	1.76806e+01	4.27728e+01	3.91490e+01	-8.70965e+01	3.22625e-01	1.47330e+01	1.49814e+01	-5.43000e+00	1.20000e+00	
agroforestry	Fri Nov 07 14:59:57 CET 2025	14/5/2000	14	5	2000	135	2000	9.28000e+00	2.57500e+01	4.20000e+01	9.90000e+01	2.00000e-01	2.00000e-01	0.00000e+00	0.00000e+00	0.00000e+00	0.00000e+00	0.00000e+00	2.00000e-01	4.64192e+00	6.11171e+01	2.76300e+01	1.74783e+01	4.36387e+01	3.92979e+01	-8.66750e+01	3.26845e-01	1.47716e+01	1.41014e+01	-5.45000e+00	1.00000e+00	
agroforestry	Fri Nov 07 14:59:57 CET 2025	15/5/2000	15	5	2000	136	2000	1.00600e+01	2.59100e+01	3.90000e+01	9.80000e+01	0.00000e+00	0.00000e+00	0.00000e+00	0.00000e+00	0.00000e+00	0.00000e+00	0.00000e+00	0.00000e+00	4.79320e+00	6.20682e+01	2.80600e+01	1.70796e+01	4.49886e+01	3.94431e+01	-8.82708e+01	3.30973e-01	1.48095e+01	1.41134e+01	-5.48000e+00	1.00000e+00	
agroforestry	Fri Nov 07 14:59:57 CET 2025	16/5/2000	16	5	2000	137	2000	8.98000e+00	2.56200e+01	3.50000e+01	9.80000e+01	0.00000e+00	0.00000e+00	0.00000e+00	0.00000e+00	0.00000e+00	0.00000e+00	0.00000e+00	0.00000e+00	4.66258e+00	6.15816e+01	2.78400e+01	1.75943e+01	4.39873e+01	3.95847e+01	-8.64547e+01	3.35008e-01	1.48467e+01	1.31218e+01	-5.51000e+00	9.00000e-01	
agroforestry	Fri Nov 07 14:59:57 CET 2025	17/5/2000	17	5	2000	138	2000	9.65000e+00	2.44600e+01	4.50000e+01	9.80000e+01	0.00000e+00	0.00000e+00	0.00000e+00	0.00000e+00	0.00000e+00	0.00000e+00	0.00000e+00	0.00000e+00	2.77497e+00	2.97512e+01	1.34500e+01	2.26056e+01	7.14557e+00	3.97226e+01	-3.64258e+01	3.38948e-01	1.48832e+01	1.38912e+01	-5.54000e+00	8.00000e-01	
agroforestry	Fri Nov 07 14:59:57 CET 2025	18/5/2000	18	5	2000	139	2000	1.14900e+01	2.28600e+01	3.70000e+01	9.60000e+01	2.00000e-01	2.00000e-01	0.00000e+00	0.00000e+00	0.00000e+00	0.00000e+00	0.00000e+00	2.00000e-01	4.85628e+00	5.87724e+01	2.65700e+01	1.95929e+01	3.91794e+01	3.98567e+01	-8.05709e+01	3.42792e-01	1.49189e+01	1.30184e+01	-5.56000e+00	2.00000e+00	
agroforestry	Fri Nov 07 14:59:57 CET 2025	19/5/2000	19	5	2000	140	2000	8.76000e+00	2.11100e+01	3.30000e+01	8.00000e+01	2.00000e-01	2.00000e-01	0.00000e+00	0.00000e+00	0.00000e+00	0.00000e+00	0.00000e+00	2.00000e-01	5.18059e+00	6.55189e+01	2.96200e+01	1.55305e+01	4.99884e+01	3.99870e+01	-8.79761e+01	3.46540e-01	1.49540e+01	9.58598e+00	-5.59000e+00	2.30000e+00	
agroforestry	Fri Nov 07 14:59:57 CET 2025	20/5/2000	20	5	2000	141	2000	4.57600e+00	2.45800e+01	3.00000e+01	9.70000e+01	2.00000e-01	2.00000e-01	0.00000e+00	0.00000e+00	0.00000e+00	0.00000e+00	0.00000e+00	2.00000e-01	4.56725e+00	6.53419e+01	2.95400e+01	1.58564e+01	4.94855e+01	4.01136e+01	-8.81093e+01	3.50189e-01	1.49882e+01	1.05283e+01	-5.61000e+00	1.00000e+00	
agroforestry	Fri Nov 07 14:59:57 CET 2025	21/5/2000	21	5	2000	142	2000	6.24400e+00	2.25200e+01	4.40000e+01	9.80000e+01	2.00000e-01	2.00000e-01	0.00000e+00	0.00000e+00	0.00000e+00	0.00000e+00	0.00000e+00	2.00000e-01	4.34787e+00	6.04313e+01	2.73200e+01	1.91758e+01	4.12556e+01	4.02363e+01	-7.97986e+01	3.53738e-01	1.50217e+01	1.16235e+01	-5.63000e+00	1.50000e+00	
agroforestry	Fri Nov 07 14:59:57 CET 2025	22/5/2000	22	5	2000	143	2000	8.82000e+00	2.57500e+01	2.80000e+01	8.00000e+01	1.80000e+00	1.80000e+00	0.00000e+00	0.00000e+00	0.00000e+00	0.00000e+00	0.00000e+00	1.80000e+00	4.98841e+00	6.33290e+01	2.86300e+01	1.75874e+01	4.57416e+01	4.03552e+01	-8.72576e+01	3.57186e-01	1.50544e+01	1.06452e+01	-5.65000e+00	1.10000e+00	
agroforestry	Fri Nov 07 14:59:57 CET 2025	23/5/2000	23	5	2000	144	2000	5.62300e+00	2.41200e+01	3.30000e+01	9.70000e+01	0.00000e+00	0.00000e+00	0.00000e+00	0.00000e+00	0.00000e+00	0.00000e+00	0.00000e+00	0.00000e+00	4.58302e+00	6.52535e+01	2.95000e+01	1.64693e+01	4.87842e+01	4.04702e+01	-8.72182e+01	3.60533e-01	1.50863e+01	1.09831e+01	-5.67000e+00	9.00000e-01	
agroforestry	Fri Nov 07 14:59:57 CET 2025	24/5/2000	24	5	2000	145	2000	8.04000e+00	2.66600e+01	3.20000e+01	9.80000e+01	0.00000e+00	0.00000e+00	0.00000e+00	0.00000e+00	0.00000e+00	0.00000e+00	0.00000e+00	0.00000e+00	4.92464e+00	6.41917e+01	2.90200e+01	1.73549e+01	4.68369e+01	4.05813e+01	-8.83347e+01	3.63776e-01	1.51173e+01	1.28664e+01	-5.69000e+00	1.00000e+00	
agroforestry	Fri Nov 07 14:59:57 CET 2025	25/5/2000	25	5	2000	146	2000	1.16800e+01	2.77500e+01	3.50000e+01	9.80000e+01	0.00000e+00	0.00000e+00	0.00000e+00	0.00000e+00	0.00000e+00	0.00000e+00	0.00000e+00	0.00000e+00	4.94543e+00	5.70470e+01	2.57900e+01	2.14501e+01	3.55969e+01	4.06884e+01	-7.93553e+01	3.66915e-01	1.51474e+01	1.52662e+01	-5.71000e+00	1.30000e+00	
agroforestry	Fri Nov 07 14:59:57 CET 2025	26/5/2000	26	5	2000	147	2000	1.15900e+01	2.68200e+01	3.60000e+01	9.60000e+01	9.80000e+00	9.80000e+00	0.00000e+00	0.00000e+00	0.00000e+00	0.00000e+00	0.00000e+00	9.80000e+00	5.02483e+00	6.05198e+01	2.73600e+01	1.98540e+01	4.06659e+01	4.07917e+01	-8.38574e+01	3.69949e-01	1.51767e+01	1.46782e+01	-5.73000e+00	1.10000e+00	
agroforestry	Fri Nov 07 14:59:57 CET 2025	27/5/2000	27	5	2000	148	2000	1.12200e+01	2.44100e+01	3.00000e+01	9.70000e+01	8.20000e+00	8.20000e+00	0.00000e+00	0.00000e+00	0.00000e+00	0.00000e+00	0.00000e+00	8.20000e+00	4.93316e+00	6.12719e+01	2.77000e+01	1.95680e+01	4.17039e+01	4.08909e+01	-8.29322e+01	3.72876e-01	1.52050e+01	1.29440e+01	-5.75000e+00	1.20000e+00	
agroforestry	Fri Nov 07 14:59:57 CET 2025	28/5/2000	28	5	2000	149	2000	1.11200e+01	2.28600e+01	4.60000e+01	9.80000e+01	2.00000e-01	2.00000e-01	0.00000e+00	0.00000e+00	0.00000e+00	0.00000e+00	0.00000e+00	2.00000e-01	3.66893e+00	4.30894e+01	1.94800e+01	2.50837e+01	1.80057e+01	4.09861e+01	-5.45948e+01	3.75695e-01	1.52324e+01	1.39308e+01	-5.77000e+00	1.20000e+00	
agroforestry	Fri Nov 07 14:59:57 CET 2025	29/5/2000	29	5	2000	150	2000	1.53300e+01	2.49500e+01	3.80000e+01	7.70000e+01	0.00000e+00	0.00000e+00	0.00000e+00	0.00000e+00	0.00000e+00	0.00000e+00	0.00000e+00	0.00000e+00	5.35659e+00	5.54323e+01	2.50600e+01	2.25560e+01	3.28763e+01	4.10774e+01	-7.56259e+01	3.78407e-01	1.52588e+01	1.35526e+01	-5.78000e+00	2.00000e+00	
agroforestry	Fri Nov 07 14:59:57 CET 2025	30/5/2000	30	5	2000	151	2000	1.44300e+01	2.72300e+01	3.70000e+01	8.30000e+01	0.00000e+00	0.00000e+00	0.00000e+00	0.00000e+00	0.00000e+00	0.00000e+00	0.00000e+00	0.00000e+00	6.07727e+00	6.56295e+01	2.96700e+01	1.72608e+01	4.83687e+01	4.11645e+01	-9.24762e+01	3.81009e-01	1.52843e+01	1.47572e+01	-5.80000e+00	2.10000e+00	
agroforestry	Fri Nov 07 14:59:57 CET 2025	31/5/2000	31	5	2000	152	2000	1.54900e+01	2.55700e+01	4.50000e+01	7.10000e+01	0.00000e+00	0.00000e+00	0.00000e+00	0.00000e+00	0.00000e+00	0.00000e+00	0.00000e+00	0.00000e+00	4.97835e+00	4.74249e+01	2.14400e+01	2.48638e+01	2.25611e+01	4.12477e+01	-6.33233e+01	3.83500e-01	1.53088e+01	1.40039e+01	-5.81000e+00	2.10000e+00	
agroforestry	Fri Nov 07 14:59:57 CET 2025	1/6/2000	1	6	2000	153	2000	1.22700e+01	2.94900e+01	3.00000e+01	9.50000e+01	0.00000e+00	0.00000e+00	0.00000e+00	0.00000e+00	0.00000e+00	0.00000e+00	0.00000e+00	0.00000e+00	5.64689e+00	6.47447e+01	2.92700e+01	1.80808e+01	4.66639e+01	4.13267e+01	-9.13839e+01	3.85881e-01	1.53322e+01	1.54194e+01	-5.83000e+00	1.20000e+00	
agroforestry	Fri Nov 07 14:59:57 CET 2025	2/6/2000	2	6	2000	154	2000	1.04600e+01	2.77000e+01	3.40000e+01	9.80000e+01	0.00000e+00	0.00000e+00	0.00000e+00	0.00000e+00	0.00000e+00	0.00000e+00	0.00000e+00	0.00000e+00	5.10710e+00	6.21567e+01	2.81000e+01	1.97452e+01	4.24115e+01	4.14016e+01	-8.50567e+01	3.88149e-01	1.53547e+01	1.45642e+01	-5.84000e+00	1.00000e+00	
agroforestry	Fri Nov 07 14:59:57 CET 2025	3/6/2000	3	6	2000	155	2000	1.18700e+01	2.78300e+01	3.50000e+01	9.70000e+01	0.00000e+00	0.00000e+00	0.00000e+00	0.00000e+00	0.00000e+00	0.00000e+00	0.00000e+00	0.00000e+00	5.26190e+00	6.32627e+01	2.86000e+01	1.92003e+01	4.40623e+01	4.14725e+01	-8.73010e+01	3.90304e-01	1.53761e+01	1.52789e+01	-5.86000e+00	9.00000e-01	
agroforestry	Fri Nov 07 14:59:57 CET 2025	4/6/2000	4	6	2000	156	2000	1.09200e+01	2.82100e+01	3.80000e+01	9.80000e+01	0.00000e+00	0.00000e+00	0.00000e+00	0.00000e+00	0.00000e+00	0.00000e+00	0.00000e+00	0.00000e+00	5.25251e+00	6.29751e+01	2.84700e+01	1.94599e+01	4.35152e+01	4.15392e+01	-8.65468e+01	3.92346e-01	1.53964e+01	1.54658e+01	-5.87000e+00	1.10000e+00	
agroforestry	Fri Nov 07 14:59:57 CET 2025	5/6/2000	5	6	2000	157	2000	1.24600e+01	2.65900e+01	5.40000e+01	9.70000e+01	2.00000e-01	2.00000e-01	0.00000e+00	0.00000e+00	0.00000e+00	0.00000e+00	0.00000e+00	2.00000e-01	4.12755e+00	4.64959e+01	2.10200e+01	2.52543e+01	2.12415e+01	4.16017e+01	-6.08332e+01	3.94273e-01	1.54156e+01	1.71289e+01	-5.88000e+00	1.20000e+00	
agroforestry	Fri Nov 07 14:59:57 CET 2025	6/6/2000	6	6	2000	158	2000	1.45700e+01	2.44900e+01	3.50000e+01	9.30000e+01	1.40000e+00	1.40000e+00	0.00000e+00	0.00000e+00	0.00000e+00	0.00000e+00	0.00000e+00	1.40000e+00	4.44387e+00	4.47484e+01	2.02300e+01	2.54495e+01	1.92989e+01	4.16601e+01	-5.77044e+01	3.96086e-01	1.54338e+01	1.45244e+01	-5.90000e+00	1.80000e+00	
agroforestry	Fri Nov 07 14:59:57 CET 2025	7/6/2000	7	6	2000	159	2000	1.17500e+01	2.74600e+01	2.80000e+01	7.70000e+01	0.00000e+00	0.00000e+00	0.00000e+00	0.00000e+00	0.00000e+00	0.00000e+00	0.00000e+00	0.00000e+00	5.91974e+00	6.77751e+01	3.06400e+01	1.66134e+01	5.11617e+01	4.17144e+01	-9.32722e+01	3.97782e-01	1.54508e+01	1.19702e+01	-5.91000e+00	1.60000e+00	
agroforestry	Fri Nov 07 14:59:57 CET 2025	8/6/2000	8	6	2000	160	2000	8.56000e+00	2.77400e+01	3.30000e+01	9.80000e+01	0.00000e+00	0.00000e+00	0.00000e+00	0.00000e+00	0.00000e+00	0.00000e+00	0.00000e+00	0.00000e+00	5.25233e+00	6.48332e+01	2.93100e+01	1.86505e+01	4.61827e+01	4.17644e+01	-8.74156e+01	3.99362e-01	1.54667e+01	1.36361e+01	-5.92000e+00	1.30000e+00	
agroforestry	Fri Nov 07 14:59:57 CET 2025	9/6/2000	9	6	2000	161	2000	1.36400e+01	2.55500e+01	5.90000e+01	9.80000e+01	0.00000e+00	0.00000e+00	0.00000e+00	0.00000e+00	0.00000e+00	0.00000e+00	0.00000e+00	0.00000e+00	4.88356e+00	5.78654e+01	2.61600e+01	2.23715e+01	3.54940e+01	4.18103e+01	-7.74928e+01	4.00825e-01	1.54814e+01	1.78872e+01	-5.93000e+00	1.40000e+00	
agroforestry	Fri Nov 07 14:59:57 CET 2025	10/6/2000	10	6	2000	162	2000	1.47100e+01	2.14000e+01	7.20000e+01	9.80000e+01	7.60000e+00	7.60000e+00	0.00000e+00	0.00000e+00	0.00000e+00	0.00000e+00	0.00000e+00	7.60000e+00	1.53281e+00	1.22101e+01	5.52000e+00	1.20880e+01	1.22102e-01	4.18519e+01	-8.38658e+00	4.02171e-01	1.54950e+01	1.75903e+01	-5.94000e+00	9.00000e-01	
agroforestry	Fri Nov 07 14:59:57 CET 2025	11/6/2000	11	6	2000	163	2000	1.39700e+01	1.91400e+01	5.80000e+01	9.80000e+01	1.60000e+00	1.60000e+00	0.00000e+00	0.00000e+00	0.00000e+00	0.00000e+00	0.00000e+00	1.60000e+00	1.67475e+00	1.25198e+01	5.66000e+00	1.23946e+01	1.25198e-01	4.18894e+01	-8.71266e+00	4.03399e-01	1.55075e+01	1.46803e+01	-5.96000e+00	9.00000e-01	
agroforestry	Fri Nov 07 14:59:57 CET 2025	12/6/2000	12	6	2000	164	2000	1.26700e+01	2.40100e+01	4.30000e+01	9.00000e+01	0.00000e+00	0.00000e+00	0.00000e+00	0.00000e+00	0.00000e+00	0.00000e+00	0.00000e+00	0.00000e+00	3.18038e+00	3.32903e+01	1.50500e+01	2.44120e+01	8.87830e+00	4.19226e+01	-3.95658e+01	4.04508e-01	1.55187e+01	1.40105e+01	-5.97000e+00	6.00000e-01	
agroforestry	Fri Nov 07 14:59:57 CET 2025	13/6/2000	13	6	2000	165	2000	1.44100e+01	2.78600e+01	4.40000e+01	9.70000e+01	1.60000e+00	1.60000e+00	0.00000e+00	0.00000e+00	0.00000e+00	0.00000e+00	0.00000e+00	1.60000e+00	3.96848e+00	4.09880e+01	1.85300e+01	2.56499e+01	1.53381e+01	4.19516e+01	-5.29543e+01	4.05498e-01	1.55288e+01	1.76680e+01	-5.98000e+00	9.00000e-01	
agroforestry	Fri Nov 07 14:59:57 CET 2025	14/6/2000	14	6	2000	166	2000	1.61500e+01	2.54900e+01	6.40000e+01	9.80000e+01	1.04000e+01	1.04000e+01	0.00000e+00	0.00000e+00	0.00000e+00	0.00000e+00	0.00000e+00	1.04000e+01	2.79966e+00	2.76276e+01	1.24900e+01	2.24665e+01	5.16119e+00	4.19764e+01	-3.20141e+01	4.06370e-01	1.55376e+01	1.99099e+01	-5.99000e+00	8.00000e-01	
agroforestry	Fri Nov 07 14:59:57 CET 2025	15/6/2000	15	6	2000	167	2000	1.24800e+01	3.15300e+01	2.90000e+01	9.90000e+01	2.00000e-01	2.00000e-01	0.00000e+00	0.00000e+00	0.00000e+00	0.00000e+00	0.00000e+00	2.00000e-01	5.86569e+00	6.54083e+01	2.95700e+01	1.86199e+01	4.67884e+01	4.19970e+01	-9.23572e+01	4.07122e-01	1.55453e+01	1.69164e+01	-6.00000e+00	1.10000e+00	
agroforestry	Fri Nov 07 14:59:57 CET 2025	16/6/2000	16	6	2000	168	2000	1.39200e+01	3.28600e+01	2.20000e+01	7.40000e+01	0.00000e+00	0.00000e+00	0.00000e+00	0.00000e+00	0.00000e+00	0.00000e+00	0.00000e+00	0.00000e+00	6.43702e+00	6.77972e+01	3.06500e+01	1.70584e+01	5.07388e+01	4.20133e+01	-9.78504e+01	4.07754e-01	1.55518e+01	1.37999e+01	-6.01000e+00	1.30000e+00	
agroforestry	Fri Nov 07 14:59:57 CET 2025	17/6/2000	17	6	2000	169	2000	1.29400e+01	3.16600e+01	2.00000e+01	9.50000e+01	0.00000e+00	0.00000e+00	0.00000e+00	0.00000e+00	0.00000e+00	0.00000e+00	0.00000e+00	0.00000e+00	6.01372e+00	6.41032e+01	2.89800e+01	1.94580e+01	4.46452e+01	4.20254e+01	-9.05414e+01	4.08266e-01	1.55570e+01	1.54740e+01	-6.02000e+00	1.40000e+00	
agroforestry	Fri Nov 07 14:59:57 CET 2025	18/6/2000	18	6	2000	170	2000	1.31800e+01	2.81900e+01	4.40000e+01	9.70000e+01	0.00000e+00	0.00000e+00	0.00000e+00	0.00000e+00	0.00000e+00	0.00000e+00	0.00000e+00	0.00000e+00	5.70079e+00	6.47447e+01	2.92700e+01	1.90828e+01	4.56619e+01	4.20332e+01	-8.90658e+01	4.08659e-01	1.55610e+01	1.71855e+01	-6.03000e+00	1.60000e+00	
agroforestry	Fri Nov 07 14:59:57 CET 2025	19/6/2000	19	6	2000	171	2000	1.25100e+01	2.80900e+01	3.30000e+01	9.90000e+01	0.00000e+00	0.00000e+00	0.00000e+00	0.00000e+00	0.00000e+00	0.00000e+00	0.00000e+00	0.00000e+00	5.64192e+00	6.59834e+01	2.98300e+01	1.83104e+01	4.76731e+01	4.20368e+01	-9.05652e+01	4.08931e-01	1.55638e+01	1.57107e+01	-6.03000e+00	1.20000e+00	
agroforestry	Fri Nov 07 14:59:57 CET 2025	20/6/2000	20	6	2000	172	2000	1.03700e+01	2.71400e+01	3.40000e+01	9.80000e+01	0.00000e+00	0.00000e+00	0.00000e+00	0.00000e+00	0.00000e+00	0.00000e+00	0.00000e+00	0.00000e+00	5.37852e+00	6.51871e+01	2.94700e+01	1.88142e+01	4.63728e+01	4.20362e+01	-8.76696e+01	4.09083e-01	1.55653e+01	1.42715e+01	-6.04000e+00	1.30000e+00	
agroforestry	Fri Nov 07 14:59:57 CET 2025	21/6/2000	21	6	2000	173	2000	9.69000e+00	2.70500e+01	3.90000e+01	9.70000e+01	0.00000e+00	0.00000e+00	0.00000e+00	0.00000e+00	0.00000e+00	0.00000e+00	0.00000e+00	0.00000e+00	5.42009e+00	6.78194e+01	3.06600e+01	1.70707e+01	5.07486e+01	4.20314e+01	-9.12257e+01	4.09114e-01	1.55656e+01	1.43535e+01	-6.05000e+00	1.20000e+00	
agroforestry	Fri Nov 07 14:59:57 CET 2025	22/6/2000	22	6	2000	174	2000	1.05300e+01	2.80800e+01	5.40000e+01	9.80000e+01	0.00000e+00	0.00000e+00	0.00000e+00	0.00000e+00	0.00000e+00	0.00000e+00	0.00000e+00	0.00000e+00	5.12819e+00	6.15152e+01	2.78100e+01	2.08950e+01	4.06202e+01	4.20223e+01	-8.29177e+01	4.09026e-01	1.55647e+01	1.70079e+01	-6.06000e+00	1.40000e+00	
agroforestry	Fri Nov 07 14:59:57 CET 2025	23/6/2000	23	6	2000	175	2000	1.51900e+01	2.96500e+01	2.50000e+01	8.90000e+01	0.00000e+00	0.00000e+00	0.00000e+00	0.00000e+00	0.00000e+00	0.00000e+00	0.00000e+00	0.00000e+00	5.79521e+00	5.74230e+01	2.59600e+01	2.27768e+01	3.46462e+01	4.20090e+01	-7.96418e+01	4.08817e-01	1.55626e+01	1.54519e+01	-6.07000e+00	1.80000e+00	
agroforestry	Fri Nov 07 14:59:57 CET 2025	24/6/2000	24	6	2000	176	2000	1.17700e+01	2.74200e+01	3.30000e+01	6.60000e+01	0.00000e+00	0.00000e+00	0.00000e+00	0.00000e+00	0.00000e+00	0.00000e+00	0.00000e+00	0.00000e+00	6.47035e+00	6.67134e+01	3.01600e+01	1.77650e+01	4.89484e+01	4.19916e+01	-9.09313e+01	4.08488e-01	1.55593e+01	1.12792e+01	-6.08000e+00	2.70000e+00	
agroforestry	Fri Nov 07 14:59:57 CET 2025	25/6/2000	25	6	2000	177	2000	1.15700e+01	2.67900e+01	3.30000e+01	6.70000e+01	0.00000e+00	0.00000e+00	0.00000e+00	0.00000e+00	0.00000e+00	0.00000e+00	0.00000e+00	0.00000e+00	5.37260e+00	6.09180e+01	2.75400e+01	2.11361e+01	3.97819e+01	4.19699e+01	-8.17011e+01	4.08040e-01	1.55547e+01	1.11026e+01	-6.08000e+00	1.30000e+00	
agroforestry	Fri Nov 07 14:59:57 CET 2025	26/6/2000	26	6	2000	178	2000	9.24000e+00	2.86800e+01	2.80000e+01	8.80000e+01	0.00000e+00	0.00000e+00	0.00000e+00	0.00000e+00	0.00000e+00	0.00000e+00	0.00000e+00	0.00000e+00	5.62248e+00	6.74212e+01	3.04800e+01	1.72134e+01	5.02078e+01	4.19440e+01	-9.18731e+01	4.07472e-01	1.55489e+01	1.27033e+01	-6.09000e+00	1.30000e+00	
agroforestry	Fri Nov 07 14:59:57 CET 2025	27/6/2000	27	6	2000	179	2000	1.27900e+01	3.01700e+01	2.60000e+01	9.50000e+01	0.00000e+00	0.00000e+00	0.00000e+00	0.00000e+00	0.00000e+00	0.00000e+00	0.00000e+00	0.00000e+00	5.59023e+00	6.01438e+01	2.71900e+01	2.14519e+01	3.86919e+01	4.19140e+01	-8.34604e+01	4.06784e-01	1.55419e+01	1.54862e+01	-6.10000e+00	1.40000e+00	
agroforestry	Fri Nov 07 14:59:57 CET 2025	28/6/2000	28	6	2000	180	2000	1.89600e+01	3.25000e+01	2.90000e+01	9.60000e+01	0.00000e+00	0.00000e+00	0.00000e+00	0.00000e+00	0.00000e+00	0.00000e+00	0.00000e+00	0.00000e+00	6.39188e+00	5.90157e+01	2.66800e+01	2.19432e+01	3.70725e+01	4.18797e+01	-8.60026e+01	4.05978e-01	1.55337e+01	2.06691e+01	-6.11000e+00	1.90000e+00	
agroforestry	Fri Nov 07 14:59:57 CET 2025	29/6/2000	29	6	2000	181	2000	1.54000e+01	3.30000e+01	3.00000e+01	7.80000e+01	0.00000e+00	0.00000e+00	0.00000e+00	0.00000e+00	0.00000e+00	0.00000e+00	0.00000e+00	0.00000e+00	5.90733e+00	5.89935e+01	2.66700e+01	2.19085e+01	3.70851e+01	4.18414e+01	-8.48624e+01	4.05053e-01	1.55243e+01	1.63004e+01	-6.11000e+00	1.20000e+00	
agroforestry	Fri Nov 07 14:59:57 CET 2025	30/6/2000	30	6	2000	182	2000	1.26700e+01	2.95600e+01	3.40000e+01	9.80000e+01	1.00000e+00	1.00000e+00	0.00000e+00	0.00000e+00	0.00000e+00	0.00000e+00	0.00000e+00	1.00000e+00	5.71865e+00	6.42138e+01	2.90300e+01	1.90798e+01	4.51341e+01	4.17989e+01	-8.95911e+01	4.04009e-01	1.55137e+01	1.65199e+01	-6.12000e+00	1.40000e+00	
agroforestry	Fri Nov 07 14:59:57 CET 2025	1/7/2000	1	7	2000	183	2000	1.54500e+01	2.77500e+01	5.40000e+01	9.80000e+01	0.00000e+00	0.00000e+00	0.00000e+00	0.00000e+00	0.00000e+00	0.00000e+00	0.00000e+00	0.00000e+00	5.10252e+00	5.49899e+01	2.48600e+01	2.34234e+01	3.15665e+01	4.17523e+01	-7.52896e+01	4.02848e-01	1.55019e+01	1.95971e+01	-6.13000e+00	1.70000e+00	
agroforestry	Fri Nov 07 14:59:57 CET 2025	2/7/2000	2	7	2000	184	2000	1.35600e+01	2.88700e+01	4.50000e+01	9.70000e+01	0.00000e+00	0.00000e+00	0.00000e+00	0.00000e+00	0.00000e+00	0.00000e+00	0.00000e+00	0.00000e+00	5.32779e+00	5.77770e+01	2.61200e+01	2.22867e+01	3.54902e+01	4.17015e+01	-7.97025e+01	4.01569e-01	1.54890e+01	1.78809e+01	-6.13000e+00	1.70000e+00	
agroforestry	Fri Nov 07 14:59:57 CET 2025	3/7/2000	3	7	2000	185	2000	1.80400e+01	2.59800e+01	6.90000e+01	9.50000e+01	6.80000e+00	6.80000e+00	0.00000e+00	0.00000e+00	0.00000e+00	0.00000e+00	0.00000e+00	6.80000e+00	2.40601e+00	2.03724e+01	9.21000e+00	1.85900e+01	1.78237e+00	4.16467e+01	-2.14500e+01	4.00174e-01	1.54749e+01	2.16807e+01	-6.14000e+00	1.20000e+00	
agroforestry	Fri Nov 07 14:59:57 CET 2025	4/7/2000	4	7	2000	186	2000	1.60000e+01	2.89800e+01	3.10000e+01	9.70000e+01	0.00000e+00	0.00000e+00	0.00000e+00	0.00000e+00	0.00000e+00	0.00000e+00	0.00000e+00	0.00000e+00	6.55745e+00	6.67797e+01	3.01900e+01	1.71147e+01	4.96650e+01	4.15878e+01	-9.52979e+01	3.98662e-01	1.54596e+01	1.74235e+01	-6.15000e+00	2.50000e+00	
agroforestry	Fri Nov 07 14:59:57 CET 2025	5/7/2000	5	7	2000	187	2000	1.21600e+01	2.99600e+01	2.60000e+01	9.10000e+01	0.00000e+00	0.00000e+00	0.00000e+00	0.00000e+00	0.00000e+00	0.00000e+00	0.00000e+00	0.00000e+00	5.66543e+00	6.16922e+01	2.78900e+01	2.01648e+01	4.15274e+01	4.15249e+01	-8.63799e+01	3.97035e-01	1.54433e+01	1.45932e+01	-6.15000e+00	1.50000e+00	
agroforestry	Fri Nov 07 14:59:57 CET 2025	6/7/2000	6	7	2000	188	2000	1.24200e+01	3.01400e+01	2.80000e+01	9.50000e+01	0.00000e+00	0.00000e+00	0.00000e+00	0.00000e+00	0.00000e+00	0.00000e+00	0.00000e+00	0.00000e+00	5.45714e+00	6.04313e+01	2.73200e+01	2.07475e+01	3.96838e+01	4.14579e+01	-8.47995e+01	3.95293e-01	1.54258e+01	1.55503e+01	-6.16000e+00	1.20000e+00	
agroforestry	Fri Nov 07 14:59:57 CET 2025	7/7/2000	7	7	2000	189	2000	1.68600e+01	3.15000e+01	3.00000e+01	8.90000e+01	0.00000e+00	0.00000e+00	0.00000e+00	0.00000e+00	0.00000e+00	0.00000e+00	0.00000e+00	0.00000e+00	6.14683e+00	5.49899e+01	2.48600e+01	2.30477e+01	3.19422e+01	4.13870e+01	-7.89876e+01	3.93437e-01	1.54073e+01	1.79391e+01	-6.16000e+00	2.50000e+00	
agroforestry	Fri Nov 07 14:59:57 CET 2025	8/7/2000	8	7	2000	190	2000	1.71000e+01	2.93600e+01	2.50000e+01	6.70000e+01	0.00000e+00	0.00000e+00	0.00000e+00	0.00000e+00	0.00000e+00	0.00000e+00	0.00000e+00	0.00000e+00	6.75571e+00	5.94359e+01	2.68700e+01	2.10676e+01	3.83683e+01	4.13120e+01	-8.50422e+01	3.91467e-01	1.53876e+01	1.30977e+01	-6.17000e+00	2.80000e+00	
agroforestry	Fri Nov 07 14:59:57 CET 2025	9/7/2000	9	7	2000	191	2000	1.40100e+01	2.69700e+01	3.20000e+01	8.10000e+01	4.00000e+00	4.00000e+00	0.00000e+00	0.00000e+00	0.00000e+00	0.00000e+00	0.00000e+00	4.00000e+00	6.27121e+00	6.50101e+01	2.93900e+01	1.77731e+01	4.72370e+01	4.12331e+01	-9.09248e+01	3.89385e-01	1.53669e+01	1.36081e+01	-6.18000e+00	2.60000e+00	
agroforestry	Fri Nov 07 14:59:57 CET 2025	10/7/2000	10	7	2000	192	2000	1.26900e+01	2.17400e+01	6.10000e+01	9.50000e+01	0.00000e+00	0.00000e+00	0.00000e+00	0.00000e+00	0.00000e+00	0.00000e+00	0.00000e+00	0.00000e+00	1.70834e+00	1.20774e+01	5.46000e+00	1.19566e+01	1.20774e-01	4.11503e+01	-8.46019e+00	3.87190e-01	1.53452e+01	1.53084e+01	-6.18000e+00	1.10000e+00	
agroforestry	Fri Nov 07 14:59:57 CET 2025	11/7/2000	11	7	2000	193	2000	1.16600e+01	2.45700e+01	3.20000e+01	7.90000e+01	0.00000e+00	0.00000e+00	0.00000e+00	0.00000e+00	0.00000e+00	0.00000e+00	0.00000e+00	0.00000e+00	5.97441e+00	6.03429e+01	2.72800e+01	2.02970e+01	4.00458e+01	4.10635e+01	-8.14143e+01	3.84885e-01	1.53224e+01	1.15289e+01	-6.19000e+00	3.40000e+00	
agroforestry	Fri Nov 07 14:59:57 CET 2025	12/7/2000	12	7	2000	194	2000	1.14900e+01	2.44200e+01	2.90000e+01	6.60000e+01	0.00000e+00	0.00000e+00	0.00000e+00	0.00000e+00	0.00000e+00	0.00000e+00	0.00000e+00	0.00000e+00	6.15361e+00	6.55853e+01	2.96500e+01	1.70033e+01	4.85819e+01	4.09729e+01	-8.93579e+01	3.82470e-01	1.52986e+01	9.76823e+00	-6.19000e+00	2.80000e+00	
agroforestry	Fri Nov 07 14:59:57 CET 2025	13/7/2000	13	7	2000	195	2000	6.61300e+00	2.73000e+01	3.30000e+01	8.80000e+01	0.00000e+00	0.00000e+00	0.00000e+00	0.00000e+00	0.00000e+00	0.00000e+00	0.00000e+00	0.00000e+00	5.40619e+00	6.27539e+01	2.83700e+01	1.86873e+01	4.40666e+01	4.08784e+01	-8.52234e+01	3.79945e-01	1.52739e+01	1.16809e+01	-6.20000e+00	2.50000e+00	
agroforestry	Fri Nov 07 14:59:57 CET 2025	14/7/2000	14	7	2000	196	2000	1.61200e+01	2.53300e+01	4.00000e+01	8.20000e+01	0.00000e+00	0.00000e+00	0.00000e+00	0.00000e+00	0.00000e+00	0.00000e+00	0.00000e+00	0.00000e+00	4.77030e+00	3.59226e+01	1.62400e+01	2.45098e+01	1.14128e+01	4.07800e+01	-4.62217e+01	3.77313e-01	1.52481e+01	1.49064e+01	-6.20000e+00	3.50000e+00	
agroforestry	Fri Nov 07 14:59:57 CET 2025	15/7/2000	15	7	2000	197	2000	1.22700e+01	2.55000e+01	3.10000e+01	8.00000e+01	0.00000e+00	0.00000e+00	0.00000e+00	0.00000e+00	0.00000e+00	0.00000e+00	0.00000e+00	0.00000e+00	5.59511e+00	5.87724e+01	2.65700e+01	2.06212e+01	3.81512e+01	4.06779e+01	-8.07822e+01	3.74573e-01	1.52215e+01	1.20990e+01	-6.21000e+00	2.50000e+00	
agroforestry	Fri Nov 07 14:59:57 CET 2025	16/7/2000	16	7	2000	198	2000	9.27000e+00	2.72000e+01	2.40000e+01	7.10000e+01	0.00000e+00	0.00000e+00	0.00000e+00	0.00000e+00	0.00000e+00	0.00000e+00	0.00000e+00	0.00000e+00	5.26693e+00	6.18691e+01	2.79700e+01	1.87953e+01	4.30739e+01	4.05720e+01	-8.57127e+01	3.71727e-01	1.51938e+01	9.94174e+00	-6.21000e+00	1.40000e+00	
agroforestry	Fri Nov 07 14:59:57 CET 2025	17/7/2000	17	7	2000	199	2000	6.27100e+00	2.77400e+01	2.30000e+01	8.00000e+01	0.00000e+00	0.00000e+00	0.00000e+00	0.00000e+00	0.00000e+00	0.00000e+00	0.00000e+00	0.00000e+00	5.02550e+00	6.24664e+01	2.82400e+01	1.82831e+01	4.41833e+01	4.04623e+01	-8.59655e+01	3.68775e-01	1.51653e+01	9.97418e+00	-6.22000e+00	1.30000e+00	
agroforestry	Fri Nov 07 14:59:57 CET 2025	18/7/2000	18	7	2000	200	2000	8.74000e+00	2.83100e+01	2.40000e+01	8.90000e+01	0.00000e+00	0.00000e+00	0.00000e+00	0.00000e+00	0.00000e+00	0.00000e+00	0.00000e+00	0.00000e+00	5.30399e+00	6.38820e+01	2.88800e+01	1.72173e+01	4.66647e+01	4.03490e+01	-8.99769e+01	3.65720e-01	1.51359e+01	1.20426e+01	-6.22000e+00	1.40000e+00	
agroforestry	Fri Nov 07 14:59:57 CET 2025	19/7/2000	19	7	2000	201	2000	1.05700e+01	3.11300e+01	2.80000e+01	9.30000e+01	0.00000e+00	0.00000e+00	0.00000e+00	0.00000e+00	0.00000e+00	0.00000e+00	0.00000e+00	0.00000e+00	5.51965e+00	6.22894e+01	2.81600e+01	1.80686e+01	4.42208e+01	4.02319e+01	-9.07166e+01	3.62562e-01	1.51057e+01	1.48985e+01	-6.23000e+00	1.40000e+00	
agroforestry	Fri Nov 07 14:59:57 CET 2025	20/7/2000	20	7	2000	202	2000	1.16500e+01	3.27900e+01	2.20000e+01	8.10000e+01	0.00000e+00	0.00000e+00	0.00000e+00	0.00000e+00	0.00000e+00	0.00000e+00	0.00000e+00	0.00000e+00	5.78503e+00	6.35945e+01	2.87500e+01	1.70570e+01	4.65374e+01	4.01112e+01	-9.49712e+01	3.59302e-01	1.50745e+01	1.37920e+01	-6.23000e+00	1.20000e+00	
agroforestry	Fri Nov 07 14:59:57 CET 2025	21/7/2000	21	7	2000	203	2000	1.29000e+01	3.24000e+01	2.40000e+01	9.40000e+01	0.00000e+00	0.00000e+00	0.00000e+00	0.00000e+00	0.00000e+00	0.00000e+00	0.00000e+00	0.00000e+00	5.87107e+00	6.32848e+01	2.86100e+01	1.70787e+01	4.62061e+01	3.99869e+01	-9.50864e+01	3.55941e-01	1.50426e+01	1.62192e+01	-6.24000e+00	1.40000e+00	
agroforestry	Fri Nov 07 14:59:57 CET 2025	22/7/2000	22	7	2000	204	2000	1.23800e+01	2.81900e+01	3.70000e+01	9.80000e+01	2.40000e+00	2.40000e+00	0.00000e+00	0.00000e+00	0.00000e+00	0.00000e+00	0.00000e+00	2.40000e+00	5.07374e+00	5.76885e+01	2.60800e+01	2.01564e+01	3.75321e+01	3.98590e+01	-8.28740e+01	3.52481e-01	1.50099e+01	1.60529e+01	-6.24000e+00	1.50000e+00	
agroforestry	Fri Nov 07 14:59:57 CET 2025	23/7/2000	23	7	2000	205	2000	1.56700e+01	2.68500e+01	3.80000e+01	9.60000e+01	6.00000e-01	6.00000e-01	0.00000e+00	0.00000e+00	0.00000e+00	0.00000e+00	0.00000e+00	6.00000e-01	2.76025e+00	1.78949e+01	8.09000e+00	1.67366e+01	1.15831e+00	3.97275e+01	-1.88760e+01	3.48923e-01	1.49763e+01	1.69202e+01	-6.25000e+00	1.70000e+00	
agroforestry	Fri Nov 07 14:59:57 CET 2025	24/7/2000	24	7	2000	206	2000	1.52000e+01	3.07100e+01	2.80000e+01	9.70000e+01	3.04000e+01	3.04000e+01	0.00000e+00	0.00000e+00	0.00000e+00	0.00000e+00	0.00000e+00	3.04000e+01	4.64669e+00	4.33770e+01	1.96100e+01	2.41226e+01	1.92544e+01	3.95925e+01	-6.23847e+01	3.45268e-01	1.49421e+01	1.75021e+01	-6.25000e+00	1.60000e+00	
agroforestry	Fri Nov 07 14:59:57 CET 2025	25/7/2000	25	7	2000	207	2000	1.40200e+01	2.85800e+01	3.90000e+01	9.60000e+01	2.00000e-01	2.00000e-01	0.00000e+00	0.00000e+00	0.00000e+00	0.00000e+00	0.00000e+00	2.00000e-01	4.78352e+00	5.16055e+01	2.33300e+01	2.22565e+01	2.93490e+01	3.94540e+01	-7.47906e+01	3.41517e-01	1.49070e+01	1.70883e+01	-6.25000e+00	1.40000e+00	
agroforestry	Fri Nov 07 14:59:57 CET 2025	26/7/2000	26	7	2000	208	2000	1.44700e+01	2.99200e+01	3.00000e+01	9.80000e+01	0.00000e+00	0.00000e+00	0.00000e+00	0.00000e+00	0.00000e+00	0.00000e+00	0.00000e+00	0.00000e+00	5.47418e+00	6.21124e+01	2.80800e+01	1.68592e+01	4.52533e+01	3.93120e+01	-9.37599e+01	3.37671e-01	1.48713e+01	1.71135e+01	-6.26000e+00	1.00000e+00	
agroforestry	Fri Nov 07 14:59:57 CET 2025	27/7/2000	27	7	2000	209	2000	1.55700e+01	3.04300e+01	3.00000e+01	9.00000e+01	3.80000e+00	3.80000e+00	0.00000e+00	0.00000e+00	0.00000e+00	0.00000e+00	0.00000e+00	3.80000e+00	5.63108e+00	6.16700e+01	2.78800e+01	1.69359e+01	4.47341e+01	3.91667e+01	-9.43282e+01	3.33733e-01	1.48349e+01	1.68478e+01	-6.26000e+00	1.10000e+00	
agroforestry	Fri Nov 07 14:59:57 CET 2025	28/7/2000	28	7	2000	210	2000	1.88300e+01	2.97500e+01	2.80000e+01	9.70000e+01	0.00000e+00	0.00000e+00	0.00000e+00	0.00000e+00	0.00000e+00	0.00000e+00	0.00000e+00	0.00000e+00	6.02449e+00	6.02986e+01	2.72600e+01	1.75921e+01	4.27065e+01	3.90179e+01	-9.33741e+01	3.29703e-01	1.47978e+01	1.89684e+01	-6.27000e+00	1.80000e+00	
agroforestry	Fri Nov 07 14:59:57 CET 2025	29/7/2000	29	7	2000	211	2000	1.33900e+01	2.95800e+01	2.80000e+01	9.00000e+01	0.00000e+00	0.00000e+00	0.00000e+00	0.00000e+00	0.00000e+00	0.00000e+00	0.00000e+00	0.00000e+00	5.83611e+00	6.28866e+01	2.84300e+01	1.56626e+01	4.72240e+01	3.88658e+01	-9.55134e+01	3.25582e-01	1.47600e+01	1.51068e+01	-6.27000e+00	2.00000e+00	
agroforestry	Fri Nov 07 14:59:57 CET 2025	30/7/2000	30	7	2000	212	2000	1.30500e+01	3.24000e+01	2.40000e+01	8.40000e+01	0.00000e+00	0.00000e+00	0.00000e+00	0.00000e+00	0.00000e+00	0.00000e+00	0.00000e+00	0.00000e+00	5.55477e+00	6.28645e+01	2.84200e+01	1.54382e+01	4.74263e+01	3.87104e+01	-9.80454e+01	3.21372e-01	1.47216e+01	1.49124e+01	-6.27000e+00	9.00000e-01	
agroforestry	Fri Nov 07 14:59:57 CET 2025	31/7/2000	31	7	2000	213	2000	1.19400e+01	3.23500e+01	2.40000e+01	8.20000e+01	0.00000e+00	0.00000e+00	0.00000e+00	0.00000e+00	0.00000e+00	0.00000e+00	0.00000e+00	0.00000e+00	5.59196e+00	6.26433e+01	2.83200e+01	1.53490e+01	4.72944e+01	3.85517e+01	-9.75427e+01	3.17075e-01	1.46826e+01	1.41290e+01	-6.28000e+00	1.20000e+00	
agroforestry	Fri Nov 07 14:59:57 CET 2025	1/8/2000	1	8	2000	214	2000	1.19400e+01	2.94100e+01	3.50000e+01	9.60000e+01	0.00000e+00	0.00000e+00	0.00000e+00	0.00000e+00	0.00000e+00	0.00000e+00	0.00000e+00	0.00000e+00	4.86855e+00	5.60959e+01	2.53600e+01	1.91415e+01	3.69544e+01	3.83897e+01	-8.45447e+01	3.12691e-01	1.46430e+01	1.59568e+01	-6.28000e+00	1.20000e+00	
agroforestry	Fri Nov 07 14:59:57 CET 2025	2/8/2000	2	8	2000	215	2000	1.96000e+01	2.97600e+01	4.80000e+01	9.60000e+01	8.40000e+00	8.40000e+00	0.00000e+00	0.00000e+00	0.00000e+00	0.00000e+00	0.00000e+00	8.40000e+00	4.91450e+00	4.96811e+01	2.24600e+01	2.16682e+01	2.80129e+01	3.82245e+01	-7.71260e+01	3.08222e-01	1.46029e+01	2.23678e+01	-6.29000e+00	1.10000e+00	
agroforestry	Fri Nov 07 14:59:57 CET 2025	3/8/2000	3	8	2000	216	2000	1.83800e+01	2.31300e+01	5.10000e+01	9.70000e+01	0.00000e+00	0.00000e+00	0.00000e+00	0.00000e+00	0.00000e+00	0.00000e+00	0.00000e+00	0.00000e+00	1.86813e+00	1.23429e+01	5.58000e+00	1.22194e+01	1.23428e-01	3.80562e+01	-1.06084e+01	3.03669e-01	1.45621e+01	1.81166e+01	-6.29000e+00	8.00000e-01	
agroforestry	Fri Nov 07 14:59:57 CET 2025	4/8/2000	4	8	2000	217	2000	1.47100e+01	2.84500e+01	2.80000e+01	6.60000e+01	1.60000e+00	1.60000e+00	0.00000e+00	0.00000e+00	0.00000e+00	0.00000e+00	0.00000e+00	1.60000e+00	5.69868e+00	5.30433e+01	2.39800e+01	2.00045e+01	3.30388e+01	3.78847e+01	-8.10641e+01	2.99035e-01	1.45209e+01	1.21045e+01	-6.29000e+00	2.50000e+00	
agroforestry	Fri Nov 07 14:59:57 CET 2025	5/8/2000	5	8	2000	218	2000	1.47000e+01	2.78600e+01	3.10000e+01	6.80000e+01	0.00000e+00	0.00000e+00	0.00000e+00	0.00000e+00	0.00000e+00	0.00000e+00	0.00000e+00	0.00000e+00	4.22137e+00	3.62765e+01	1.64000e+01	2.30223e+01	1.32542e+01	3.77101e+01	-5.21942e+01	2.94320e-01	1.44791e+01	1.25161e+01	-6.30000e+00	1.60000e+00	
agroforestry	Fri Nov 07 14:59:57 CET 2025	6/8/2000	6	8	2000	219	2000	1.55900e+01	2.98400e+01	3.10000e+01	5.70000e+01	0.00000e+00	0.00000e+00	0.00000e+00	0.00000e+00	0.00000e+00	0.00000e+00	0.00000e+00	0.00000e+00	4.77078e+00	4.52350e+01	2.04500e+01	2.22412e+01	2.29938e+01	3.75325e+01	-6.94361e+01	2.89525e-01	1.44368e+01	1.21435e+01	-6.30000e+00	1.30000e+00	
agroforestry	Fri Nov 07 14:59:57 CET 2025	7/8/2000	7	8	2000	220	2000	1.51000e+01	3.20500e+01	2.40000e+01	7.20000e+01	0.00000e+00	0.00000e+00	0.00000e+00	0.00000e+00	0.00000e+00	0.00000e+00	0.00000e+00	0.00000e+00	5.31495e+00	5.41714e+01	2.44900e+01	1.88325e+01	3.53389e+01	3.73519e+01	-8.71276e+01	2.84653e-01	1.43941e+01	1.39547e+01	-6.30000e+00	1.30000e+00	
agroforestry	Fri Nov 07 14:59:57 CET 2025	8/8/2000	8	8	2000	221	2000	1.29500e+01	3.32100e+01	2.30000e+01	8.20000e+01	0.00000e+00	0.00000e+00	0.00000e+00	0.00000e+00	0.00000e+00	0.00000e+00	0.00000e+00	0.00000e+00	4.89832e+00	5.16940e+01	2.33700e+01	1.97786e+01	3.19155e+01	3.71682e+01	-8.30572e+01	2.79704e-01	1.43508e+01	1.48134e+01	-6.31000e+00	1.00000e+00	
agroforestry	Fri Nov 07 14:59:57 CET 2025	9/8/2000	9	8	2000	222	2000	1.50700e+01	3.18600e+01	3.00000e+01	8.90000e+01	0.00000e+00	0.00000e+00	0.00000e+00	0.00000e+00	0.00000e+00	0.00000e+00	0.00000e+00	0.00000e+00	5.23108e+00	5.57641e+01	2.52100e+01	1.74990e+01	3.82651e+01	3.69817e+01	-9.08882e+01	2.74681e-01	1.43072e+01	1.71837e+01	-6.31000e+00	1.20000e+00	
agroforestry	Fri Nov 07 14:59:57 CET 2025	10/8/2000	10	8	2000	223	2000	1.46200e+01	3.15300e+01	3.60000e+01	9.70000e+01	0.00000e+00	0.00000e+00	0.00000e+00	0.00000e+00	0.00000e+00	0.00000e+00	0.00000e+00	0.00000e+00	5.15077e+00	5.65604e+01	2.55700e+01	1.67713e+01	3.97891e+01	3.67922e+01	-9.24262e+01	2.69584e-01	1.42631e+01	1.87580e+01	-6.31000e+00	1.20000e+00	
agroforestry	Fri Nov 07 14:59:57 CET 2025	11/8/2000	11	8	2000	224	2000	1.57600e+01	3.06300e+01	4.20000e+01	9.40000e+01	0.00000e+00	0.00000e+00	0.00000e+00	0.00000e+00	0.00000e+00	0.00000e+00	0.00000e+00	0.00000e+00	4.41472e+00	4.43281e+01	2.00400e+01	2.16407e+01	2.26874e+01	3.65998e+01	-7.03907e+01	2.64416e-01	1.42186e+01	1.93208e+01	-6.32000e+00	1.40000e+00	
agroforestry	Fri Nov 07 14:59:57 CET 2025	12/8/2000	12	8	2000	225	2000	1.91500e+01	2.74900e+01	5.20000e+01	9.70000e+01	1.20000e+00	1.20000e+00	0.00000e+00	0.00000e+00	0.00000e+00	0.00000e+00	0.00000e+00	1.20000e+00	2.52648e+00	2.13014e+01	9.63000e+00	1.82365e+01	3.06493e+00	3.64047e+01	-2.81818e+01	2.59177e-01	1.41737e+01	2.13282e+01	-6.32000e+00	7.00000e-01	
agroforestry	Fri Nov 07 14:59:57 CET 2025	13/8/2000	13	8	2000	226	2000	1.56600e+01	3.34000e+01	3.40000e+01	9.80000e+01	2.00000e-01	2.00000e-01	0.00000e+00	0.00000e+00	0.00000e+00	0.00000e+00	0.00000e+00	2.00000e-01	4.74543e+00	4.86636e+01	2.20000e+01	1.99566e+01	2.87070e+01	3.62068e+01	-8.11400e+01	2.53869e-01	1.41284e+01	2.03206e+01	-6.32000e+00	1.00000e+00	
agroforestry	Fri Nov 07 14:59:57 CET 2025	14/8/2000	14	8	2000	227	2000	1.58800e+01	3.39500e+01	3.40000e+01	9.90000e+01	0.00000e+00	0.00000e+00	0.00000e+00	0.00000e+00	0.00000e+00	0.00000e+00	0.00000e+00	0.00000e+00	5.19202e+00	5.34857e+01	2.41800e+01	1.74888e+01	3.59969e+01	3.60061e+01	-9.13832e+01	2.48494e-01	1.40827e+01	2.09511e+01	-6.33000e+00	1.20000e+00	
agroforestry	Fri Nov 07 14:59:57 CET 2025	15/8/2000	15	8	2000	228	2000	1.73600e+01	3.74900e+01	2.50000e+01	8.60000e+01	0.00000e+00	0.00000e+00	0.00000e+00	0.00000e+00	0.00000e+00	0.00000e+00	0.00000e+00	0.00000e+00	5.59076e+00	5.41272e+01	2.44700e+01	1.68602e+01	3.72670e+01	3.58027e+01	-9.67040e+01	2.43053e-01	1.40367e+01	2.02820e+01	-6.33000e+00	1.00000e+00	
agroforestry	Fri Nov 07 14:59:57 CET 2025	16/8/2000	16	8	2000	229	2000	1.66500e+01	3.54700e+01	3.00000e+01	8.70000e+01	3.20000e+00	3.20000e+00	0.00000e+00	0.00000e+00	0.00000e+00	0.00000e+00	0.00000e+00	3.20000e+00	5.47489e+00	5.38175e+01	2.43300e+01	1.67622e+01	3.70553e+01	3.55967e+01	-9.47840e+01	2.37547e-01	1.39904e+01	1.97282e+01	-6.33000e+00	1.30000e+00	
agroforestry	Fri Nov 07 14:59:57 CET 2025	17/8/2000	17	8	2000	230	2000	1.94400e+01	3.17500e+01	3.70000e+01	9.60000e+01	0.00000e+00	0.00000e+00	0.00000e+00	0.00000e+00	0.00000e+00	0.00000e+00	0.00000e+00	0.00000e+00	4.39452e+00	4.09880e+01	1.85300e+01	2.12847e+01	1.97033e+01	3.53881e+01	-6.86995e+01	2.31979e-01	1.39437e+01	2.18165e+01	-6.34000e+00	1.20000e+00	
agroforestry	Fri Nov 07 14:59:57 CET 2025	18/8/2000	18	8	2000	231	2000	1.71800e+01	3.00000e+01	3.80000e+01	9.60000e+01	0.00000e+00	0.00000e+00	0.00000e+00	0.00000e+00	0.00000e+00	0.00000e+00	0.00000e+00	0.00000e+00	4.55151e+00	4.59871e+01	2.07900e+01	1.98519e+01	2.61352e+01	3.51769e+01	-7.70169e+01	2.26349e-01	1.38967e+01	1.94961e+01	-6.34000e+00	1.50000e+00	
agroforestry	Fri Nov 07 14:59:57 CET 2025	19/8/2000	19	8	2000	232	2000	1.56000e+01	2.91700e+01	5.40000e+01	9.90000e+01	0.00000e+00	0.00000e+00	0.00000e+00	0.00000e+00	0.00000e+00	0.00000e+00	0.00000e+00	0.00000e+00	4.41756e+00	4.87521e+01	2.20400e+01	1.85507e+01	3.02014e+01	3.49632e+01	-8.16785e+01	2.20660e-01	1.38494e+01	2.06940e+01	-6.34000e+00	1.60000e+00	
agroforestry	Fri Nov 07 14:59:57 CET 2025	20/8/2000	20	8	2000	233	2000	2.18800e+01	2.86000e+01	6.00000e+01	9.80000e+01	0.00000e+00	0.00000e+00	0.00000e+00	0.00000e+00	0.00000e+00	0.00000e+00	0.00000e+00	0.00000e+00	3.97504e+00	3.77585e+01	1.70700e+01	2.11960e+01	1.65625e+01	3.47471e+01	-6.28464e+01	2.14913e-01	1.38019e+01	2.53761e+01	-6.34000e+00	1.60000e+00	
agroforestry	Fri Nov 07 14:59:57 CET 2025	21/8/2000	21	8	2000	234	2000	1.47800e+01	2.71200e+01	5.00000e+01	9.80000e+01	2.00000e-01	2.00000e-01	0.00000e+00	0.00000e+00	0.00000e+00	0.00000e+00	0.00000e+00	2.00000e-01	2.63042e+00	2.21198e+01	1.00000e+01	1.82157e+01	3.90417e+00	3.45285e+01	-3.11940e+01	2.09109e-01	1.37541e+01	1.83354e+01	-6.35000e+00	1.60000e+00	
agroforestry	Fri Nov 07 14:59:57 CET 2025	22/8/2000	22	8	2000	235	2000	1.02500e+01	3.22200e+01	1.80000e+01	9.80000e+01	0.00000e+00	0.00000e+00	0.00000e+00	0.00000e+00	0.00000e+00	0.00000e+00	0.00000e+00	0.00000e+00	4.46201e+00	5.19816e+01	2.35000e+01	1.60896e+01	3.58920e+01	3.43075e+01	-8.97595e+01	2.03249e-01	1.37060e+01	1.46249e+01	-6.35000e+00	1.10000e+00	
agroforestry	Fri Nov 07 14:59:57 CET 2025	23/8/2000	23	8	2000	236	2000	1.24000e+01	3.00100e+01	3.60000e+01	9.50000e+01	0.00000e+00	0.00000e+00	0.00000e+00	0.00000e+00	0.00000e+00	0.00000e+00	0.00000e+00	0.00000e+00	4.37629e+00	5.19373e+01	2.34800e+01	1.58125e+01	3.61249e+01	3.40842e+01	-8.95647e+01	1.97336e-01	1.36576e+01	1.64856e+01	-6.35000e+00	1.10000e+00	
agroforestry	Fri Nov 07 14:59:57 CET 2025	24/8/2000	24	8	2000	237	2000	1.84500e+01	3.10200e+01	4.60000e+01	9.80000e+01	0.00000e+00	0.00000e+00	0.00000e+00	0.00000e+00	0.00000e+00	0.00000e+00	0.00000e+00	0.00000e+00	3.12049e+00	2.72959e+01	1.23400e+01	1.98224e+01	7.47344e+00	3.38586e+01	-4.39801e+01	1.91371e-01	1.36090e+01	2.24414e+01	-6.36000e+00	1.00000e+00	
agroforestry	Fri Nov 07 14:59:57 CET 2025	25/8/2000	25	8	2000	238	2000	1.74700e+01	3.46900e+01	3.10000e+01	9.70000e+01	0.00000e+00	0.00000e+00	0.00000e+00	0.00000e+00	0.00000e+00	0.00000e+00	0.00000e+00	0.00000e+00	4.47916e+00	4.39742e+01	1.98800e+01	1.89765e+01	2.49977e+01	3.36308e+01	-8.03188e+01	1.85356e-01	1.35602e+01	2.16085e+01	-6.36000e+00	9.00000e-01	
agroforestry	Fri Nov 07 14:59:57 CET 2025	26/8/2000	26	8	2000	239	2000	1.37600e+01	3.11500e+01	4.50000e+01	9.70000e+01	0.00000e+00	0.00000e+00	0.00000e+00	0.00000e+00	0.00000e+00	0.00000e+00	0.00000e+00	0.00000e+00	3.78927e+00	3.78470e+01	1.71100e+01	2.02125e+01	1.76346e+01	3.34007e+01	-6.49737e+01	1.79291e-01	1.35112e+01	1.92881e+01	-6.36000e+00	1.70000e+00	
agroforestry	Fri Nov 07 14:59:57 CET 2025	27/8/2000	27	8	2000	240	2000	1.82400e+01	2.98400e+01	2.60000e+01	6.30000e+01	0.00000e+00	0.00000e+00	0.00000e+00	0.00000e+00	0.00000e+00	0.00000e+00	0.00000e+00	0.00000e+00	5.70635e+00	5.14286e+01	2.32500e+01	1.48498e+01	3.65788e+01	3.31686e+01	-9.37986e+01	1.73180e-01	1.34620e+01	1.33044e+01	-6.36000e+00	2.60000e+00	
agroforestry	Fri Nov 07 14:59:57 CET 2025	28/8/2000	28	8	2000	241	2000	1.35100e+01	3.13400e+01	1.50000e+01	7.60000e+01	0.00000e+00	0.00000e+00	0.00000e+00	0.00000e+00	0.00000e+00	0.00000e+00	0.00000e+00	0.00000e+00	4.61161e+00	4.90839e+01	2.21900e+01	1.59084e+01	3.31755e+01	3.29344e+01	-8.89134e+01	1.67022e-01	1.34126e+01	1.23382e+01	-6.37000e+00	1.40000e+00	
agroforestry	Fri Nov 07 14:59:57 CET 2025	29/8/2000	29	8	2000	242	2000	9.38000e+00	3.02100e+01	2.50000e+01	8.10000e+01	3.64000e+01	3.64000e+01	0.00000e+00	0.00000e+00	0.00000e+00	0.00000e+00	0.00000e+00	3.64000e+01	4.12843e+00	5.10083e+01	2.30600e+01	1.44449e+01	3.65634e+01	3.26981e+01	-9.08860e+01	1.60820e-01	1.33629e+01	1.22277e+01	-6.37000e+00	1.10000e+00	
agroforestry	Fri Nov 07 14:59:57 CET 2025	30/8/2000	30	8	2000	243	2000	1.77300e+01	2.10700e+01	7.50000e+01	9.90000e+01	8.00000e-01	8.00000e-01	0.00000e+00	0.00000e+00	0.00000e+00	0.00000e+00	0.00000e+00	8.00000e-01	1.38481e+00	1.13253e+01	5.12000e+00	1.12681e+01	5.72319e-02	3.24598e+01	-1.20048e+01	1.54575e-01	1.33132e+01	1.95850e+01	-6.37000e+00	1.10000e+00	
agroforestry	Fri Nov 07 14:59:57 CET 2025	31/8/2000	31	8	2000	244	2000	1.49700e+01	2.50600e+01	4.10000e+01	9.90000e+01	0.00000e+00	0.00000e+00	0.00000e+00	0.00000e+00	0.00000e+00	0.00000e+00	0.00000e+00	0.00000e+00	3.83419e+00	4.36424e+01	1.97300e+01	1.76286e+01	2.60138e+01	3.22196e+01	-7.61791e+01	1.48289e-01	1.32632e+01	1.63716e+01	-6.37000e+00	1.90000e+00	
agroforestry	Fri Nov 07 14:59:57 CET 2025	1/9/2000	1	9	2000	245	2000	1.13000e+01	2.86500e+01	3.10000e+01	9.80000e+01	0.00000e+00	0.00000e+00	0.00000e+00	0.00000e+00	0.00000e+00	0.00000e+00	0.00000e+00	0.00000e+00	4.17278e+00	5.08092e+01	2.29700e+01	1.35249e+01	3.72843e+01	3.19776e+01	-9.23948e+01	1.41964e-01	1.32131e+01	1.50479e+01	-6.38000e+00	1.60000e+00	
agroforestry	Fri Nov 07 14:59:57 CET 2025	2/9/2000	2	9	2000	246	2000	1.35800e+01	2.65100e+01	3.40000e+01	7.50000e+01	0.00000e+00	0.00000e+00	0.00000e+00	0.00000e+00	0.00000e+00	0.00000e+00	0.00000e+00	0.00000e+00	4.76183e+00	4.79558e+01	2.16800e+01	1.49555e+01	3.30003e+01	3.17337e+01	-8.66964e+01	1.35600e-01	1.31628e+01	1.27701e+01	-6.38000e+00	2.90000e+00	
agroforestry	Fri Nov 07 14:59:57 CET 2025	3/9/2000	3	9	2000	247	2000	1.28100e+01	2.59300e+01	3.10000e+01	7.70000e+01	0.00000e+00	0.00000e+00	0.00000e+00	0.00000e+00	0.00000e+00	0.00000e+00	0.00000e+00	0.00000e+00	3.96012e+00	4.23152e+01	1.91300e+01	1.73581e+01	2.49571e+01	3.14881e+01	-7.53325e+01	1.29200e-01	1.31124e+01	1.21336e+01	-6.38000e+00	1.90000e+00	
agroforestry	Fri Nov 07 14:59:57 CET 2025	4/9/2000	4	9	2000	248	2000	1.08500e+01	2.70000e+01	2.80000e+01	7.50000e+01	0.00000e+00	0.00000e+00	0.00000e+00	0.00000e+00	0.00000e+00	0.00000e+00	0.00000e+00	0.00000e+00	3.83125e+00	4.94157e+01	2.23400e+01	1.33610e+01	3.60547e+01	3.12407e+01	-9.04668e+01	1.22765e-01	1.30618e+01	1.12551e+01	-6.38000e+00	1.10000e+00	
agroforestry	Fri Nov 07 14:59:57 CET 2025	5/9/2000	5	9	2000	249	2000	8.60000e+00	2.88300e+01	2.40000e+01	8.40000e+01	0.00000e+00	0.00000e+00	0.00000e+00	0.00000e+00	0.00000e+00	0.00000e+00	0.00000e+00	0.00000e+00	3.74375e+00	5.00129e+01	2.26100e+01	1.25825e+01	3.74304e+01	3.09917e+01	-9.30283e+01	1.16296e-01	1.30112e+01	1.16475e+01	-6.39000e+00	1.00000e+00	
agroforestry	Fri Nov 07 14:59:57 CET 2025	6/9/2000	6	9	2000	250	2000	8.35000e+00	2.69400e+01	2.50000e+01	9.80000e+01	0.00000e+00	0.00000e+00	0.00000e+00	0.00000e+00	0.00000e+00	0.00000e+00	0.00000e+00	0.00000e+00	3.52117e+00	4.50802e+01	2.03800e+01	1.52442e+01	2.98359e+01	3.07411e+01	-8.21601e+01	1.09796e-01	1.29603e+01	1.24026e+01	-6.39000e+00	1.50000e+00	
agroforestry	Fri Nov 07 14:59:57 CET 2025	7/9/2000	7	9	2000	251	2000	1.83600e+01	2.96100e+01	3.30000e+01	5.50000e+01	0.00000e+00	0.00000e+00	0.00000e+00	0.00000e+00	0.00000e+00	0.00000e+00	0.00000e+00	0.00000e+00	4.83421e+00	3.72055e+01	1.68200e+01	1.79637e+01	1.92418e+01	3.04890e+01	-7.14849e+01	1.03266e-01	1.29094e+01	1.31115e+01	-6.39000e+00	2.60000e+00	
agroforestry	Fri Nov 07 14:59:57 CET 2025	8/9/2000	8	9	2000	252	2000	1.06700e+01	2.96800e+01	1.50000e+01	8.60000e+01	0.00000e+00	0.00000e+00	0.00000e+00	0.00000e+00	0.00000e+00	0.00000e+00	0.00000e+00	0.00000e+00	3.88186e+00	4.92608e+01	2.22700e+01	1.19448e+01	3.73160e+01	3.02354e+01	-9.56998e+01	9.67068e-02	1.28584e+01	1.19285e+01	-6.39000e+00	1.10000e+00	
agroforestry	Fri Nov 07 14:59:57 CET 2025	9/9/2000	9	9	2000	253	2000	8.78000e+00	2.79700e+01	3.00000e+01	9.40000e+01	0.00000e+00	0.00000e+00	0.00000e+00	0.00000e+00	0.00000e+00	0.00000e+00	0.00000e+00	0.00000e+00	3.45668e+00	4.76461e+01	2.15400e+01	1.26735e+01	3.49726e+01	2.99805e+01	-9.09177e+01	9.01207e-02	1.28073e+01	1.30911e+01	-6.39000e+00	1.00000e+00	
agroforestry	Fri Nov 07 14:59:57 CET 2025	10/9/2000	10	9	2000	254	2000	7.91000e+00	2.93000e+01	2.90000e+01	9.60000e+01	0.00000e+00	0.00000e+00	0.00000e+00	0.00000e+00	0.00000e+00	0.00000e+00	0.00000e+00	0.00000e+00	3.38594e+00	4.77124e+01	2.15700e+01	1.22442e+01	3.54683e+01	2.97241e+01	-9.26614e+01	8.35092e-02	1.27560e+01	1.33884e+01	-6.40000e+00	8.00000e-01	
agroforestry	Fri Nov 07 14:59:57 CET 2025	11/9/2000	11	9	2000	255	2000	8.60000e+00	2.86100e+01	3.10000e+01	9.80000e+01	2.00000e-01	2.00000e-01	0.00000e+00	0.00000e+00	0.00000e+00	0.00000e+00	0.00000e+00	2.00000e-01	3.35379e+00	4.69604e+01	2.12300e+01	1.23683e+01	3.45921e+01	2.94665e+01	-9.16774e+01	7.68738e-02	1.27047e+01	1.38168e+01	-6.40000e+00	9.00000e-01	
agroforestry	Fri Nov 07 14:59:57 CET 2025	12/9/2000	12	9	2000	256	2000	1.37000e+01	2.69400e+01	5.60000e+01	9.90000e+01	0.00000e+00	0.00000e+00	0.00000e+00	0.00000e+00	0.00000e+00	0.00000e+00	0.00000e+00	0.00000e+00	2.76131e+00	3.33346e+01	1.50700e+01	1.76423e+01	1.56922e+01	2.92076e+01	-6.33478e+01	7.02161e-02	1.26533e+01	1.84710e+01	-6.40000e+00	1.00000e+00	
agroforestry	Fri Nov 07 14:59:57 CET 2025	13/9/2000	13	9	2000	257	2000	1.62000e+01	2.85100e+01	4.90000e+01	9.90000e+01	0.00000e+00	0.00000e+00	0.00000e+00	0.00000e+00	0.00000e+00	0.00000e+00	0.00000e+00	0.00000e+00	3.21849e+00	3.80903e+01	1.72200e+01	1.62521e+01	2.18382e+01	2.89476e+01	-7.64962e+01	6.35377e-02	1.26019e+01	1.99812e+01	-6.40000e+00	8.00000e-01	
agroforestry	Fri Nov 07 14:59:57 CET 2025	14/9/2000	14	9	2000	258	2000	1.47000e+01	2.82800e+01	5.60000e+01	9.90000e+01	0.00000e+00	0.00000e+00	0.00000e+00	0.00000e+00	0.00000e+00	0.00000e+00	0.00000e+00	0.00000e+00	2.82792e+00	3.33567e+01	1.50800e+01	1.72325e+01	1.61242e+01	2.86866e+01	-6.58005e+01	5.68402e-02	1.25503e+01	1.98498e+01	-6.41000e+00	9.00000e-01	
agroforestry	Fri Nov 07 14:59:57 CET 2025	15/9/2000	15	9	2000	259	2000	1.96000e+01	2.76400e+01	6.20000e+01	9.90000e+01	0.00000e+00	0.00000e+00	0.00000e+00	0.00000e+00	0.00000e+00	0.00000e+00	0.00000e+00	0.00000e+00	2.96345e+00	3.30691e+01	1.49500e+01	1.70722e+01	1.59969e+01	2.84244e+01	-6.69316e+01	5.01253e-02	1.24987e+01	2.34668e+01	-6.41000e+00	8.00000e-01	
agroforestry	Fri Nov 07 14:59:57 CET 2025	16/9/2000	16	9	2000	260	2000	1.79000e+01	3.14900e+01	3.20000e+01	9.90000e+01	0.00000e+00	0.00000e+00	0.00000e+00	0.00000e+00	0.00000e+00	0.00000e+00	0.00000e+00	0.00000e+00	3.69690e+00	3.70065e+01	1.67300e+01	1.58277e+01	2.11787e+01	2.81614e+01	-7.90104e+01	4.33944e-02	1.24470e+01	2.03667e+01	-6.41000e+00	1.40000e+00	
agroforestry	Fri Nov 07 14:59:57 CET 2025	17/9/2000	17	9	2000	261	2000	9.51000e+00	2.81400e+01	2.80000e+01	9.80000e+01	0.00000e+00	0.00000e+00	0.00000e+00	0.00000e+00	0.00000e+00	0.00000e+00	0.00000e+00	0.00000e+00	3.06563e+00	4.34433e+01	1.96400e+01	1.23722e+01	3.10711e+01	2.78974e+01	-8.94541e+01	3.66493e-02	1.23953e+01	1.36825e+01	-6.41000e+00	8.00000e-01	
agroforestry	Fri Nov 07 14:59:57 CET 2025	18/9/2000	18	9	2000	262	2000	9.29000e+00	2.65600e+01	3.60000e+01	9.70000e+01	4.48000e+01	4.48000e+01	0.00000e+00	0.00000e+00	0.00000e+00	0.00000e+00	0.00000e+00	4.48000e+01	2.98746e+00	4.27355e+01	1.93200e+01	1.24393e+01	3.02962e+01	2.76327e+01	-8.74552e+01	2.98916e-02	1.23435e+01	1.36497e+01	-6.41000e+00	1.10000e+00	
agroforestry	Fri Nov 07 14:59:57 CET 2025	19/9/2000	19	9	2000	263	2000	1.19600e+01	2.18200e+01	6.40000e+01	9.80000e+01	2.00000e-01	2.00000e-01	0.00000e+00	0.00000e+00	0.00000e+00	0.00000e+00	0.00000e+00	2.00000e-01	1.59819e+00	1.30728e+01	5.91000e+00	1.20173e+01	1.05547e+00	2.73672e+01	-1.97000e+01	2.31228e-02	1.22917e+01	1.55730e+01	-6.42000e+00	2.00000e+00	
agroforestry	Fri Nov 07 14:59:57 CET 2025	20/9/2000	20	9	2000	264	2000	1.29500e+01	2.08600e+01	4.70000e+01	9.80000e+01	0.00000e+00	0.00000e+00	0.00000e+00	0.00000e+00	0.00000e+00	0.00000e+00	0.00000e+00	0.00000e+00	2.24474e+00	2.35576e+01	1.06500e+01	1.62343e+01	7.32328e+00	2.71010e+01	-4.34009e+01	1.63446e-02	1.22399e+01	1.39521e+01	-6.42000e+00	1.90000e+00	
agroforestry	Fri Nov 07 14:59:57 CET 2025	21/9/2000	21	9	2000	265	2000	1.11700e+01	2.51200e+01	3.10000e+01	9.50000e+01	0.00000e+00	0.00000e+00	0.00000e+00	0.00000e+00	0.00000e+00	0.00000e+00	0.00000e+00	0.00000e+00	3.02093e+00	4.32000e+01	1.95300e+01	1.09666e+01	3.22334e+01	2.68342e+01	-9.10851e+01	9.55863e-03	1.21880e+01	1.31115e+01	-6.42000e+00	1.20000e+00	
agroforestry	Fri Nov 07 14:59:57 CET 2025	22/9/2000	22	9	2000	266	2000	9.02000e+00	2.91100e+01	3.20000e+01	9.80000e+01	0.00000e+00	0.00000e+00	0.00000e+00	0.00000e+00	0.00000e+00	0.00000e+00	0.00000e+00	0.00000e+00	2.98131e+00	4.24258e+01	1.91800e+01	1.10928e+01	3.13330e+01	2.65669e+01	-9.26733e+01	2.76656e-03	1.21361e+01	1.43301e+01	-6.42000e+00	1.00000e+00	
agroforestry	Fri Nov 07 14:59:57 CET 2025	23/9/2000	23	9	2000	267	2000	1.04400e+01	2.51200e+01	3.00000e+01	9.90000e+01	0.00000e+00	0.00000e+00	0.00000e+00	0.00000e+00	0.00000e+00	0.00000e+00	0.00000e+00	0.00000e+00	2.77276e+00	4.21604e+01	1.90600e+01	1.08707e+01	3.12897e+01	2.62992e+01	-9.03854e+01	-4.03000e-03	1.20842e+01	1.31188e+01	-6.42000e+00	9.00000e-01	
agroforestry	Fri Nov 07 14:59:57 CET 2025	24/9/2000	24	9	2000	268	2000	1.30700e+01	2.30300e+01	5.80000e+01	9.90000e+01	0.00000e+00	0.00000e+00	0.00000e+00	0.00000e+00	0.00000e+00	0.00000e+00	0.00000e+00	0.00000e+00	2.16136e+00	3.09456e+01	1.39900e+01	1.55141e+01	1.54315e+01	2.60310e+01	-6.40738e+01	-1.08294e-02	1.20322e+01	1.62401e+01	-6.43000e+00	7.00000e-01	
agroforestry	Fri Nov 07 14:59:57 CET 2025	25/9/2000	25	9	2000	269	2000	1.10600e+01	2.50200e+01	5.80000e+01	9.90000e+01	2.00000e-01	2.00000e-01	0.00000e+00	0.00000e+00	0.00000e+00	0.00000e+00	0.00000e+00	2.00000e-01	2.25650e+00	3.43078e+01	1.55100e+01	1.43185e+01	1.99893e+01	2.57626e+01	-7.35897e+01	-1.76299e-02	1.19803e+01	1.62299e+01	-6.43000e+00	6.00000e-01	
agroforestry	Fri Nov 07 14:59:57 CET 2025	26/9/2000	26	9	2000	270	2000	1.27800e+01	2.19300e+01	7.50000e+01	9.90000e+01	0.00000e+00	0.00000e+00	0.00000e+00	0.00000e+00	0.00000e+00	0.00000e+00	0.00000e+00	0.00000e+00	1.53108e+00	2.10802e+01	9.53000e+00	1.50521e+01	6.02806e+00	2.54939e+01	-4.11935e+01	-2.44300e-02	1.19283e+01	1.72267e+01	-6.43000e+00	6.00000e-01	
agroforestry	Fri Nov 07 14:59:57 CET 2025	27/9/2000	27	9	2000	271	2000	1.64100e+01	2.30800e+01	6.20000e+01	9.90000e+01	2.10000e+01	2.10000e+01	0.00000e+00	0.00000e+00	0.00000e+00	0.00000e+00	0.00000e+00	2.10000e+01	1.61533e+00	1.70765e+01	7.72000e+00	1.36978e+01	3.37870e+00	2.52252e+01	-3.27983e+01	-3.12279e-02	1.18764e+01	1.85146e+01	-6.43000e+00	7.00000e-01	
agroforestry	Fri Nov 07 14:59:57 CET 2025	28/9/2000	28	9	2000	272	2000	1.89600e+01	2.16600e+01	8.40000e+01	9.90000e+01	4.80000e+00	4.80000e+00	0.00000e+00	0.00000e+00	0.00000e+00	0.00000e+00	0.00000e+00	4.80000e+00	1.54049e+00	1.55945e+01	7.05000e+00	1.29864e+01	2.60805e+00	2.49563e+01	-2.94774e+01	-3.80219e-02	1.18244e+01	2.17942e+01	-6.43000e+00	3.00000e+00	
agroforestry	Fri Nov 07 14:59:57 CET 2025	29/9/2000	29	9	2000	273	2000	1.26000e+01	1.90000e+01	8.50000e+01	9.80000e+01	6.72000e+01	6.72000e+01	0.00000e+00	0.00000e+00	0.00000e+00	0.00000e+00	0.00000e+00	6.72000e+01	8.67118e-01	6.48111e+00	2.93000e+00	6.41630e+00	6.48112e-02	2.46874e+01	-6.52990e+00	-4.48104e-02	1.17725e+01	1.64110e+01	-6.43000e+00	1.80000e+00	
agroforestry	Fri Nov 07 14:59:57 CET 2025	30/9/2000	30	9	2000	274	2000	7.88000e+00	2.20400e+01	4.10000e+01	9.90000e+01	0.00000e+00	0.00000e+00	0.00000e+00	0.00000e+00	0.00000e+00	0.00000e+00	0.00000e+00	0.00000e+00	2.20436e+00	3.97272e+01	1.79600e+01	9.68738e+00	3.00398e+01	2.44187e+01	-8.83875e+01	-5.15916e-02	1.17206e+01	1.18956e+01	-6.44000e+00	1.00000e+00	
agroforestry	Fri Nov 07 14:59:57 CET 2025	1/10/2000	1	10	2000	275	2000	8.55000e+00	2.25200e+01	4.00000e+01	9.90000e+01	0.00000e+00	0.00000e+00	0.00000e+00	0.00000e+00	0.00000e+00	0.00000e+00	0.00000e+00	0.00000e+00	2.18357e+00	3.57456e+01	1.61600e+01	1.17999e+01	2.39457e+01	2.41501e+01	-8.01847e+01	-5.83639e-02	1.16687e+01	1.22553e+01	-6.44000e+00	1.20000e+00	
agroforestry	Fri Nov 07 14:59:57 CET 2025	2/10/2000	2	10	2000	276	2000	1.22300e+01	2.02200e+01	3.60000e+01	7.70000e+01	0.00000e+00	0.00000e+00	0.00000e+00	0.00000e+00	0.00000e+00	0.00000e+00	0.00000e+00	0.00000e+00	2.96032e+00	3.68737e+01	1.66700e+01	1.07883e+01	2.60855e+01	2.38818e+01	-8.36703e+01	-6.51256e-02	1.16168e+01	1.04126e+01	-6.44000e+00	2.60000e+00	
agroforestry	Fri Nov 07 14:59:57 CET 2025	3/10/2000	3	10	2000	277	2000	8.72000e+00	2.14400e+01	3.60000e+01	8.70000e+01	0.00000e+00	0.00000e+00	0.00000e+00	0.00000e+00	0.00000e+00	0.00000e+00	0.00000e+00	0.00000e+00	2.27852e+00	3.84442e+01	1.73800e+01	9.34919e+00	2.90951e+01	2.36138e+01	-8.83354e+01	-7.18748e-02	1.15650e+01	1.05322e+01	-6.44000e+00	1.30000e+00	
agroforestry	Fri Nov 07 14:59:57 CET 2025	4/10/2000	4	10	2000	278	2000	5.91500e+00	2.47900e+01	3.10000e+01	9.60000e+01	0.00000e+00	0.00000e+00	0.00000e+00	0.00000e+00	0.00000e+00	0.00000e+00	0.00000e+00	0.00000e+00	1.96825e+00	3.60111e+01	1.62800e+01	1.05683e+01	2.54427e+01	2.33463e+01	-8.47551e+01	-7.86100e-02	1.15132e+01	1.10669e+01	-6.44000e+00	6.00000e-01	
agroforestry	Fri Nov 07 14:59:57 CET 2025	5/10/2000	5	10	2000	279	2000	7.69000e+00	2.49700e+01	4.40000e+01	9.90000e+01	0.00000e+00	0.00000e+00	0.00000e+00	0.00000e+00	0.00000e+00	0.00000e+00	0.00000e+00	0.00000e+00	2.11755e+00	2.95521e+01	1.33600e+01	1.32234e+01	1.63286e+01	2.30793e+01	-6.94157e+01	-8.53292e-02	1.14615e+01	1.32655e+01	-6.44000e+00	1.80000e+00	
agroforestry	Fri Nov 07 14:59:57 CET 2025	6/10/2000	6	10	2000	280	2000	1.10200e+01	2.09300e+01	2.90000e+01	7.30000e+01	0.00000e+00	0.00000e+00	0.00000e+00	0.00000e+00	0.00000e+00	0.00000e+00	0.00000e+00	0.00000e+00	2.48348e+00	3.72276e+01	1.68300e+01	8.96938e+00	2.82583e+01	2.28128e+01	-8.90896e+01	-9.20309e-02	1.14098e+01	9.25011e+00	-6.45000e+00	1.60000e+00	
agroforestry	Fri Nov 07 14:59:57 CET 2025	7/10/2000	7	10	2000	281	2000	7.36000e+00	2.02800e+01	2.60000e+01	6.70000e+01	0.00000e+00	0.00000e+00	0.00000e+00	0.00000e+00	0.00000e+00	0.00000e+00	0.00000e+00	0.00000e+00	2.18713e+00	3.20737e+01	1.45000e+01	1.16739e+01	2.03999e+01	2.25470e+01	-7.48029e+01	-9.87132e-02	1.13582e+01	7.34005e+00	-6.45000e+00	1.40000e+00	
agroforestry	Fri Nov 07 14:59:57 CET 2025	8/10/2000	8	10	2000	282	2000	5.59300e+00	2.35400e+01	3.50000e+01	7.20000e+01	0.00000e+00	0.00000e+00	0.00000e+00	0.00000e+00	0.00000e+00	0.00000e+00	0.00000e+00	0.00000e+00	2.05274e+00	3.34673e+01	1.51300e+01	1.06182e+01	2.28491e+01	2.22820e+01	-8.12844e+01	-1.05374e-01	1.13066e+01	8.86367e+00	-6.45000e+00	1.20000e+00	
agroforestry	Fri Nov 07 14:59:57 CET 2025	9/10/2000	9	10	2000	283	2000	1.15000e+01	2.25900e+01	3.40000e+01	7.90000e+01	0.00000e+00	0.00000e+00	0.00000e+00	0.00000e+00	0.00000e+00	0.00000e+00	0.00000e+00	0.00000e+00	2.54724e+00	3.27373e+01	1.48000e+01	1.06778e+01	2.20596e+01	2.20179e+01	-8.17807e+01	-1.12013e-01	1.12552e+01	1.09700e+01	-6.45000e+00	2.10000e+00	
agroforestry	Fri Nov 07 14:59:57 CET 2025	10/10/2000	10	10	2000	284	2000	1.14400e+01	1.99300e+01	3.60000e+01	9.80000e+01	4.80000e+00	4.80000e+00	0.00000e+00	0.00000e+00	0.00000e+00	0.00000e+00	0.00000e+00	4.80000e+00	1.98334e+00	2.86230e+01	1.29400e+01	1.22146e+01	1.64084e+01	2.17547e+01	-6.95490e+01	-1.18626e-01	1.12038e+01	1.19287e+01	-6.45000e+00	1.70000e+00	
agroforestry	Fri Nov 07 14:59:57 CET 2025	11/10/2000	11	10	2000	285	2000	1.11400e+01	1.64100e+01	6.50000e+01	9.90000e+01	3.60000e+00	3.60000e+00	0.00000e+00	0.00000e+00	0.00000e+00	0.00000e+00	0.00000e+00	3.60000e+00	9.10755e-01	5.13180e+00	2.32000e+00	5.08048e+00	5.13182e-02	2.14925e+01	-5.08287e+00	-1.25213e-01	1.11525e+01	1.29059e+01	-6.45000e+00	1.00000e+00	
agroforestry	Fri Nov 07 14:59:57 CET 2025	12/10/2000	12	10	2000	286	2000	1.02500e+01	1.47300e+01	9.10000e+01	9.90000e+01	2.20000e+00	2.20000e+00	0.00000e+00	0.00000e+00	0.00000e+00	0.00000e+00	0.00000e+00	2.20000e+00	5.95086e-01	6.96774e+00	3.15000e+00	6.89806e+00	6.96774e-02	2.12314e+01	-1.01157e+01	-1.31772e-01	1.11014e+01	1.37475e+01	-6.46000e+00	6.00000e-01	
agroforestry	Fri Nov 07 14:59:57 CET 2025	13/10/2000	13	10	2000	287	2000	1.06300e+01	1.32900e+01	9.10000e+01	9.80000e+01	8.80000e+00	8.80000e+00	0.00000e+00	0.00000e+00	0.00000e+00	0.00000e+00	0.00000e+00	8.80000e+00	5.50635e-01	5.10968e+00	2.31000e+00	5.05858e+00	5.10969e-02	2.09715e+01	-5.31938e+00	-1.38300e-01	1.10503e+01	1.32063e+01	-6.46000e+00	6.00000e-01	
agroforestry	Fri Nov 07 14:59:57 CET 2025	14/10/2000	14	10	2000	288	2000	1.11700e+01	1.53800e+01	7.90000e+01	9.90000e+01	1.32000e+01	1.32000e+01	0.00000e+00	0.00000e+00	0.00000e+00	0.00000e+00	0.00000e+00	1.32000e+01	7.66865e-01	7.10046e+00	3.21000e+00	7.09003e+00	1.04260e-02	2.07129e+01	-1.10181e+01	-1.44797e-01	1.09993e+01	1.35587e+01	-6.46000e+00	1.10000e+00	
agroforestry	Fri Nov 07 14:59:57 CET 2025	15/10/2000	15	10	2000	289	2000	1.12900e+01	1.63700e+01	7.60000e+01	9.80000e+01	5.60000e+00	5.60000e+00	0.00000e+00	0.00000e+00	0.00000e+00	0.00000e+00	0.00000e+00	5.60000e+00	1.19648e+00	2.07484e+01	9.38000e+00	1.25296e+01	8.21879e+00	2.04557e+01	-4.98707e+01	-1.51260e-01	1.09485e+01	1.37419e+01	-6.46000e+00	2.00000e+00	
agroforestry	Fri Nov 07 14:59:57 CET 2025	16/10/2000	16	10	2000	290	2000	1.11400e+01	1.63800e+01	7.00000e+01	9.90000e+01	4.00000e-01	4.00000e-01	0.00000e+00	0.00000e+00	0.00000e+00	0.00000e+00	0.00000e+00	4.00000e-01	9.76420e-01	1.42452e+01	6.44000e+00	1.11902e+01	3.05496e+00	2.02000e+01	-3.20048e+01	-1.57687e-01	1.08979e+01	1.32864e+01	-6.35000e+00	9.00000e-01	
agroforestry	Fri Nov 07 14:59:57 CET 2025	17/10/2000	17	10	2000	291	2000	7.60000e+00	2.15100e+01	4.60000e+01	9.80000e+01	0.00000e+00	0.00000e+00	0.00000e+00	0.00000e+00	0.00000e+00	0.00000e+00	0.00000e+00	0.00000e+00	1.48115e+00	3.22949e+01	1.46000e+01	8.02271e+00	2.42722e+01	1.99458e+01	-8.75789e+01	-1.64077e-01	1.08473e+01	1.19198e+01	-6.34000e+00	1.00000e+00	
agroforestry	Fri Nov 07 14:59:57 CET 2025	18/10/2000	18	10	2000	292	2000	5.06100e+00	1.95100e+01	4.70000e+01	9.90000e+01	0.00000e+00	0.00000e+00	0.00000e+00	0.00000e+00	0.00000e+00	0.00000e+00	0.00000e+00	0.00000e+00	1.19143e+00	2.99945e+01	1.35600e+01	9.14441e+00	2.08501e+01	1.96932e+01	-7.94491e+01	-1.70427e-01	1.07970e+01	1.04228e+01	-6.34000e+00	7.00000e-01	
agroforestry	Fri Nov 07 14:59:57 CET 2025	19/10/2000	19	10	2000	293	2000	6.60300e+00	2.04600e+01	5.90000e+01	9.90000e+01	0.00000e+00	0.00000e+00	0.00000e+00	0.00000e+00	0.00000e+00	0.00000e+00	0.00000e+00	0.00000e+00	1.11166e+00	2.53935e+01	1.14800e+01	1.09802e+01	1.44134e+01	1.94424e+01	-6.79368e+01	-1.76736e-01	1.07468e+01	1.22382e+01	-6.34000e+00	6.00000e-01	
agroforestry	Fri Nov 07 14:59:57 CET 2025	20/10/2000	20	10	2000	294	2000	9.27000e+00	1.82600e+01	9.00000e+01	9.90000e+01	2.60000e+00	2.60000e+00	0.00000e+00	0.00000e+00	0.00000e+00	0.00000e+00	0.00000e+00	2.60000e+00	6.53999e-01	7.85253e+00	3.55000e+00	7.53492e+00	3.17613e-01	1.91934e+01	-1.50279e+01	-1.83002e-01	1.06967e+01	1.48636e+01	-6.35000e+00	1.80000e+00	
agroforestry	Fri Nov 07 14:59:57 CET 2025	21/10/2000	21	10	2000	295	2000	1.35200e+01	2.00800e+01	6.70000e+01	9.70000e+01	0.00000e+00	0.00000e+00	0.00000e+00	0.00000e+00	0.00000e+00	0.00000e+00	0.00000e+00	0.00000e+00	1.52855e+00	2.54157e+01	1.14900e+01	1.04615e+01	1.49542e+01	1.89463e+01	-7.18829e+01	-1.89222e-01	1.06469e+01	1.56754e+01	-6.29000e+00	2.30000e+00	
agroforestry	Fri Nov 07 14:59:57 CET 2025	22/10/2000	22	10	2000	296	2000	1.18000e+01	2.16600e+01	5.50000e+01	9.90000e+01	0.00000e+00	0.00000e+00	0.00000e+00	0.00000e+00	0.00000e+00	0.00000e+00	0.00000e+00	0.00000e+00	1.30913e+00	2.58138e+01	1.16700e+01	1.00356e+01	1.57782e+01	1.87012e+01	-7.47871e+01	-1.95396e-01	1.05973e+01	1.46543e+01	-6.30000e+00	8.00000e-01	
agroforestry	Fri Nov 07 14:59:57 CET 2025	23/10/2000	23	10	2000	297	2000	1.20500e+01	1.60700e+01	8.90000e+01	9.90000e+01	8.00000e-01	8.00000e-01	0.00000e+00	0.00000e+00	0.00000e+00	0.00000e+00	0.00000e+00	8.00000e-01	5.37055e-01	5.19816e+00	2.35000e+00	5.14617e+00	5.19814e-02	1.84582e+01	-7.56079e+00	-2.01521e-01	1.05479e+01	1.50710e+01	-6.30000e+00	4.00000e-01	
agroforestry	Fri Nov 07 14:59:57 CET 2025	24/10/2000	24	10	2000	298	2000	9.53000e+00	2.06600e+01	6.60000e+01	9.90000e+01	0.00000e+00	0.00000e+00	0.00000e+00	0.00000e+00	0.00000e+00	0.00000e+00	0.00000e+00	0.00000e+00	9.82893e-01	2.17659e+01	9.84000e+00	1.08353e+01	1.09306e+01	1.82174e+01	-6.22992e+01	-2.07595e-01	1.04987e+01	1.41422e+01	-6.30000e+00	5.00000e-01	
agroforestry	Fri Nov 07 14:59:57 CET 2025	25/10/2000	25	10	2000	299	2000	8.97000e+00	1.81500e+01	7.50000e+01	9.90000e+01	2.00000e-01	2.00000e-01	0.00000e+00	0.00000e+00	0.00000e+00	0.00000e+00	0.00000e+00	2.00000e-01	8.24461e-01	2.15889e+01	9.76000e+00	1.06710e+01	1.09180e+01	1.79788e+01	-6.10789e+01	-2.13617e-01	1.04498e+01	1.35026e+01	-6.31000e+00	5.00000e-01	
agroforestry	Fri Nov 07 14:59:57 CET 2025	26/10/2000	26	10	2000	300	2000	8.95000e+00	2.16000e+01	5.40000e+01	9.90000e+01	0.00000e+00	0.00000e+00	0.00000e+00	0.00000e+00	0.00000e+00	0.00000e+00	0.00000e+00	0.00000e+00	1.03231e+00	1.86249e+01	8.42000e+00	1.08595e+01	7.76536e+00	1.77426e+01	-5.39657e+01	-2.19584e-01	1.04011e+01	1.32664e+01	-6.31000e+00	7.00000e-01	
agroforestry	Fri Nov 07 14:59:57 CET 2025	27/10/2000	27	10	2000	301	2000	6.83400e+00	2.26600e+01	3.80000e+01	9.80000e+01	0.00000e+00	0.00000e+00	0.00000e+00	0.00000e+00	0.00000e+00	0.00000e+00	0.00000e+00	0.00000e+00	1.20465e+00	2.69419e+01	1.21800e+01	7.96546e+00	1.89765e+01	1.75088e+01	-8.35084e+01	-2.25494e-01	1.03528e+01	1.13981e+01	-6.31000e+00	1.10000e+00	
agroforestry	Fri Nov 07 14:59:57 CET 2025	28/10/2000	28	10	2000	302	2000	4.54900e+00	1.94800e+01	6.50000e+01	9.90000e+01	4.00000e-01	4.00000e-01	0.00000e+00	0.00000e+00	0.00000e+00	0.00000e+00	0.00000e+00	4.00000e-01	7.97456e-01	2.43539e+01	1.10100e+01	9.04945e+00	1.53045e+01	1.72775e+01	-7.27893e+01	-2.31346e-01	1.03046e+01	1.15007e+01	-6.32000e+00	9.00000e-01	
agroforestry	Fri Nov 07 14:59:57 CET 2025	29/10/2000	29	10	2000	303	2000	1.07300e+01	1.92600e+01	5.30000e+01	9.90000e+01	0.00000e+00	0.00000e+00	0.00000e+00	0.00000e+00	0.00000e+00	0.00000e+00	0.00000e+00	0.00000e+00	9.38662e-01	1.90009e+01	8.59000e+00	1.03555e+01	8.64545e+00	1.70488e+01	-5.70688e+01	-2.37137e-01	1.02568e+01	1.29444e+01	-6.32000e+00	6.00000e-01	
agroforestry	Fri Nov 07 14:59:57 CET 2025	30/10/2000	30	10	2000	304	2000	6.98500e+00	1.82200e+01	8.30000e+01	9.90000e+01	1.40000e+00	1.40000e+00	0.00000e+00	0.00000e+00	0.00000e+00	0.00000e+00	0.00000e+00	1.40000e+00	6.11766e-01	1.09051e+01	4.93000e+00	8.93158e+00	1.97349e+00	1.68228e+01	-2.87275e+01	-2.42866e-01	1.02094e+01	1.32663e+01	-6.32000e+00	1.10000e+00	
agroforestry	Fri Nov 07 14:59:57 CET 2025	31/10/2000	31	10	2000	305	2000	8.30000e+00	1.59700e+01	5.40000e+01	9.50000e+01	1.00000e+00	1.00000e+00	0.00000e+00	0.00000e+00	0.00000e+00	0.00000e+00	0.00000e+00	1.00000e+00	1.05282e+00	1.43779e+01	6.50000e+00	9.93443e+00	4.44345e+00	1.65996e+01	-4.06969e+01	-2.48530e-01	1.01622e+01	1.05321e+01	-6.33000e+00	1.80000e+00	
agroforestry	Fri Nov 07 14:59:57 CET 2025	1/11/2000	1	11	2000	306	2000	6.07900e+00	1.75900e+01	5.30000e+01	9.80000e+01	0.00000e+00	0.00000e+00	0.00000e+00	0.00000e+00	0.00000e+00	0.00000e+00	0.00000e+00	0.00000e+00	7.66023e-01	2.52608e+01	1.14200e+01	7.41686e+00	1.78440e+01	1.63793e+01	-7.95776e+01	-2.54128e-01	1.01154e+01	1.04640e+01	-6.33000e+00	1.00000e+00	
agroforestry	Fri Nov 07 14:59:57 CET 2025	2/11/2000	2	11	2000	307	2000	7.03000e+00	1.49300e+01	7.60000e+01	9.90000e+01	2.00000e-01	2.00000e-01	0.00000e+00	0.00000e+00	0.00000e+00	0.00000e+00	0.00000e+00	2.00000e-01	5.53735e-01	7.10046e+00	3.21000e+00	6.68721e+00	4.13249e-01	1.61619e+01	-1.62568e+01	-2.59658e-01	1.00690e+01	1.14597e+01	-6.33000e+00	5.00000e-01	
agroforestry	Fri Nov 07 14:59:57 CET 2025	3/11/2000	3	11	2000	308	2000	8.24000e+00	1.62700e+01	4.70000e+01	9.90000e+01	0.00000e+00	0.00000e+00	0.00000e+00	0.00000e+00	0.00000e+00	0.00000e+00	0.00000e+00	0.00000e+00	1.11844e+00	1.32055e+01	5.97000e+00	9.42004e+00	3.78549e+00	1.59475e+01	-3.86358e+01	-2.65117e-01	1.00229e+01	1.04019e+01	-6.33000e+00	2.10000e+00	
agroforestry	Fri Nov 07 14:59:57 CET 2025	4/11/2000	4	11	2000	309	2000	5.22200e+00	1.48700e+01	5.20000e+01	8.90000e+01	0.00000e+00	0.00000e+00	0.00000e+00	0.00000e+00	0.00000e+00	0.00000e+00	0.00000e+00	0.00000e+00	9.38220e-01	1.74304e+01	7.88000e+00	9.56959e+00	7.86082e+00	1.57362e+01	-5.31820e+01	-2.70504e-01	9.97731e+00	8.67543e+00	-6.34000e+00	1.80000e+00	
agroforestry	Fri Nov 07 14:59:57 CET 2025	5/11/2000	5	11	2000	310	2000	2.30000e-01	1.51700e+01	6.20000e+01	9.90000e+01	4.80000e+00	4.80000e+00	0.00000e+00	0.00000e+00	0.00000e+00	0.00000e+00	0.00000e+00	4.80000e+00	6.73395e-01	1.09051e+01	4.93000e+00	8.58517e+00	2.31990e+00	1.55281e+01	-3.02072e+01	-2.75817e-01	9.93211e+00	8.45331e+00	-6.34000e+00	1.60000e+00	
agroforestry	Fri Nov 07 14:59:57 CET 2025	6/11/2000	6	11	2000	311	2000	7.49000e+00	1.70600e+01	5.40000e+01	9.70000e+01	3.60000e+00	3.60000e+00	0.00000e+00	0.00000e+00	0.00000e+00	0.00000e+00	0.00000e+00	3.60000e+00	9.78793e-01	1.49088e+01	6.74000e+00	9.36552e+00	5.54323e+00	1.53233e+01	-4.70974e+01	-2.81054e-01	9.88735e+00	1.07723e+01	-6.34000e+00	2.10000e+00	
agroforestry	Fri Nov 07 14:59:57 CET 2025	7/11/2000	7	11	2000	312	2000	6.89000e+00	1.43300e+01	5.00000e+01	7.90000e+01	0.00000e+00	0.00000e+00	0.00000e+00	0.00000e+00	0.00000e+00	0.00000e+00	0.00000e+00	0.00000e+00	1.35329e+00	1.47318e+01	6.66000e+00	9.24342e+00	5.48837e+00	1.51217e+01	-4.58795e+01	-2.86212e-01	9.84305e+00	8.24192e+00	-6.35000e+00	2.80000e+00	
agroforestry	Fri Nov 07 14:59:57 CET 2025	8/11/2000	8	11	2000	313	2000	4.02800e+00	1.40300e+01	5.40000e+01	9.90000e+01	8.00000e-01	8.00000e-01	0.00000e+00	0.00000e+00	0.00000e+00	0.00000e+00	0.00000e+00	8.00000e-01	5.06270e-01	1.76295e+01	7.97000e+00	8.91581e+00	8.71368e+00	1.49237e+01	-5.65412e+01	-2.91291e-01	9.79925e+00	8.79155e+00	-6.35000e+00	8.00000e-01	
agroforestry	Fri Nov 07 14:59:57 CET 2025	9/11/2000	9	11	2000	314	2000	2.45900e+00	1.49200e+01	4.90000e+01	9.90000e+01	0.00000e+00	0.00000e+00	0.00000e+00	0.00000e+00	0.00000e+00	0.00000e+00	0.00000e+00	0.00000e+00	4.19409e-01	2.09696e+01	9.48000e+00	7.61795e+00	1.33516e+01	1.47290e+01	-6.99332e+01	-2.96287e-01	9.75595e+00	8.31128e+00	-6.35000e+00	7.00000e-01	
agroforestry	Fri Nov 07 14:59:57 CET 2025	10/11/2000	10	11	2000	315	2000	-7.40000e-01	1.45800e+01	4.60000e+01	9.90000e+01	0.00000e+00	0.00000e+00	0.00000e+00	0.00000e+00	0.00000e+00	0.00000e+00	0.00000e+00	0.00000e+00	4.06786e-01	2.04166e+01	9.23000e+00	7.64899e+00	1.27676e+01	1.45380e+01	-6.77337e+01	-3.01199e-01	9.71317e+00	7.21744e+00	-6.35000e+00	9.00000e-01	
agroforestry	Fri Nov 07 14:59:57 CET 2025	11/11/2000	11	11	2000	316	2000	-2.42800e+00	1.32900e+01	6.00000e+01	9.90000e+01	2.00000e-01	2.00000e-01	0.00000e+00	0.00000e+00	0.00000e+00	0.00000e+00	0.00000e+00	2.00000e-01	3.88180e-01	1.50194e+01	6.79000e+00	8.78487e+00	6.23449e+00	1.43506e+01	-4.75616e+01	-3.06025e-01	9.67096e+00	7.14081e+00	-6.36000e+00	1.00000e+00	
agroforestry	Fri Nov 07 14:59:57 CET 2025	12/11/2000	12	11	2000	317	2000	1.02100e+01	1.62200e+01	8.60000e+01	9.80000e+01	2.44000e+01	2.44000e+01	0.00000e+00	0.00000e+00	0.00000e+00	0.00000e+00	0.00000e+00	2.44000e+01	6.41779e-01	2.03502e+00	9.20000e-01	2.01467e+00	2.03502e-02	1.41669e+01	3.87862e-01	-3.10764e-01	9.62931e+00	1.39609e+01	-6.36000e+00	2.90000e+00	
agroforestry	Fri Nov 07 14:59:57 CET 2025	13/11/2000	13	11	2000	318	2000	1.02700e+01	1.68300e+01	7.30000e+01	9.70000e+01	3.00000e+00	3.00000e+00	0.00000e+00	0.00000e+00	0.00000e+00	0.00000e+00	0.00000e+00	3.00000e+00	7.92562e-01	3.89309e+00	1.76000e+00	3.85416e+00	3.89309e-02	1.39869e+01	-7.37324e+00	-3.15412e-01	9.58827e+00	1.31836e+01	-5.94000e+00	2.00000e+00	
agroforestry	Fri Nov 07 14:59:57 CET 2025	14/11/2000	14	11	2000	319	2000	2.32000e+00	1.60100e+01	5.00000e+01	9.90000e+01	2.00000e+00	2.00000e+00	0.00000e+00	0.00000e+00	0.00000e+00	0.00000e+00	0.00000e+00	2.00000e+00	3.21576e-01	2.05272e+01	9.28000e+00	6.70177e+00	1.38254e+01	1.38108e+01	-7.41349e+01	-3.19969e-01	9.54784e+00	8.64063e+00	-5.89000e+00	8.00000e-01	
agroforestry	Fri Nov 07 14:59:57 CET 2025	15/11/2000	15	11	2000	320	2000	1.63200e+00	1.25000e+01	6.60000e+01	9.90000e+01	0.00000e+00	0.00000e+00	0.00000e+00	0.00000e+00	0.00000e+00	0.00000e+00	0.00000e+00	0.00000e+00	3.67005e-01	1.01751e+01	4.60000e+00	7.74875e+00	2.42636e+00	1.36386e+01	-3.20110e+01	-3.24432e-01	9.50806e+00	8.29564e+00	-5.85000e+00	5.00000e-01	
agroforestry	Fri Nov 07 14:59:57 CET 2025	16/11/2000	16	11	2000	321	2000	2.40000e-02	1.31600e+01	4.90000e+01	9.80000e+01	2.00000e-01	2.00000e-01	0.00000e+00	0.00000e+00	0.00000e+00	0.00000e+00	0.00000e+00	2.00000e-01	3.88708e-01	1.44664e+01	6.54000e+00	8.22902e+00	6.23734e+00	1.34704e+01	-4.94635e+01	-3.28799e-01	9.46896e+00	7.15385e+00	-5.87000e+00	8.00000e-01	
agroforestry	Fri Nov 07 14:59:57 CET 2025	17/11/2000	17	11	2000	322	2000	2.95100e+00	1.32800e+01	3.70000e+01	8.00000e+01	0.00000e+00	0.00000e+00	0.00000e+00	0.00000e+00	0.00000e+00	0.00000e+00	0.00000e+00	0.00000e+00	9.74090e-01	2.16553e+01	9.79000e+00	5.27370e+00	1.63816e+01	1.33062e+01	-8.00200e+01	-3.33069e-01	9.43054e+00	6.31944e+00	-5.87000e+00	3.00000e+00	
agroforestry	Fri Nov 07 14:59:57 CET 2025	18/11/2000	18	11	2000	323	2000	1.17000e-01	1.31900e+01	4.20000e+01	9.70000e+01	0.00000e+00	0.00000e+00	0.00000e+00	0.00000e+00	0.00000e+00	0.00000e+00	0.00000e+00	0.00000e+00	6.04467e-01	1.40240e+01	6.34000e+00	8.03638e+00	5.98759e+00	1.31461e+01	-4.91231e+01	-3.37240e-01	9.39285e+00	6.79321e+00	-5.89000e+00	1.70000e+00	
agroforestry	Fri Nov 07 14:59:57 CET 2025	19/11/2000	19	11	2000	324	2000	-1.09700e+00	1.30800e+01	7.50000e+01	9.90000e+01	4.40000e+00	4.40000e+00	0.00000e+00	0.00000e+00	0.00000e+00	0.00000e+00	0.00000e+00	4.40000e+00	2.10493e-01	1.24977e+01	5.65000e+00	7.93068e+00	4.56701e+00	1.29902e+01	-4.32887e+01	-3.41310e-01	9.35590e+00	8.12410e+00	-5.90000e+00	9.00000e-01	
agroforestry	Fri Nov 07 14:59:57 CET 2025	20/11/2000	20	11	2000	325	2000	3.02700e+00	1.08000e+01	8.10000e+01	9.90000e+01	4.00000e-01	4.00000e-01	0.00000e+00	0.00000e+00	0.00000e+00	0.00000e+00	0.00000e+00	4.00000e-01	4.07505e-01	3.71613e+00	1.68000e+00	3.67897e+00	3.71614e-02	1.28384e+01	-7.64937e+00	-3.45277e-01	9.31972e+00	8.95559e+00	-5.82000e+00	9.00000e-01	
agroforestry	Fri Nov 07 14:59:57 CET 2025	21/11/2000	21	11	2000	326	2000	1.57400e+00	1.46900e+01	5.30000e+01	9.90000e+01	2.00000e-01	2.00000e-01	0.00000e+00	0.00000e+00	0.00000e+00	0.00000e+00	0.00000e+00	2.00000e-01	2.15342e-01	1.93327e+01	8.74000e+00	5.89097e+00	1.34417e+01	1.26909e+01	-7.50208e+01	-3.49140e-01	9.28433e+00	8.21908e+00	-5.82000e+00	1.30000e+00	
agroforestry	Fri Nov 07 14:59:57 CET 2025	22/11/2000	22	11	2000	327	2000	7.46000e+00	1.47800e+01	7.40000e+01	9.30000e+01	2.00000e-01	2.00000e-01	0.00000e+00	0.00000e+00	0.00000e+00	0.00000e+00	0.00000e+00	2.00000e-01	4.70145e-01	1.13696e+01	5.14000e+00	7.58892e+00	3.78067e+00	1.25478e+01	-4.24002e+01	-3.52896e-01	9.24977e+00	1.10381e+01	-5.83000e+00	1.70000e+00	
agroforestry	Fri Nov 07 14:59:57 CET 2025	23/11/2000	23	11	2000	328	2000	8.35000e+00	1.56600e+01	7.60000e+01	9.80000e+01	1.76000e+01	1.76000e+01	0.00000e+00	0.00000e+00	0.00000e+00	0.00000e+00	0.00000e+00	1.76000e+01	7.34033e-01	2.61014e+00	1.18000e+00	2.58404e+00	2.61014e-02	1.24090e+01	-3.45194e+00	-3.56544e-01	9.21606e+00	1.21943e+01	-5.84000e+00	2.50000e+00	
agroforestry	Fri Nov 07 14:59:57 CET 2025	24/11/2000	24	11	2000	329	2000	1.08400e+00	1.22500e+01	4.80000e+01	9.80000e+01	0.00000e+00	0.00000e+00	0.00000e+00	0.00000e+00	0.00000e+00	0.00000e+00	0.00000e+00	0.00000e+00	2.56334e-01	1.98194e+01	8.96000e+00	4.97564e+00	1.48437e+01	1.22746e+01	-7.79471e+01	-3.60082e-01	9.18322e+00	7.14195e+00	-5.54000e+00	2.00000e+00	
agroforestry	Fri Nov 07 14:59:57 CET 2025	25/11/2000	25	11	2000	330	2000	1.50000e+00	1.57300e+01	5.90000e+01	9.90000e+01	2.00000e-01	2.00000e-01	0.00000e+00	0.00000e+00	0.00000e+00	0.00000e+00	0.00000e+00	2.00000e-01	1.44614e-01	1.66783e+01	7.54000e+00	6.55292e+00	1.01254e+01	1.21447e+01	-6.75244e+01	-3.63508e-01	9.15128e+00	8.82821e+00	-5.56000e+00	1.00000e+00	
agroforestry	Fri Nov 07 14:59:57 CET 2025	26/11/2000	26	11	2000	331	2000	5.89700e+00	1.46400e+01	5.00000e+01	9.90000e+01	2.60000e+00	2.60000e+00	0.00000e+00	0.00000e+00	0.00000e+00	0.00000e+00	0.00000e+00	2.60000e+00	4.82521e-01	1.47982e+01	6.69000e+00	7.05008e+00	7.74808e+00	1.20193e+01	-6.01408e+01	-3.66822e-01	9.12027e+00	9.30516e+00	-5.58000e+00	1.90000e+00	
agroforestry	Fri Nov 07 14:59:57 CET 2025	27/11/2000	27	11	2000	332	2000	5.30800e+00	1.23800e+01	7.10000e+01	9.90000e+01	4.00000e-01	4.00000e-01	0.00000e+00	0.00000e+00	0.00000e+00	0.00000e+00	0.00000e+00	4.00000e-01	3.51357e-01	6.90138e+00	3.12000e+00	5.92910e+00	9.72287e-01	1.18985e+01	-2.34727e+01	-3.70021e-01	9.09021e+00	9.64705e+00	-5.55000e+00	6.00000e-01	
agroforestry	Fri Nov 07 14:59:57 CET 2025	28/11/2000	28	11	2000	333	2000	3.18000e+00	1.40800e+01	7.50000e+01	9.90000e+01	2.00000e-01	2.00000e-01	0.00000e+00	0.00000e+00	0.00000e+00	0.00000e+00	0.00000e+00	2.00000e-01	8.51742e-02	1.31171e+01	5.93000e+00	7.15815e+00	5.95890e+00	1.17823e+01	-5.27320e+01	-3.73104e-01	9.06112e+00	9.73208e+00	-5.56000e+00	7.00000e-01	
agroforestry	Fri Nov 07 14:59:57 CET 2025	29/11/2000	29	11	2000	334	2000	1.24000e+01	1.40600e+01	8.40000e+01	9.80000e+01	6.00000e+00	6.00000e+00	0.00000e+00	0.00000e+00	0.00000e+00	0.00000e+00	0.00000e+00	6.00000e+00	5.91536e-01	1.39355e+00	6.30000e-01	1.37961e+00	1.39354e-02	1.16707e+01	1.71100e+00	-3.76069e-01	9.03304e+00	1.38227e+01	-5.58000e+00	2.00000e+00	
agroforestry	Fri Nov 07 14:59:57 CET 2025	30/11/2000	30	11	2000	335	2000	1.15300e+01	1.37500e+01	9.50000e+01	9.80000e+01	2.80000e+00	2.80000e+00	0.00000e+00	0.00000e+00	0.00000e+00	0.00000e+00	0.00000e+00	2.80000e+00	3.06668e-01	3.67189e+00	1.66000e+00	3.63517e+00	3.67188e-02	1.15638e+01	-9.49784e+00	-3.78915e-01	9.00599e+00	1.41028e+01	-5.48000e+00	1.00000e+00	
agroforestry	Fri Nov 07 14:59:57 CET 2025	1/12/2000	1	12	2000	336	2000	1.13600e+01	1.54400e+01	8.50000e+01	9.90000e+01	0.00000e+00	0.00000e+00	0.00000e+00	0.00000e+00	0.00000e+00	0.00000e+00	0.00000e+00	0.00000e+00	3.53415e-01	8.89217e+00	4.02000e+00	6.61617e+00	2.27599e+00	1.14617e+01	-3.58607e+01	-3.81640e-01	8.97999e+00	1.41305e+01	-5.45000e+00	2.50000e+00	
agroforestry	Fri Nov 07 14:59:57 CET 2025	2/12/2000	2	12	2000	337	2000	8.49000e+00	1.58600e+01	7.80000e+01	9.80000e+01	4.00000e+00	4.00000e+00	0.00000e+00	0.00000e+00	0.00000e+00	0.00000e+00	0.00000e+00	4.00000e+00	3.38786e-01	1.04406e+01	4.72000e+00	6.89141e+00	3.54915e+00	1.13643e+01	-4.37347e+01	-3.84244e-01	8.95506e+00	1.24734e+01	-5.48000e+00	2.10000e+00	
agroforestry	Fri Nov 07 14:59:57 CET 2025	3/12/2000	3	12	2000	338	2000	6.44000e-01	1.61800e+01	4.60000e+01	9.90000e+01	2.00000e-01	2.00000e-01	0.00000e+00	0.00000e+00	0.00000e+00	0.00000e+00	0.00000e+00	2.00000e-01	0.00000e+00	1.76074e+01	7.96000e+00	4.96428e+00	1.26431e+01	1.12716e+01	-7.80356e+01	-3.86724e-01	8.93124e+00	7.99111e+00	-5.42000e+00	7.00000e-01	
agroforestry	Fri Nov 07 14:59:57 CET 2025	4/12/2000	4	12	2000	339	2000	-4.29000e-01	1.40500e+01	6.70000e+01	9.90000e+01	2.00000e-01	2.00000e-01	0.00000e+00	0.00000e+00	0.00000e+00	0.00000e+00	0.00000e+00	2.00000e-01	0.00000e+00	1.51963e+01	6.87000e+00	6.10036e+00	9.09595e+00	1.11838e+01	-6.51573e+01	-3.89080e-01	8.90854e+00	8.20081e+00	-5.44000e+00	7.00000e-01	
agroforestry	Fri Nov 07 14:59:57 CET 2025	5/12/2000	5	12	2000	340	2000	9.83000e+00	1.44000e+01	9.00000e+01	9.60000e+01	4.00000e-01	4.00000e-01	0.00000e+00	0.00000e+00	0.00000e+00	0.00000e+00	0.00000e+00	4.00000e-01	3.87594e-01	4.22488e+00	1.91000e+00	4.12486e+00	1.00027e-01	1.11009e+01	-1.30479e+01	-3.91309e-01	8.88698e+00	1.31302e+01	-5.47000e+00	1.80000e+00	
agroforestry	Fri Nov 07 14:59:57 CET 2025	6/12/2000	6	12	2000	341	2000	1.37500e+01	1.49400e+01	9.10000e+01	9.80000e+01	9.60000e+00	9.60000e+00	0.00000e+00	0.00000e+00	0.00000e+00	0.00000e+00	0.00000e+00	9.60000e+00	4.95607e-01	2.18986e+00	9.90000e-01	2.16796e+00	2.18985e-02	1.10228e+01	-2.77017e+00	-3.93412e-01	8.86660e+00	1.54337e+01	-5.48000e+00	3.00000e+00	
agroforestry	Fri Nov 07 14:59:57 CET 2025	7/12/2000	7	12	2000	342	2000	1.44300e+01	1.59300e+01	8.90000e+01	9.70000e+01	6.20000e+00	6.20000e+00	0.00000e+00	0.00000e+00	0.00000e+00	0.00000e+00	0.00000e+00	6.20000e+00	6.02011e-01	2.32258e+00	1.05000e+00	2.29935e+00	2.32258e-02	1.09497e+01	-3.53843e+00	-3.95387e-01	8.84740e+00	1.60295e+01	-5.33000e+00	3.60000e+00	
agroforestry	Fri Nov 07 14:59:57 CET 2025	8/12/2000	8	12	2000	343	2000	1.22900e+01	1.60900e+01	8.30000e+01	9.90000e+01	0.00000e+00	0.00000e+00	0.00000e+00	0.00000e+00	0.00000e+00	0.00000e+00	0.00000e+00	0.00000e+00	4.02321e-01	6.25991e+00	2.83000e+00	5.39543e+00	8.64475e-01	1.08815e+01	-2.45848e+01	-3.97233e-01	8.82941e+00	1.47136e+01	-5.24000e+00	1.90000e+00	
agroforestry	Fri Nov 07 14:59:57 CET 2025	9/12/2000	9	12	2000	344	2000	2.86700e+00	1.57300e+01	7.10000e+01	9.90000e+01	2.00000e-01	2.00000e-01	0.00000e+00	0.00000e+00	0.00000e+00	0.00000e+00	0.00000e+00	2.00000e-01	1.64199e-01	9.02488e+00	4.08000e+00	6.40511e+00	2.61977e+00	1.08182e+01	-3.80589e+01	-3.98948e-01	8.81264e+00	9.94755e+00	-5.28000e+00	5.00000e-01	
agroforestry	Fri Nov 07 14:59:57 CET 2025	10/12/2000	10	12	2000	345	2000	1.23800e+00	1.46100e+01	7.30000e+01	9.90000e+01	0.00000e+00	0.00000e+00	0.00000e+00	0.00000e+00	0.00000e+00	0.00000e+00	0.00000e+00	0.00000e+00	0.00000e+00	1.38912e+01	6.28000e+00	6.12967e+00	7.76157e+00	1.07600e+01	-6.22910e+01	-4.00533e-01	8.79712e+00	9.16982e+00	-5.31000e+00	7.00000e-01	
agroforestry	Fri Nov 07 14:59:57 CET 2025	11/12/2000	11	12	2000	346	2000	5.22000e-01	1.40700e+01	6.00000e+01	9.90000e+01	4.00000e-01	4.00000e-01	0.00000e+00	0.00000e+00	0.00000e+00	0.00000e+00	0.00000e+00	4.00000e-01	0.00000e+00	1.28737e+01	5.82000e+00	6.35113e+00	6.52261e+00	1.07067e+01	-5.70039e+01	-4.01986e-01	8.78286e+00	8.12095e+00	-5.34000e+00	5.00000e-01	
agroforestry	Fri Nov 07 14:59:57 CET 2025	12/12/2000	12	12	2000	347	2000	3.08300e+00	1.17700e+01	8.20000e+01	9.90000e+01	0.00000e+00	0.00000e+00	0.00000e+00	0.00000e+00	0.00000e+00	0.00000e+00	0.00000e+00	0.00000e+00	2.99186e-01	3.89309e+00	1.76000e+00	3.83599e+00	5.70927e-02	1.06585e+01	-1.17300e+01	-4.03306e-01	8.76988e+00	9.32752e+00	-5.37000e+00	6.00000e-01	
agroforestry	Fri Nov 07 14:59:57 CET 2025	13/12/2000	13	12	2000	348	2000	3.96400e+00	1.56000e+01	6.60000e+01	9.90000e+01	0.00000e+00	0.00000e+00	0.00000e+00	0.00000e+00	0.00000e+00	0.00000e+00	0.00000e+00	0.00000e+00	2.61964e-01	8.80369e+00	3.98000e+00	6.27341e+00	2.53028e+00	1.06153e+01	-3.79055e+01	-4.04492e-01	8.75819e+00	9.97401e+00	-5.40000e+00	1.00000e+00	
agroforestry	Fri Nov 07 14:59:57 CET 2025	14/12/2000	14	12	2000	349	2000	3.54700e+00	1.19400e+01	7.40000e+01	9.90000e+01	0.00000e+00	0.00000e+00	0.00000e+00	0.00000e+00	0.00000e+00	0.00000e+00	0.00000e+00	0.00000e+00	2.59892e-01	5.77327e+00	2.61000e+00	5.07594e+00	6.97336e-01	1.05771e+01	-2.14145e+01	-4.05544e-01	8.74781e+00	9.11036e+00	-5.43000e+00	5.00000e-01	
agroforestry	Fri Nov 07 14:59:57 CET 2025	15/12/2000	15	12	2000	350	2000	5.07100e+00	1.25200e+01	4.60000e+01	8.10000e+01	0.00000e+00	0.00000e+00	0.00000e+00	0.00000e+00	0.00000e+00	0.00000e+00	0.00000e+00	0.00000e+00	6.11585e-01	1.39134e+01	6.29000e+00	5.90609e+00	8.00727e+00	1.05440e+01	-6.35324e+01	-4.06462e-01	8.73874e+00	7.18332e+00	-5.46000e+00	2.50000e+00	
agroforestry	Fri Nov 07 14:59:57 CET 2025	16/12/2000	16	12	2000	351	2000	1.22800e+00	1.15800e+01	4.10000e+01	8.90000e+01	0.00000e+00	0.00000e+00	0.00000e+00	0.00000e+00	0.00000e+00	0.00000e+00	0.00000e+00	0.00000e+00	1.62995e-01	1.72756e+01	7.81000e+00	4.05152e+00	1.32241e+01	1.05160e+01	-7.90196e+01	-4.07245e-01	8.73100e+00	6.24512e+00	-5.49000e+00	2.00000e+00	
agroforestry	Fri Nov 07 14:59:57 CET 2025	17/12/2000	17	12	2000	352	2000	3.18000e+00	1.26100e+01	6.60000e+01	9.90000e+01	0.00000e+00	0.00000e+00	0.00000e+00	0.00000e+00	0.00000e+00	0.00000e+00	0.00000e+00	0.00000e+00	7.12413e-02	1.11705e+01	5.05000e+00	6.41582e+00	4.75469e+00	1.04931e+01	-4.93970e+01	-4.07891e-01	8.72459e+00	8.77927e+00	-5.52000e+00	9.00000e-01	
agroforestry	Fri Nov 07 14:59:57 CET 2025	18/12/2000	18	12	2000	353	2000	5.69000e-01	1.44300e+01	5.20000e+01	9.90000e+01	2.00000e-01	2.00000e-01	0.00000e+00	0.00000e+00	0.00000e+00	0.00000e+00	0.00000e+00	2.00000e-01	0.00000e+00	1.57051e+01	7.10000e+00	5.00810e+00	1.06970e+01	1.04754e+01	-7.33059e+01	-4.08402e-01	8.71953e+00	7.82045e+00	-5.55000e+00	6.00000e-01	
agroforestry	Fri Nov 07 14:59:57 CET 2025	19/12/2000	19	12	2000	354	2000	-5.14000e-01	1.30700e+01	6.10000e+01	9.90000e+01	0.00000e+00	0.00000e+00	0.00000e+00	0.00000e+00	0.00000e+00	0.00000e+00	0.00000e+00	0.00000e+00	3.03419e-02	1.13032e+01	5.11000e+00	6.38719e+00	4.91604e+00	1.04627e+01	-4.97333e+01	-4.08776e-01	8.71582e+00	7.61979e+00	-5.56000e+00	6.00000e-01	
agroforestry	Fri Nov 07 14:59:57 CET 2025	20/12/2000	20	12	2000	355	2000	8.39000e+00	1.34400e+01	7.70000e+01	9.40000e+01	2.00000e-01	2.00000e-01	0.00000e+00	0.00000e+00	0.00000e+00	0.00000e+00	0.00000e+00	2.00000e-01	3.52380e-01	7.25530e+00	3.28000e+00	5.74737e+00	1.50793e+00	1.04551e+01	-3.02804e+01	-4.09013e-01	8.71346e+00	1.11495e+01	-5.59000e+00	1.50000e+00	
agroforestry	Fri Nov 07 14:59:57 CET 2025	21/12/2000	21	12	2000	356	2000	9.64000e+00	1.23000e+01	7.10000e+01	8.90000e+01	0.00000e+00	0.00000e+00	0.00000e+00	0.00000e+00	0.00000e+00	0.00000e+00	0.00000e+00	0.00000e+00	4.92596e-01	4.49032e+00	2.03000e+00	4.25471e+00	2.35610e-01	1.04527e+01	-1.55447e+01	-4.09114e-01	8.71246e+00	1.04705e+01	-5.61000e+00	6.00000e-01	
agroforestry	Fri Nov 07 14:59:57 CET 2025	22/12/2000	22	12	2000	357	2000	9.08000e+00	1.23600e+01	4.50000e+01	7.90000e+01	0.00000e+00	0.00000e+00	0.00000e+00	0.00000e+00	0.00000e+00	0.00000e+00	0.00000e+00	0.00000e+00	1.00338e+00	7.14470e+00	3.23000e+00	5.70426e+00	1.44044e+00	1.04554e+01	-2.94801e+01	-4.09078e-01	8.71283e+00	7.98076e+00	-5.63000e+00	1.90000e+00	
agroforestry	Fri Nov 07 14:59:57 CET 2025	23/12/2000	23	12	2000	358	2000	5.86100e+00	9.96000e+00	4.60000e+01	9.80000e+01	1.52000e+01	1.52000e+01	0.00000e+00	0.00000e+00	0.00000e+00	0.00000e+00	0.00000e+00	1.52000e+01	7.78790e-01	3.91521e+00	1.77000e+00	3.83725e+00	7.79614e-02	1.04633e+01	-1.21475e+01	-4.08904e-01	8.71455e+00	7.67000e+00	-5.65000e+00	1.50000e+00	
agroforestry	Fri Nov 07 14:59:57 CET 2025	24/12/2000	24	12	2000	359	2000	7.12000e+00	1.22700e+01	9.70000e+01	9.90000e+01	7.28000e+01	7.28000e+01	0.00000e+00	0.00000e+00	0.00000e+00	0.00000e+00	0.00000e+00	7.28000e+01	3.20373e-01	1.52627e+00	6.90000e-01	1.51100e+00	1.52627e-02	1.04762e+01	5.20236e-02	-4.08594e-01	8.71763e+00	1.17789e+01	-5.39000e+00	2.50000e+00	
agroforestry	Fri Nov 07 14:59:57 CET 2025	25/12/2000	25	12	2000	360	2000	3.09400e+00	1.46000e+01	7.20000e+01	9.90000e+01	2.60000e+00	2.60000e+00	0.00000e+00	0.00000e+00	0.00000e+00	0.00000e+00	0.00000e+00	2.60000e+00	0.00000e+00	1.22765e+01	5.55000e+00	6.29155e+00	5.98494e+00	1.04944e+01	-5.61123e+01	-4.08146e-01	8.72206e+00	9.70577e+00	-4.31000e+00	9.00000e-01	
agroforestry	Fri Nov 07 14:59:57 CET 2025	26/12/2000	26	12	2000	361	2000	4.99000e+00	1.35900e+01	7.80000e+01	9.90000e+01	2.00000e-01	2.00000e-01	0.00000e+00	0.00000e+00	0.00000e+00	0.00000e+00	0.00000e+00	2.00000e-01	0.00000e+00	1.63244e+01	7.38000e+00	4.69843e+00	1.16260e+01	1.05176e+01	-7.69117e+01	-4.07563e-01	8.72785e+00	1.03512e+01	-4.36000e+00	7.00000e-01	
agroforestry	Fri Nov 07 14:59:57 CET 2025	27/12/2000	27	12	2000	362	2000	8.06000e+00	1.32700e+01	6.20000e+01	9.80000e+01	0.00000e+00	0.00000e+00	0.00000e+00	0.00000e+00	0.00000e+00	0.00000e+00	0.00000e+00	0.00000e+00	5.17070e-01	6.30415e+00	2.85000e+00	5.35022e+00	9.53929e-01	1.05460e+01	-2.48803e+01	-4.06842e-01	8.73498e+00	1.02601e+01	-4.46000e+00	1.40000e+00	
agroforestry	Fri Nov 07 14:59:57 CET 2025	28/12/2000	28	12	2000	363	2000	3.95300e+00	1.04600e+01	4.30000e+01	8.80000e+01	2.00000e-01	2.00000e-01	0.00000e+00	0.00000e+00	0.00000e+00	0.00000e+00	0.00000e+00	2.00000e-01	4.97682e-01	1.45991e+01	6.60000e+00	5.67904e+00	8.92004e+00	1.05795e+01	-6.51590e+01	-4.05986e-01	8.74345e+00	6.64997e+00	-4.55000e+00	2.60000e+00	
agroforestry	Fri Nov 07 14:59:57 CET 2025	29/12/2000	29	12	2000	364	2000	2.78200e+00	1.00700e+01	5.10000e+01	9.80000e+01	6.00000e-01	6.00000e-01	0.00000e+00	0.00000e+00	0.00000e+00	0.00000e+00	0.00000e+00	6.00000e-01	5.29052e-03	1.69217e+01	7.65000e+00	4.45715e+00	1.24645e+01	1.06182e+01	-7.57634e+01	-4.04994e-01	8.75324e+00	7.16873e+00	-4.63000e+00	1.80000e+00	
agroforestry	Fri Nov 07 14:59:57 CET 2025	30/12/2000	30	12	2000	365	2000	2.63200e+00	6.36900e+00	3.40000e+01	9.80000e+01	6.00000e+00	6.00000e+00	0.00000e+00	0.00000e+00	0.00000e+00	0.00000e+00	0.00000e+00	6.00000e+00	7.10114e-01	3.49493e+00	1.58000e+00	3.45998e+00	3.49493e-02	1.06619e+01	-9.39096e+00	-4.03866e-01	8.76436e+00	5.55571e+00	-4.70000e+00	9.00000e-01	
agroforestry	Fri Nov 07 14:59:57 CET 2025	31/12/2000	31	12	2000	366	2000	-2.89000e+00	1.05700e+01	2.90000e+01	9.70000e+01	0.00000e+00	0.00000e+00	0.00000e+00	0.00000e+00	0.00000e+00	0.00000e+00	0.00000e+00	0.00000e+00	0.00000e+00	1.77180e+01	8.01000e+00	4.03626e+00	1.36817e+01	1.07108e+01	-7.74776e+01	-4.02605e-01	8.77678e+00	5.06291e+00	-4.65000e+00	1.10000e+00	
agroforestry	Fri Nov 07 14:59:57 CET 2025	1/1/2001	1	1	2001	1	2001	-2.91000e+00	1.26300e+01	6.80000e+01	9.90000e+01	2.00000e+00	2.00000e+00	0.00000e+00	0.00000e+00	0.00000e+00	0.00000e+00	0.00000e+00	2.00000e+00	5.15953e-01	2.12350e+00	9.60000e-01	2.10227e+00	2.12350e-02	1.07246e+01	-2.83820e+00	-4.02256e-01	8.78021e+00	7.20769e+00	-4.73000e+00	1.10000e+00	
agroforestry	Fri Nov 07 14:59:57 CET 2025	2/1/2001	2	1	2001	2	2001	5.96400e+00	1.66700e+01	5.90000e+01	9.70000e+01	0.00000e+00	0.00000e+00	0.00000e+00	0.00000e+00	0.00000e+00	0.00000e+00	0.00000e+00	0.00000e+00	1.95919e-01	1.42230e+01	6.43000e+00	6.03864e+00	8.18440e+00	1.07798e+01	-6.63840e+01	-4.00825e-01	8.79425e+00	1.04467e+01	-4.76000e+00	1.50000e+00	
agroforestry	Fri Nov 07 14:59:57 CET 2025	3/1/2001	3	1	2001	3	2001	3.18800e+00	1.49700e+01	5.10000e+01	9.90000e+01	0.00000e+00	0.00000e+00	0.00000e+00	0.00000e+00	0.00000e+00	0.00000e+00	0.00000e+00	0.00000e+00	0.00000e+00	1.64571e+01	7.44000e+00	5.06480e+00	1.13923e+01	1.08401e+01	-7.55177e+01	-3.99262e-01	8.80958e+00	8.64830e+00	-4.83000e+00	1.10000e+00	
agroforestry	Fri Nov 07 14:59:57 CET 2025	4/1/2001	4	1	2001	4	2001	2.99900e+00	1.41200e+01	5.00000e+01	9.70000e+01	2.00000e+00	2.00000e+00	0.00000e+00	0.00000e+00	0.00000e+00	0.00000e+00	0.00000e+00	2.00000e+00	3.99403e-01	1.16350e+01	5.26000e+00	6.66658e+00	4.96844e+00	1.09055e+01	-5.02048e+01	-3.97565e-01	8.82616e+00	8.18276e+00	-4.89000e+00	1.70000e+00	
agroforestry	Fri Nov 07 14:59:57 CET 2025	5/1/2001	5	1	2001	5	2001	1.28500e+00	1.30800e+01	8.60000e+01	9.90000e+01	0.00000e+00	0.00000e+00	0.00000e+00	0.00000e+00	0.00000e+00	0.00000e+00	0.00000e+00	0.00000e+00	2.21889e-01	5.77327e+00	2.61000e+00	5.14322e+00	6.30048e-01	1.09759e+01	-2.03871e+01	-3.95738e-01	8.84398e+00	9.37575e+00	-4.91000e+00	1.10000e+00	
agroforestry	Fri Nov 07 14:59:57 CET 2025	6/1/2001	6	1	2001	6	2001	7.73000e+00	1.24300e+01	8.60000e+01	9.80000e+01	4.00000e+00	4.00000e+00	0.00000e+00	0.00000e+00	0.00000e+00	0.00000e+00	0.00000e+00	4.00000e+00	4.06584e-01	2.01290e+00	9.10000e-01	1.99277e+00	2.01291e-02	1.10514e+01	-1.92590e+00	-3.93779e-01	8.86303e+00	1.13469e+01	-4.97000e+00	7.00000e-01	
agroforestry	Fri Nov 07 14:59:57 CET 2025	7/1/2001	7	1	2001	7	2001	1.16200e+00	1.29700e+01	5.70000e+01	9.90000e+01	2.00000e-01	2.00000e-01	0.00000e+00	0.00000e+00	0.00000e+00	0.00000e+00	0.00000e+00	2.00000e-01	1.27517e-01	1.33825e+01	6.05000e+00	6.60383e+00	6.77866e+00	1.11318e+01	-5.65185e+01	-3.91691e-01	8.88329e+00	7.84315e+00	-4.94000e+00	1.10000e+00	
agroforestry	Fri Nov 07 14:59:57 CET 2025	8/1/2001	8	1	2001	8	2001	3.99900e+00	1.12000e+01	5.00000e+01	8.30000e+01	0.00000e+00	0.00000e+00	0.00000e+00	0.00000e+00	0.00000e+00	0.00000e+00	0.00000e+00	0.00000e+00	4.96995e-01	1.69438e+01	7.66000e+00	5.29096e+00	1.16528e+01	1.12173e+01	-7.25771e+01	-3.89475e-01	8.90473e+00	6.93542e+00	-4.99000e+00	2.70000e+00	
agroforestry	Fri Nov 07 14:59:57 CET 2025	9/1/2001	9	1	2001	9	2001	-3.20300e+00	8.42000e+00	4.90000e+01	9.80000e+01	0.00000e+00	0.00000e+00	0.00000e+00	0.00000e+00	0.00000e+00	0.00000e+00	0.00000e+00	0.00000e+00	2.57643e-01	1.06175e+01	4.80000e+00	6.88192e+00	3.73559e+00	1.13078e+01	-3.99265e+01	-3.87130e-01	8.92733e+00	5.41396e+00	-5.04000e+00	1.00000e+00	
agroforestry	Fri Nov 07 14:59:57 CET 2025	10/1/2001	10	1	2001	10	2001	5.64300e+00	1.33200e+01	7.60000e+01	9.80000e+01	2.00000e-01	2.00000e-01	0.00000e+00	0.00000e+00	0.00000e+00	0.00000e+00	0.00000e+00	2.00000e-01	1.22753e-01	1.25641e+01	5.68000e+00	6.94114e+00	5.62291e+00	1.14032e+01	-5.22493e+01	-3.84659e-01	8.95108e+00	1.03078e+01	-5.10000e+00	1.20000e+00	
agroforestry	Fri Nov 07 14:59:57 CET 2025	11/1/2001	11	1	2001	11	2001	1.09800e+01	1.36600e+01	9.00000e+01	9.60000e+01	0.00000e+00	0.00000e+00	0.00000e+00	0.00000e+00	0.00000e+00	0.00000e+00	0.00000e+00	0.00000e+00	4.65754e-01	3.53917e+00	1.60000e+00	3.50378e+00	3.53918e-02	1.15035e+01	-8.92501e+00	-3.82063e-01	8.97595e+00	1.33086e+01	-5.14000e+00	2.40000e+00	
agroforestry	Fri Nov 07 14:59:57 CET 2025	12/1/2001	12	1	2001	12	2001	9.53000e+00	1.32700e+01	8.10000e+01	9.80000e+01	8.60000e+00	8.60000e+00	0.00000e+00	0.00000e+00	0.00000e+00	0.00000e+00	0.00000e+00	8.60000e+00	4.48116e-01	3.51705e+00	1.59000e+00	3.48188e+00	3.51706e-02	1.16087e+01	-8.61296e+00	-3.79343e-01	9.00191e+00	1.20530e+01	-5.18000e+00	9.00000e-01	
agroforestry	Fri Nov 07 14:59:57 CET 2025	13/1/2001	13	1	2001	13	2001	6.44300e+00	1.27700e+01	8.50000e+01	9.80000e+01	1.80000e+00	1.80000e+00	0.00000e+00	0.00000e+00	0.00000e+00	0.00000e+00	0.00000e+00	1.80000e+00	2.25567e-01	7.36590e+00	3.33000e+00	6.11806e+00	1.24784e+00	1.17188e+01	-2.63008e+01	-3.76500e-01	9.02895e+00	1.09325e+01	-5.06000e+00	5.00000e-01	
agroforestry	Fri Nov 07 14:59:57 CET 2025	14/1/2001	14	1	2001	14	2001	4.94100e+00	7.72000e+00	8.20000e+01	9.80000e+01	2.80000e+00	2.80000e+00	0.00000e+00	0.00000e+00	0.00000e+00	0.00000e+00	0.00000e+00	2.80000e+00	3.07513e-01	4.82212e+00	2.18000e+00	4.63171e+00	1.90406e-01	1.18337e+01	-1.36309e+01	-3.73536e-01	9.05704e+00	8.60337e+00	-5.07000e+00	6.00000e-01	
agroforestry	Fri Nov 07 14:59:57 CET 2025	15/1/2001	15	1	2001	15	2001	4.48500e+00	5.89300e+00	9.20000e+01	9.90000e+01	1.76000e+01	1.76000e+01	0.00000e+00	0.00000e+00	0.00000e+00	0.00000e+00	0.00000e+00	1.76000e+01	3.37100e-01	1.03963e+00	4.70000e-01	1.02924e+00	1.03964e-02	1.19534e+01	2.71912e+00	-3.70452e-01	9.08615e+00	8.43478e+00	-5.05000e+00	5.00000e-01	
agroforestry	Fri Nov 07 14:59:57 CET 2025	16/1/2001	16	1	2001	16	2001	3.37000e+00	5.25600e+00	8.20000e+01	9.70000e+01	1.00000e+01	1.00000e+01	0.00000e+00	0.00000e+00	0.00000e+00	0.00000e+00	0.00000e+00	1.00000e+01	4.36078e-01	1.92442e+00	8.70000e-01	1.90518e+00	1.92442e-02	1.20778e+01	-9.56690e-01	-3.67249e-01	9.11626e+00	7.43555e+00	-4.79000e+00	1.20000e+00	
agroforestry	Fri Nov 07 14:59:57 CET 2025	17/1/2001	17	1	2001	17	2001	2.71600e+00	8.47000e+00	7.50000e+01	9.90000e+01	8.80000e+00	8.80000e+00	0.00000e+00	0.00000e+00	0.00000e+00	0.00000e+00	0.00000e+00	8.80000e+00	2.70840e-01	7.43226e+00	3.36000e+00	6.25925e+00	1.17301e+00	1.22070e+01	-2.39487e+01	-3.63930e-01	9.14735e+00	7.90287e+00	-4.67000e+00	6.00000e-01	
agroforestry	Fri Nov 07 14:59:57 CET 2025	18/1/2001	18	1	2001	18	2001	9.35000e-01	8.53000e+00	9.70000e+01	9.90000e+01	6.14000e+01	6.14000e+01	0.00000e+00	0.00000e+00	0.00000e+00	0.00000e+00	0.00000e+00	6.14000e+01	2.73391e-01	2.23410e+00	1.01000e+00	2.21176e+00	2.23410e-02	1.23409e+01	-1.99731e+00	-3.60494e-01	9.17938e+00	8.38433e+00	-4.57000e+00	1.30000e+00	
agroforestry	Fri Nov 07 14:59:57 CET 2025	19/1/2001	19	1	2001	19	2001	1.63300e+00	8.15000e+00	9.50000e+01	9.90000e+01	3.24000e+01	3.24000e+01	0.00000e+00	0.00000e+00	0.00000e+00	0.00000e+00	0.00000e+00	3.24000e+01	2.73847e-01	2.94194e+00	1.33000e+00	2.91252e+00	2.94194e-02	1.24794e+01	-4.78467e+00	-3.56945e-01	9.21234e+00	8.39144e+00	-3.70000e+00	1.10000e+00	
agroforestry	Fri Nov 07 14:59:57 CET 2025	20/1/2001	20	1	2001	20	2001	-4.65000e-01	1.35600e+01	5.60000e+01	9.90000e+01	2.00000e-01	2.00000e-01	0.00000e+00	0.00000e+00	0.00000e+00	0.00000e+00	0.00000e+00	2.00000e-01	1.64429e-01	1.78728e+01	8.08000e+00	6.57420e+00	1.12986e+01	1.26225e+01	-6.78366e+01	-3.53284e-01	9.24619e+00	7.52009e+00	-3.33000e+00	1.10000e+00	
agroforestry	Fri Nov 07 14:59:57 CET 2025	21/1/2001	21	1	2001	21	2001	-1.72700e+00	1.21900e+01	4.70000e+01	9.90000e+01	2.00000e-01	2.00000e-01	0.00000e+00	0.00000e+00	0.00000e+00	0.00000e+00	0.00000e+00	2.00000e-01	5.72451e-02	2.00406e+01	9.06000e+00	5.56503e+00	1.44755e+01	1.27701e+01	-7.45979e+01	-3.49512e-01	9.28091e+00	6.46663e+00	-3.54000e+00	6.00000e-01	
agroforestry	Fri Nov 07 14:59:57 CET 2025	22/1/2001	22	1	2001	22	2001	-1.83000e-01	1.17600e+01	8.20000e+01	9.90000e+01	4.00000e-01	4.00000e-01	0.00000e+00	0.00000e+00	0.00000e+00	0.00000e+00	0.00000e+00	4.00000e-01	4.19133e-01	3.36221e+00	1.52000e+00	3.32859e+00	3.36220e-02	1.29222e+01	-6.09817e+00	-3.45631e-01	9.31648e+00	8.33300e+00	-3.72000e+00	1.30000e+00	
agroforestry	Fri Nov 07 14:59:57 CET 2025	23/1/2001	23	1	2001	23	2001	8.91000e+00	1.43100e+01	7.60000e+01	9.90000e+01	2.00000e-01	2.00000e-01	0.00000e+00	0.00000e+00	0.00000e+00	0.00000e+00	0.00000e+00	2.00000e-01	3.35334e-01	1.21880e+01	5.51000e+00	7.95048e+00	4.23754e+00	1.30788e+01	-4.38990e+01	-3.41643e-01	9.35287e+00	1.19486e+01	-3.88000e+00	8.00000e-01	
agroforestry	Fri Nov 07 14:59:57 CET 2025	24/1/2001	24	1	2001	24	2001	5.51000e+00	1.59600e+01	5.70000e+01	9.70000e+01	0.00000e+00	0.00000e+00	0.00000e+00	0.00000e+00	0.00000e+00	0.00000e+00	0.00000e+00	0.00000e+00	6.13005e-01	8.53825e+00	3.86000e+00	7.00981e+00	1.52844e+00	1.32397e+01	-2.78610e+01	-3.37549e-01	9.39005e+00	9.92150e+00	-4.02000e+00	9.00000e-01	
agroforestry	Fri Nov 07 14:59:57 CET 2025	25/1/2001	25	1	2001	25	2001	3.74700e+00	1.37600e+01	4.80000e+01	9.80000e+01	1.00000e+00	1.00000e+00	0.00000e+00	0.00000e+00	0.00000e+00	0.00000e+00	0.00000e+00	1.00000e+00	5.62361e-01	1.31171e+01	5.93000e+00	8.19707e+00	4.91998e+00	1.34050e+01	-4.53173e+01	-3.33352e-01	9.42799e+00	8.23456e+00	-4.16000e+00	1.20000e+00	
agroforestry	Fri Nov 07 14:59:57 CET 2025	26/1/2001	26	1	2001	26	2001	-5.05000e-01	1.25700e+01	5.00000e+01	9.90000e+01	2.00000e-01	2.00000e-01	0.00000e+00	0.00000e+00	0.00000e+00	0.00000e+00	0.00000e+00	2.00000e-01	2.70959e-01	1.93327e+01	8.74000e+00	7.01769e+00	1.23150e+01	1.35746e+01	-6.75705e+01	-3.29053e-01	9.46668e+00	6.97660e+00	-4.26000e+00	1.00000e+00	
agroforestry	Fri Nov 07 14:59:57 CET 2025	27/1/2001	27	1	2001	27	2001	-2.32000e-01	1.30400e+01	3.70000e+01	9.80000e+01	2.00000e-01	2.00000e-01	0.00000e+00	0.00000e+00	0.00000e+00	0.00000e+00	0.00000e+00	2.00000e-01	4.99684e-01	2.07484e+01	9.38000e+00	6.49548e+00	1.42529e+01	1.37484e+01	-7.24676e+01	-3.24654e-01	9.50608e+00	6.48532e+00	-4.36000e+00	1.70000e+00	
agroforestry	Fri Nov 07 14:59:57 CET 2025	28/1/2001	28	1	2001	28	2001	8.24000e-01	7.40000e+00	7.90000e+01	9.80000e+01	5.84000e+01	5.84000e+01	0.00000e+00	0.00000e+00	0.00000e+00	0.00000e+00	0.00000e+00	5.84000e+01	4.95762e-01	2.43318e+00	1.10000e+00	2.40885e+00	2.43318e-02	1.39263e+01	-1.70117e+00	-3.20157e-01	9.54617e+00	7.24950e+00	-4.46000e+00	1.60000e+00	
agroforestry	Fri Nov 07 14:59:57 CET 2025	29/1/2001	29	1	2001	29	2001	5.61700e+00	1.25200e+01	4.10000e+01	9.70000e+01	1.80000e+00	1.80000e+00	0.00000e+00	0.00000e+00	0.00000e+00	0.00000e+00	0.00000e+00	1.80000e+00	5.88184e-01	1.78065e+01	8.05000e+00	8.15965e+00	9.64680e+00	1.41084e+01	-6.04981e+01	-3.15563e-01	9.58693e+00	7.95080e+00	-3.64000e+00	1.20000e+00	
agroforestry	Fri Nov 07 14:59:57 CET 2025	30/1/2001	30	1	2001	30	2001	-2.97000e-01	1.05700e+01	3.60000e+01	7.00000e+01	0.00000e+00	0.00000e+00	0.00000e+00	0.00000e+00	0.00000e+00	0.00000e+00	0.00000e+00	0.00000e+00	6.08256e-01	2.39558e+01	1.08300e+01	5.15217e+00	1.88036e+01	1.42944e+01	-7.93161e+01	-3.10875e-01	9.62833e+00	4.66400e+00	-3.77000e+00	1.50000e+00	
agroforestry	Fri Nov 07 14:59:57 CET 2025	31/1/2001	31	1	2001	31	2001	-2.82400e+00	1.44000e+01	2.50000e+01	9.00000e+01	0.00000e+00	0.00000e+00	0.00000e+00	0.00000e+00	0.00000e+00	0.00000e+00	0.00000e+00	0.00000e+00	5.08280e-01	1.94876e+01	8.81000e+00	7.97604e+00	1.15115e+01	1.44844e+01	-6.38925e+01	-3.06094e-01	9.67035e+00	5.29427e+00	-3.94000e+00	7.00000e-01	
agroforestry	Fri Nov 07 14:59:57 CET 2025	1/2/2001	1	2	2001	32	2001	-2.36300e+00	1.02900e+01	2.40000e+01	7.60000e+01	0.00000e+00	0.00000e+00	0.00000e+00	0.00000e+00	0.00000e+00	0.00000e+00	0.00000e+00	0.00000e+00	4.35672e-01	2.48627e+01	1.12400e+01	5.08491e+00	1.97778e+01	1.46783e+01	-7.92981e+01	-3.01223e-01	9.71296e+00	4.05325e+00	-4.08000e+00	8.00000e-01	
agroforestry	Fri Nov 07 14:59:57 CET 2025	2/2/2001	2	2	2001	33	2001	-4.93700e+00	1.32100e+01	1.90000e+01	8.30000e+01	0.00000e+00	0.00000e+00	0.00000e+00	0.00000e+00	0.00000e+00	0.00000e+00	0.00000e+00	0.00000e+00	5.09001e-01	2.42876e+01	1.09800e+01	5.84048e+00	1.84471e+01	1.48761e+01	-7.75312e+01	-2.96264e-01	9.75615e+00	4.18487e+00	-4.21000e+00	9.00000e-01	
agroforestry	Fri Nov 07 14:59:57 CET 2025	3/2/2001	3	2	2001	34	2001	6.19800e+00	1.57700e+01	6.20000e+01	8.40000e+01	0.00000e+00	0.00000e+00	0.00000e+00	0.00000e+00	0.00000e+00	0.00000e+00	0.00000e+00	0.00000e+00	1.13208e+00	1.72756e+01	7.81000e+00	9.09756e+00	8.17802e+00	1.50775e+01	-5.60094e+01	-2.91218e-01	9.79988e+00	9.56323e+00	-4.33000e+00	3.10000e+00	
agroforestry	Fri Nov 07 14:59:57 CET 2025	4/2/2001	4	2	2001	35	2001	3.99200e+00	1.59900e+01	5.60000e+01	9.80000e+01	0.00000e+00	0.00000e+00	0.00000e+00	0.00000e+00	0.00000e+00	0.00000e+00	0.00000e+00	0.00000e+00	5.35536e-01	2.38673e+01	1.07900e+01	6.73446e+00	1.71328e+01	1.52827e+01	-7.87996e+01	-2.86087e-01	9.84414e+00	9.44045e+00	-4.43000e+00	1.10000e+00	
agroforestry	Fri Nov 07 14:59:57 CET 2025	5/2/2001	5	2	2001	36	2001	1.73700e+00	1.74900e+01	4.30000e+01	9.90000e+01	0.00000e+00	0.00000e+00	0.00000e+00	0.00000e+00	0.00000e+00	0.00000e+00	0.00000e+00	0.00000e+00	6.20342e-01	2.15447e+01	9.74000e+00	8.24393e+00	1.33008e+01	1.54914e+01	-6.96003e+01	-2.80873e-01	9.88890e+00	8.48711e+00	-4.53000e+00	9.00000e-01	
agroforestry	Fri Nov 07 14:59:57 CET 2025	6/2/2001	6	2	2001	37	2001	5.13000e+00	1.33800e+01	8.20000e+01	9.90000e+01	0.00000e+00	0.00000e+00	0.00000e+00	0.00000e+00	0.00000e+00	0.00000e+00	0.00000e+00	0.00000e+00	5.85165e-01	5.17604e+00	2.34000e+00	5.12428e+00	5.17602e-02	1.57036e+01	-9.97641e+00	-2.75579e-01	9.93414e+00	1.05602e+01	-4.62000e+00	2.20000e+00	
agroforestry	Fri Nov 07 14:59:57 CET 2025	7/2/2001	7	2	2001	38	2001	1.23000e+01	1.41500e+01	8.40000e+01	9.30000e+01	0.00000e+00	0.00000e+00	0.00000e+00	0.00000e+00	0.00000e+00	0.00000e+00	0.00000e+00	0.00000e+00	9.03560e-01	8.62673e+00	3.90000e+00	7.60462e+00	1.02210e+00	1.59193e+01	-2.22766e+01	-2.70206e-01	9.97985e+00	1.34385e+01	-4.70000e+00	3.90000e+00	
agroforestry	Fri Nov 07 14:59:57 CET 2025	8/2/2001	8	2	2001	39	2001	6.08100e+00	1.69500e+01	5.00000e+01	9.00000e+01	2.00000e-01	2.00000e-01	0.00000e+00	0.00000e+00	0.00000e+00	0.00000e+00	0.00000e+00	2.00000e-01	1.16052e+00	2.12129e+01	9.59000e+00	9.06834e+00	1.21446e+01	1.61383e+01	-6.61661e+01	-2.64756e-01	1.00260e+01	9.49930e+00	-4.77000e+00	2.40000e+00	
agroforestry	Fri Nov 07 14:59:57 CET 2025	9/2/2001	9	2	2001	40	2001	5.86400e+00	1.27400e+01	4.00000e+01	6.60000e+01	0.00000e+00	0.00000e+00	0.00000e+00	0.00000e+00	0.00000e+00	0.00000e+00	0.00000e+00	0.00000e+00	1.70149e+00	2.51060e+01	1.13500e+01	7.48510e+00	1.76209e+01	1.63606e+01	-7.54649e+01	-2.59232e-01	1.00726e+01	6.20405e+00	-4.84000e+00	3.30000e+00	
agroforestry	Fri Nov 07 14:59:57 CET 2025	10/2/2001	10	2	2001	41	2001	-1.66000e-01	1.73500e+01	3.00000e+01	9.50000e+01	0.00000e+00	0.00000e+00	0.00000e+00	0.00000e+00	0.00000e+00	0.00000e+00	0.00000e+00	0.00000e+00	7.44887e-01	2.71410e+01	1.22700e+01	6.46749e+00	2.06735e+01	1.65861e+01	-8.25190e+01	-2.53635e-01	1.01195e+01	6.97347e+00	-4.90000e+00	9.00000e-01	
agroforestry	Fri Nov 07 14:59:57 CET 2025	11/2/2001	11	2	2001	42	2001	-1.28400e+00	1.81600e+01	3.90000e+01	9.90000e+01	0.00000e+00	0.00000e+00	0.00000e+00	0.00000e+00	0.00000e+00	0.00000e+00	0.00000e+00	0.00000e+00	7.26056e-01	2.52829e+01	1.14300e+01	7.99722e+00	1.72857e+01	1.68147e+01	-7.53731e+01	-2.47968e-01	1.01669e+01	7.61876e+00	-4.96000e+00	9.00000e-01	
agroforestry	Fri Nov 07 14:59:57 CET 2025	12/2/2001	12	2	2001	43	2001	-7.46000e-01	1.64500e+01	3.90000e+01	9.90000e+01	0.00000e+00	0.00000e+00	0.00000e+00	0.00000e+00	0.00000e+00	0.00000e+00	0.00000e+00	0.00000e+00	7.16556e-01	2.46857e+01	1.11600e+01	8.61299e+00	1.60727e+01	1.70463e+01	-7.12664e+01	-2.42232e-01	1.02146e+01	7.32118e+00	-5.02000e+00	8.00000e-01	
agroforestry	Fri Nov 07 14:59:57 CET 2025	13/2/2001	13	2	2001	44	2001	2.48200e+00	1.52200e+01	4.50000e+01	9.90000e+01	0.00000e+00	0.00000e+00	0.00000e+00	0.00000e+00	0.00000e+00	0.00000e+00	0.00000e+00	0.00000e+00	1.09017e+00	2.63005e+01	1.18900e+01	8.03584e+00	1.82646e+01	1.72808e+01	-7.54574e+01	-2.36429e-01	1.02627e+01	8.17549e+00	-5.07000e+00	2.50000e+00	
agroforestry	Fri Nov 07 14:59:57 CET 2025	14/2/2001	14	2	2001	45	2001	4.54100e+00	1.63100e+01	4.60000e+01	8.70000e+01	0.00000e+00	0.00000e+00	0.00000e+00	0.00000e+00	0.00000e+00	0.00000e+00	0.00000e+00	0.00000e+00	9.87518e-01	1.66562e+01	7.53000e+00	1.06801e+01	5.97611e+00	1.75182e+01	-4.49325e+01	-2.30562e-01	1.03111e+01	8.39353e+00	-5.12000e+00	9.00000e-01	
agroforestry	Fri Nov 07 14:59:57 CET 2025	15/2/2001	15	2	2001	46	2001	1.01100e+00	1.64000e+01	4.50000e+01	9.80000e+01	2.00000e-01	2.00000e-01	0.00000e+00	0.00000e+00	0.00000e+00	0.00000e+00	0.00000e+00	2.00000e-01	8.17292e-01	2.74949e+01	1.24300e+01	7.97512e+00	1.95198e+01	1.77583e+01	-7.72676e+01	-2.24632e-01	1.03598e+01	8.03920e+00	-5.17000e+00	9.00000e-01	
agroforestry	Fri Nov 07 14:59:57 CET 2025	16/2/2001	16	2	2001	47	2001	-1.31300e+00	1.62800e+01	5.00000e+01	9.90000e+01	0.00000e+00	0.00000e+00	0.00000e+00	0.00000e+00	0.00000e+00	0.00000e+00	0.00000e+00	0.00000e+00	7.45128e-01	2.72516e+01	1.23200e+01	8.45543e+00	1.87962e+01	1.80010e+01	-7.45160e+01	-2.18642e-01	1.04088e+01	7.70843e+00	-5.20000e+00	8.00000e-01	
agroforestry	Fri Nov 07 14:59:57 CET 2025	17/2/2001	17	2	2001	48	2001	-1.68000e+00	1.39500e+01	3.60000e+01	9.80000e+01	2.00000e-01	2.00000e-01	0.00000e+00	0.00000e+00	0.00000e+00	0.00000e+00	0.00000e+00	2.00000e-01	8.19299e-01	2.75392e+01	1.24500e+01	8.61901e+00	1.89202e+01	1.82463e+01	-7.24903e+01	-2.12594e-01	1.04581e+01	6.31887e+00	-5.25000e+00	9.00000e-01	
agroforestry	Fri Nov 07 14:59:57 CET 2025	18/2/2001	18	2	2001	49	2001	-1.19000e-01	1.30200e+01	5.00000e+01	9.80000e+01	5.40000e+00	5.40000e+00	0.00000e+00	0.00000e+00	0.00000e+00	0.00000e+00	0.00000e+00	5.40000e+00	7.47540e-01	1.47982e+01	6.69000e+00	1.07988e+01	3.99931e+00	1.84941e+01	-3.47418e+01	-2.06488e-01	1.05077e+01	7.13265e+00	-5.28000e+00	6.00000e-01	
agroforestry	Fri Nov 07 14:59:57 CET 2025	19/2/2001	19	2	2001	50	2001	-3.23300e+00	1.78100e+01	3.20000e+01	9.90000e+01	0.00000e+00	0.00000e+00	0.00000e+00	0.00000e+00	0.00000e+00	0.00000e+00	0.00000e+00	0.00000e+00	9.10507e-01	2.99060e+01	1.35200e+01	7.84515e+00	2.20608e+01	1.87443e+01	-7.94203e+01	-2.00329e-01	1.05575e+01	6.68741e+00	-5.21000e+00	8.00000e-01	
agroforestry	Fri Nov 07 14:59:57 CET 2025	20/2/2001	20	2	2001	51	2001	-2.26700e+00	1.68600e+01	2.60000e+01	9.50000e+01	2.00000e-01	2.00000e-01	0.00000e+00	0.00000e+00	0.00000e+00	0.00000e+00	0.00000e+00	2.00000e-01	1.03752e+00	3.16977e+01	1.43300e+01	6.95310e+00	2.47446e+01	1.89967e+01	-8.30080e+01	-1.94116e-01	1.06076e+01	6.18031e+00	-5.25000e+00	1.00000e+00	
agroforestry	Fri Nov 07 14:59:57 CET 2025	21/2/2001	21	2	2001	52	2001	-2.34100e+00	1.74100e+01	3.20000e+01	9.30000e+01	0.00000e+00	0.00000e+00	0.00000e+00	0.00000e+00	0.00000e+00	0.00000e+00	0.00000e+00	0.00000e+00	9.84979e-01	3.05253e+01	1.38000e+01	8.18435e+00	2.23410e+01	1.92513e+01	-7.88578e+01	-1.87854e-01	1.06579e+01	6.48938e+00	-5.28000e+00	7.00000e-01	
agroforestry	Fri Nov 07 14:59:57 CET 2025	22/2/2001	22	2	2001	53	2001	-1.77500e+00	2.06200e+01	3.20000e+01	9.50000e+01	0.00000e+00	0.00000e+00	0.00000e+00	0.00000e+00	0.00000e+00	0.00000e+00	0.00000e+00	0.00000e+00	1.15173e+00	2.97954e+01	1.34700e+01	9.00925e+00	2.07861e+01	1.95080e+01	-7.81875e+01	-1.81543e-01	1.07084e+01	7.49371e+00	-5.32000e+00	9.00000e-01	
agroforestry	Fri Nov 07 14:59:57 CET 2025	23/2/2001	23	2	2001	54	2001	-1.71000e+00	1.69900e+01	3.90000e+01	9.90000e+01	0.00000e+00	0.00000e+00	0.00000e+00	0.00000e+00	0.00000e+00	0.00000e+00	0.00000e+00	0.00000e+00	1.32244e+00	3.22949e+01	1.46000e+01	7.74438e+00	2.45506e+01	1.97668e+01	-8.13694e+01	-1.75185e-01	1.07591e+01	7.21608e+00	-5.35000e+00	2.20000e+00	
agroforestry	Fri Nov 07 14:59:57 CET 2025	24/2/2001	24	2	2001	55	2001	3.69800e+00	1.25100e+01	3.30000e+01	8.00000e+01	0.00000e+00	0.00000e+00	0.00000e+00	0.00000e+00	0.00000e+00	0.00000e+00	0.00000e+00	0.00000e+00	1.34811e+00	1.98857e+01	8.99000e+00	1.22585e+01	7.62720e+00	2.00274e+01	-4.54563e+01	-1.68783e-01	1.08100e+01	6.09862e+00	-5.39000e+00	1.30000e+00	
agroforestry	Fri Nov 07 14:59:57 CET 2025	25/2/2001	25	2	2001	56	2001	-2.26700e+00	9.77000e+00	2.70000e+01	6.60000e+01	0.00000e+00	0.00000e+00	0.00000e+00	0.00000e+00	0.00000e+00	0.00000e+00	0.00000e+00	0.00000e+00	1.53111e+00	2.95300e+01	1.33500e+01	1.01773e+01	1.93527e+01	2.02898e+01	-6.66321e+01	-1.62338e-01	1.08611e+01	3.71370e+00	-5.42000e+00	2.10000e+00	
agroforestry	Fri Nov 07 14:59:57 CET 2025	26/2/2001	26	2	2001	57	2001	-5.12100e+00	1.14000e+01	1.80000e+01	8.40000e+01	0.00000e+00	0.00000e+00	0.00000e+00	0.00000e+00	0.00000e+00	0.00000e+00	0.00000e+00	0.00000e+00	1.21152e+00	3.46396e+01	1.56600e+01	7.25800e+00	2.73816e+01	2.05539e+01	-7.85073e+01	-1.55853e-01	1.09123e+01	3.90083e+00	-5.45000e+00	1.30000e+00	
agroforestry	Fri Nov 07 14:59:57 CET 2025	27/2/2001	27	2	2001	58	2001	-5.63100e+00	1.00600e+01	5.30000e+01	9.90000e+01	8.80000e+00	8.80000e+00	0.00000e+00	0.00000e+00	0.00000e+00	0.00000e+00	0.00000e+00	8.80000e+00	7.53803e-01	1.05069e+01	4.75000e+00	9.49199e+00	1.01493e+00	2.08196e+01	-1.82213e+01	-1.49329e-01	1.09637e+01	5.44324e+00	-5.48000e+00	1.10000e+00	
agroforestry	Fri Nov 07 14:59:57 CET 2025	28/2/2001	28	2	2001	59	2001	-1.97300e+00	7.92000e+00	7.30000e+01	9.90000e+01	4.00000e-01	4.00000e-01	0.00000e+00	0.00000e+00	0.00000e+00	0.00000e+00	0.00000e+00	4.00000e-01	6.75890e-01	1.66783e+01	7.54000e+00	1.22612e+01	4.41711e+00	2.10868e+01	-3.24169e+01	-1.42768e-01	1.10153e+01	6.50098e+00	-5.34000e+00	1.10000e+00	
agroforestry	Fri Nov 07 14:59:57 CET 2025	1/3/2001	1	3	2001	60	2001	-1.29500e+00	1.31600e+01	3.80000e+01	9.80000e+01	0.00000e+00	0.00000e+00	0.00000e+00	0.00000e+00	0.00000e+00	0.00000e+00	0.00000e+00	0.00000e+00	1.21182e+00	2.41991e+01	1.09400e+01	1.29231e+01	1.12760e+01	2.13554e+01	-5.21195e+01	-1.36173e-01	1.10669e+01	6.32401e+00	-5.36000e+00	1.50000e+00	
agroforestry	Fri Nov 07 14:59:57 CET 2025	2/3/2001	2	3	2001	61	2001	2.30900e+00	9.57000e+00	8.10000e+01	9.90000e+01	1.84000e+01	1.84000e+01	0.00000e+00	0.00000e+00	0.00000e+00	0.00000e+00	0.00000e+00	1.84000e+01	5.02363e-01	1.50415e+00	6.80000e-01	1.48911e+00	1.50415e-02	2.16253e+01	3.79141e+00	-1.29544e-01	1.11188e+01	8.37406e+00	-5.39000e+00	7.00000e-01	
agroforestry	Fri Nov 07 14:59:57 CET 2025	3/3/2001	3	3	2001	62	2001	7.15000e+00	1.76000e+01	6.30000e+01	9.90000e+01	4.00000e-01	4.00000e-01	0.00000e+00	0.00000e+00	0.00000e+00	0.00000e+00	0.00000e+00	4.00000e-01	1.23706e+00	2.12571e+01	9.61000e+00	1.33803e+01	7.87680e+00	2.18965e+01	-4.70356e+01	-1.22885e-01	1.11707e+01	1.16333e+01	-5.10000e+00	1.10000e+00	
agroforestry	Fri Nov 07 14:59:57 CET 2025	4/3/2001	4	3	2001	63	2001	4.59700e+00	1.51800e+01	6.10000e+01	9.90000e+01	2.00000e-01	2.00000e-01	0.00000e+00	0.00000e+00	0.00000e+00	0.00000e+00	0.00000e+00	2.00000e-01	1.10963e+00	1.97972e+01	8.95000e+00	1.33663e+01	6.43089e+00	2.21687e+01	-4.12083e+01	-1.16197e-01	1.12227e+01	9.74111e+00	-5.13000e+00	1.00000e+00	
agroforestry	Fri Nov 07 14:59:57 CET 2025	5/3/2001	5	3	2001	64	2001	4.85500e+00	1.88900e+01	4.30000e+01	9.80000e+01	0.00000e+00	0.00000e+00	0.00000e+00	0.00000e+00	0.00000e+00	0.00000e+00	0.00000e+00	0.00000e+00	1.50607e+00	3.01272e+01	1.36200e+01	1.23833e+01	1.77439e+01	2.24420e+01	-6.84467e+01	-1.09482e-01	1.12748e+01	9.79561e+00	-5.17000e+00	8.00000e-01	
agroforestry	Fri Nov 07 14:59:57 CET 2025	6/3/2001	6	3	2001	65	2001	4.89300e+00	1.57600e+01	5.90000e+01	9.90000e+01	1.60000e+00	1.60000e+00	0.00000e+00	0.00000e+00	0.00000e+00	0.00000e+00	0.00000e+00	1.60000e+00	1.26014e+00	1.72092e+01	7.78000e+00	1.29890e+01	4.22025e+00	2.27162e+01	-3.39270e+01	-1.02741e-01	1.13270e+01	9.90554e+00	-5.22000e+00	1.80000e+00	
agroforestry	Fri Nov 07 14:59:57 CET 2025	7/3/2001	7	3	2001	66	2001	1.15100e+01	1.47100e+01	7.50000e+01	9.90000e+01	8.20000e+00	8.20000e+00	0.00000e+00	0.00000e+00	0.00000e+00	0.00000e+00	0.00000e+00	8.20000e+00	9.17670e-01	7.65346e+00	3.46000e+00	7.57692e+00	7.65347e-02	2.29913e+01	-1.04172e+01	-9.59776e-02	1.13793e+01	1.31119e+01	-5.22000e+00	1.50000e+00	
agroforestry	Fri Nov 07 14:59:57 CET 2025	8/3/2001	8	3	2001	67	2001	5.97800e+00	1.43400e+01	8.50000e+01	9.80000e+01	4.16000e+01	4.16000e+01	0.00000e+00	0.00000e+00	0.00000e+00	0.00000e+00	0.00000e+00	4.16000e+01	7.61781e-01	9.24608e+00	4.18000e+00	8.93588e+00	3.10199e-01	2.32670e+01	-1.37844e+01	-8.91925e-02	1.14317e+01	1.13451e+01	-5.10000e+00	1.40000e+00	
agroforestry	Fri Nov 07 14:59:57 CET 2025	9/3/2001	9	3	2001	68	2001	4.24700e+00	1.78800e+01	4.70000e+01	9.90000e+01	4.00000e-01	4.00000e-01	0.00000e+00	0.00000e+00	0.00000e+00	0.00000e+00	0.00000e+00	4.00000e-01	1.63448e+00	2.93751e+01	1.32800e+01	1.37099e+01	1.56652e+01	2.35434e+01	-6.22224e+01	-8.23877e-02	1.14841e+01	9.61389e+00	-4.47000e+00	1.40000e+00	
agroforestry	Fri Nov 07 14:59:57 CET 2025	10/3/2001	10	3	2001	69	2001	8.65000e+00	1.79100e+01	6.70000e+01	9.90000e+01	4.00000e+00	4.00000e+00	0.00000e+00	0.00000e+00	0.00000e+00	0.00000e+00	0.00000e+00	4.00000e+00	1.33759e+00	1.76959e+01	8.00000e+00	1.35090e+01	4.18685e+00	2.38204e+01	-3.42545e+01	-7.55652e-02	1.15366e+01	1.26487e+01	-4.55000e+00	1.60000e+00	
agroforestry	Fri Nov 07 14:59:57 CET 2025	11/3/2001	11	3	2001	70	2001	9.92000e+00	2.21000e+01	4.90000e+01	9.90000e+01	0.00000e+00	0.00000e+00	0.00000e+00	0.00000e+00	0.00000e+00	0.00000e+00	0.00000e+00	0.00000e+00	2.13147e+00	3.39318e+01	1.53400e+01	1.26381e+01	2.12937e+01	2.40978e+01	-7.60153e+01	-6.87269e-02	1.15892e+01	1.34518e+01	-4.55000e+00	1.30000e+00	
agroforestry	Fri Nov 07 14:59:57 CET 2025	12/3/2001	12	3	2001	71	2001	8.24000e+00	1.42100e+01	6.90000e+01	9.90000e+01	1.36000e+01	1.36000e+01	0.00000e+00	0.00000e+00	0.00000e+00	0.00000e+00	0.00000e+00	1.36000e+01	9.06612e-01	6.59171e+00	2.98000e+00	6.52579e+00	6.59170e-02	2.43755e+01	-6.80647e+00	-6.18745e-02	1.16418e+01	1.11818e+01	-4.64000e+00	1.20000e+00	
agroforestry	Fri Nov 07 14:59:57 CET 2025	13/3/2001	13	3	2001	72	2001	7.54000e+00	1.55200e+01	4.80000e+01	7.80000e+01	0.00000e+00	0.00000e+00	0.00000e+00	0.00000e+00	0.00000e+00	0.00000e+00	0.00000e+00	0.00000e+00	2.51764e+00	2.92645e+01	1.32300e+01	1.47016e+01	1.45629e+01	2.46535e+01	-5.83560e+01	-5.50100e-02	1.16944e+01	8.55758e+00	-4.47000e+00	3.40000e+00	
agroforestry	Fri Nov 07 14:59:57 CET 2025	14/3/2001	14	3	2001	73	2001	7.80000e+00	1.68100e+01	4.80000e+01	8.60000e+01	0.00000e+00	0.00000e+00	0.00000e+00	0.00000e+00	0.00000e+00	0.00000e+00	0.00000e+00	0.00000e+00	2.46899e+00	3.63207e+01	1.64200e+01	1.24878e+01	2.38330e+01	2.49317e+01	-7.44854e+01	-4.81351e-02	1.17470e+01	9.57843e+00	-4.56000e+00	2.80000e+00	
agroforestry	Fri Nov 07 14:59:57 CET 2025	15/3/2001	15	3	2001	74	2001	3.29100e+00	1.90200e+01	4.50000e+01	9.90000e+01	0.00000e+00	0.00000e+00	0.00000e+00	0.00000e+00	0.00000e+00	0.00000e+00	0.00000e+00	0.00000e+00	1.98854e+00	3.99926e+01	1.80800e+01	1.07047e+01	2.92879e+01	2.52099e+01	-8.18499e+01	-4.12516e-02	1.17997e+01	9.54030e+00	-4.65000e+00	1.20000e+00	
agroforestry	Fri Nov 07 14:59:57 CET 2025	16/3/2001	16	3	2001	75	2001	7.60000e+00	1.66800e+01	6.40000e+01	9.90000e+01	7.80000e+00	7.80000e+00	0.00000e+00	0.00000e+00	0.00000e+00	0.00000e+00	0.00000e+00	7.80000e+00	1.53078e+00	2.36682e+01	1.07000e+01	1.54850e+01	8.18316e+00	2.54881e+01	-4.42848e+01	-3.43614e-02	1.18524e+01	1.15255e+01	-4.73000e+00	1.40000e+00	
agroforestry	Fri Nov 07 14:59:57 CET 2025	17/3/2001	17	3	2001	76	2001	6.23300e+00	1.75700e+01	4.90000e+01	9.90000e+01	1.56000e+01	1.56000e+01	0.00000e+00	0.00000e+00	0.00000e+00	0.00000e+00	0.00000e+00	1.56000e+01	1.80250e+00	2.40885e+01	1.08900e+01	1.56710e+01	8.41750e+00	2.57662e+01	-4.47218e+01	-2.74663e-02	1.19051e+01	1.03016e+01	-4.65000e+00	1.90000e+00	
agroforestry	Fri Nov 07 14:59:57 CET 2025	18/3/2001	18	3	2001	77	2001	1.91300e+00	1.74300e+01	4.80000e+01	9.90000e+01	0.00000e+00	0.00000e+00	0.00000e+00	0.00000e+00	0.00000e+00	0.00000e+00	0.00000e+00	0.00000e+00	1.81755e+00	3.53696e+01	1.59900e+01	1.42134e+01	2.11562e+01	2.60441e+01	-6.73849e+01	-2.05680e-02	1.19578e+01	8.82026e+00	-4.44000e+00	1.20000e+00	
agroforestry	Fri Nov 07 14:59:57 CET 2025	19/3/2001	19	3	2001	78	2001	9.14000e+00	2.04200e+01	3.90000e+01	9.50000e+01	0.00000e+00	0.00000e+00	0.00000e+00	0.00000e+00	0.00000e+00	0.00000e+00	0.00000e+00	0.00000e+00	2.64801e+00	3.89088e+01	1.75900e+01	1.28885e+01	2.60202e+01	2.63217e+01	-7.86937e+01	-1.36683e-02	1.20105e+01	1.12544e+01	-4.54000e+00	1.90000e+00	
agroforestry	Fri Nov 07 14:59:57 CET 2025	20/3/2001	20	3	2001	79	2001	7.60000e+00	1.95000e+01	5.80000e+01	9.90000e+01	0.00000e+00	0.00000e+00	0.00000e+00	0.00000e+00	0.00000e+00	0.00000e+00	0.00000e+00	0.00000e+00	1.57856e+00	2.27392e+01	1.02800e+01	1.58623e+01	6.87691e+00	2.65989e+01	-4.10773e+01	-6.76899e-03	1.20632e+01	1.21755e+01	-4.62000e+00	7.00000e-01	
agroforestry	Fri Nov 07 14:59:57 CET 2025	21/3/2001	21	3	2001	80	2001	7.50000e+00	1.99000e+01	5.80000e+01	9.90000e+01	0.00000e+00	0.00000e+00	0.00000e+00	0.00000e+00	0.00000e+00	0.00000e+00	0.00000e+00	0.00000e+00	1.57375e+00	2.19429e+01	9.92000e+00	1.58024e+01	6.14045e+00	2.68757e+01	-3.89456e+01	1.28135e-04	1.21159e+01	1.22949e+01	-4.70000e+00	7.00000e-01	
agroforestry	Fri Nov 07 14:59:57 CET 2025	22/3/2001	22	3	2001	81	2001	7.70000e+00	2.29000e+01	3.60000e+01	9.90000e+01	0.00000e+00	0.00000e+00	0.00000e+00	0.00000e+00	0.00000e+00	0.00000e+00	0.00000e+00	0.00000e+00	2.88292e+00	4.16737e+01	1.88400e+01	1.24173e+01	2.92564e+01	2.71519e+01	-8.33440e+01	7.02133e-03	1.21686e+01	1.17244e+01	-4.78000e+00	2.00000e+00	
agroforestry	Fri Nov 07 14:59:57 CET 2025	23/3/2001	23	3	2001	82	2001	7.70000e+00	2.14000e+01	5.50000e+01	9.90000e+01	0.00000e+00	0.00000e+00	0.00000e+00	0.00000e+00	0.00000e+00	0.00000e+00	0.00000e+00	0.00000e+00	2.03697e+00	3.16313e+01	1.43000e+01	1.65183e+01	1.51130e+01	2.74275e+01	-5.95092e+01	1.39089e-02	1.22213e+01	1.27435e+01	-4.85000e+00	8.00000e-01	
agroforestry	Fri Nov 07 14:59:57 CET 2025	24/3/2001	24	3	2001	83	2001	8.90000e+00	1.83000e+01	6.90000e+01	9.90000e+01	0.00000e+00	0.00000e+00	0.00000e+00	0.00000e+00	0.00000e+00	0.00000e+00	0.00000e+00	0.00000e+00	1.61735e+00	2.29161e+01	1.03600e+01	1.63583e+01	6.55785e+00	2.77024e+01	-3.92611e+01	2.07889e-02	1.22739e+01	1.30710e+01	-4.91000e+00	1.20000e+00	
agroforestry	Fri Nov 07 14:59:57 CET 2025	25/3/2001	25	3	2001	84	2001	7.10000e+00	2.06000e+01	3.90000e+01	9.90000e+01	0.00000e+00	0.00000e+00	0.00000e+00	0.00000e+00	0.00000e+00	0.00000e+00	0.00000e+00	0.00000e+00	2.92221e+00	4.37088e+01	1.97600e+01	1.23171e+01	3.13916e+01	2.79765e+01	-8.29798e+01	2.76599e-02	1.23265e+01	1.09130e+01	-4.97000e+00	2.30000e+00	
agroforestry	Fri Nov 07 14:59:57 CET 2025	26/3/2001	26	3	2001	85	2001	3.90000e+00	2.06000e+01	3.80000e+01	9.80000e+01	0.00000e+00	0.00000e+00	0.00000e+00	0.00000e+00	0.00000e+00	0.00000e+00	0.00000e+00	0.00000e+00	2.47690e+00	4.07889e+01	1.84400e+01	1.43342e+01	2.64548e+01	2.82496e+01	-7.48791e+01	3.45199e-02	1.23790e+01	9.68628e+00	-5.03000e+00	1.40000e+00	
agroforestry	Fri Nov 07 14:59:57 CET 2025	27/3/2001	27	3	2001	86	2001	3.90000e+00	2.02000e+01	4.30000e+01	9.90000e+01	0.00000e+00	0.00000e+00	0.00000e+00	0.00000e+00	0.00000e+00	0.00000e+00	0.00000e+00	0.00000e+00	2.33141e+00	3.90415e+01	1.76500e+01	1.54421e+01	2.35994e+01	2.85219e+01	-7.02662e+01	4.13673e-02	1.24315e+01	9.98126e+00	-5.08000e+00	1.20000e+00	
agroforestry	Fri Nov 07 14:59:57 CET 2025	28/3/2001	28	3	2001	87	2001	8.70000e+00	2.01000e+01	4.10000e+01	9.80000e+01	1.00000e+00	1.00000e+00	0.00000e+00	0.00000e+00	0.00000e+00	0.00000e+00	0.00000e+00	1.00000e+00	2.56263e+00	3.84442e+01	1.73800e+01	1.59658e+01	2.24785e+01	2.87930e+01	-6.97894e+01	4.82004e-02	1.24839e+01	1.13912e+01	-5.13000e+00	1.20000e+00	
agroforestry	Fri Nov 07 14:59:57 CET 2025	29/3/2001	29	3	2001	88	2001	8.00000e+00	1.49000e+01	4.60000e+01	9.90000e+01	3.60000e+00	3.60000e+00	0.00000e+00	0.00000e+00	0.00000e+00	0.00000e+00	0.00000e+00	3.60000e+00	2.09543e+00	2.24737e+01	1.01600e+01	1.67551e+01	5.71866e+00	2.90631e+01	-3.49416e+01	5.50175e-02	1.25363e+01	9.79598e+00	-5.15000e+00	2.70000e+00	
agroforestry	Fri Nov 07 14:59:57 CET 2025	30/3/2001	30	3	2001	89	2001	2.20000e+00	1.73000e+01	3.20000e+01	9.10000e+01	0.00000e+00	0.00000e+00	0.00000e+00	0.00000e+00	0.00000e+00	0.00000e+00	0.00000e+00	0.00000e+00	2.78207e+00	4.69382e+01	2.12200e+01	1.21816e+01	3.47567e+01	2.93319e+01	-8.07327e+01	6.18167e-02	1.25886e+01	7.41922e+00	-5.12000e+00	2.00000e+00	
agroforestry	Fri Nov 07 14:59:57 CET 2025	31/3/2001	31	3	2001	90	2001	4.00000e+00	2.24000e+01	2.50000e+01	9.10000e+01	0.00000e+00	0.00000e+00	0.00000e+00	0.00000e+00	0.00000e+00	0.00000e+00	0.00000e+00	0.00000e+00	2.88135e+00	4.83318e+01	2.18500e+01	1.16168e+01	3.67150e+01	2.95995e+01	-8.72041e+01	6.85966e-02	1.26408e+01	8.79281e+00	-5.16000e+00	9.00000e-01	
agroforestry	Fri Nov 07 14:59:57 CET 2025	1/4/2001	1	4	2001	91	2001	9.00000e-01	2.11000e+01	3.40000e+01	9.70000e+01	0.00000e+00	0.00000e+00	0.00000e+00	0.00000e+00	0.00000e+00	0.00000e+00	0.00000e+00	0.00000e+00	2.70703e+00	4.74912e+01	2.14700e+01	1.26066e+01	3.48847e+01	2.98657e+01	-8.24627e+01	7.53552e-02	1.26930e+01	8.58984e+00	-5.21000e+00	1.30000e+00	
agroforestry	Fri Nov 07 14:59:57 CET 2025	2/4/2001	2	4	2001	92	2001	2.90000e+00	1.89000e+01	3.60000e+01	9.90000e+01	0.00000e+00	0.00000e+00	0.00000e+00	0.00000e+00	0.00000e+00	0.00000e+00	0.00000e+00	0.00000e+00	2.67659e+00	4.69825e+01	2.12400e+01	1.33236e+01	3.36589e+01	3.01305e+01	-7.98387e+01	8.20910e-02	1.27451e+01	8.79346e+00	-5.25000e+00	1.30000e+00	
agroforestry	Fri Nov 07 14:59:57 CET 2025	3/4/2001	3	4	2001	93	2001	4.60000e+00	1.96000e+01	5.00000e+01	9.90000e+01	0.00000e+00	0.00000e+00	0.00000e+00	0.00000e+00	0.00000e+00	0.00000e+00	0.00000e+00	0.00000e+00	2.35851e+00	3.98599e+01	1.80200e+01	1.71099e+01	2.27500e+01	3.03938e+01	-6.67405e+01	8.88023e-02	1.27970e+01	1.05079e+01	-5.29000e+00	8.00000e-01	
agroforestry	Fri Nov 07 14:59:57 CET 2025	4/4/2001	4	4	2001	94	2001	8.60000e+00	1.86000e+01	6.10000e+01	9.80000e+01	0.00000e+00	0.00000e+00	0.00000e+00	0.00000e+00	0.00000e+00	0.00000e+00	0.00000e+00	0.00000e+00	2.12627e+00	2.80922e+01	1.27000e+01	1.85811e+01	9.51103e+00	3.06555e+01	-4.44480e+01	9.54873e-02	1.28489e+01	1.23708e+01	-5.33000e+00	1.70000e+00	
agroforestry	Fri Nov 07 14:59:57 CET 2025	5/4/2001	5	4	2001	95	2001	1.40000e+00	2.08000e+01	2.50000e+01	9.60000e+01	0.00000e+00	0.00000e+00	0.00000e+00	0.00000e+00	0.00000e+00	0.00000e+00	0.00000e+00	0.00000e+00	3.20489e+00	5.02562e+01	2.27200e+01	1.22939e+01	3.79623e+01	3.09156e+01	-8.43947e+01	1.02144e-01	1.29007e+01	7.98701e+00	-5.36000e+00	2.10000e+00	
agroforestry	Fri Nov 07 14:59:57 CET 2025	6/4/2001	6	4	2001	96	2001	1.28000e+01	2.42000e+01	4.70000e+01	9.90000e+01	1.12000e+01	1.12000e+01	0.00000e+00	0.00000e+00	0.00000e+00	0.00000e+00	0.00000e+00	1.12000e+01	3.07033e+00	3.19189e+01	1.44300e+01	1.90954e+01	1.28235e+01	3.11740e+01	-5.42305e+01	1.08772e-01	1.29524e+01	1.55351e+01	-5.39000e+00	2.40000e+00	
agroforestry	Fri Nov 07 14:59:57 CET 2025	7/4/2001	7	4	2001	97	2001	9.40000e+00	1.68000e+01	4.20000e+01	9.20000e+01	6.00000e-01	6.00000e-01	0.00000e+00	0.00000e+00	0.00000e+00	0.00000e+00	0.00000e+00	6.00000e-01	3.21363e+00	4.05677e+01	1.83400e+01	1.79082e+01	2.26596e+01	3.14306e+01	-6.53668e+01	1.15368e-01	1.30039e+01	1.00911e+01	-5.21000e+00	2.90000e+00	
agroforestry	Fri Nov 07 14:59:57 CET 2025	8/4/2001	8	4	2001	98	2001	7.60000e+00	1.80000e+01	3.70000e+01	7.90000e+01	0.00000e+00	0.00000e+00	0.00000e+00	0.00000e+00	0.00000e+00	0.00000e+00	0.00000e+00	0.00000e+00	3.73847e+00	4.87521e+01	2.20400e+01	1.44175e+01	3.43345e+01	3.16853e+01	-7.97412e+01	1.21932e-01	1.30553e+01	8.56569e+00	-5.24000e+00	2.90000e+00	
agroforestry	Fri Nov 07 14:59:57 CET 2025	9/4/2001	9	4	2001	99	2001	6.40000e+00	1.90000e+01	4.00000e+01	7.70000e+01	0.00000e+00	0.00000e+00	0.00000e+00	0.00000e+00	0.00000e+00	0.00000e+00	0.00000e+00	0.00000e+00	3.36436e+00	4.00369e+01	1.81000e+01	1.85476e+01	2.14893e+01	3.19381e+01	-6.35616e+01	1.28461e-01	1.31066e+01	8.58308e+00	-5.28000e+00	2.70000e+00	
agroforestry	Fri Nov 07 14:59:57 CET 2025	10/4/2001	10	4	2001	100	2001	1.12000e+01	1.84000e+01	4.20000e+01	7.70000e+01	0.00000e+00	0.00000e+00	0.00000e+00	0.00000e+00	0.00000e+00	0.00000e+00	0.00000e+00	0.00000e+00	3.59871e+00	3.28922e+01	1.48700e+01	1.97173e+01	1.31749e+01	3.21890e+01	-5.10714e+01	1.34953e-01	1.31577e+01	1.00075e+01	-5.32000e+00	3.50000e+00	
agroforestry	Fri Nov 07 14:59:57 CET 2025	11/4/2001	11	4	2001	101	2001	9.10000e+00	1.83000e+01	3.20000e+01	6.70000e+01	0.00000e+00	0.00000e+00	0.00000e+00	0.00000e+00	0.00000e+00	0.00000e+00	0.00000e+00	0.00000e+00	3.54633e+00	3.76922e+01	1.70400e+01	1.94903e+01	1.82018e+01	3.24378e+01	-5.86571e+01	1.41408e-01	1.32087e+01	7.75286e+00	-5.35000e+00	2.40000e+00	
agroforestry	Fri Nov 07 14:59:57 CET 2025	12/4/2001	12	4	2001	102	2001	1.09000e+01	1.95000e+01	3.30000e+01	5.10000e+01	0.00000e+00	0.00000e+00	0.00000e+00	0.00000e+00	0.00000e+00	0.00000e+00	0.00000e+00	0.00000e+00	4.04507e+00	5.12295e+01	2.31600e+01	1.42843e+01	3.69452e+01	3.26845e+01	-8.37833e+01	1.47823e-01	1.32595e+01	7.24847e+00	-5.39000e+00	1.80000e+00	
agroforestry	Fri Nov 07 14:59:57 CET 2025	13/4/2001	13	4	2001	103	2001	6.70000e+00	1.76000e+01	2.10000e+01	5.50000e+01	0.00000e+00	0.00000e+00	0.00000e+00	0.00000e+00	0.00000e+00	0.00000e+00	0.00000e+00	0.00000e+00	3.51477e+00	4.92830e+01	2.22800e+01	1.57908e+01	3.34922e+01	3.29290e+01	-7.66765e+01	1.54197e-01	1.33102e+01	5.37740e+00	-5.42000e+00	1.40000e+00	
agroforestry	Fri Nov 07 14:59:57 CET 2025	14/4/2001	14	4	2001	104	2001	2.70000e+00	1.75000e+01	1.60000e+01	6.10000e+01	0.00000e+00	0.00000e+00	0.00000e+00	0.00000e+00	0.00000e+00	0.00000e+00	0.00000e+00	0.00000e+00	3.41962e+00	5.64277e+01	2.55100e+01	1.12997e+01	4.51280e+01	3.31713e+01	-8.65071e+01	1.60529e-01	1.33606e+01	4.75481e+00	-5.45000e+00	1.20000e+00	
agroforestry	Fri Nov 07 14:59:57 CET 2025	15/4/2001	15	4	2001	105	2001	-2.10000e+00	1.83000e+01	2.20000e+01	9.20000e+01	0.00000e+00	0.00000e+00	0.00000e+00	0.00000e+00	0.00000e+00	0.00000e+00	0.00000e+00	0.00000e+00	2.68706e+00	3.86212e+01	1.74600e+01	2.01081e+01	1.85131e+01	3.34114e+01	-5.52326e+01	1.66815e-01	1.34109e+01	6.15091e+00	-5.48000e+00	1.80000e+00	
agroforestry	Fri Nov 07 14:59:57 CET 2025	16/4/2001	16	4	2001	106	2001	1.12000e+01	1.87000e+01	3.90000e+01	7.50000e+01	0.00000e+00	0.00000e+00	0.00000e+00	0.00000e+00	0.00000e+00	0.00000e+00	0.00000e+00	0.00000e+00	3.88247e+00	4.29124e+01	1.94000e+01	1.93320e+01	2.35804e+01	3.36490e+01	-6.60955e+01	1.73056e-01	1.34610e+01	9.68016e+00	-5.51000e+00	2.70000e+00	
agroforestry	Fri Nov 07 14:59:57 CET 2025	17/4/2001	17	4	2001	107	2001	2.60000e+00	1.85000e+01	3.10000e+01	8.40000e+01	0.00000e+00	0.00000e+00	0.00000e+00	0.00000e+00	0.00000e+00	0.00000e+00	0.00000e+00	0.00000e+00	3.26583e+00	5.49677e+01	2.48500e+01	1.35555e+01	4.14122e+01	3.38843e+01	-8.27762e+01	1.79249e-01	1.35109e+01	7.31811e+00	-5.53000e+00	1.10000e+00	
agroforestry	Fri Nov 07 14:59:57 CET 2025	18/4/2001	18	4	2001	108	2001	-1.10000e+00	1.87000e+01	3.00000e+01	9.60000e+01	0.00000e+00	0.00000e+00	0.00000e+00	0.00000e+00	0.00000e+00	0.00000e+00	0.00000e+00	0.00000e+00	3.26669e+00	5.14286e+01	2.32500e+01	1.61528e+01	3.52758e+01	3.41171e+01	-7.50664e+01	1.85393e-01	1.35605e+01	7.12892e+00	-5.56000e+00	2.40000e+00	
agroforestry	Fri Nov 07 14:59:57 CET 2025	19/4/2001	19	4	2001	109	2001	7.60000e+00	1.85000e+01	3.30000e+01	7.80000e+01	0.00000e+00	0.00000e+00	0.00000e+00	0.00000e+00	0.00000e+00	0.00000e+00	0.00000e+00	0.00000e+00	3.38785e+00	4.13641e+01	1.87000e+01	2.03608e+01	2.10033e+01	3.43475e+01	-6.07322e+01	1.91486e-01	1.36100e+01	8.33173e+00	-5.58000e+00	1.90000e+00	
agroforestry	Fri Nov 07 14:59:57 CET 2025	20/4/2001	20	4	2001	110	2001	4.60000e+00	1.51000e+01	2.40000e+01	7.80000e+01	0.00000e+00	0.00000e+00	0.00000e+00	0.00000e+00	0.00000e+00	0.00000e+00	0.00000e+00	0.00000e+00	3.61516e+00	5.06765e+01	2.29100e+01	1.71592e+01	3.35173e+01	3.45752e+01	-7.24520e+01	1.97526e-01	1.36592e+01	6.19394e+00	-5.61000e+00	2.30000e+00	
agroforestry	Fri Nov 07 14:59:57 CET 2025	21/4/2001	21	4	2001	111	2001	3.00000e+00	1.38000e+01	3.20000e+01	6.60000e+01	0.00000e+00	0.00000e+00	0.00000e+00	0.00000e+00	0.00000e+00	0.00000e+00	0.00000e+00	0.00000e+00	3.42825e+00	4.24479e+01	1.91900e+01	2.05083e+01	2.19397e+01	3.48004e+01	-5.78007e+01	2.03512e-01	1.37081e+01	5.39649e+00	-5.63000e+00	2.80000e+00	
agroforestry	Fri Nov 07 14:59:57 CET 2025	22/4/2001	22	4	2001	112	2001	3.30000e+00	1.86000e+01	2.00000e+01	9.40000e+01	1.00000e+00	1.00000e+00	0.00000e+00	0.00000e+00	0.00000e+00	0.00000e+00	0.00000e+00	1.00000e+00	3.59165e+00	5.36848e+01	2.42700e+01	1.60587e+01	3.76261e+01	3.50228e+01	-7.80344e+01	2.09442e-01	1.37568e+01	7.45032e+00	-5.65000e+00	1.80000e+00	
agroforestry	Fri Nov 07 14:59:57 CET 2025	23/4/2001	23	4	2001	113	2001	6.90000e+00	1.95000e+01	3.50000e+01	9.90000e+01	5.60000e+00	5.60000e+00	0.00000e+00	0.00000e+00	0.00000e+00	0.00000e+00	0.00000e+00	5.60000e+00	3.48782e+00	4.73364e+01	2.14000e+01	1.94370e+01	2.78994e+01	3.52426e+01	-6.90744e+01	2.15315e-01	1.38052e+01	1.01572e+01	-5.67000e+00	2.00000e+00	
agroforestry	Fri Nov 07 14:59:57 CET 2025	24/4/2001	24	4	2001	114	2001	5.20000e+00	2.08000e+01	4.10000e+01	9.80000e+01	0.00000e+00	0.00000e+00	0.00000e+00	0.00000e+00	0.00000e+00	0.00000e+00	0.00000e+00	0.00000e+00	3.04686e+00	4.03908e+01	1.82600e+01	2.14298e+01	1.89610e+01	3.54595e+01	-5.74129e+01	2.21129e-01	1.38533e+01	1.03994e+01	-5.69000e+00	1.70000e+00	
agroforestry	Fri Nov 07 14:59:57 CET 2025	25/4/2001	25	4	2001	115	2001	1.34000e+01	2.16000e+01	3.00000e+01	9.80000e+01	1.60000e+00	1.60000e+00	0.00000e+00	0.00000e+00	0.00000e+00	0.00000e+00	0.00000e+00	1.60000e+00	3.81724e+00	3.97272e+01	1.79600e+01	2.16717e+01	1.80555e+01	3.56737e+01	-5.85803e+01	2.26882e-01	1.39012e+01	1.27892e+01	-5.71000e+00	2.30000e+00	
agroforestry	Fri Nov 07 14:59:57 CET 2025	26/4/2001	26	4	2001	116	2001	7.50000e+00	2.28000e+01	2.30000e+01	8.90000e+01	0.00000e+00	0.00000e+00	0.00000e+00	0.00000e+00	0.00000e+00	0.00000e+00	0.00000e+00	0.00000e+00	4.43320e+00	5.94359e+01	2.68700e+01	1.34673e+01	4.59687e+01	3.58850e+01	-9.00234e+01	2.32574e-01	1.39487e+01	9.63359e+00	-5.73000e+00	1.80000e+00	
agroforestry	Fri Nov 07 14:59:57 CET 2025	27/4/2001	27	4	2001	117	2001	3.80000e+00	2.25000e+01	3.20000e+01	9.80000e+01	0.00000e+00	0.00000e+00	0.00000e+00	0.00000e+00	0.00000e+00	0.00000e+00	0.00000e+00	0.00000e+00	3.83623e+00	5.67816e+01	2.56700e+01	1.56391e+01	4.11424e+01	3.60934e+01	-8.32658e+01	2.38201e-01	1.39959e+01	9.82188e+00	-5.75000e+00	1.50000e+00	
agroforestry	Fri Nov 07 14:59:57 CET 2025	28/4/2001	28	4	2001	118	2001	8.40000e+00	2.43000e+01	2.50000e+01	8.80000e+01	0.00000e+00	0.00000e+00	0.00000e+00	0.00000e+00	0.00000e+00	0.00000e+00	0.00000e+00	0.00000e+00	4.37941e+00	5.84627e+01	2.64300e+01	1.48168e+01	4.36459e+01	3.62988e+01	-8.88052e+01	2.43763e-01	1.40427e+01	1.04959e+01	-5.76000e+00	1.30000e+00	
agroforestry	Fri Nov 07 14:59:57 CET 2025	29/4/2001	29	4	2001	119	2001	1.34000e+01	1.61000e+01	7.30000e+01	9.90000e+01	0.00000e+00	0.00000e+00	0.00000e+00	0.00000e+00	0.00000e+00	0.00000e+00	0.00000e+00	0.00000e+00	2.60025e+00	3.33788e+01	1.50900e+01	2.21157e+01	1.12631e+01	3.65012e+01	-4.43199e+01	2.49258e-01	1.40892e+01	1.44180e+01	-5.78000e+00	2.20000e+00	
agroforestry	Fri Nov 07 14:59:57 CET 2025	30/4/2001	30	4	2001	120	2001	4.40000e+00	1.66000e+01	6.80000e+01	9.80000e+01	2.80000e+00	2.80000e+00	0.00000e+00	0.00000e+00	0.00000e+00	0.00000e+00	0.00000e+00	2.80000e+00	1.56654e+00	1.35152e+01	6.11000e+00	1.32932e+01	2.22014e-01	3.67006e+01	-1.22430e+01	2.54685e-01	1.41353e+01	1.05284e+01	-5.80000e+00	2.90000e+00	
agroforestry	Fri Nov 07 14:59:57 CET 2025	1/5/2001	1	5	2001	121	2001	1.02000e+01	1.66000e+01	5.70000e+01	9.90000e+01	2.20000e+00	2.20000e+00	0.00000e+00	0.00000e+00	0.00000e+00	0.00000e+00	0.00000e+00	2.20000e+00	2.20277e+00	2.70968e+01	1.22500e+01	2.08209e+01	6.27584e+00	3.68969e+01	-3.34979e+01	2.60042e-01	1.41811e+01	1.19802e+01	-5.81000e+00	1.00000e+00	
agroforestry	Fri Nov 07 14:59:57 CET 2025	2/5/2001	2	5	2001	122	2001	3.30000e+00	1.82000e+01	6.60000e+01	9.90000e+01	6.40000e+00	6.40000e+00	0.00000e+00	0.00000e+00	0.00000e+00	0.00000e+00	0.00000e+00	6.40000e+00	1.74185e+00	2.21862e+01	1.00300e+01	1.88239e+01	3.36231e+00	3.70900e+01	-2.52134e+01	2.65327e-01	1.42264e+01	1.06408e+01	-5.83000e+00	1.10000e+00	
agroforestry	Fri Nov 07 14:59:57 CET 2025	3/5/2001	3	5	2001	123	2001	5.10000e+00	1.89000e+01	5.70000e+01	9.90000e+01	2.00000e-01	2.00000e-01	0.00000e+00	0.00000e+00	0.00000e+00	0.00000e+00	0.00000e+00	2.00000e-01	3.44477e+00	5.64055e+01	2.55000e+01	1.75299e+01	3.88756e+01	3.72800e+01	-7.77006e+01	2.70540e-01	1.42713e+01	1.09292e+01	-5.84000e+00	9.00000e-01	
agroforestry	Fri Nov 07 14:59:57 CET 2025	4/5/2001	4	5	2001	124	2001	5.13116e+00	1.91328e+01	4.50000e+01	9.90000e+01	5.40000e+00	5.40000e+00	0.00000e+00	0.00000e+00	0.00000e+00	0.00000e+00	0.00000e+00	5.40000e+00	2.36854e+00	3.03041e+01	1.37000e+01	2.19598e+01	8.34439e+00	3.74668e+01	-3.76355e+01	2.75677e-01	1.43158e+01	1.01767e+01	-5.86000e+00	9.00000e-01	
agroforestry	Fri Nov 07 14:59:57 CET 2025	5/5/2001	5	5	2001	125	2001	9.00000e+00	1.87000e+01	5.50000e+01	9.90000e+01	1.40000e+00	1.40000e+00	0.00000e+00	0.00000e+00	0.00000e+00	0.00000e+00	0.00000e+00	1.40000e+00	2.30929e+00	2.57696e+01	1.16500e+01	2.05576e+01	5.21202e+00	3.76503e+01	-3.09723e+01	2.80739e-01	1.43599e+01	1.21782e+01	-5.87000e+00	1.50000e+00	
agroforestry	Fri Nov 07 14:59:57 CET 2025	6/5/2001	6	5	2001	126	2001	1.10000e+01	1.93000e+01	5.00000e+01	7.20000e+01	0.00000e+00	0.00000e+00	0.00000e+00	0.00000e+00	0.00000e+00	0.00000e+00	0.00000e+00	0.00000e+00	4.40682e+00	4.70931e+01	2.12900e+01	2.20581e+01	2.50350e+01	3.78305e+01	-6.44796e+01	2.85723e-01	1.44034e+01	1.04937e+01	-5.88000e+00	3.20000e+00	
agroforestry	Fri Nov 07 14:59:57 CET 2025	7/5/2001	7	5	2001	127	2001	1.05000e+01	2.09000e+01	4.20000e+01	8.40000e+01	0.00000e+00	0.00000e+00	0.00000e+00	0.00000e+00	0.00000e+00	0.00000e+00	0.00000e+00	0.00000e+00	3.13536e+00	3.18083e+01	1.43800e+01	2.25250e+01	9.28333e+00	3.80073e+01	-4.08365e+01	2.90628e-01	1.44465e+01	1.12273e+01	-5.90000e+00	1.60000e+00	
agroforestry	Fri Nov 07 14:59:57 CET 2025	8/5/2001	8	5	2001	128	2001	6.70000e+00	2.53000e+01	3.70000e+01	9.80000e+01	0.00000e+00	0.00000e+00	0.00000e+00	0.00000e+00	0.00000e+00	0.00000e+00	0.00000e+00	0.00000e+00	4.28769e+00	5.92590e+01	2.67900e+01	1.70571e+01	4.22018e+01	3.81808e+01	-8.51173e+01	2.95452e-01	1.44891e+01	1.22624e+01	-5.91000e+00	1.00000e+00	
agroforestry	Fri Nov 07 14:59:57 CET 2025	9/5/2001	9	5	2001	129	2001	9.90000e+00	2.29000e+01	5.40000e+01	9.70000e+01	0.00000e+00	0.00000e+00	0.00000e+00	0.00000e+00	0.00000e+00	0.00000e+00	0.00000e+00	0.00000e+00	3.46868e+00	4.38194e+01	1.98100e+01	2.31581e+01	2.06612e+01	3.83509e+01	-5.99074e+01	3.00195e-01	1.45312e+01	1.40703e+01	-5.92000e+00	1.20000e+00	
agroforestry	Fri Nov 07 14:59:57 CET 2025	10/5/2001	10	5	2001	130	2001	1.12000e+01	2.56000e+01	4.10000e+01	9.70000e+01	9.60000e+00	9.60000e+00	0.00000e+00	0.00000e+00	0.00000e+00	0.00000e+00	0.00000e+00	9.60000e+00	3.17553e+00	3.36885e+01	1.52300e+01	2.31094e+01	1.05790e+01	3.85176e+01	-4.49121e+01	3.04853e-01	1.45727e+01	1.45920e+01	-5.93000e+00	1.00000e+00	
agroforestry	Fri Nov 07 14:59:57 CET 2025	11/5/2001	11	5	2001	131	2001	1.20000e+01	2.71000e+01	4.60000e+01	9.90000e+01	1.20000e+00	1.20000e+00	0.00000e+00	0.00000e+00	0.00000e+00	0.00000e+00	0.00000e+00	1.20000e+00	2.72769e+00	2.65217e+01	1.19900e+01	2.11387e+01	5.38298e+00	3.86807e+01	-3.36067e+01	3.09427e-01	1.46137e+01	1.64739e+01	-5.94000e+00	8.00000e-01	
agroforestry	Fri Nov 07 14:59:57 CET 2025	12/5/2001	12	5	2001	132	2001	8.10000e+00	2.68200e+01	3.90000e+01	9.90000e+01	2.00000e-01	2.00000e-01	0.00000e+00	0.00000e+00	0.00000e+00	0.00000e+00	0.00000e+00	2.00000e-01	4.70008e+00	6.20461e+01	2.80500e+01	1.62038e+01	4.58423e+01	3.88404e+01	-8.96097e+01	3.13915e-01	1.46541e+01	1.37535e+01	-5.96000e+00	1.10000e+00	
agroforestry	Fri Nov 07 14:59:57 CET 2025	13/5/2001	13	5	2001	133	2001	6.60000e+00	2.56300e+01	5.20000e+01	9.90000e+01	0.00000e+00	0.00000e+00	0.00000e+00	0.00000e+00	0.00000e+00	0.00000e+00	0.00000e+00	0.00000e+00	3.65023e+00	4.63410e+01	2.09500e+01	2.32448e+01	2.30962e+01	3.89965e+01	-6.30618e+01	3.18314e-01	1.46939e+01	1.38168e+01	-5.97000e+00	1.40000e+00	
agroforestry	Fri Nov 07 14:59:57 CET 2025	14/5/2001	14	5	2001	134	2001	1.34000e+01	1.96700e+01	7.60000e+01	9.80000e+01	0.00000e+00	0.00000e+00	0.00000e+00	0.00000e+00	0.00000e+00	0.00000e+00	0.00000e+00	0.00000e+00	2.89947e+00	3.54802e+01	1.60400e+01	2.36783e+01	1.18018e+01	3.91490e+01	-4.51367e+01	3.22625e-01	1.47330e+01	1.63534e+01	-5.98000e+00	1.90000e+00	
agroforestry	Fri Nov 07 14:59:57 CET 2025	15/5/2001	15	5	2001	135	2001	1.56000e+01	2.51600e+01	4.90000e+01	9.90000e+01	1.00000e+00	1.00000e+00	0.00000e+00	0.00000e+00	0.00000e+00	0.00000e+00	0.00000e+00	1.00000e+00	5.15267e+00	6.03429e+01	2.72800e+01	1.79556e+01	4.23873e+01	3.92979e+01	-8.77850e+01	3.26845e-01	1.47716e+01	1.77023e+01	-5.99000e+00	1.60000e+00	
agroforestry	Fri Nov 07 14:59:57 CET 2025	16/5/2001	16	5	2001	136	2001	1.13000e+01	1.96300e+01	7.70000e+01	9.80000e+01	0.00000e+00	0.00000e+00	0.00000e+00	0.00000e+00	0.00000e+00	0.00000e+00	0.00000e+00	0.00000e+00	3.07373e+00	3.94839e+01	1.78500e+01	2.41517e+01	1.53322e+01	3.94431e+01	-5.02697e+01	3.30973e-01	1.48095e+01	1.53603e+01	-6.00000e+00	2.30000e+00	
agroforestry	Fri Nov 07 14:59:57 CET 2025	17/5/2001	17	5	2001	137	2001	1.58000e+01	2.28500e+01	6.10000e+01	9.80000e+01	2.20000e+00	2.20000e+00	0.00000e+00	0.00000e+00	0.00000e+00	0.00000e+00	0.00000e+00	2.20000e+00	4.09788e+00	4.85309e+01	2.19400e+01	2.32691e+01	2.52618e+01	3.95847e+01	-6.68290e+01	3.35008e-01	1.48467e+01	1.78133e+01	-6.01000e+00	1.30000e+00	
agroforestry	Fri Nov 07 14:59:57 CET 2025	18/5/2001	18	5	2001	138	2001	1.33000e+01	2.53400e+01	2.70000e+01	9.70000e+01	0.00000e+00	0.00000e+00	0.00000e+00	0.00000e+00	0.00000e+00	0.00000e+00	0.00000e+00	0.00000e+00	5.51307e+00	6.45677e+01	2.91900e+01	1.57997e+01	4.87681e+01	3.97226e+01	-9.25504e+01	3.38948e-01	1.48832e+01	1.38878e+01	-6.02000e+00	1.80000e+00	
agroforestry	Fri Nov 07 14:59:57 CET 2025	19/5/2001	19	5	2001	139	2001	4.80000e+00	2.83400e+01	2.40000e+01	9.00000e+01	0.00000e+00	0.00000e+00	0.00000e+00	0.00000e+00	0.00000e+00	0.00000e+00	0.00000e+00	0.00000e+00	5.02994e+00	6.57843e+01	2.97400e+01	1.51287e+01	5.06556e+01	3.98567e+01	-9.24483e+01	3.42792e-01	1.49189e+01	1.07382e+01	-6.02000e+00	1.30000e+00	
agroforestry	Fri Nov 07 14:59:57 CET 2025	20/5/2001	20	5	2001	140	2001	1.21000e+01	2.71600e+01	3.60000e+01	8.80000e+01	2.00000e-01	2.00000e-01	0.00000e+00	0.00000e+00	0.00000e+00	0.00000e+00	0.00000e+00	2.00000e-01	3.53265e+00	3.72940e+01	1.68600e+01	2.43109e+01	1.29831e+01	3.99870e+01	-4.93196e+01	3.46540e-01	1.49540e+01	1.41582e+01	-6.03000e+00	6.00000e-01	
agroforestry	Fri Nov 07 14:59:57 CET 2025	21/5/2001	21	5	2001	141	2001	1.46500e+01	2.42200e+01	4.80000e+01	9.80000e+01	1.80000e+00	1.80000e+00	0.00000e+00	0.00000e+00	0.00000e+00	0.00000e+00	0.00000e+00	1.80000e+00	3.11565e+00	3.11447e+01	1.40800e+01	2.31622e+01	7.98252e+00	4.01136e+01	-3.89445e+01	3.50189e-01	1.49882e+01	1.64693e+01	-6.04000e+00	1.10000e+00	
agroforestry	Fri Nov 07 14:59:57 CET 2025	22/5/2001	22	5	2001	142	2001	1.10600e+01	2.40200e+01	5.50000e+01	9.90000e+01	0.00000e+00	0.00000e+00	0.00000e+00	0.00000e+00	0.00000e+00	0.00000e+00	0.00000e+00	0.00000e+00	4.50203e+00	5.81751e+01	2.63000e+01	2.03770e+01	3.77981e+01	4.02363e+01	-7.93974e+01	3.53738e-01	1.50217e+01	1.54259e+01	-6.05000e+00	1.20000e+00	
agroforestry	Fri Nov 07 14:59:57 CET 2025	23/5/2001	23	5	2001	143	2001	1.25200e+01	2.69400e+01	5.40000e+01	9.90000e+01	0.00000e+00	0.00000e+00	0.00000e+00	0.00000e+00	0.00000e+00	0.00000e+00	0.00000e+00	0.00000e+00	4.17980e+00	4.91060e+01	2.22000e+01	2.38091e+01	2.52969e+01	4.03552e+01	-6.73986e+01	3.57186e-01	1.50544e+01	1.75783e+01	-6.06000e+00	9.00000e-01	
agroforestry	Fri Nov 07 14:59:57 CET 2025	24/5/2001	24	5	2001	144	2001	9.97000e+00	2.85700e+01	4.10000e+01	9.90000e+01	1.68000e+01	1.68000e+01	0.00000e+00	0.00000e+00	0.00000e+00	0.00000e+00	0.00000e+00	1.68000e+01	4.99066e+00	6.13161e+01	2.77200e+01	1.89814e+01	4.23347e+01	4.04702e+01	-8.64220e+01	3.60533e-01	1.50863e+01	1.56310e+01	-6.07000e+00	1.00000e+00	
agroforestry	Fri Nov 07 14:59:57 CET 2025	25/5/2001	25	5	2001	145	2001	1.41000e+01	2.84900e+01	3.60000e+01	9.90000e+01	2.00000e-01	2.00000e-01	0.00000e+00	0.00000e+00	0.00000e+00	0.00000e+00	0.00000e+00	2.00000e-01	4.77834e+00	5.16940e+01	2.33700e+01	2.33323e+01	2.83617e+01	4.05813e+01	-7.24991e+01	3.63776e-01	1.51173e+01	1.70831e+01	-6.08000e+00	1.20000e+00	
agroforestry	Fri Nov 07 14:59:57 CET 2025	26/5/2001	26	5	2001	146	2001	1.42800e+01	3.05300e+01	3.40000e+01	9.00000e+01	0.00000e+00	0.00000e+00	0.00000e+00	0.00000e+00	0.00000e+00	0.00000e+00	0.00000e+00	0.00000e+00	5.76075e+00	6.31963e+01	2.85700e+01	1.81491e+01	4.50472e+01	4.06884e+01	-9.22893e+01	3.66915e-01	1.51474e+01	1.67920e+01	-6.08000e+00	1.20000e+00	
agroforestry	Fri Nov 07 14:59:57 CET 2025	27/5/2001	27	5	2001	147	2001	1.25400e+01	3.19000e+01	3.70000e+01	9.90000e+01	0.00000e+00	0.00000e+00	0.00000e+00	0.00000e+00	0.00000e+00	0.00000e+00	0.00000e+00	0.00000e+00	5.60693e+00	6.20461e+01	2.80500e+01	1.89903e+01	4.30558e+01	4.07917e+01	-9.03809e+01	3.69949e-01	1.51767e+01	1.82108e+01	-6.09000e+00	1.20000e+00	
agroforestry	Fri Nov 07 14:59:57 CET 2025	28/5/2001	28	5	2001	148	2001	1.30200e+01	3.29600e+01	3.60000e+01	9.90000e+01	0.00000e+00	0.00000e+00	0.00000e+00	0.00000e+00	0.00000e+00	0.00000e+00	0.00000e+00	0.00000e+00	5.68296e+00	6.16479e+01	2.78700e+01	1.93549e+01	4.22930e+01	4.08909e+01	-9.04844e+01	3.72876e-01	1.52050e+01	1.89424e+01	-6.10000e+00	1.10000e+00	
agroforestry	Fri Nov 07 14:59:57 CET 2025	29/5/2001	29	5	2001	149	2001	1.49200e+01	3.36000e+01	3.40000e+01	9.60000e+01	0.00000e+00	0.00000e+00	0.00000e+00	0.00000e+00	0.00000e+00	0.00000e+00	0.00000e+00	0.00000e+00	6.15738e+00	6.44129e+01	2.91200e+01	1.78018e+01	4.66111e+01	4.09861e+01	-9.61925e+01	3.75695e-01	1.52324e+01	1.96916e+01	-6.11000e+00	1.20000e+00	
agroforestry	Fri Nov 07 14:59:57 CET 2025	30/5/2001	30	5	2001	150	2001	1.37800e+01	3.38300e+01	3.60000e+01	9.90000e+01	0.00000e+00	0.00000e+00	0.00000e+00	0.00000e+00	0.00000e+00	0.00000e+00	0.00000e+00	0.00000e+00	5.98664e+00	6.38378e+01	2.88600e+01	1.82991e+01	4.55387e+01	4.10774e+01	-9.46228e+01	3.78407e-01	1.52588e+01	1.98976e+01	-6.11000e+00	1.10000e+00	
agroforestry	Fri Nov 07 14:59:57 CET 2025	31/5/2001	31	5	2001	151	2001	1.54100e+01	3.53800e+01	3.60000e+01	9.90000e+01	0.00000e+00	0.00000e+00	0.00000e+00	0.00000e+00	0.00000e+00	0.00000e+00	0.00000e+00	0.00000e+00	6.17086e+00	5.89714e+01	2.66600e+01	2.11154e+01	3.78560e+01	4.11645e+01	-8.81730e+01	3.81009e-01	1.52843e+01	2.18830e+01	-6.12000e+00	1.80000e+00	
agroforestry	Fri Nov 07 14:59:57 CET 2025	1/6/2001	1	6	2001	152	2001	1.18600e+01	2.93300e+01	2.10000e+01	7.30000e+01	0.00000e+00	0.00000e+00	0.00000e+00	0.00000e+00	0.00000e+00	0.00000e+00	0.00000e+00	0.00000e+00	5.69039e+00	6.63594e+01	3.00000e+01	1.68879e+01	4.94715e+01	4.12477e+01	-9.38047e+01	3.83500e-01	1.53088e+01	1.13936e+01	-6.13000e+00	1.00000e+00	
agroforestry	Fri Nov 07 14:59:57 CET 2025	2/6/2001	2	6	2001	153	2001	7.01000e+00	2.93200e+01	2.90000e+01	9.20000e+01	0.00000e+00	0.00000e+00	0.00000e+00	0.00000e+00	0.00000e+00	0.00000e+00	0.00000e+00	0.00000e+00	5.53772e+00	6.45677e+01	2.91900e+01	1.81939e+01	4.63738e+01	4.13267e+01	-8.85490e+01	3.85881e-01	1.53322e+01	1.26071e+01	-6.13000e+00	2.00000e+00	
agroforestry	Fri Nov 07 14:59:57 CET 2025	3/6/2001	3	6	2001	154	2001	8.22000e+00	2.55200e+01	2.00000e+01	6.90000e+01	0.00000e+00	0.00000e+00	0.00000e+00	0.00000e+00	0.00000e+00	0.00000e+00	0.00000e+00	0.00000e+00	5.62386e+00	6.05641e+01	2.73800e+01	2.06085e+01	3.99556e+01	4.14016e+01	-8.02012e+01	3.88149e-01	1.53547e+01	8.54469e+00	-6.14000e+00	2.40000e+00	
agroforestry	Fri Nov 07 14:59:57 CET 2025	4/6/2001	4	6	2001	155	2001	4.31100e+00	2.89200e+01	1.50000e+01	7.60000e+01	0.00000e+00	0.00000e+00	0.00000e+00	0.00000e+00	0.00000e+00	0.00000e+00	0.00000e+00	0.00000e+00	5.27575e+00	6.70673e+01	3.03200e+01	1.67391e+01	5.03282e+01	4.14725e+01	-9.03981e+01	3.90304e-01	1.53761e+01	8.59656e+00	-6.15000e+00	1.20000e+00	
agroforestry	Fri Nov 07 14:59:57 CET 2025	5/6/2001	5	6	2001	156	2001	4.97200e+00	2.68900e+01	2.60000e+01	9.80000e+01	0.00000e+00	0.00000e+00	0.00000e+00	0.00000e+00	0.00000e+00	0.00000e+00	0.00000e+00	0.00000e+00	4.63044e+00	5.95244e+01	2.69100e+01	2.12997e+01	3.82247e+01	4.15392e+01	-7.79374e+01	3.92346e-01	1.53964e+01	1.12136e+01	-6.15000e+00	1.20000e+00	
agroforestry	Fri Nov 07 14:59:57 CET 2025	6/6/2001	6	6	2001	157	2001	1.31200e+01	2.63600e+01	3.50000e+01	9.90000e+01	6.20000e+00	6.20000e+00	0.00000e+00	0.00000e+00	0.00000e+00	0.00000e+00	0.00000e+00	6.20000e+00	5.57648e+00	6.16258e+01	2.78600e+01	2.03002e+01	4.13256e+01	4.16017e+01	-8.39915e+01	3.94273e-01	1.54156e+01	1.54049e+01	-6.16000e+00	2.20000e+00	
agroforestry	Fri Nov 07 14:59:57 CET 2025	7/6/2001	7	6	2001	158	2001	1.04200e+01	3.11400e+01	1.80000e+01	9.40000e+01	0.00000e+00	0.00000e+00	0.00000e+00	0.00000e+00	0.00000e+00	0.00000e+00	0.00000e+00	0.00000e+00	5.98056e+00	6.70230e+01	3.03000e+01	1.70568e+01	4.99662e+01	4.16601e+01	-9.44776e+01	3.96086e-01	1.54338e+01	1.37310e+01	-6.16000e+00	1.50000e+00	
agroforestry	Fri Nov 07 14:59:57 CET 2025	8/6/2001	8	6	2001	159	2001	1.14200e+01	2.29900e+01	7.50000e+01	9.80000e+01	0.00000e+00	0.00000e+00	0.00000e+00	0.00000e+00	0.00000e+00	0.00000e+00	0.00000e+00	0.00000e+00	3.09981e+00	3.64313e+01	1.64700e+01	2.50183e+01	1.14131e+01	4.17144e+01	-4.38514e+01	3.97782e-01	1.54508e+01	1.69659e+01	-6.17000e+00	1.80000e+00	
agroforestry	Fri Nov 07 14:59:57 CET 2025	9/6/2001	9	6	2001	160	2001	1.64600e+01	2.49200e+01	5.70000e+01	9.90000e+01	6.40000e+00	6.40000e+00	0.00000e+00	0.00000e+00	0.00000e+00	0.00000e+00	0.00000e+00	6.40000e+00	3.09708e+00	3.02599e+01	1.36800e+01	2.34267e+01	6.83320e+00	4.17644e+01	-3.61599e+01	3.99362e-01	1.54667e+01	1.90196e+01	-6.18000e+00	1.10000e+00	
agroforestry	Fri Nov 07 14:59:57 CET 2025	10/6/2001	10	6	2001	161	2001	1.22100e+01	2.24300e+01	7.10000e+01	9.90000e+01	8.40000e+00	8.40000e+00	0.00000e+00	0.00000e+00	0.00000e+00	0.00000e+00	0.00000e+00	8.40000e+00	1.87281e+00	1.91779e+01	8.67000e+00	1.78436e+01	1.33430e+00	4.18103e+01	-1.85448e+01	4.00825e-01	1.54814e+01	1.67934e+01	-6.18000e+00	4.00000e-01	
agroforestry	Fri Nov 07 14:59:57 CET 2025	11/6/2001	11	6	2001	162	2001	7.67000e+00	2.58700e+01	2.50000e+01	9.30000e+01	2.00000e-01	2.00000e-01	0.00000e+00	0.00000e+00	0.00000e+00	0.00000e+00	0.00000e+00	2.00000e-01	5.32353e+00	6.85051e+01	3.09700e+01	1.63051e+01	5.21999e+01	4.18519e+01	-9.08310e+01	4.02171e-01	1.54950e+01	1.12572e+01	-6.19000e+00	1.30000e+00	
agroforestry	Fri Nov 07 14:59:57 CET 2025	12/6/2001	12	6	2001	163	2001	5.17500e+00	2.64900e+01	3.20000e+01	9.40000e+01	0.00000e+00	0.00000e+00	0.00000e+00	0.00000e+00	0.00000e+00	0.00000e+00	0.00000e+00	0.00000e+00	5.03666e+00	6.72442e+01	3.04000e+01	1.72524e+01	4.99919e+01	4.18894e+01	-8.81950e+01	4.03399e-01	1.55075e+01	1.13229e+01	-6.19000e+00	1.20000e+00	
agroforestry	Fri Nov 07 14:59:57 CET 2025	13/6/2001	13	6	2001	164	2001	1.00600e+01	3.01200e+01	2.70000e+01	9.90000e+01	0.00000e+00	0.00000e+00	0.00000e+00	0.00000e+00	0.00000e+00	0.00000e+00	0.00000e+00	0.00000e+00	5.59302e+00	6.41696e+01	2.90100e+01	1.92775e+01	4.48921e+01	4.19226e+01	-8.84405e+01	4.04508e-01	1.55187e+01	1.48030e+01	-6.20000e+00	1.40000e+00	
agroforestry	Fri Nov 07 14:59:57 CET 2025	14/6/2001	14	6	2001	165	2001	1.09400e+01	2.90400e+01	3.20000e+01	9.50000e+01	0.00000e+00	0.00000e+00	0.00000e+00	0.00000e+00	0.00000e+00	0.00000e+00	0.00000e+00	0.00000e+00	5.66784e+00	6.63152e+01	2.99800e+01	1.79699e+01	4.83453e+01	4.19516e+01	-9.12632e+01	4.05498e-01	1.55288e+01	1.48284e+01	-6.20000e+00	1.30000e+00	
agroforestry	Fri Nov 07 14:59:57 CET 2025	15/6/2001	15	6	2001	166	2001	1.31500e+01	2.61500e+01	5.70000e+01	9.80000e+01	8.00000e+00	8.00000e+00	0.00000e+00	0.00000e+00	0.00000e+00	0.00000e+00	0.00000e+00	8.00000e+00	4.79336e+00	5.42820e+01	2.45400e+01	2.38842e+01	3.03978e+01	4.19764e+01	-7.19193e+01	4.06370e-01	1.55376e+01	1.77198e+01	-6.21000e+00	1.90000e+00	
agroforestry	Fri Nov 07 14:59:57 CET 2025	16/6/2001	16	6	2001	167	2001	1.41000e+01	2.80400e+01	3.60000e+01	9.80000e+01	2.80000e+00	2.80000e+00	0.00000e+00	0.00000e+00	0.00000e+00	0.00000e+00	0.00000e+00	2.80000e+00	5.42032e+00	5.71355e+01	2.58300e+01	2.28795e+01	3.42560e+01	4.19970e+01	-7.77495e+01	4.07122e-01	1.55453e+01	1.67239e+01	-6.21000e+00	1.90000e+00	
agroforestry	Fri Nov 07 14:59:57 CET 2025	17/6/2001	17	6	2001	168	2001	1.14000e+01	2.43500e+01	3.50000e+01	7.00000e+01	0.00000e+00	0.00000e+00	0.00000e+00	0.00000e+00	0.00000e+00	0.00000e+00	0.00000e+00	0.00000e+00	5.85877e+00	5.68479e+01	2.57000e+01	2.30106e+01	3.38373e+01	4.20133e+01	-7.39225e+01	4.07754e-01	1.55518e+01	1.07422e+01	-6.22000e+00	3.30000e+00	
agroforestry	Fri Nov 07 14:59:57 CET 2025	18/6/2001	18	6	2001	169	2001	1.25300e+01	2.53200e+01	2.80000e+01	6.90000e+01	0.00000e+00	0.00000e+00	0.00000e+00	0.00000e+00	0.00000e+00	0.00000e+00	0.00000e+00	0.00000e+00	5.89041e+00	6.32848e+01	2.86100e+01	1.99339e+01	4.33509e+01	4.20254e+01	-8.45222e+01	4.08266e-01	1.55570e+01	1.05994e+01	-6.22000e+00	2.10000e+00	
agroforestry	Fri Nov 07 14:59:57 CET 2025	19/6/2001	19	6	2001	170	2001	1.16400e+01	2.91400e+01	2.30000e+01	5.90000e+01	0.00000e+00	0.00000e+00	0.00000e+00	0.00000e+00	0.00000e+00	0.00000e+00	0.00000e+00	0.00000e+00	6.31253e+00	6.92793e+01	3.13200e+01	1.60269e+01	5.32524e+01	4.20332e+01	-9.60063e+01	4.08659e-01	1.55610e+01	9.81411e+00	-6.23000e+00	1.70000e+00	
agroforestry	Fri Nov 07 14:59:57 CET 2025	20/6/2001	20	6	2001	171	2001	9.34000e+00	3.32500e+01	1.50000e+01	8.50000e+01	0.00000e+00	0.00000e+00	0.00000e+00	0.00000e+00	0.00000e+00	0.00000e+00	0.00000e+00	0.00000e+00	6.06025e+00	6.91244e+01	3.12500e+01	1.61465e+01	5.29780e+01	4.20368e+01	-9.78951e+01	4.08931e-01	1.55638e+01	1.26541e+01	-6.23000e+00	1.10000e+00	
agroforestry	Fri Nov 07 14:59:57 CET 2025	21/6/2001	21	6	2001	172	2001	9.17000e+00	3.33500e+01	2.40000e+01	9.40000e+01	0.00000e+00	0.00000e+00	0.00000e+00	0.00000e+00	0.00000e+00	0.00000e+00	0.00000e+00	0.00000e+00	5.87360e+00	6.68682e+01	3.02300e+01	1.77278e+01	4.91404e+01	4.20362e+01	-9.43515e+01	4.09083e-01	1.55653e+01	1.48999e+01	-6.24000e+00	1.10000e+00	
agroforestry	Fri Nov 07 14:59:57 CET 2025	22/6/2001	22	6	2001	173	2001	1.14600e+01	3.64300e+01	1.70000e+01	9.60000e+01	0.00000e+00	0.00000e+00	0.00000e+00	0.00000e+00	0.00000e+00	0.00000e+00	0.00000e+00	0.00000e+00	6.48899e+00	6.76866e+01	3.06000e+01	1.71629e+01	5.05237e+01	4.20314e+01	-9.92536e+01	4.09114e-01	1.55656e+01	1.67959e+01	-6.24000e+00	1.30000e+00	
agroforestry	Fri Nov 07 14:59:57 CET 2025	23/6/2001	23	6	2001	174	2001	1.32300e+01	3.46900e+01	2.70000e+01	7.70000e+01	0.00000e+00	0.00000e+00	0.00000e+00	0.00000e+00	0.00000e+00	0.00000e+00	0.00000e+00	0.00000e+00	5.47177e+00	5.32424e+01	2.40700e+01	2.42451e+01	2.89973e+01	4.20223e+01	-7.53333e+01	4.09026e-01	1.55647e+01	1.54721e+01	-6.25000e+00	1.10000e+00	
agroforestry	Fri Nov 07 14:59:57 CET 2025	24/6/2001	24	6	2001	175	2001	1.43200e+01	3.42500e+01	2.90000e+01	9.60000e+01	0.00000e+00	0.00000e+00	0.00000e+00	0.00000e+00	0.00000e+00	0.00000e+00	0.00000e+00	0.00000e+00	6.04881e+00	6.29088e+01	2.84400e+01	2.01247e+01	4.27840e+01	4.20090e+01	-9.12293e+01	4.08817e-01	1.55626e+01	1.89627e+01	-6.25000e+00	1.00000e+00	
agroforestry	Fri Nov 07 14:59:57 CET 2025	25/6/2001	25	6	2001	176	2001	1.47500e+01	3.47100e+01	3.10000e+01	9.90000e+01	0.00000e+00	0.00000e+00	0.00000e+00	0.00000e+00	0.00000e+00	0.00000e+00	0.00000e+00	0.00000e+00	5.90382e+00	5.95465e+01	2.69200e+01	2.18294e+01	3.77171e+01	4.19916e+01	-8.63112e+01	4.08488e-01	1.55593e+01	2.02536e+01	-6.25000e+00	1.10000e+00	
agroforestry	Fri Nov 07 14:59:57 CET 2025	26/6/2001	26	6	2001	177	2001	1.35800e+01	3.14800e+01	2.50000e+01	9.70000e+01	0.00000e+00	0.00000e+00	0.00000e+00	0.00000e+00	0.00000e+00	0.00000e+00	0.00000e+00	0.00000e+00	5.84161e+00	6.34175e+01	2.86700e+01	1.97836e+01	4.36339e+01	4.19699e+01	-8.97545e+01	4.08040e-01	1.55547e+01	1.66472e+01	-6.26000e+00	1.10000e+00	
agroforestry	Fri Nov 07 14:59:57 CET 2025	27/6/2001	27	6	2001	178	2001	1.15100e+01	3.13300e+01	3.20000e+01	9.60000e+01	2.00000e-01	2.00000e-01	0.00000e+00	0.00000e+00	0.00000e+00	0.00000e+00	0.00000e+00	2.00000e-01	4.37008e+00	4.33106e+01	1.95800e+01	2.56894e+01	1.76212e+01	4.19440e+01	-5.72984e+01	4.07472e-01	1.55489e+01	1.63219e+01	-6.26000e+00	1.20000e+00	
agroforestry	Fri Nov 07 14:59:57 CET 2025	28/6/2001	28	6	2001	179	2001	1.75200e+01	3.11300e+01	2.60000e+01	7.10000e+01	0.00000e+00	0.00000e+00	0.00000e+00	0.00000e+00	0.00000e+00	0.00000e+00	0.00000e+00	0.00000e+00	6.23005e+00	6.03650e+01	2.72900e+01	2.13436e+01	3.90214e+01	4.19140e+01	-8.65326e+01	4.06784e-01	1.55419e+01	1.47504e+01	-6.27000e+00	1.50000e+00	
agroforestry	Fri Nov 07 14:59:57 CET 2025	29/6/2001	29	6	2001	180	2001	1.41600e+01	3.46800e+01	3.70000e+01	7.70000e+01	0.00000e+00	0.00000e+00	0.00000e+00	0.00000e+00	0.00000e+00	0.00000e+00	0.00000e+00	0.00000e+00	6.40834e+00	6.61604e+01	2.99100e+01	1.79662e+01	4.81941e+01	4.18797e+01	-9.71219e+01	4.05978e-01	1.55337e+01	1.74344e+01	-6.27000e+00	1.20000e+00	
agroforestry	Fri Nov 07 14:59:57 CET 2025	30/6/2001	30	6	2001	181	2001	1.31400e+01	3.79400e+01	1.90000e+01	9.20000e+01	0.00000e+00	0.00000e+00	0.00000e+00	0.00000e+00	0.00000e+00	0.00000e+00	0.00000e+00	0.00000e+00	6.61550e+00	6.47889e+01	2.92900e+01	1.87867e+01	4.60022e+01	4.18414e+01	-9.70253e+01	4.05053e-01	1.55243e+01	1.81484e+01	-6.27000e+00	1.40000e+00	
agroforestry	Fri Nov 07 14:59:57 CET 2025	1/7/2001	1	7	2001	182	2001	1.71600e+01	3.49100e+01	2.20000e+01	7.10000e+01	0.00000e+00	0.00000e+00	0.00000e+00	0.00000e+00	0.00000e+00	0.00000e+00	0.00000e+00	0.00000e+00	6.69803e+00	6.60940e+01	2.98800e+01	1.78912e+01	4.82028e+01	4.17989e+01	-9.89109e+01	4.04009e-01	1.55137e+01	1.56582e+01	-6.28000e+00	1.20000e+00	
agroforestry	Fri Nov 07 14:59:57 CET 2025	2/7/2001	2	7	2001	183	2001	1.42800e+01	3.47800e+01	2.50000e+01	8.40000e+01	0.00000e+00	0.00000e+00	0.00000e+00	0.00000e+00	0.00000e+00	0.00000e+00	0.00000e+00	0.00000e+00	6.43463e+00	6.54747e+01	2.96000e+01	1.82264e+01	4.72483e+01	4.17523e+01	-9.64771e+01	4.02848e-01	1.55019e+01	1.67799e+01	-6.28000e+00	1.30000e+00	
agroforestry	Fri Nov 07 14:59:57 CET 2025	3/7/2001	3	7	2001	184	2001	1.33300e+01	3.20800e+01	3.50000e+01	9.30000e+01	0.00000e+00	0.00000e+00	0.00000e+00	0.00000e+00	0.00000e+00	0.00000e+00	0.00000e+00	0.00000e+00	5.87064e+00	6.34175e+01	2.86700e+01	1.94212e+01	4.39963e+01	4.17015e+01	-9.07519e+01	4.01569e-01	1.54890e+01	1.76525e+01	-6.29000e+00	1.20000e+00	
agroforestry	Fri Nov 07 14:59:57 CET 2025	4/7/2001	4	7	2001	185	2001	1.77500e+01	2.69000e+01	6.10000e+01	9.60000e+01	2.00000e-01	2.00000e-01	0.00000e+00	0.00000e+00	0.00000e+00	0.00000e+00	0.00000e+00	2.00000e-01	3.78714e+00	3.55023e+01	1.60500e+01	2.48161e+01	1.06862e+01	4.16467e+01	-4.52978e+01	4.00174e-01	1.54749e+01	2.11576e+01	-6.29000e+00	1.90000e+00	
agroforestry	Fri Nov 07 14:59:57 CET 2025	5/7/2001	5	7	2001	186	2001	1.88200e+01	2.86200e+01	5.00000e+01	9.50000e+01	2.00000e-01	2.00000e-01	0.00000e+00	0.00000e+00	0.00000e+00	0.00000e+00	0.00000e+00	2.00000e-01	5.65913e+00	5.31318e+01	2.40200e+01	2.38644e+01	2.92674e+01	4.15878e+01	-7.45095e+01	3.98662e-01	1.54596e+01	2.12624e+01	-6.29000e+00	2.70000e+00	
agroforestry	Fri Nov 07 14:59:57 CET 2025	6/7/2001	6	7	2001	187	2001	1.69200e+01	2.80600e+01	6.10000e+01	9.50000e+01	2.94000e+01	2.94000e+01	0.00000e+00	0.00000e+00	0.00000e+00	0.00000e+00	0.00000e+00	2.94000e+01	4.16067e+00	3.89309e+01	1.76000e+01	2.52663e+01	1.36645e+01	4.15249e+01	-5.11191e+01	3.97035e-01	1.54433e+01	2.12349e+01	-6.30000e+00	2.30000e+00	
agroforestry	Fri Nov 07 14:59:57 CET 2025	7/7/2001	7	7	2001	188	2001	1.47200e+01	2.83300e+01	3.50000e+01	8.50000e+01	0.00000e+00	0.00000e+00	0.00000e+00	0.00000e+00	0.00000e+00	0.00000e+00	0.00000e+00	0.00000e+00	6.11156e+00	6.26212e+01	2.83100e+01	1.95554e+01	4.30658e+01	4.14579e+01	-8.79718e+01	3.95293e-01	1.54258e+01	1.54006e+01	-6.30000e+00	2.30000e+00	
agroforestry	Fri Nov 07 14:59:57 CET 2025	8/7/2001	8	7	2001	189	2001	1.36100e+01	3.02200e+01	3.50000e+01	9.50000e+01	0.00000e+00	0.00000e+00	0.00000e+00	0.00000e+00	0.00000e+00	0.00000e+00	0.00000e+00	0.00000e+00	5.31577e+00	5.62728e+01	2.54400e+01	2.25602e+01	3.37126e+01	4.13870e+01	-7.89334e+01	3.93437e-01	1.54073e+01	1.70866e+01	-6.30000e+00	1.40000e+00	
agroforestry	Fri Nov 07 14:59:57 CET 2025	9/7/2001	9	7	2001	190	2001	1.81400e+01	3.03700e+01	4.00000e+01	9.00000e+01	4.00000e-01	4.00000e-01	0.00000e+00	0.00000e+00	0.00000e+00	0.00000e+00	0.00000e+00	4.00000e-01	4.54405e+00	4.26470e+01	1.92800e+01	2.53025e+01	1.73445e+01	4.13120e+01	-5.87761e+01	3.91467e-01	1.53876e+01	1.96857e+01	-6.31000e+00	1.00000e+00	
agroforestry	Fri Nov 07 14:59:57 CET 2025	10/7/2001	10	7	2001	191	2001	1.56000e+01	3.36400e+01	3.20000e+01	9.70000e+01	0.00000e+00	0.00000e+00	0.00000e+00	0.00000e+00	0.00000e+00	0.00000e+00	0.00000e+00	0.00000e+00	6.19308e+00	6.15373e+01	2.78200e+01	1.98697e+01	4.16676e+01	4.12331e+01	-9.10877e+01	3.89385e-01	1.53669e+01	1.99660e+01	-6.31000e+00	1.60000e+00	
agroforestry	Fri Nov 07 14:59:57 CET 2025	11/7/2001	11	7	2001	192	2001	1.74700e+01	2.99900e+01	3.50000e+01	6.90000e+01	0.00000e+00	0.00000e+00	0.00000e+00	0.00000e+00	0.00000e+00	0.00000e+00	0.00000e+00	0.00000e+00	6.97651e+00	6.48774e+01	2.93300e+01	1.77388e+01	4.71386e+01	4.11503e+01	-9.48949e+01	3.87190e-01	1.53452e+01	1.52595e+01	-6.31000e+00	2.70000e+00	
agroforestry	Fri Nov 07 14:59:57 CET 2025	12/7/2001	12	7	2001	193	2001	1.38400e+01	3.33600e+01	3.30000e+01	7.30000e+01	0.00000e+00	0.00000e+00	0.00000e+00	0.00000e+00	0.00000e+00	0.00000e+00	0.00000e+00	0.00000e+00	6.55409e+00	6.55631e+01	2.96400e+01	1.71545e+01	4.84086e+01	4.10635e+01	-9.71429e+01	3.84885e-01	1.53224e+01	1.54316e+01	-6.32000e+00	1.90000e+00	
agroforestry	Fri Nov 07 14:59:57 CET 2025	13/7/2001	13	7	2001	194	2001	1.66300e+01	3.17400e+01	3.10000e+01	8.30000e+01	0.00000e+00	0.00000e+00	0.00000e+00	0.00000e+00	0.00000e+00	0.00000e+00	0.00000e+00	0.00000e+00	6.34983e+00	6.31963e+01	2.85700e+01	1.85495e+01	4.46468e+01	4.09729e+01	-9.35565e+01	3.82470e-01	1.52986e+01	1.71905e+01	-6.32000e+00	1.70000e+00	
agroforestry	Fri Nov 07 14:59:57 CET 2025	14/7/2001	14	7	2001	195	2001	1.53100e+01	2.77600e+01	5.70000e+01	9.60000e+01	1.84000e+01	1.84000e+01	0.00000e+00	0.00000e+00	0.00000e+00	0.00000e+00	0.00000e+00	1.84000e+01	3.86663e+00	3.87318e+01	1.75100e+01	2.49105e+01	1.38213e+01	4.08784e+01	-5.12622e+01	3.79945e-01	1.52739e+01	1.96477e+01	-6.32000e+00	1.50000e+00	
agroforestry	Fri Nov 07 14:59:57 CET 2025	15/7/2001	15	7	2001	196	2001	1.16800e+01	2.36100e+01	4.40000e+01	9.50000e+01	1.28000e+01	1.28000e+01	0.00000e+00	0.00000e+00	0.00000e+00	0.00000e+00	0.00000e+00	1.28000e+01	2.38632e+00	2.05272e+01	9.28000e+00	1.85600e+01	1.96714e+00	4.07800e+01	-2.14070e+01	3.77313e-01	1.52481e+01	1.40159e+01	-6.33000e+00	9.00000e-01	
agroforestry	Fri Nov 07 14:59:57 CET 2025	16/7/2001	16	7	2001	197	2001	9.74000e+00	2.70500e+01	2.50000e+01	9.50000e+01	2.00000e-01	2.00000e-01	0.00000e+00	0.00000e+00	0.00000e+00	0.00000e+00	0.00000e+00	2.00000e-01	4.78729e+00	5.80866e+01	2.62600e+01	2.09561e+01	3.71306e+01	4.06779e+01	-7.97244e+01	3.74573e-01	1.52215e+01	1.26847e+01	-6.33000e+00	1.00000e+00	
agroforestry	Fri Nov 07 14:59:57 CET 2025	17/7/2001	17	7	2001	198	2001	1.10000e+01	2.72000e+01	3.00000e+01	9.50000e+01	0.00000e+00	0.00000e+00	0.00000e+00	0.00000e+00	0.00000e+00	0.00000e+00	0.00000e+00	0.00000e+00	4.77168e+00	5.53880e+01	2.50400e+01	2.20263e+01	3.33617e+01	4.05720e+01	-7.63780e+01	3.71727e-01	1.51938e+01	1.38091e+01	-6.33000e+00	1.20000e+00	
agroforestry	Fri Nov 07 14:59:57 CET 2025	18/7/2001	18	7	2001	199	2001	1.10600e+01	2.74700e+01	3.00000e+01	7.80000e+01	0.00000e+00	0.00000e+00	0.00000e+00	0.00000e+00	0.00000e+00	0.00000e+00	0.00000e+00	0.00000e+00	4.66946e+00	4.71373e+01	2.13100e+01	2.42917e+01	2.28456e+01	4.04623e+01	-6.38880e+01	3.68775e-01	1.51653e+01	1.20545e+01	-6.34000e+00	1.70000e+00	
agroforestry	Fri Nov 07 14:59:57 CET 2025	19/7/2001	19	7	2001	200	2001	1.10400e+01	2.39600e+01	3.60000e+01	8.10000e+01	0.00000e+00	0.00000e+00	0.00000e+00	0.00000e+00	0.00000e+00	0.00000e+00	0.00000e+00	0.00000e+00	3.44917e+00	2.79594e+01	1.26400e+01	2.21649e+01	5.79451e+00	4.03490e+01	-3.30562e+01	3.65720e-01	1.51359e+01	1.16901e+01	-6.34000e+00	2.00000e+00	
agroforestry	Fri Nov 07 14:59:57 CET 2025	20/7/2001	20	7	2001	201	2001	1.36600e+01	2.48200e+01	2.80000e+01	5.80000e+01	0.00000e+00	0.00000e+00	0.00000e+00	0.00000e+00	0.00000e+00	0.00000e+00	0.00000e+00	0.00000e+00	6.45720e+00	6.54747e+01	2.96000e+01	1.59460e+01	4.95286e+01	4.02319e+01	-9.23896e+01	3.62562e-01	1.51057e+01	9.58397e+00	-6.34000e+00	2.90000e+00	
agroforestry	Fri Nov 07 14:59:57 CET 2025	21/7/2001	21	7	2001	202	2001	8.54000e+00	3.19100e+01	1.60000e+01	8.10000e+01	0.00000e+00	0.00000e+00	0.00000e+00	0.00000e+00	0.00000e+00	0.00000e+00	0.00000e+00	0.00000e+00	5.44072e+00	6.44793e+01	2.91500e+01	1.64584e+01	4.80208e+01	4.01112e+01	-9.42408e+01	3.59302e-01	1.50745e+01	1.14916e+01	-6.34000e+00	1.00000e+00	
agroforestry	Fri Nov 07 14:59:57 CET 2025	22/7/2001	22	7	2001	203	2001	1.04200e+01	3.13300e+01	2.80000e+01	9.20000e+01	0.00000e+00	0.00000e+00	0.00000e+00	0.00000e+00	0.00000e+00	0.00000e+00	0.00000e+00	0.00000e+00	5.44641e+00	6.32627e+01	2.86000e+01	1.70933e+01	4.61694e+01	3.99869e+01	-9.30345e+01	3.55941e-01	1.50426e+01	1.47981e+01	-6.35000e+00	1.10000e+00	
agroforestry	Fri Nov 07 14:59:57 CET 2025	23/7/2001	23	7	2001	204	2001	1.19100e+01	3.23400e+01	3.10000e+01	9.20000e+01	0.00000e+00	0.00000e+00	0.00000e+00	0.00000e+00	0.00000e+00	0.00000e+00	0.00000e+00	0.00000e+00	5.34862e+00	5.95023e+01	2.69000e+01	1.91988e+01	4.03035e+01	3.98590e+01	-8.86060e+01	3.52481e-01	1.50099e+01	1.63750e+01	-6.35000e+00	1.00000e+00	
agroforestry	Fri Nov 07 14:59:57 CET 2025	24/7/2001	24	7	2001	205	2001	1.66400e+01	3.47800e+01	2.50000e+01	7.80000e+01	0.00000e+00	0.00000e+00	0.00000e+00	0.00000e+00	0.00000e+00	0.00000e+00	0.00000e+00	0.00000e+00	5.92875e+00	5.92369e+01	2.67800e+01	1.91738e+01	4.00631e+01	3.97275e+01	-9.24566e+01	3.48923e-01	1.49763e+01	1.70112e+01	-6.35000e+00	1.00000e+00	
agroforestry	Fri Nov 07 14:59:57 CET 2025	25/7/2001	25	7	2001	206	2001	1.33500e+01	3.43400e+01	2.60000e+01	8.70000e+01	0.00000e+00	0.00000e+00	0.00000e+00	0.00000e+00	0.00000e+00	0.00000e+00	0.00000e+00	0.00000e+00	5.71569e+00	6.08737e+01	2.75200e+01	1.80426e+01	4.28311e+01	3.95925e+01	-9.38080e+01	3.45268e-01	1.49421e+01	1.66952e+01	-6.36000e+00	1.00000e+00	
agroforestry	Fri Nov 07 14:59:57 CET 2025	26/7/2001	26	7	2001	207	2001	1.61200e+01	3.31300e+01	3.60000e+01	9.40000e+01	0.00000e+00	0.00000e+00	0.00000e+00	0.00000e+00	0.00000e+00	0.00000e+00	0.00000e+00	0.00000e+00	5.63824e+00	5.80203e+01	2.62300e+01	1.94790e+01	3.85413e+01	3.94540e+01	-8.95922e+01	3.41517e-01	1.49070e+01	2.01268e+01	-6.36000e+00	1.10000e+00	
agroforestry	Fri Nov 07 14:59:57 CET 2025	27/7/2001	27	7	2001	208	2001	1.88600e+01	3.32600e+01	3.20000e+01	8.50000e+01	0.00000e+00	0.00000e+00	0.00000e+00	0.00000e+00	0.00000e+00	0.00000e+00	0.00000e+00	0.00000e+00	5.37637e+00	5.18489e+01	2.34400e+01	2.20290e+01	2.98199e+01	3.93120e+01	-8.03721e+01	3.37671e-01	1.48713e+01	1.97282e+01	-6.36000e+00	9.00000e-01	
agroforestry	Fri Nov 07 14:59:57 CET 2025	28/7/2001	28	7	2001	209	2001	1.83100e+01	3.38300e+01	3.20000e+01	8.60000e+01	0.00000e+00	0.00000e+00	0.00000e+00	0.00000e+00	0.00000e+00	0.00000e+00	0.00000e+00	0.00000e+00	4.81602e+00	4.53899e+01	2.05200e+01	2.35533e+01	2.18366e+01	3.91667e+01	-6.93846e+01	3.33733e-01	1.48349e+01	1.99085e+01	-6.36000e+00	7.00000e-01	
agroforestry	Fri Nov 07 14:59:57 CET 2025	29/7/2001	29	7	2001	210	2001	1.51300e+01	3.59900e+01	2.30000e+01	8.60000e+01	0.00000e+00	0.00000e+00	0.00000e+00	0.00000e+00	0.00000e+00	0.00000e+00	0.00000e+00	0.00000e+00	5.75760e+00	5.78212e+01	2.61400e+01	1.90270e+01	3.87942e+01	3.90179e+01	-9.21103e+01	3.29703e-01	1.47978e+01	1.78426e+01	-6.37000e+00	1.00000e+00	
agroforestry	Fri Nov 07 14:59:57 CET 2025	30/7/2001	30	7	2001	211	2001	1.62800e+01	3.77700e+01	1.90000e+01	8.50000e+01	0.00000e+00	0.00000e+00	0.00000e+00	0.00000e+00	0.00000e+00	0.00000e+00	0.00000e+00	0.00000e+00	6.07226e+00	5.90820e+01	2.67100e+01	1.81141e+01	4.09679e+01	3.88658e+01	-9.67403e+01	3.25582e-01	1.47600e+01	1.85625e+01	-6.37000e+00	1.00000e+00	
agroforestry	Fri Nov 07 14:59:57 CET 2025	31/7/2001	31	7	2001	212	2001	1.57800e+01	3.58900e+01	2.70000e+01	8.80000e+01	0.00000e+00	0.00000e+00	0.00000e+00	0.00000e+00	0.00000e+00	0.00000e+00	0.00000e+00	0.00000e+00	5.72867e+00	5.78876e+01	2.61700e+01	1.85900e+01	3.92976e+01	3.87104e+01	-9.33017e+01	3.21372e-01	1.47216e+01	1.91343e+01	-6.37000e+00	9.00000e-01	
agroforestry	Fri Nov 07 14:59:57 CET 2025	1/8/2001	1	8	2001	213	2001	1.70800e+01	3.95600e+01	1.50000e+01	7.30000e+01	0.00000e+00	0.00000e+00	0.00000e+00	0.00000e+00	0.00000e+00	0.00000e+00	0.00000e+00	0.00000e+00	5.95227e+00	5.47023e+01	2.47300e+01	2.00254e+01	3.46769e+01	3.85517e+01	-9.12155e+01	3.17075e-01	1.46826e+01	1.69415e+01	-6.37000e+00	1.00000e+00	
agroforestry	Fri Nov 07 14:59:57 CET 2025	2/8/2001	2	8	2001	214	2001	1.86600e+01	3.05200e+01	4.60000e+01	8.80000e+01	0.00000e+00	0.00000e+00	0.00000e+00	0.00000e+00	0.00000e+00	0.00000e+00	0.00000e+00	0.00000e+00	3.96323e+00	3.54138e+01	1.60100e+01	2.32970e+01	1.21169e+01	3.83897e+01	-5.16414e+01	3.12691e-01	1.46430e+01	2.07027e+01	-6.38000e+00	1.10000e+00	
agroforestry	Fri Nov 07 14:59:57 CET 2025	3/8/2001	3	8	2001	215	2001	1.78400e+01	3.26000e+01	3.10000e+01	9.50000e+01	2.00000e-01	2.00000e-01	0.00000e+00	0.00000e+00	0.00000e+00	0.00000e+00	0.00000e+00	2.00000e-01	5.10267e+00	5.03889e+01	2.27800e+01	2.14285e+01	2.89605e+01	3.82245e+01	-7.95558e+01	3.08222e-01	1.46029e+01	2.02126e+01	-6.38000e+00	1.00000e+00	
agroforestry	Fri Nov 07 14:59:57 CET 2025	4/8/2001	4	8	2001	216	2001	1.56600e+01	3.04600e+01	2.60000e+01	8.90000e+01	0.00000e+00	0.00000e+00	0.00000e+00	0.00000e+00	0.00000e+00	0.00000e+00	0.00000e+00	0.00000e+00	5.47711e+00	5.55429e+01	2.51100e+01	1.90091e+01	3.65338e+01	3.80562e+01	-8.67819e+01	3.03669e-01	1.45621e+01	1.62046e+01	-6.38000e+00	1.70000e+00	
agroforestry	Fri Nov 07 14:59:57 CET 2025	5/8/2001	5	8	2001	217	2001	1.14900e+01	3.09700e+01	1.80000e+01	9.60000e+01	0.00000e+00	0.00000e+00	0.00000e+00	0.00000e+00	0.00000e+00	0.00000e+00	0.00000e+00	0.00000e+00	5.36345e+00	6.08516e+01	2.75100e+01	1.55783e+01	4.52733e+01	3.78847e+01	-9.50340e+01	2.99035e-01	1.45209e+01	1.43683e+01	-6.38000e+00	1.40000e+00	
agroforestry	Fri Nov 07 14:59:57 CET 2025	6/8/2001	6	8	2001	218	2001	1.55200e+01	2.94700e+01	3.30000e+01	6.00000e+01	0.00000e+00	0.00000e+00	0.00000e+00	0.00000e+00	0.00000e+00	0.00000e+00	0.00000e+00	0.00000e+00	6.22481e+00	5.81972e+01	2.63100e+01	1.70519e+01	4.11453e+01	3.77101e+01	-9.15728e+01	2.94320e-01	1.44791e+01	1.26631e+01	-6.39000e+00	2.70000e+00	
agroforestry	Fri Nov 07 14:59:57 CET 2025	7/8/2001	7	8	2001	219	2001	1.48300e+01	3.21800e+01	2.20000e+01	8.90000e+01	0.00000e+00	0.00000e+00	0.00000e+00	0.00000e+00	0.00000e+00	0.00000e+00	0.00000e+00	0.00000e+00	5.59101e+00	5.80645e+01	2.62500e+01	1.68845e+01	4.11800e+01	3.75325e+01	-9.36329e+01	2.89525e-01	1.44368e+01	1.60672e+01	-6.39000e+00	1.50000e+00	
agroforestry	Fri Nov 07 14:59:57 CET 2025	8/8/2001	8	8	2001	220	2001	1.87300e+01	3.21300e+01	2.90000e+01	9.40000e+01	0.00000e+00	0.00000e+00	0.00000e+00	0.00000e+00	0.00000e+00	0.00000e+00	0.00000e+00	0.00000e+00	4.89432e+00	4.54783e+01	2.05600e+01	2.20309e+01	2.34474e+01	3.73519e+01	-7.26967e+01	2.84653e-01	1.43941e+01	1.99794e+01	-6.39000e+00	1.30000e+00	
agroforestry	Fri Nov 07 14:59:57 CET 2025	9/8/2001	9	8	2001	221	2001	1.79800e+01	2.73100e+01	3.40000e+01	9.00000e+01	2.00000e+00	2.00000e+00	0.00000e+00	0.00000e+00	0.00000e+00	0.00000e+00	0.00000e+00	2.00000e+00	3.06674e+00	2.61235e+01	1.18100e+01	2.05574e+01	5.56608e+00	3.71682e+01	-3.57398e+01	2.79704e-01	1.43508e+01	1.70387e+01	-6.39000e+00	7.00000e-01	
agroforestry	Fri Nov 07 14:59:57 CET 2025	10/8/2001	10	8	2001	222	2001	1.25200e+01	2.86100e+01	2.20000e+01	9.80000e+01	0.00000e+00	0.00000e+00	0.00000e+00	0.00000e+00	0.00000e+00	0.00000e+00	0.00000e+00	0.00000e+00	4.98350e+00	5.98341e+01	2.70500e+01	1.49061e+01	4.49280e+01	3.69817e+01	-9.44538e+01	2.74681e-01	1.43072e+01	1.45181e+01	-6.39000e+00	1.10000e+00	
agroforestry	Fri Nov 07 14:59:57 CET 2025	11/8/2001	11	8	2001	223	2001	8.86000e+00	3.12600e+01	1.90000e+01	7.90000e+01	0.00000e+00	0.00000e+00	0.00000e+00	0.00000e+00	0.00000e+00	0.00000e+00	0.00000e+00	0.00000e+00	4.99218e+00	6.05419e+01	2.73700e+01	1.41014e+01	4.64405e+01	3.67922e+01	-9.66950e+01	2.69584e-01	1.42631e+01	1.14921e+01	-6.40000e+00	1.10000e+00	
agroforestry	Fri Nov 07 14:59:57 CET 2025	12/8/2001	12	8	2001	224	2001	9.79000e+00	3.09100e+01	2.80000e+01	8.80000e+01	0.00000e+00	0.00000e+00	0.00000e+00	0.00000e+00	0.00000e+00	0.00000e+00	0.00000e+00	0.00000e+00	4.88588e+00	5.89272e+01	2.66400e+01	1.49538e+01	4.39734e+01	3.65998e+01	-9.45556e+01	2.64416e-01	1.42186e+01	1.38491e+01	-6.40000e+00	1.10000e+00	
agroforestry	Fri Nov 07 14:59:57 CET 2025	13/8/2001	13	8	2001	225	2001	9.15000e+00	3.24900e+01	2.60000e+01	9.70000e+01	0.00000e+00	0.00000e+00	0.00000e+00	0.00000e+00	0.00000e+00	0.00000e+00	0.00000e+00	0.00000e+00	4.84719e+00	5.83963e+01	2.64000e+01	1.50233e+01	4.33730e+01	3.64047e+01	-9.51640e+01	2.59177e-01	1.41737e+01	1.51168e+01	-6.40000e+00	1.00000e+00	
agroforestry	Fri Nov 07 14:59:57 CET 2025	14/8/2001	14	8	2001	226	2001	1.13100e+01	3.04500e+01	3.40000e+01	9.50000e+01	0.00000e+00	0.00000e+00	0.00000e+00	0.00000e+00	0.00000e+00	0.00000e+00	0.00000e+00	0.00000e+00	4.49882e+00	5.14949e+01	2.32800e+01	1.87511e+01	3.27439e+01	3.62068e+01	-8.26353e+01	2.53869e-01	1.41284e+01	1.59129e+01	-6.40000e+00	1.20000e+00	
agroforestry	Fri Nov 07 14:59:57 CET 2025	15/8/2001	15	8	2001	227	2001	1.58700e+01	3.05100e+01	2.50000e+01	9.60000e+01	0.00000e+00	0.00000e+00	0.00000e+00	0.00000e+00	0.00000e+00	0.00000e+00	0.00000e+00	0.00000e+00	4.53464e+00	4.62304e+01	2.09000e+01	2.05913e+01	2.56391e+01	3.60061e+01	-7.52637e+01	2.48494e-01	1.40827e+01	1.71847e+01	-6.41000e+00	1.20000e+00	
agroforestry	Fri Nov 07 14:59:57 CET 2025	16/8/2001	16	8	2001	228	2001	1.52300e+01	2.91700e+01	3.00000e+01	7.50000e+01	0.00000e+00	0.00000e+00	0.00000e+00	0.00000e+00	0.00000e+00	0.00000e+00	0.00000e+00	0.00000e+00	3.03331e+00	2.38230e+01	1.07700e+01	1.92714e+01	4.55162e+00	3.58027e+01	-3.33699e+01	2.43053e-01	1.40367e+01	1.40427e+01	-6.41000e+00	7.00000e-01	
agroforestry	Fri Nov 07 14:59:57 CET 2025	17/8/2001	17	8	2001	229	2001	1.60100e+01	3.19800e+01	2.90000e+01	9.30000e+01	1.20000e+00	1.20000e+00	0.00000e+00	0.00000e+00	0.00000e+00	0.00000e+00	0.00000e+00	1.20000e+00	4.59301e+00	4.66286e+01	2.10800e+01	2.00575e+01	2.65711e+01	3.55967e+01	-7.80312e+01	2.37547e-01	1.39904e+01	1.81882e+01	-6.41000e+00	1.10000e+00	
agroforestry	Fri Nov 07 14:59:57 CET 2025	18/8/2001	18	8	2001	230	2001	1.36400e+01	2.83900e+01	4.60000e+01	9.20000e+01	1.96000e+01	1.96000e+01	0.00000e+00	0.00000e+00	0.00000e+00	0.00000e+00	0.00000e+00	1.96000e+01	3.77950e+00	4.02359e+01	1.81900e+01	2.13967e+01	1.88392e+01	3.53881e+01	-6.36174e+01	2.31979e-01	1.39437e+01	1.71650e+01	-6.41000e+00	1.30000e+00	
agroforestry	Fri Nov 07 14:59:57 CET 2025	19/8/2001	19	8	2001	231	2001	1.84600e+01	2.61800e+01	7.50000e+01	9.90000e+01	1.00000e+00	1.00000e+00	0.00000e+00	0.00000e+00	0.00000e+00	0.00000e+00	0.00000e+00	1.00000e+00	2.92906e+00	3.09456e+01	1.39900e+01	2.11354e+01	9.81022e+00	3.51769e+01	-4.70841e+01	2.26349e-01	1.38967e+01	2.34414e+01	-6.41000e+00	1.30000e+00	
agroforestry	Fri Nov 07 14:59:57 CET 2025	20/8/2001	20	8	2001	232	2001	1.56900e+01	2.98500e+01	4.10000e+01	9.40000e+01	0.00000e+00	0.00000e+00	0.00000e+00	0.00000e+00	0.00000e+00	0.00000e+00	0.00000e+00	0.00000e+00	5.08374e+00	5.33088e+01	2.41000e+01	1.62014e+01	3.71074e+01	3.49632e+01	-9.08675e+01	2.20660e-01	1.38494e+01	1.86915e+01	-6.42000e+00	2.10000e+00	
agroforestry	Fri Nov 07 14:59:57 CET 2025	21/8/2001	21	8	2001	233	2001	1.20500e+01	3.38700e+01	2.40000e+01	9.40000e+01	0.00000e+00	0.00000e+00	0.00000e+00	0.00000e+00	0.00000e+00	0.00000e+00	0.00000e+00	0.00000e+00	4.84103e+00	5.54765e+01	2.50800e+01	1.45169e+01	4.09596e+01	3.47471e+01	-9.72995e+01	2.14913e-01	1.38019e+01	1.65270e+01	-6.42000e+00	9.00000e-01	
agroforestry	Fri Nov 07 14:59:57 CET 2025	22/8/2001	22	8	2001	234	2001	1.29400e+01	3.53800e+01	2.00000e+01	9.60000e+01	2.00000e-01	2.00000e-01	0.00000e+00	0.00000e+00	0.00000e+00	0.00000e+00	0.00000e+00	2.00000e-01	4.94796e+00	5.44590e+01	2.46200e+01	1.48703e+01	3.95887e+01	3.45285e+01	-9.76600e+01	2.09109e-01	1.37541e+01	1.74659e+01	-6.42000e+00	9.00000e-01	
agroforestry	Fri Nov 07 14:59:57 CET 2025	23/8/2001	23	8	2001	235	2001	1.41600e+01	3.65000e+01	2.20000e+01	9.40000e+01	0.00000e+00	0.00000e+00	0.00000e+00	0.00000e+00	0.00000e+00	0.00000e+00	0.00000e+00	0.00000e+00	5.08270e+00	5.31982e+01	2.40500e+01	1.53574e+01	3.78407e+01	3.43075e+01	-9.73167e+01	2.03249e-01	1.37060e+01	1.87306e+01	-6.42000e+00	1.00000e+00	
agroforestry	Fri Nov 07 14:59:57 CET 2025	24/8/2001	24	8	2001	236	2001	1.43600e+01	3.46000e+01	2.70000e+01	9.40000e+01	0.00000e+00	0.00000e+00	0.00000e+00	0.00000e+00	0.00000e+00	0.00000e+00	0.00000e+00	0.00000e+00	4.98019e+00	5.33530e+01	2.41200e+01	1.49411e+01	3.84119e+01	3.40842e+01	-9.68864e+01	1.97336e-01	1.36576e+01	1.85716e+01	-6.42000e+00	1.10000e+00	
agroforestry	Fri Nov 07 14:59:57 CET 2025	25/8/2001	25	8	2001	237	2001	1.74100e+01	3.32900e+01	2.50000e+01	9.50000e+01	0.00000e+00	0.00000e+00	0.00000e+00	0.00000e+00	0.00000e+00	0.00000e+00	0.00000e+00	0.00000e+00	4.70578e+00	4.77567e+01	2.15900e+01	1.77202e+01	3.00364e+01	3.38586e+01	-8.64805e+01	1.91371e-01	1.36090e+01	1.93996e+01	-6.43000e+00	1.00000e+00	
agroforestry	Fri Nov 07 14:59:57 CET 2025	26/8/2001	26	8	2001	238	2001	1.79000e+01	3.18700e+01	3.10000e+01	9.60000e+01	0.00000e+00	0.00000e+00	0.00000e+00	0.00000e+00	0.00000e+00	0.00000e+00	0.00000e+00	0.00000e+00	4.60956e+00	4.85530e+01	2.19500e+01	1.70674e+01	3.14856e+01	3.36308e+01	-8.79357e+01	1.85356e-01	1.35602e+01	1.99702e+01	-6.43000e+00	9.00000e-01	
agroforestry	Fri Nov 07 14:59:57 CET 2025	27/8/2001	27	8	2001	239	2001	1.56200e+01	3.40400e+01	3.30000e+01	9.60000e+01	0.00000e+00	0.00000e+00	0.00000e+00	0.00000e+00	0.00000e+00	0.00000e+00	0.00000e+00	0.00000e+00	4.64134e+00	4.95041e+01	2.23800e+01	1.62840e+01	3.32202e+01	3.34007e+01	-9.12934e+01	1.79291e-01	1.35112e+01	2.02182e+01	-6.43000e+00	9.00000e-01	
agroforestry	Fri Nov 07 14:59:57 CET 2025	28/8/2001	28	8	2001	240	2001	1.60300e+01	3.66400e+01	2.80000e+01	9.00000e+01	0.00000e+00	0.00000e+00	0.00000e+00	0.00000e+00	0.00000e+00	0.00000e+00	0.00000e+00	0.00000e+00	4.88062e+00	4.96369e+01	2.24400e+01	1.59083e+01	3.37286e+01	3.31686e+01	-9.45452e+01	1.73180e-01	1.34620e+01	2.02228e+01	-6.43000e+00	9.00000e-01	
agroforestry	Fri Nov 07 14:59:57 CET 2025	29/8/2001	29	8	2001	241	2001	1.60100e+01	3.51400e+01	3.10000e+01	9.30000e+01	0.00000e+00	0.00000e+00	0.00000e+00	0.00000e+00	0.00000e+00	0.00000e+00	0.00000e+00	0.00000e+00	5.03010e+00	4.80000e+01	2.17000e+01	1.64855e+01	3.15145e+01	3.29344e+01	-9.06223e+01	1.67022e-01	1.34126e+01	2.03160e+01	-6.43000e+00	1.80000e+00	
agroforestry	Fri Nov 07 14:59:57 CET 2025	30/8/2001	30	8	2001	242	2001	1.73900e+01	2.99700e+01	2.60000e+01	6.40000e+01	0.00000e+00	0.00000e+00	0.00000e+00	0.00000e+00	0.00000e+00	0.00000e+00	0.00000e+00	0.00000e+00	5.62466e+00	4.67834e+01	2.11500e+01	1.68011e+01	2.99823e+01	3.26981e+01	-8.54871e+01	1.60820e-01	1.33629e+01	1.31656e+01	-6.43000e+00	3.00000e+00	
agroforestry	Fri Nov 07 14:59:57 CET 2025	31/8/2001	31	8	2001	243	2001	1.33700e+01	2.82500e+01	2.30000e+01	6.10000e+01	0.00000e+00	0.00000e+00	0.00000e+00	0.00000e+00	0.00000e+00	0.00000e+00	0.00000e+00	0.00000e+00	5.55833e+00	5.12737e+01	2.31800e+01	1.39286e+01	3.73451e+01	3.24598e+01	-9.23441e+01	1.54575e-01	1.33132e+01	1.03173e+01	-6.44000e+00	3.20000e+00	
agroforestry	Fri Nov 07 14:59:57 CET 2025	1/9/2001	1	9	2001	244	2001	1.33100e+01	2.56000e+01	2.30000e+01	6.30000e+01	0.00000e+00	0.00000e+00	0.00000e+00	0.00000e+00	0.00000e+00	0.00000e+00	0.00000e+00	0.00000e+00	4.37860e+00	4.17180e+01	1.88600e+01	1.83157e+01	2.34023e+01	3.22196e+01	-7.21540e+01	1.48289e-01	1.32632e+01	9.71315e+00	-6.44000e+00	2.20000e+00	
agroforestry	Fri Nov 07 14:59:57 CET 2025	2/9/2001	2	9	2001	245	2001	8.65000e+00	3.06700e+01	2.10000e+01	7.80000e+01	0.00000e+00	0.00000e+00	0.00000e+00	0.00000e+00	0.00000e+00	0.00000e+00	0.00000e+00	0.00000e+00	4.07043e+00	5.10968e+01	2.31000e+01	1.33314e+01	3.77654e+01	3.19776e+01	-9.34557e+01	1.41964e-01	1.32131e+01	1.13248e+01	-6.44000e+00	1.10000e+00	
agroforestry	Fri Nov 07 14:59:57 CET 2025	3/9/2001	3	9	2001	246	2001	7.12000e+00	2.80800e+01	2.60000e+01	9.20000e+01	0.00000e+00	0.00000e+00	0.00000e+00	0.00000e+00	0.00000e+00	0.00000e+00	0.00000e+00	0.00000e+00	3.65565e+00	5.03005e+01	2.27400e+01	1.35024e+01	3.67980e+01	3.17337e+01	-8.99127e+01	1.35600e-01	1.31628e+01	1.18647e+01	-6.44000e+00	1.00000e+00	
agroforestry	Fri Nov 07 14:59:57 CET 2025	4/9/2001	4	9	2001	247	2001	1.32000e+01	2.69900e+01	2.80000e+01	9.40000e+01	0.00000e+00	0.00000e+00	0.00000e+00	0.00000e+00	0.00000e+00	0.00000e+00	0.00000e+00	0.00000e+00	4.29367e+00	4.45272e+01	2.01300e+01	1.64271e+01	2.81001e+01	3.14881e+01	-8.06802e+01	1.29200e-01	1.31124e+01	1.43375e+01	-6.44000e+00	2.60000e+00	
agroforestry	Fri Nov 07 14:59:57 CET 2025	5/9/2001	5	9	2001	248	2001	7.65000e+00	2.62400e+01	2.00000e+01	6.30000e+01	0.00000e+00	0.00000e+00	0.00000e+00	0.00000e+00	0.00000e+00	0.00000e+00	0.00000e+00	0.00000e+00	3.83062e+00	5.09862e+01	2.30500e+01	1.22793e+01	3.87069e+01	3.12407e+01	-9.16365e+01	1.22765e-01	1.30618e+01	8.00666e+00	-6.44000e+00	1.30000e+00	
agroforestry	Fri Nov 07 14:59:57 CET 2025	6/9/2001	6	9	2001	249	2001	3.45800e+00	3.15300e+01	1.60000e+01	8.40000e+01	0.00000e+00	0.00000e+00	0.00000e+00	0.00000e+00	0.00000e+00	0.00000e+00	0.00000e+00	0.00000e+00	3.50165e+00	4.92166e+01	2.22500e+01	1.31254e+01	3.60912e+01	3.09917e+01	-9.13545e+01	1.16296e-01	1.30112e+01	9.98774e+00	-6.45000e+00	8.00000e-01	
agroforestry	Fri Nov 07 14:59:57 CET 2025	7/9/2001	7	9	2001	250	2001	1.30400e+01	3.00300e+01	1.70000e+01	6.70000e+01	0.00000e+00	0.00000e+00	0.00000e+00	0.00000e+00	0.00000e+00	0.00000e+00	0.00000e+00	0.00000e+00	4.30229e+00	4.24037e+01	1.91700e+01	1.65089e+01	2.58948e+01	3.07411e+01	-8.05239e+01	1.09796e-01	1.29603e+01	1.07870e+01	-6.45000e+00	1.80000e+00	
agroforestry	Fri Nov 07 14:59:57 CET 2025	8/9/2001	8	9	2001	251	2001	1.14700e+01	3.12900e+01	1.80000e+01	6.30000e+01	0.00000e+00	0.00000e+00	0.00000e+00	0.00000e+00	0.00000e+00	0.00000e+00	0.00000e+00	0.00000e+00	4.92976e+00	4.84866e+01	2.19200e+01	1.28668e+01	3.56198e+01	3.04890e+01	-9.48219e+01	1.03266e-01	1.29094e+01	1.03034e+01	-6.45000e+00	2.50000e+00	
agroforestry	Fri Nov 07 14:59:57 CET 2025	9/9/2001	9	9	2001	252	2001	1.26100e+01	2.65200e+01	2.20000e+01	6.10000e+01	0.00000e+00	0.00000e+00	0.00000e+00	0.00000e+00	0.00000e+00	0.00000e+00	0.00000e+00	0.00000e+00	4.77311e+00	4.34433e+01	1.96400e+01	1.54467e+01	2.79966e+01	3.02354e+01	-8.16346e+01	9.67068e-02	1.28584e+01	9.43868e+00	-6.45000e+00	3.00000e+00	
agroforestry	Fri Nov 07 14:59:57 CET 2025	10/9/2001	10	9	2001	253	2001	7.69000e+00	2.53700e+01	1.60000e+01	4.30000e+01	0.00000e+00	0.00000e+00	0.00000e+00	0.00000e+00	0.00000e+00	0.00000e+00	0.00000e+00	0.00000e+00	3.66673e+00	4.96811e+01	2.24600e+01	1.12328e+01	3.84483e+01	2.99805e+01	-9.25748e+01	9.01207e-02	1.28073e+01	5.54335e+00	-6.45000e+00	1.30000e+00	
agroforestry	Fri Nov 07 14:59:57 CET 2025	11/9/2001	11	9	2001	254	2001	4.83200e+00	2.61900e+01	1.80000e+01	5.40000e+01	0.00000e+00	0.00000e+00	0.00000e+00	0.00000e+00	0.00000e+00	0.00000e+00	0.00000e+00	0.00000e+00	3.42348e+00	4.85088e+01	2.19300e+01	1.16848e+01	3.68240e+01	2.97241e+01	-9.04898e+01	8.35092e-02	1.27560e+01	6.33833e+00	-6.45000e+00	1.20000e+00	
agroforestry	Fri Nov 07 14:59:57 CET 2025	12/9/2001	12	9	2001	255	2001	5.09700e+00	2.90200e+01	1.80000e+01	7.10000e+01	0.00000e+00	0.00000e+00	0.00000e+00	0.00000e+00	0.00000e+00	0.00000e+00	0.00000e+00	0.00000e+00	3.36763e+00	4.74470e+01	2.14500e+01	1.20359e+01	3.54111e+01	2.94665e+01	-9.15692e+01	7.68738e-02	1.27047e+01	8.64747e+00	-6.46000e+00	1.00000e+00	
agroforestry	Fri Nov 07 14:59:57 CET 2025	13/9/2001	13	9	2001	256	2001	4.65000e+00	2.98100e+01	1.70000e+01	8.70000e+01	0.00000e+00	0.00000e+00	0.00000e+00	0.00000e+00	0.00000e+00	0.00000e+00	0.00000e+00	0.00000e+00	3.41551e+00	4.35760e+01	1.97000e+01	1.40827e+01	2.94934e+01	2.92076e+01	-8.45546e+01	7.02161e-02	1.26533e+01	1.02153e+01	-6.46000e+00	1.50000e+00	
agroforestry	Fri Nov 07 14:59:57 CET 2025	14/9/2001	14	9	2001	257	2001	1.08200e+01	2.41500e+01	2.40000e+01	8.90000e+01	8.00000e-01	8.00000e-01	0.00000e+00	0.00000e+00	0.00000e+00	0.00000e+00	0.00000e+00	8.00000e-01	3.73033e+00	3.99705e+01	1.80700e+01	1.55286e+01	2.44419e+01	2.89476e+01	-7.58668e+01	6.35377e-02	1.26019e+01	1.12797e+01	-6.46000e+00	2.70000e+00	
agroforestry	Fri Nov 07 14:59:57 CET 2025	15/9/2001	15	9	2001	258	2001	6.95600e+00	2.82600e+01	1.90000e+01	6.40000e+01	0.00000e+00	0.00000e+00	0.00000e+00	0.00000e+00	0.00000e+00	0.00000e+00	0.00000e+00	0.00000e+00	3.88999e+00	4.67834e+01	2.11500e+01	1.12999e+01	3.54835e+01	2.86866e+01	-9.31038e+01	5.68402e-02	1.25503e+01	8.34972e+00	-6.46000e+00	2.00000e+00	
agroforestry	Fri Nov 07 14:59:57 CET 2025	16/9/2001	16	9	2001	259	2001	1.40100e+01	2.48800e+01	2.30000e+01	6.00000e+01	0.00000e+00	0.00000e+00	0.00000e+00	0.00000e+00	0.00000e+00	0.00000e+00	0.00000e+00	0.00000e+00	4.61611e+00	4.51687e+01	2.04200e+01	1.20187e+01	3.31499e+01	2.84244e+01	-9.06937e+01	5.01253e-02	1.24987e+01	9.36849e+00	-6.46000e+00	3.00000e+00	
agroforestry	Fri Nov 07 14:59:57 CET 2025	17/9/2001	17	9	2001	260	2001	5.97300e+00	2.28500e+01	1.80000e+01	5.70000e+01	0.00000e+00	0.00000e+00	0.00000e+00	0.00000e+00	0.00000e+00	0.00000e+00	0.00000e+00	0.00000e+00	2.88819e+00	3.92848e+01	1.77600e+01	1.49343e+01	2.43505e+01	2.81614e+01	-7.42170e+01	4.33944e-02	1.24470e+01	6.15089e+00	-6.46000e+00	1.10000e+00	
agroforestry	Fri Nov 07 14:59:57 CET 2025	18/9/2001	18	9	2001	261	2001	2.18100e+00	2.19700e+01	2.40000e+01	6.80000e+01	0.00000e+00	0.00000e+00	0.00000e+00	0.00000e+00	0.00000e+00	0.00000e+00	0.00000e+00	0.00000e+00	2.45606e+00	3.14101e+01	1.42000e+01	1.69078e+01	1.45024e+01	2.78974e+01	-5.67080e+01	3.66493e-02	1.23953e+01	6.47761e+00	-6.46000e+00	1.20000e+00	
agroforestry	Fri Nov 07 14:59:57 CET 2025	19/9/2001	19	9	2001	262	2001	5.49400e+00	2.26200e+01	3.20000e+01	9.40000e+01	0.00000e+00	0.00000e+00	0.00000e+00	0.00000e+00	0.00000e+00	0.00000e+00	0.00000e+00	0.00000e+00	2.55280e+00	4.01696e+01	1.81600e+01	1.38846e+01	2.62850e+01	2.76327e+01	-7.74194e+01	2.98916e-02	1.23435e+01	1.00988e+01	-6.47000e+00	1.10000e+00	
agroforestry	Fri Nov 07 14:59:57 CET 2025	20/9/2001	20	9	2001	263	2001	1.01700e+01	2.30400e+01	3.90000e+01	9.50000e+01	2.20000e+00	2.20000e+00	0.00000e+00	0.00000e+00	0.00000e+00	0.00000e+00	0.00000e+00	2.20000e+00	2.32578e+00	2.97069e+01	1.34300e+01	1.66966e+01	1.30103e+01	2.73672e+01	-5.69027e+01	2.31228e-02	1.22917e+01	1.26502e+01	-6.47000e+00	1.00000e+00	
agroforestry	Fri Nov 07 14:59:57 CET 2025	21/9/2001	21	9	2001	264	2001	1.01700e+01	2.51400e+01	4.10000e+01	9.40000e+01	2.00000e-01	2.00000e-01	0.00000e+00	0.00000e+00	0.00000e+00	0.00000e+00	0.00000e+00	2.00000e-01	2.37839e+00	3.03484e+01	1.37200e+01	1.64449e+01	1.39035e+01	2.71010e+01	-6.01093e+01	1.63446e-02	1.22399e+01	1.36212e+01	-6.47000e+00	9.00000e-01	
agroforestry	Fri Nov 07 14:59:57 CET 2025	22/9/2001	22	9	2001	265	2001	1.53500e+01	1.73500e+01	9.10000e+01	9.60000e+01	1.54000e+01	1.54000e+01	0.00000e+00	0.00000e+00	0.00000e+00	0.00000e+00	0.00000e+00	1.54000e+01	6.57701e-01	3.76037e+00	1.70000e+00	3.72277e+00	3.76036e-02	2.68342e+01	7.45610e-01	9.55863e-03	1.21880e+01	1.73693e+01	-6.47000e+00	8.00000e-01	
agroforestry	Fri Nov 07 14:59:57 CET 2025	23/9/2001	23	9	2001	266	2001	1.53700e+01	2.51200e+01	5.40000e+01	9.60000e+01	3.74000e+01	3.74000e+01	0.00000e+00	0.00000e+00	0.00000e+00	0.00000e+00	0.00000e+00	3.74000e+01	2.38168e+00	2.69419e+01	1.21800e+01	1.62728e+01	1.06691e+01	2.65669e+01	-5.47559e+01	2.76656e-03	1.21361e+01	1.77925e+01	-6.47000e+00	1.20000e+00	
agroforestry	Fri Nov 07 14:59:57 CET 2025	24/9/2001	24	9	2001	267	2001	1.06600e+01	2.29100e+01	4.80000e+01	9.60000e+01	2.00000e-01	2.00000e-01	0.00000e+00	0.00000e+00	0.00000e+00	0.00000e+00	0.00000e+00	2.00000e-01	1.95860e+00	2.09696e+01	9.48000e+00	1.53370e+01	5.63260e+00	2.62992e+01	-3.93452e+01	-4.03000e-03	1.20842e+01	1.37507e+01	-6.47000e+00	1.30000e+00	
agroforestry	Fri Nov 07 14:59:57 CET 2025	25/9/2001	25	9	2001	268	2001	7.44000e+00	2.39700e+01	2.80000e+01	9.60000e+01	0.00000e+00	0.00000e+00	0.00000e+00	0.00000e+00	0.00000e+00	0.00000e+00	0.00000e+00	0.00000e+00	2.66632e+00	3.87982e+01	1.75400e+01	1.25724e+01	2.62258e+01	2.60310e+01	-8.13880e+01	-1.08294e-02	1.20322e+01	1.10526e+01	-6.47000e+00	1.50000e+00	
agroforestry	Fri Nov 07 14:59:57 CET 2025	26/9/2001	26	9	2001	269	2001	8.49000e+00	2.44700e+01	3.10000e+01	9.50000e+01	0.00000e+00	0.00000e+00	0.00000e+00	0.00000e+00	0.00000e+00	0.00000e+00	0.00000e+00	0.00000e+00	2.55556e+00	3.85106e+01	1.74100e+01	1.23803e+01	2.61303e+01	2.57626e+01	-8.24283e+01	-1.76299e-02	1.19803e+01	1.18007e+01	-6.48000e+00	1.10000e+00	
agroforestry	Fri Nov 07 14:59:57 CET 2025	27/9/2001	27	9	2001	270	2001	5.96100e+00	2.53000e+01	3.20000e+01	9.70000e+01	2.00000e-01	2.00000e-01	0.00000e+00	0.00000e+00	0.00000e+00	0.00000e+00	0.00000e+00	2.00000e-01	2.35059e+00	3.78912e+01	1.71300e+01	1.23714e+01	2.55198e+01	2.54939e+01	-8.15980e+01	-2.44300e-02	1.19283e+01	1.14435e+01	-6.48000e+00	9.00000e-01	
agroforestry	Fri Nov 07 14:59:57 CET 2025	28/9/2001	28	9	2001	271	2001	1.58900e+01	2.15800e+01	6.20000e+01	9.50000e+01	8.00000e-01	8.00000e-01	0.00000e+00	0.00000e+00	0.00000e+00	0.00000e+00	0.00000e+00	8.00000e-01	1.77552e+00	1.82710e+01	8.26000e+00	1.41475e+01	4.12351e+00	2.52252e+01	-3.52613e+01	-3.12279e-02	1.18764e+01	1.69532e+01	-6.48000e+00	1.30000e+00	
agroforestry	Fri Nov 07 14:59:57 CET 2025	29/9/2001	29	9	2001	272	2001	1.42000e+01	1.70700e+01	8.90000e+01	9.60000e+01	6.48000e+01	6.48000e+01	0.00000e+00	0.00000e+00	0.00000e+00	0.00000e+00	0.00000e+00	6.48000e+01	5.92212e-01	1.63687e+00	7.40000e-01	1.62050e+00	1.63686e-02	2.49563e+01	5.09802e+00	-3.80219e-02	1.18244e+01	1.64160e+01	-6.48000e+00	1.00000e+00	
agroforestry	Fri Nov 07 14:59:57 CET 2025	30/9/2001	30	9	2001	273	2001	1.06000e+01	2.40000e+01	5.60000e+01	9.70000e+01	2.00000e-01	2.00000e-01	0.00000e+00	0.00000e+00	0.00000e+00	0.00000e+00	0.00000e+00	2.00000e-01	2.04140e+00	3.20737e+01	1.45000e+01	1.39987e+01	1.80750e+01	2.46874e+01	-7.07968e+01	-4.48104e-02	1.17725e+01	1.50950e+01	-6.48000e+00	6.00000e-01	
agroforestry	Fri Nov 07 14:59:57 CET 2025	1/10/2001	1	10	2001	274	2001	1.07200e+01	2.04700e+01	7.80000e+01	9.70000e+01	2.00000e-01	2.00000e-01	0.00000e+00	0.00000e+00	0.00000e+00	0.00000e+00	0.00000e+00	2.00000e-01	8.87712e-01	7.10046e+00	3.21000e+00	7.02946e+00	7.10044e-02	2.44187e+01	-8.23463e+00	-5.15916e-02	1.17206e+01	1.54889e+01	-6.48000e+00	7.00000e-01	
agroforestry	Fri Nov 07 14:59:57 CET 2025	2/10/2001	2	10	2001	275	2001	1.88800e+01	2.23200e+01	8.00000e+01	9.70000e+01	4.00000e-01	4.00000e-01	0.00000e+00	0.00000e+00	0.00000e+00	0.00000e+00	0.00000e+00	4.00000e-01	1.43353e+00	1.26304e+01	5.71000e+00	1.12743e+01	1.35612e+00	2.41501e+01	-2.31759e+01	-5.83639e-02	1.16687e+01	2.14605e+01	-6.48000e+00	2.30000e+00	
agroforestry	Fri Nov 07 14:59:57 CET 2025	3/10/2001	3	10	2001	276	2001	1.54000e+01	2.10400e+01	7.90000e+01	9.60000e+01	1.58000e+01	1.58000e+01	0.00000e+00	0.00000e+00	0.00000e+00	0.00000e+00	0.00000e+00	1.58000e+01	1.07756e+00	6.94562e+00	3.14000e+00	6.87617e+00	6.94561e-02	2.38818e+01	-8.35195e+00	-6.51256e-02	1.16168e+01	1.82965e+01	-6.49000e+00	1.90000e+00	
agroforestry	Fri Nov 07 14:59:57 CET 2025	4/10/2001	4	10	2001	277	2001	9.98000e+00	2.65800e+01	3.30000e+01	9.60000e+01	2.00000e-01	2.00000e-01	0.00000e+00	0.00000e+00	0.00000e+00	0.00000e+00	0.00000e+00	2.00000e-01	2.38508e+00	3.97493e+01	1.79700e+01	8.37547e+00	3.13738e+01	2.36138e+01	-9.66162e+01	-7.18748e-02	1.15650e+01	1.35380e+01	-6.20000e+00	7.00000e-01	
agroforestry	Fri Nov 07 14:59:57 CET 2025	5/10/2001	5	10	2001	278	2001	9.98000e+00	1.68100e+01	8.00000e+01	9.60000e+01	1.20000e+00	1.20000e+00	0.00000e+00	0.00000e+00	0.00000e+00	0.00000e+00	0.00000e+00	1.20000e+00	6.70762e-01	3.31797e+00	1.50000e+00	3.28479e+00	3.31798e-02	2.33463e+01	4.87076e-01	-7.86100e-02	1.15132e+01	1.35117e+01	-6.20000e+00	4.00000e-01	
agroforestry	Fri Nov 07 14:59:57 CET 2025	6/10/2001	6	10	2001	279	2001	1.63600e+01	2.03400e+01	7.50000e+01	9.50000e+01	6.80000e+00	6.80000e+00	0.00000e+00	0.00000e+00	0.00000e+00	0.00000e+00	0.00000e+00	6.80000e+00	1.17424e+00	9.33456e+00	4.22000e+00	8.98262e+00	3.51938e-01	2.30793e+01	-1.53238e+01	-8.53292e-02	1.14615e+01	1.79194e+01	-6.20000e+00	1.40000e+00	
agroforestry	Fri Nov 07 14:59:57 CET 2025	7/10/2001	7	10	2001	280	2001	1.25100e+01	2.51500e+01	5.50000e+01	9.60000e+01	2.80000e+00	2.80000e+00	0.00000e+00	0.00000e+00	0.00000e+00	0.00000e+00	0.00000e+00	2.80000e+00	2.04178e+00	3.11226e+01	1.40700e+01	1.23934e+01	1.87291e+01	2.28128e+01	-7.63099e+01	-9.20309e-02	1.14098e+01	1.64025e+01	-6.07000e+00	8.00000e-01	
agroforestry	Fri Nov 07 14:59:57 CET 2025	8/10/2001	8	10	2001	281	2001	1.17400e+01	2.49600e+01	5.20000e+01	9.60000e+01	8.00000e-01	8.00000e-01	0.00000e+00	0.00000e+00	0.00000e+00	0.00000e+00	0.00000e+00	8.00000e-01	1.88551e+00	2.76719e+01	1.25100e+01	1.32468e+01	1.44251e+01	2.25470e+01	-6.73212e+01	-9.87132e-02	1.13582e+01	1.56004e+01	-6.02000e+00	8.00000e-01	
agroforestry	Fri Nov 07 14:59:57 CET 2025	9/10/2001	9	10	2001	282	2001	1.03900e+01	2.18500e+01	7.40000e+01	9.60000e+01	9.30000e+01	9.30000e+01	0.00000e+00	0.00000e+00	0.00000e+00	0.00000e+00	0.00000e+00	9.30000e+01	1.19894e+00	1.42230e+01	6.43000e+00	1.17319e+01	2.49110e+00	2.22820e+01	-2.93632e+01	-1.05374e-01	1.13066e+01	1.55603e+01	-6.01000e+00	1.20000e+00	
agroforestry	Fri Nov 07 14:59:57 CET 2025	10/10/2001	10	10	2001	283	2001	1.01700e+01	2.48400e+01	4.50000e+01	9.70000e+01	2.00000e-01	2.00000e-01	0.00000e+00	0.00000e+00	0.00000e+00	0.00000e+00	0.00000e+00	2.00000e-01	1.87687e+00	3.15429e+01	1.42600e+01	1.12939e+01	2.02490e+01	2.20179e+01	-7.96164e+01	-1.12013e-01	1.12552e+01	1.41925e+01	-4.64000e+00	7.00000e-01	
agroforestry	Fri Nov 07 14:59:57 CET 2025	11/10/2001	11	10	2001	284	2001	9.10000e+00	2.69900e+01	4.20000e+01	9.70000e+01	2.00000e-01	2.00000e-01	0.00000e+00	0.00000e+00	0.00000e+00	0.00000e+00	0.00000e+00	2.00000e-01	1.90858e+00	3.15429e+01	1.42600e+01	1.09725e+01	2.05703e+01	2.17547e+01	-8.19257e+01	-1.18626e-01	1.12038e+01	1.43736e+01	-4.71000e+00	7.00000e-01	
agroforestry	Fri Nov 07 14:59:57 CET 2025	12/10/2001	12	10	2001	285	2001	1.04200e+01	2.71500e+01	4.10000e+01	9.70000e+01	2.00000e-01	2.00000e-01	0.00000e+00	0.00000e+00	0.00000e+00	0.00000e+00	0.00000e+00	2.00000e-01	1.91196e+00	2.99945e+01	1.35600e+01	1.13921e+01	1.86024e+01	2.14925e+01	-7.90568e+01	-1.25213e-01	1.11525e+01	1.49482e+01	-4.78000e+00	7.00000e-01	
agroforestry	Fri Nov 07 14:59:57 CET 2025	13/10/2001	13	10	2001	286	2001	1.02000e+01	2.69300e+01	4.50000e+01	9.70000e+01	2.00000e-01	2.00000e-01	0.00000e+00	0.00000e+00	0.00000e+00	0.00000e+00	0.00000e+00	2.00000e-01	1.81489e+00	2.74728e+01	1.24200e+01	1.20749e+01	1.53979e+01	2.12314e+01	-7.23664e+01	-1.31772e-01	1.11014e+01	1.51711e+01	-4.84000e+00	8.00000e-01	
agroforestry	Fri Nov 07 14:59:57 CET 2025	14/10/2001	14	10	2001	287	2001	1.24500e+01	2.75700e+01	4.00000e+01	9.60000e+01	2.00000e-01	2.00000e-01	0.00000e+00	0.00000e+00	0.00000e+00	0.00000e+00	0.00000e+00	2.00000e-01	1.92907e+00	2.81806e+01	1.27400e+01	1.15615e+01	1.66192e+01	2.09715e+01	-7.67214e+01	-1.38300e-01	1.10503e+01	1.58989e+01	-4.90000e+00	7.00000e-01	
agroforestry	Fri Nov 07 14:59:57 CET 2025	15/10/2001	15	10	2001	288	2001	1.26300e+01	2.51200e+01	6.10000e+01	9.60000e+01	0.00000e+00	0.00000e+00	0.00000e+00	0.00000e+00	0.00000e+00	0.00000e+00	0.00000e+00	0.00000e+00	1.57084e+00	2.42212e+01	1.09500e+01	1.24194e+01	1.18018e+01	2.07129e+01	-6.40660e+01	-1.44797e-01	1.09993e+01	1.71023e+01	-4.95000e+00	6.00000e-01	
agroforestry	Fri Nov 07 14:59:57 CET 2025	16/10/2001	16	10	2001	289	2001	9.24000e+00	2.72400e+01	4.20000e+01	9.70000e+01	0.00000e+00	0.00000e+00	0.00000e+00	0.00000e+00	0.00000e+00	0.00000e+00	0.00000e+00	0.00000e+00	1.79408e+00	3.08793e+01	1.39600e+01	9.65951e+00	2.12198e+01	2.04557e+01	-8.60235e+01	-1.51260e-01	1.09485e+01	1.45509e+01	-5.01000e+00	8.00000e-01	
agroforestry	Fri Nov 07 14:59:57 CET 2025	17/10/2001	17	10	2001	290	2001	1.02300e+01	2.08600e+01	7.60000e+01	9.60000e+01	2.00000e-01	2.00000e-01	0.00000e+00	0.00000e+00	0.00000e+00	0.00000e+00	0.00000e+00	2.00000e-01	1.13051e+00	1.52627e+01	6.90000e+00	1.15377e+01	3.72501e+00	2.02000e+01	-3.61682e+01	-1.57687e-01	1.08979e+01	1.51746e+01	-5.06000e+00	1.60000e+00	
agroforestry	Fri Nov 07 14:59:57 CET 2025	18/10/2001	18	10	2001	291	2001	1.70800e+01	2.09500e+01	7.60000e+01	9.50000e+01	2.44000e+01	2.44000e+01	0.00000e+00	0.00000e+00	0.00000e+00	0.00000e+00	0.00000e+00	2.44000e+01	1.18459e+00	9.95392e+00	4.50000e+00	9.02527e+00	9.28652e-01	1.99458e+01	-2.12995e+01	-1.64077e-01	1.08473e+01	1.87909e+01	-5.11000e+00	1.90000e+00	
agroforestry	Fri Nov 07 14:59:57 CET 2025	19/10/2001	19	10	2001	292	2001	1.77400e+01	2.08500e+01	8.10000e+01	9.40000e+01	1.38000e+01	1.38000e+01	0.00000e+00	0.00000e+00	0.00000e+00	0.00000e+00	0.00000e+00	1.38000e+01	1.50833e+00	1.66562e+01	7.53000e+00	1.17081e+01	4.94814e+00	1.96932e+01	-4.28875e+01	-1.70427e-01	1.07970e+01	1.95692e+01	-4.73000e+00	3.30000e+00	
agroforestry	Fri Nov 07 14:59:57 CET 2025	20/10/2001	20	10	2001	293	2001	1.08800e+01	2.15600e+01	7.70000e+01	9.50000e+01	2.00000e-01	2.00000e-01	0.00000e+00	0.00000e+00	0.00000e+00	0.00000e+00	0.00000e+00	2.00000e-01	1.23744e+00	1.34931e+01	6.10000e+00	1.06883e+01	2.80483e+00	1.94424e+01	-3.27574e+01	-1.76736e-01	1.07468e+01	1.58442e+01	-4.55000e+00	2.80000e+00	
agroforestry	Fri Nov 07 14:59:57 CET 2025	21/10/2001	21	10	2001	294	2001	7.76000e+00	2.50500e+01	3.30000e+01	9.60000e+01	2.00000e-01	2.00000e-01	0.00000e+00	0.00000e+00	0.00000e+00	0.00000e+00	0.00000e+00	2.00000e-01	1.50964e+00	2.98839e+01	1.35100e+01	8.51530e+00	2.13686e+01	1.91934e+01	-8.67735e+01	-1.83002e-01	1.06967e+01	1.20241e+01	-4.63000e+00	8.00000e-01	
agroforestry	Fri Nov 07 14:59:57 CET 2025	22/10/2001	22	10	2001	295	2001	6.47500e+00	2.37600e+01	3.60000e+01	9.70000e+01	2.00000e-01	2.00000e-01	0.00000e+00	0.00000e+00	0.00000e+00	0.00000e+00	0.00000e+00	2.00000e-01	1.32856e+00	2.86230e+01	1.29400e+01	8.93390e+00	1.96891e+01	1.89463e+01	-8.24678e+01	-1.89222e-01	1.06469e+01	1.14160e+01	-4.71000e+00	7.00000e-01	
agroforestry	Fri Nov 07 14:59:57 CET 2025	23/10/2001	23	10	2001	296	2001	1.01100e+01	2.21500e+01	6.30000e+01	8.70000e+01	0.00000e+00	0.00000e+00	0.00000e+00	0.00000e+00	0.00000e+00	0.00000e+00	0.00000e+00	0.00000e+00	1.19120e+00	1.54175e+01	6.97000e+00	1.10310e+01	4.38650e+00	1.87012e+01	-4.07669e+01	-1.95396e-01	1.05973e+01	1.37385e+01	-4.77000e+00	9.00000e-01	
agroforestry	Fri Nov 07 14:59:57 CET 2025	24/10/2001	24	10	2001	297	2001	5.33400e+00	2.36400e+01	3.40000e+01	9.60000e+01	2.00000e-01	2.00000e-01	0.00000e+00	0.00000e+00	0.00000e+00	0.00000e+00	0.00000e+00	2.00000e-01	1.29413e+00	2.84682e+01	1.28700e+01	8.35752e+00	2.01107e+01	1.84582e+01	-8.39069e+01	-2.01521e-01	1.05479e+01	1.07137e+01	-4.84000e+00	9.00000e-01	
agroforestry	Fri Nov 07 14:59:57 CET 2025	25/10/2001	25	10	2001	298	2001	5.72200e+00	2.53200e+01	3.80000e+01	9.60000e+01	0.00000e+00	0.00000e+00	0.00000e+00	0.00000e+00	0.00000e+00	0.00000e+00	0.00000e+00	0.00000e+00	1.18993e+00	2.74949e+01	1.24300e+01	8.60562e+00	1.88893e+01	1.82174e+01	-8.33564e+01	-2.07595e-01	1.04987e+01	1.18039e+01	-4.90000e+00	5.00000e-01	
agroforestry	Fri Nov 07 14:59:57 CET 2025	26/10/2001	26	10	2001	299	2001	5.55100e+00	2.16100e+01	5.80000e+01	9.70000e+01	4.00000e-01	4.00000e-01	0.00000e+00	0.00000e+00	0.00000e+00	0.00000e+00	0.00000e+00	4.00000e-01	1.00204e+00	2.41770e+01	1.09300e+01	9.90481e+00	1.42721e+01	1.79788e+01	-7.07063e+01	-2.13617e-01	1.04498e+01	1.20443e+01	-4.96000e+00	8.00000e-01	
agroforestry	Fri Nov 07 14:59:57 CET 2025	27/10/2001	27	10	2001	300	2001	1.44900e+01	2.01100e+01	8.00000e+01	9.50000e+01	2.00000e-01	2.00000e-01	0.00000e+00	0.00000e+00	0.00000e+00	0.00000e+00	0.00000e+00	2.00000e-01	9.55233e-01	1.24977e+01	5.65000e+00	9.82348e+00	2.67421e+00	1.77426e+01	-3.34617e+01	-2.19584e-01	1.04011e+01	1.72655e+01	-5.01000e+00	1.40000e+00	
agroforestry	Fri Nov 07 14:59:57 CET 2025	28/10/2001	28	10	2001	301	2001	1.33600e+01	2.18900e+01	7.20000e+01	9.60000e+01	0.00000e+00	0.00000e+00	0.00000e+00	0.00000e+00	0.00000e+00	0.00000e+00	0.00000e+00	0.00000e+00	9.72576e-01	1.56608e+01	7.08000e+00	1.05604e+01	5.10041e+00	1.75088e+01	-4.55403e+01	-2.25494e-01	1.03528e+01	1.69188e+01	-5.05000e+00	6.00000e-01	
agroforestry	Fri Nov 07 14:59:57 CET 2025	29/10/2001	29	10	2001	302	2001	9.07000e+00	2.63500e+01	4.50000e+01	9.70000e+01	2.00000e-01	2.00000e-01	0.00000e+00	0.00000e+00	0.00000e+00	0.00000e+00	0.00000e+00	2.00000e-01	1.17989e+00	2.53051e+01	1.14400e+01	8.58416e+00	1.67209e+01	1.72775e+01	-8.25900e+01	-2.31346e-01	1.03046e+01	1.43773e+01	-5.11000e+00	5.00000e-01	
agroforestry	Fri Nov 07 14:59:57 CET 2025	30/10/2001	30	10	2001	303	2001	7.03000e+00	2.49200e+01	5.00000e+01	9.70000e+01	2.00000e-01	2.00000e-01	0.00000e+00	0.00000e+00	0.00000e+00	0.00000e+00	0.00000e+00	2.00000e-01	1.01359e+00	2.64111e+01	1.19400e+01	7.64747e+00	1.87636e+01	1.70488e+01	-8.60331e+01	-2.37137e-01	1.02568e+01	1.33310e+01	-5.15000e+00	5.00000e-01	
agroforestry	Fri Nov 07 14:59:57 CET 2025	31/10/2001	31	10	2001	304	2001	8.62000e+00	2.03900e+01	5.80000e+01	9.70000e+01	0.00000e+00	0.00000e+00	0.00000e+00	0.00000e+00	0.00000e+00	0.00000e+00	0.00000e+00	0.00000e+00	8.28297e-01	1.32055e+01	5.97000e+00	9.75443e+00	3.45110e+00	1.68228e+01	-3.75817e+01	-2.42866e-01	1.02094e+01	1.27890e+01	-5.19000e+00	4.00000e-01	
agroforestry	Fri Nov 07 14:59:57 CET 2025	1/11/2001	1	11	2001	305	2001	7.03000e+00	1.88300e+01	1.90000e+01	6.10000e+01	0.00000e+00	0.00000e+00	0.00000e+00	0.00000e+00	0.00000e+00	0.00000e+00	0.00000e+00	0.00000e+00	1.59248e+00	2.24516e+01	1.01500e+01	9.09521e+00	1.33564e+01	1.65996e+01	-6.98185e+01	-2.48530e-01	1.01622e+01	5.95788e+00	-5.23000e+00	1.60000e+00	
agroforestry	Fri Nov 07 14:59:57 CET 2025	2/11/2001	2	11	2001	306	2001	2.49400e+00	2.08800e+01	3.50000e+01	9.10000e+01	0.00000e+00	0.00000e+00	0.00000e+00	0.00000e+00	0.00000e+00	0.00000e+00	0.00000e+00	0.00000e+00	7.55386e-01	2.50396e+01	1.13200e+01	7.55065e+00	1.74890e+01	1.63793e+01	-8.00882e+01	-2.54128e-01	1.01154e+01	8.64691e+00	-5.27000e+00	5.00000e-01	
agroforestry	Fri Nov 07 14:59:57 CET 2025	3/11/2001	3	11	2001	307	2001	5.84000e-01	2.02100e+01	4.30000e+01	9.70000e+01	2.00000e-01	2.00000e-01	0.00000e+00	0.00000e+00	0.00000e+00	0.00000e+00	0.00000e+00	2.00000e-01	5.94543e-01	2.30267e+01	1.04100e+01	8.35085e+00	1.46759e+01	1.61619e+01	-7.29925e+01	-2.59658e-01	1.00690e+01	8.81849e+00	-5.31000e+00	3.00000e-01	
agroforestry	Fri Nov 07 14:59:57 CET 2025	4/11/2001	4	11	2001	308	2001	2.19300e+00	2.02600e+01	5.70000e+01	9.70000e+01	0.00000e+00	0.00000e+00	0.00000e+00	0.00000e+00	0.00000e+00	0.00000e+00	0.00000e+00	0.00000e+00	6.16737e-01	2.35134e+01	1.06300e+01	7.84097e+00	1.56724e+01	1.59475e+01	-7.64029e+01	-2.65117e-01	1.00229e+01	1.02510e+01	-5.34000e+00	7.00000e-01	
agroforestry	Fri Nov 07 14:59:57 CET 2025	5/11/2001	5	11	2001	309	2001	3.44900e+00	1.90100e+01	4.90000e+01	9.70000e+01	2.00000e-01	2.00000e-01	0.00000e+00	0.00000e+00	0.00000e+00	0.00000e+00	0.00000e+00	2.00000e-01	7.62017e-01	1.26747e+01	5.73000e+00	9.20982e+00	3.46483e+00	1.57362e+01	-3.75598e+01	-2.70504e-01	9.97731e+00	9.72042e+00	-5.37000e+00	7.00000e-01	
agroforestry	Fri Nov 07 14:59:57 CET 2025	6/11/2001	6	11	2001	310	2001	1.13800e+00	1.95200e+01	3.30000e+01	9.50000e+01	0.00000e+00	0.00000e+00	0.00000e+00	0.00000e+00	0.00000e+00	0.00000e+00	0.00000e+00	0.00000e+00	6.93587e-01	2.37788e+01	1.07500e+01	7.13408e+00	1.66447e+01	1.55281e+01	-7.87955e+01	-2.75817e-01	9.93211e+00	8.02608e+00	-5.40000e+00	9.00000e-01	
agroforestry	Fri Nov 07 14:59:57 CET 2025	7/11/2001	7	11	2001	311	2001	8.45000e+00	2.05200e+01	4.90000e+01	7.10000e+01	0.00000e+00	0.00000e+00	0.00000e+00	0.00000e+00	0.00000e+00	0.00000e+00	0.00000e+00	0.00000e+00	1.67599e+00	2.34249e+01	1.05900e+01	7.06405e+00	1.63608e+01	1.53233e+01	-8.18891e+01	-2.81054e-01	9.88735e+00	9.88833e+00	-5.43000e+00	3.10000e+00	
agroforestry	Fri Nov 07 14:59:57 CET 2025	8/11/2001	8	11	2001	312	2001	7.17000e+00	1.85700e+01	4.90000e+01	7.90000e+01	0.00000e+00	0.00000e+00	0.00000e+00	0.00000e+00	0.00000e+00	0.00000e+00	0.00000e+00	0.00000e+00	1.63941e+00	1.95760e+01	8.85000e+00	8.59731e+00	1.09787e+01	1.51217e+01	-6.63670e+01	-2.86212e-01	9.84305e+00	9.49524e+00	-5.46000e+00	3.60000e+00	
agroforestry	Fri Nov 07 14:59:57 CET 2025	9/11/2001	9	11	2001	313	2001	8.46000e-01	1.20100e+01	2.60000e+01	6.50000e+01	0.00000e+00	0.00000e+00	0.00000e+00	0.00000e+00	0.00000e+00	0.00000e+00	0.00000e+00	0.00000e+00	8.68519e-01	2.34028e+01	1.05800e+01	6.51476e+00	1.68880e+01	1.49237e+01	-7.51390e+01	-2.91291e-01	9.79925e+00	4.37882e+00	-5.49000e+00	1.50000e+00	
agroforestry	Fri Nov 07 14:59:57 CET 2025	10/11/2001	10	11	2001	314	2001	-7.60000e-02	1.22200e+01	3.30000e+01	5.90000e+01	8.20000e+00	8.20000e+00	0.00000e+00	0.00000e+00	0.00000e+00	0.00000e+00	0.00000e+00	8.20000e+00	9.97511e-01	1.78286e+01	8.06000e+00	8.71133e+00	9.11724e+00	1.47290e+01	-5.61607e+01	-2.96287e-01	9.75595e+00	4.31948e+00	-5.52000e+00	1.50000e+00	
agroforestry	Fri Nov 07 14:59:57 CET 2025	11/11/2001	11	11	2001	315	2001	4.73800e+00	1.01500e+01	3.90000e+01	9.50000e+01	2.00000e-01	2.00000e-01	0.00000e+00	0.00000e+00	0.00000e+00	0.00000e+00	0.00000e+00	2.00000e-01	9.68079e-01	1.81382e+00	8.20000e-01	1.79569e+00	1.81383e-02	1.45380e+01	1.02680e+00	-3.01199e-01	9.71317e+00	6.91372e+00	-5.38000e+00	1.00000e+00	
agroforestry	Fri Nov 07 14:59:57 CET 2025	12/11/2001	12	11	2001	316	2001	5.37000e-01	1.43800e+01	4.70000e+01	9.60000e+01	0.00000e+00	0.00000e+00	0.00000e+00	0.00000e+00	0.00000e+00	0.00000e+00	0.00000e+00	0.00000e+00	4.33715e-01	1.76737e+01	7.99000e+00	8.41617e+00	9.25756e+00	1.43506e+01	-5.86407e+01	-3.06025e-01	9.67096e+00	7.38539e+00	-5.41000e+00	7.00000e-01	
agroforestry	Fri Nov 07 14:59:57 CET 2025	13/11/2001	13	11	2001	317	2001	2.91100e+00	1.85800e+01	4.00000e+01	8.50000e+01	0.00000e+00	0.00000e+00	0.00000e+00	0.00000e+00	0.00000e+00	0.00000e+00	0.00000e+00	0.00000e+00	7.09091e-01	1.93991e+01	8.77000e+00	7.66719e+00	1.17319e+01	1.41669e+01	-6.95057e+01	-3.10764e-01	9.62931e+00	8.05879e+00	-5.44000e+00	1.20000e+00	
agroforestry	Fri Nov 07 14:59:57 CET 2025	14/11/2001	14	11	2001	318	2001	1.18600e+00	1.21400e+01	2.60000e+01	5.80000e+01	1.20000e+00	1.20000e+00	0.00000e+00	0.00000e+00	0.00000e+00	0.00000e+00	0.00000e+00	1.20000e+00	7.38082e-01	2.18323e+01	9.87000e+00	6.17075e+00	1.56615e+01	1.39869e+01	-7.49903e+01	-3.15412e-01	9.58827e+00	4.10793e+00	-5.47000e+00	1.30000e+00	
agroforestry	Fri Nov 07 14:59:57 CET 2025	15/11/2001	15	11	2001	319	2001	5.27900e+00	1.14000e+01	3.90000e+01	8.40000e+01	3.60000e+00	3.60000e+00	0.00000e+00	0.00000e+00	0.00000e+00	0.00000e+00	0.00000e+00	3.60000e+00	1.15683e+00	6.92350e+00	3.13000e+00	6.26837e+00	6.55129e-01	1.38108e+01	-1.90490e+01	-3.19969e-01	9.54784e+00	6.74539e+00	-5.47000e+00	1.80000e+00	
agroforestry	Fri Nov 07 14:59:57 CET 2025	16/11/2001	16	11	2001	320	2001	5.37400e+00	1.59300e+01	5.40000e+01	9.20000e+01	1.60000e+00	1.60000e+00	0.00000e+00	0.00000e+00	0.00000e+00	0.00000e+00	0.00000e+00	1.60000e+00	5.04290e-01	1.75631e+01	7.94000e+00	7.78361e+00	9.77952e+00	1.36386e+01	-6.38958e+01	-3.24432e-01	9.50806e+00	9.35422e+00	-5.42000e+00	1.10000e+00	
agroforestry	Fri Nov 07 14:59:57 CET 2025	17/11/2001	17	11	2001	321	2001	4.52000e+00	1.08300e+01	6.10000e+01	9.30000e+01	1.16000e+01	1.16000e+01	0.00000e+00	0.00000e+00	0.00000e+00	0.00000e+00	0.00000e+00	1.16000e+01	6.06194e-01	4.80000e+00	2.17000e+00	4.75477e+00	4.52261e-02	1.34704e+01	-1.12221e+01	-3.28799e-01	9.46896e+00	8.07199e+00	-5.41000e+00	6.00000e-01	
agroforestry	Fri Nov 07 14:59:57 CET 2025	18/11/2001	18	11	2001	322	2001	7.92000e+00	1.11500e+01	7.90000e+01	9.50000e+01	0.00000e+00	0.00000e+00	0.00000e+00	0.00000e+00	0.00000e+00	0.00000e+00	0.00000e+00	0.00000e+00	4.13081e-01	6.63594e+00	3.00000e+00	6.01816e+00	6.17782e-01	1.33062e+01	-1.90499e+01	-3.33069e-01	9.43054e+00	1.03450e+01	-5.23000e+00	5.00000e-01	
agroforestry	Fri Nov 07 14:59:57 CET 2025	19/11/2001	19	11	2001	323	2001	4.00700e+00	1.72100e+01	4.80000e+01	9.60000e+01	2.00000e-01	2.00000e-01	0.00000e+00	0.00000e+00	0.00000e+00	0.00000e+00	0.00000e+00	2.00000e-01	4.66397e-01	1.68774e+01	7.63000e+00	7.51855e+00	9.35887e+00	1.31461e+01	-6.41162e+01	-3.37240e-01	9.39285e+00	9.19937e+00	-5.27000e+00	1.10000e+00	
agroforestry	Fri Nov 07 14:59:57 CET 2025	20/11/2001	20	11	2001	324	2001	-2.64600e+00	1.45100e+01	4.60000e+01	9.60000e+01	2.00000e-01	2.00000e-01	0.00000e+00	0.00000e+00	0.00000e+00	0.00000e+00	0.00000e+00	2.00000e-01	9.86795e-02	2.01733e+01	9.12000e+00	5.79595e+00	1.43773e+01	1.29902e+01	-7.51462e+01	-3.41310e-01	9.35590e+00	6.60278e+00	-5.30000e+00	5.00000e-01	
agroforestry	Fri Nov 07 14:59:57 CET 2025	21/11/2001	21	11	2001	325	2001	-4.67800e+00	1.44700e+01	3.90000e+01	9.60000e+01	0.00000e+00	0.00000e+00	0.00000e+00	0.00000e+00	0.00000e+00	0.00000e+00	0.00000e+00	0.00000e+00	1.47698e-01	2.01512e+01	9.11000e+00	5.59262e+00	1.45585e+01	1.28384e+01	-7.53655e+01	-3.45277e-01	9.31972e+00	5.84124e+00	-5.33000e+00	8.00000e-01	
agroforestry	Fri Nov 07 14:59:57 CET 2025	22/11/2001	22	11	2001	326	2001	-5.14800e+00	1.51200e+01	3.50000e+01	9.60000e+01	0.00000e+00	0.00000e+00	0.00000e+00	0.00000e+00	0.00000e+00	0.00000e+00	0.00000e+00	0.00000e+00	2.63862e-01	2.04166e+01	9.23000e+00	5.19647e+00	1.52201e+01	1.26909e+01	-7.77913e+01	-3.49140e-01	9.28433e+00	5.70386e+00	-5.36000e+00	1.40000e+00	
agroforestry	Fri Nov 07 14:59:57 CET 2025	23/11/2001	23	11	2001	327	2001	2.36000e-01	1.35300e+01	3.10000e+01	7.00000e+01	0.00000e+00	0.00000e+00	0.00000e+00	0.00000e+00	0.00000e+00	0.00000e+00	0.00000e+00	0.00000e+00	1.04859e+00	1.62359e+01	7.34000e+00	7.13645e+00	9.09949e+00	1.25478e+01	-6.14821e+01	-3.52896e-01	9.24977e+00	5.01456e+00	-5.40000e+00	2.50000e+00	
agroforestry	Fri Nov 07 14:59:57 CET 2025	24/11/2001	24	11	2001	328	2001	-1.24900e+00	1.54300e+01	2.90000e+01	8.60000e+01	0.00000e+00	0.00000e+00	0.00000e+00	0.00000e+00	0.00000e+00	0.00000e+00	0.00000e+00	0.00000e+00	2.91218e-01	1.94654e+01	8.80000e+00	5.41309e+00	1.40523e+01	1.24090e+01	-7.71558e+01	-3.56544e-01	9.21606e+00	5.79153e+00	-5.43000e+00	1.00000e+00	
agroforestry	Fri Nov 07 14:59:57 CET 2025	25/11/2001	25	11	2001	329	2001	-4.94000e-01	1.95500e+01	3.90000e+01	9.60000e+01	4.00000e-01	4.00000e-01	0.00000e+00	0.00000e+00	0.00000e+00	0.00000e+00	0.00000e+00	4.00000e-01	1.29034e-01	1.92885e+01	8.72000e+00	5.33265e+00	1.39558e+01	1.22746e+01	-8.07495e+01	-3.60082e-01	9.18322e+00	8.02249e+00	-5.46000e+00	6.00000e-01	
agroforestry	Fri Nov 07 14:59:57 CET 2025	26/11/2001	26	11	2001	330	2001	-2.00100e+00	1.64100e+01	4.60000e+01	9.70000e+01	2.00000e-01	2.00000e-01	0.00000e+00	0.00000e+00	0.00000e+00	0.00000e+00	0.00000e+00	2.00000e-01	1.22046e-01	1.64129e+01	7.42000e+00	6.65946e+00	9.75345e+00	1.21447e+01	-6.58088e+01	-3.63508e-01	9.15128e+00	7.25813e+00	-5.48000e+00	5.00000e-01	
agroforestry	Fri Nov 07 14:59:57 CET 2025	27/11/2001	27	11	2001	331	2001	1.03000e+00	1.46200e+01	5.50000e+01	9.70000e+01	0.00000e+00	0.00000e+00	0.00000e+00	0.00000e+00	0.00000e+00	0.00000e+00	0.00000e+00	0.00000e+00	2.65179e-01	1.66341e+01	7.52000e+00	6.43147e+00	1.02026e+01	1.20193e+01	-6.72513e+01	-3.66822e-01	9.12027e+00	8.04908e+00	-5.50000e+00	1.70000e+00	
agroforestry	Fri Nov 07 14:59:57 CET 2025	28/11/2001	28	11	2001	332	2001	-1.27800e+00	1.40200e+01	5.70000e+01	9.30000e+01	2.00000e-01	2.00000e-01	0.00000e+00	0.00000e+00	0.00000e+00	0.00000e+00	0.00000e+00	2.00000e-01	5.82008e-01	1.02194e+01	4.62000e+00	7.10481e+00	3.11454e+00	1.18985e+01	-3.81541e+01	-3.70021e-01	9.09021e+00	7.18953e+00	-5.53000e+00	2.20000e+00	
agroforestry	Fri Nov 07 14:59:57 CET 2025	29/11/2001	29	11	2001	333	2001	2.26200e+00	1.81400e+01	3.20000e+01	9.50000e+01	1.20000e+00	1.20000e+00	0.00000e+00	0.00000e+00	0.00000e+00	0.00000e+00	0.00000e+00	1.20000e+00	2.09273e-01	1.83152e+01	8.28000e+00	5.24595e+00	1.30693e+01	1.17823e+01	-7.96211e+01	-3.73104e-01	9.06112e+00	7.89553e+00	-5.55000e+00	9.00000e-01	
agroforestry	Fri Nov 07 14:59:57 CET 2025	30/11/2001	30	11	2001	334	2001	6.96000e+00	1.66800e+01	6.10000e+01	9.50000e+01	4.00000e-01	4.00000e-01	0.00000e+00	0.00000e+00	0.00000e+00	0.00000e+00	0.00000e+00	4.00000e-01	7.73115e-01	8.69309e+00	3.93000e+00	6.62620e+00	2.06689e+00	1.16707e+01	-3.39000e+01	-3.76069e-01	9.03304e+00	1.08002e+01	-5.54000e+00	2.50000e+00	
agroforestry	Fri Nov 07 14:59:57 CET 2025	1/12/2001	1	12	2001	335	2001	4.47200e+00	2.01000e+01	5.40000e+01	9.60000e+01	4.00000e-01	4.00000e-01	0.00000e+00	0.00000e+00	0.00000e+00	0.00000e+00	0.00000e+00	4.00000e-01	6.74888e-02	1.79171e+01	8.10000e+00	5.18523e+00	1.27318e+01	1.15638e+01	-8.16051e+01	-3.78915e-01	9.00599e+00	1.07087e+01	-5.56000e+00	6.00000e-01	
agroforestry	Fri Nov 07 14:59:57 CET 2025	2/12/2001	2	12	2001	336	2001	4.77500e+00	1.39500e+01	6.40000e+01	9.60000e+01	8.00000e-01	8.00000e-01	0.00000e+00	0.00000e+00	0.00000e+00	0.00000e+00	0.00000e+00	8.00000e-01	3.93015e-01	6.92350e+00	3.13000e+00	5.85029e+00	1.07321e+00	1.14617e+01	-2.50707e+01	-3.81640e-01	8.97999e+00	9.40284e+00	-5.57000e+00	5.00000e-01	
agroforestry	Fri Nov 07 14:59:57 CET 2025	3/12/2001	3	12	2001	337	2001	7.27000e+00	1.81200e+01	6.10000e+01	9.70000e+01	4.00000e-01	4.00000e-01	0.00000e+00	0.00000e+00	0.00000e+00	0.00000e+00	0.00000e+00	4.00000e-01	2.14207e-01	1.28074e+01	5.79000e+00	6.88601e+00	5.92136e+00	1.13643e+01	-5.65142e+01	-3.84244e-01	8.95506e+00	1.15870e+01	-5.57000e+00	5.00000e-01	
agroforestry	Fri Nov 07 14:59:57 CET 2025	4/12/2001	4	12	2001	338	2001	4.82300e+00	1.75500e+01	5.30000e+01	9.70000e+01	4.00000e-01	4.00000e-01	0.00000e+00	0.00000e+00	0.00000e+00	0.00000e+00	0.00000e+00	4.00000e-01	4.41171e-01	1.32055e+01	5.97000e+00	6.75407e+00	6.45146e+00	1.12716e+01	-5.82070e+01	-3.86724e-01	8.93124e+00	9.95828e+00	-5.59000e+00	1.80000e+00	
agroforestry	Fri Nov 07 14:59:57 CET 2025	5/12/2001	5	12	2001	339	2001	6.02100e+00	1.96600e+01	4.80000e+01	9.30000e+01	4.00000e-01	4.00000e-01	0.00000e+00	0.00000e+00	0.00000e+00	0.00000e+00	0.00000e+00	4.00000e-01	3.01449e-01	1.57935e+01	7.14000e+00	5.84444e+00	9.94911e+00	1.11838e+01	-7.37571e+01	-3.89080e-01	8.90854e+00	1.04394e+01	-5.60000e+00	1.20000e+00	
agroforestry	Fri Nov 07 14:59:57 CET 2025	6/12/2001	6	12	2001	340	2001	7.93000e-01	2.23000e+01	3.60000e+01	9.60000e+01	2.00000e-01	2.00000e-01	0.00000e+00	0.00000e+00	0.00000e+00	0.00000e+00	0.00000e+00	2.00000e-01	1.53113e-01	1.69438e+01	7.66000e+00	5.13321e+00	1.18106e+01	1.11009e+01	-8.08084e+01	-3.91309e-01	8.88698e+00	8.97488e+00	-5.61000e+00	9.00000e-01	
agroforestry	Fri Nov 07 14:59:57 CET 2025	7/12/2001	7	12	2001	341	2001	-7.66000e-01	1.40300e+01	3.60000e+01	7.90000e+01	0.00000e+00	0.00000e+00	0.00000e+00	0.00000e+00	0.00000e+00	0.00000e+00	0.00000e+00	0.00000e+00	1.40603e-01	1.74304e+01	7.88000e+00	4.71767e+00	1.27127e+01	1.10228e+01	-7.69943e+01	-3.93412e-01	8.86660e+00	5.61197e+00	-5.63000e+00	1.10000e+00	
agroforestry	Fri Nov 07 14:59:57 CET 2025	8/12/2001	8	12	2001	342	2001	-3.53000e-01	1.40800e+01	4.80000e+01	9.20000e+01	2.00000e-01	2.00000e-01	0.00000e+00	0.00000e+00	0.00000e+00	0.00000e+00	0.00000e+00	2.00000e-01	1.66991e-03	1.64129e+01	7.42000e+00	5.23674e+00	1.11762e+01	1.09497e+01	-7.27400e+01	-3.95387e-01	8.84740e+00	6.94158e+00	-5.65000e+00	9.00000e-01	
agroforestry	Fri Nov 07 14:59:57 CET 2025	9/12/2001	9	12	2001	343	2001	-1.12500e+00	1.00000e+01	5.60000e+01	8.60000e+01	0.00000e+00	0.00000e+00	0.00000e+00	0.00000e+00	0.00000e+00	0.00000e+00	0.00000e+00	0.00000e+00	3.45917e-02	1.41124e+01	6.38000e+00	6.17826e+00	7.93418e+00	1.08815e+01	-5.92566e+01	-3.97233e-01	8.82941e+00	5.95029e+00	-5.66000e+00	7.00000e-01	
agroforestry	Fri Nov 07 14:59:57 CET 2025	10/12/2001	10	12	2001	344	2001	-2.95600e+00	1.35400e+01	4.10000e+01	9.60000e+01	2.00000e-01	2.00000e-01	0.00000e+00	0.00000e+00	0.00000e+00	0.00000e+00	0.00000e+00	2.00000e-01	0.00000e+00	1.62802e+01	7.36000e+00	5.13750e+00	1.11427e+01	1.08182e+01	-7.19023e+01	-3.98948e-01	8.81264e+00	6.09360e+00	-5.68000e+00	7.00000e-01	
agroforestry	Fri Nov 07 14:59:57 CET 2025	11/12/2001	11	12	2001	345	2001	-4.90900e+00	1.20000e+01	4.60000e+01	9.60000e+01	2.00000e-01	2.00000e-01	0.00000e+00	0.00000e+00	0.00000e+00	0.00000e+00	0.00000e+00	2.00000e-01	0.00000e+00	1.62802e+01	7.36000e+00	5.05952e+00	1.12207e+01	1.07600e+01	-7.06608e+01	-4.00533e-01	8.79712e+00	5.58863e+00	-5.70000e+00	7.00000e-01	
agroforestry	Fri Nov 07 14:59:57 CET 2025	12/12/2001	12	12	2001	346	2001	-6.15000e+00	1.06300e+01	5.20000e+01	9.60000e+01	0.00000e+00	0.00000e+00	0.00000e+00	0.00000e+00	0.00000e+00	0.00000e+00	0.00000e+00	0.00000e+00	0.00000e+00	1.40903e+01	6.37000e+00	6.01036e+00	8.07996e+00	1.07067e+01	-5.93826e+01	-4.01986e-01	8.78286e+00	5.30964e+00	-5.71000e+00	8.00000e-01	
agroforestry	Fri Nov 07 14:59:57 CET 2025	13/12/2001	13	12	2001	347	2001	-6.46200e+00	1.22100e+01	3.90000e+01	9.60000e+01	0.00000e+00	0.00000e+00	0.00000e+00	0.00000e+00	0.00000e+00	0.00000e+00	0.00000e+00	0.00000e+00	0.00000e+00	1.68774e+01	7.63000e+00	4.54640e+00	1.23310e+01	1.06585e+01	-7.39779e+01	-4.03306e-01	8.76988e+00	5.06664e+00	-5.73000e+00	8.00000e-01	
agroforestry	Fri Nov 07 14:59:57 CET 2025	14/12/2001	14	12	2001	348	2001	-4.60300e+00	2.28700e+00	3.30000e+01	9.00000e+01	0.00000e+00	0.00000e+00	0.00000e+00	0.00000e+00	0.00000e+00	0.00000e+00	0.00000e+00	0.00000e+00	6.73339e-01	3.78249e+00	1.71000e+00	3.74687e+00	3.56143e-02	1.06153e+01	-1.02929e+01	-4.04492e-01	8.75819e+00	3.45147e+00	-5.75000e+00	1.30000e+00	
agroforestry	Fri Nov 07 14:59:57 CET 2025	15/12/2001	15	12	2001	349	2001	-6.26900e+00	1.61700e+00	4.50000e+01	7.60000e+01	0.00000e+00	0.00000e+00	0.00000e+00	0.00000e+00	0.00000e+00	0.00000e+00	0.00000e+00	0.00000e+00	4.40403e-01	6.65806e+00	3.01000e+00	5.52653e+00	1.13154e+00	1.05771e+01	-2.27182e+01	-4.05544e-01	8.74781e+00	3.11538e+00	-5.76000e+00	9.00000e-01	
agroforestry	Fri Nov 07 14:59:57 CET 2025	16/12/2001	16	12	2001	350	2001	-9.61000e+00	6.43600e+00	3.60000e+01	8.80000e+01	0.00000e+00	0.00000e+00	0.00000e+00	0.00000e+00	0.00000e+00	0.00000e+00	0.00000e+00	0.00000e+00	0.00000e+00	1.63465e+01	7.39000e+00	4.72201e+00	1.16245e+01	1.05440e+01	-6.72821e+01	-4.06462e-01	8.73874e+00	3.37160e+00	-5.78000e+00	6.00000e-01	
agroforestry	Fri Nov 07 14:59:57 CET 2025	17/12/2001	17	12	2001	351	2001	-1.00800e+01	5.99600e+00	4.20000e+01	9.10000e+01	0.00000e+00	0.00000e+00	0.00000e+00	0.00000e+00	0.00000e+00	0.00000e+00	0.00000e+00	0.00000e+00	0.00000e+00	1.54618e+01	6.99000e+00	5.19347e+00	1.02683e+01	1.05160e+01	-6.30658e+01	-4.07245e-01	8.73100e+00	3.49702e+00	-5.80000e+00	7.00000e-01	
agroforestry	Fri Nov 07 14:59:57 CET 2025	18/12/2001	18	12	2001	352	2001	-8.40000e+00	7.11000e+00	4.20000e+01	9.00000e+01	0.00000e+00	0.00000e+00	0.00000e+00	0.00000e+00	0.00000e+00	0.00000e+00	0.00000e+00	0.00000e+00	0.00000e+00	1.58378e+01	7.16000e+00	4.95635e+00	1.08814e+01	1.04931e+01	-6.61202e+01	-4.07891e-01	8.72459e+00	3.84569e+00	-5.81000e+00	6.00000e-01	
agroforestry	Fri Nov 07 14:59:57 CET 2025	19/12/2001	19	12	2001	353	2001	-8.39000e+00	8.23000e+00	4.80000e+01	9.20000e+01	0.00000e+00	0.00000e+00	0.00000e+00	0.00000e+00	0.00000e+00	0.00000e+00	0.00000e+00	0.00000e+00	0.00000e+00	1.32498e+01	5.99000e+00	6.05032e+00	7.19944e+00	1.04754e+01	-5.49515e+01	-4.08402e-01	8.71953e+00	4.25013e+00	-5.83000e+00	5.00000e-01	
agroforestry	Fri Nov 07 14:59:57 CET 2025	20/12/2001	20	12	2001	354	2001	-9.01000e+00	1.09500e+01	3.30000e+01	9.30000e+01	0.00000e+00	0.00000e+00	0.00000e+00	0.00000e+00	0.00000e+00	0.00000e+00	0.00000e+00	0.00000e+00	0.00000e+00	1.63244e+01	7.38000e+00	4.62024e+00	1.17042e+01	1.04627e+01	-7.11228e+01	-4.08776e-01	8.71582e+00	4.12706e+00	-5.84000e+00	6.00000e-01	
agroforestry	Fri Nov 07 14:59:57 CET 2025	21/12/2001	21	12	2001	355	2001	-1.14900e+01	1.01100e+01	2.20000e+01	9.10000e+01	0.00000e+00	0.00000e+00	0.00000e+00	0.00000e+00	0.00000e+00	0.00000e+00	0.00000e+00	0.00000e+00	0.00000e+00	1.73419e+01	7.84000e+00	3.90483e+00	1.34371e+01	1.04551e+01	-7.46299e+01	-4.09013e-01	8.71346e+00	3.28134e+00	-5.86000e+00	5.00000e-01	
agroforestry	Fri Nov 07 14:59:57 CET 2025	22/12/2001	22	12	2001	356	2001	-9.95000e+00	1.34300e+01	2.80000e+01	8.80000e+01	2.00000e-01	2.00000e-01	0.00000e+00	0.00000e+00	0.00000e+00	0.00000e+00	0.00000e+00	2.00000e-01	2.05070e-02	1.73198e+01	7.83000e+00	3.91748e+00	1.34023e+01	1.04527e+01	-7.75962e+01	-4.09114e-01	8.71246e+00	4.01556e+00	-5.87000e+00	1.30000e+00	
agroforestry	Fri Nov 07 14:59:57 CET 2025	23/12/2001	23	12	2001	357	2001	-6.17200e+00	5.46400e+00	2.80000e+01	9.00000e+01	0.00000e+00	0.00000e+00	0.00000e+00	0.00000e+00	0.00000e+00	0.00000e+00	0.00000e+00	0.00000e+00	1.87880e-01	1.11926e+01	5.06000e+00	6.38933e+00	4.80329e+00	1.04554e+01	-4.46419e+01	-4.09078e-01	8.71283e+00	3.51155e+00	-5.88000e+00	6.00000e-01	
agroforestry	Fri Nov 07 14:59:57 CET 2025	24/12/2001	24	12	2001	358	2001	-1.08000e+01	8.21000e+00	1.60000e+01	7.10000e+01	0.00000e+00	0.00000e+00	0.00000e+00	0.00000e+00	0.00000e+00	0.00000e+00	0.00000e+00	0.00000e+00	0.00000e+00	1.80498e+01	8.16000e+00	3.36026e+00	1.46895e+01	1.04633e+01	-7.66101e+01	-4.08904e-01	8.71455e+00	2.41687e+00	-5.89000e+00	6.00000e-01	
agroforestry	Fri Nov 07 14:59:57 CET 2025	25/12/2001	25	12	2001	359	2001	-1.12500e+01	1.23900e+01	3.10000e+01	8.00000e+01	0.00000e+00	0.00000e+00	0.00000e+00	0.00000e+00	0.00000e+00	0.00000e+00	0.00000e+00	0.00000e+00	3.76718e-02	1.74747e+01	7.90000e+00	3.83894e+00	1.36357e+01	1.04762e+01	-7.69255e+01	-4.08594e-01	8.71763e+00	3.53229e+00	-5.90000e+00	1.30000e+00	
agroforestry	Fri Nov 07 14:59:57 CET 2025	26/12/2001	26	12	2001	360	2001	-3.07300e+00	9.89000e+00	3.30000e+01	8.20000e+01	0.00000e+00	0.00000e+00	0.00000e+00	0.00000e+00	0.00000e+00	0.00000e+00	0.00000e+00	0.00000e+00	4.55377e-01	1.72313e+01	7.79000e+00	4.04945e+00	1.31819e+01	1.04944e+01	-7.62751e+01	-4.08146e-01	8.72206e+00	4.48244e+00	-5.91000e+00	2.90000e+00	
agroforestry	Fri Nov 07 14:59:57 CET 2025	27/12/2001	27	12	2001	361	2001	-6.02500e+00	1.13300e+01	3.50000e+01	8.70000e+01	0.00000e+00	0.00000e+00	0.00000e+00	0.00000e+00	0.00000e+00	0.00000e+00	0.00000e+00	0.00000e+00	2.22927e-01	1.59041e+01	7.19000e+00	4.95097e+00	1.09532e+01	1.05176e+01	-6.98322e+01	-4.07563e-01	8.72785e+00	4.50729e+00	-5.93000e+00	1.90000e+00	
agroforestry	Fri Nov 07 14:59:57 CET 2025	28/12/2001	28	12	2001	362	2001	4.14300e+00	1.56100e+01	5.00000e+01	7.30000e+01	0.00000e+00	0.00000e+00	0.00000e+00	0.00000e+00	0.00000e+00	0.00000e+00	0.00000e+00	0.00000e+00	6.66369e-01	1.18783e+01	5.37000e+00	6.39106e+00	5.48728e+00	1.05460e+01	-5.44777e+01	-4.06842e-01	8.73498e+00	7.48245e+00	-5.94000e+00	1.90000e+00	
agroforestry	Fri Nov 07 14:59:57 CET 2025	29/12/2001	29	12	2001	363	2001	2.09200e+00	1.64700e+01	4.00000e+01	8.30000e+01	4.00000e-01	4.00000e-01	0.00000e+00	0.00000e+00	0.00000e+00	0.00000e+00	0.00000e+00	4.00000e-01	3.86886e-01	1.49309e+01	6.75000e+00	5.53291e+00	9.39797e+00	1.05795e+01	-7.03583e+01	-4.05986e-01	8.74345e+00	7.18886e+00	-5.95000e+00	1.70000e+00	
agroforestry	Fri Nov 07 14:59:57 CET 2025	30/12/2001	30	12	2001	364	2001	3.98900e+00	1.24900e+01	4.90000e+01	9.20000e+01	2.00000e-01	2.00000e-01	0.00000e+00	0.00000e+00	0.00000e+00	0.00000e+00	0.00000e+00	2.00000e-01	4.14173e-01	1.04848e+01	4.74000e+00	6.49716e+00	3.98763e+00	1.06182e+01	-4.53421e+01	-4.04994e-01	8.75324e+00	7.68019e+00	-5.95000e+00	1.40000e+00	
agroforestry	Fri Nov 07 14:59:57 CET 2025	31/12/2001	31	12	2001	365	2001	1.35000e+00	1.01100e+01	1.90000e+01	9.30000e+01	0.00000e+00	0.00000e+00	0.00000e+00	0.00000e+00	0.00000e+00	0.00000e+00	0.00000e+00	0.00000e+00	9.06576e-02	1.65899e+01	7.50000e+00	4.73695e+00	1.18529e+01	1.06619e+01	-7.33890e+01	-4.03866e-01	8.76436e+00	5.13547e+00	-5.95000e+00	1.00000e+00	
agroforestry	Fri Nov 07 14:59:57 CET 2025	1/1/2002	1	1	2002	1	2002	-3.35700e+00	5.76800e+00	3.00000e+01	6.30000e+01	0.00000e+00	0.00000e+00	0.00000e+00	0.00000e+00	0.00000e+00	0.00000e+00	0.00000e+00	0.00000e+00	5.39485e-01	1.10599e+01	5.00000e+00	6.56865e+00	4.49126e+00	1.07246e+01	-4.33825e+01	-4.02256e-01	8.78021e+00	3.09824e+00	-5.96000e+00	1.20000e+00	
agroforestry	Fri Nov 07 14:59:57 CET 2025	2/1/2002	2	1	2002	2	2002	-4.01000e+00	8.61000e+00	4.60000e+01	9.60000e+01	4.00000e+00	4.00000e+00	0.00000e+00	0.00000e+00	0.00000e+00	0.00000e+00	0.00000e+00	4.00000e+00	3.92150e-01	6.79078e+00	3.07000e+00	5.63479e+00	1.15599e+00	1.07798e+01	-2.44497e+01	-4.00825e-01	8.79425e+00	5.11622e+00	-5.98000e+00	8.00000e-01	
agroforestry	Fri Nov 07 14:59:57 CET 2025	3/1/2002	3	1	2002	3	2002	4.56000e+00	8.93000e+00	7.90000e+01	9.50000e+01	4.40000e+00	4.40000e+00	0.00000e+00	0.00000e+00	0.00000e+00	0.00000e+00	0.00000e+00	4.40000e+00	2.95352e-01	5.33088e+00	2.41000e+00	4.85632e+00	4.74553e-01	1.08401e+01	-1.81274e+01	-3.99262e-01	8.80958e+00	8.55742e+00	-5.90000e+00	7.00000e-01	
agroforestry	Fri Nov 07 14:59:57 CET 2025	4/1/2002	4	1	2002	4	2002	4.37100e+00	6.62300e+00	8.10000e+01	9.40000e+01	0.00000e+00	0.00000e+00	0.00000e+00	0.00000e+00	0.00000e+00	0.00000e+00	0.00000e+00	0.00000e+00	3.94590e-01	2.03502e+00	9.20000e-01	2.01467e+00	2.03502e-02	1.09055e+01	-2.28795e+00	-3.97565e-01	8.82616e+00	7.89550e+00	-5.82000e+00	3.00000e-01	
agroforestry	Fri Nov 07 14:59:57 CET 2025	5/1/2002	5	1	2002	5	2002	-3.47100e+00	1.23000e+01	4.90000e+01	9.70000e+01	2.00000e-01	2.00000e-01	0.00000e+00	0.00000e+00	0.00000e+00	0.00000e+00	0.00000e+00	2.00000e-01	0.00000e+00	1.60590e+01	7.26000e+00	5.46191e+00	1.05971e+01	1.09759e+01	-6.86889e+01	-3.95738e-01	8.84398e+00	6.10805e+00	-5.83000e+00	4.00000e-01	
agroforestry	Fri Nov 07 14:59:57 CET 2025	6/1/2002	6	1	2002	6	2002	-5.43700e+00	1.37300e+01	5.10000e+01	9.60000e+01	0.00000e+00	0.00000e+00	0.00000e+00	0.00000e+00	0.00000e+00	0.00000e+00	0.00000e+00	0.00000e+00	0.00000e+00	1.76516e+01	7.98000e+00	4.61222e+00	1.30394e+01	1.10514e+01	-7.61326e+01	-3.93779e-01	8.86303e+00	6.03538e+00	-5.84000e+00	4.00000e-01	
agroforestry	Fri Nov 07 14:59:57 CET 2025	7/1/2002	7	1	2002	7	2002	-6.12100e+00	9.50000e+00	6.00000e+01	9.60000e+01	2.00000e-01	2.00000e-01	0.00000e+00	0.00000e+00	0.00000e+00	0.00000e+00	0.00000e+00	2.00000e-01	0.00000e+00	1.59926e+01	7.23000e+00	5.68802e+00	1.03046e+01	1.11318e+01	-6.47322e+01	-3.91691e-01	8.88329e+00	5.38074e+00	-5.86000e+00	6.00000e-01	
agroforestry	Fri Nov 07 14:59:57 CET 2025	8/1/2002	8	1	2002	8	2002	6.08000e-01	1.31000e+01	6.40000e+01	9.70000e+01	4.20000e+00	4.20000e+00	0.00000e+00	0.00000e+00	0.00000e+00	0.00000e+00	0.00000e+00	4.20000e+00	2.48400e-02	1.41346e+01	6.39000e+00	6.49410e+00	7.64046e+00	1.12173e+01	-5.95532e+01	-3.89475e-01	8.90473e+00	7.97761e+00	-5.86000e+00	8.00000e-01	
agroforestry	Fri Nov 07 14:59:57 CET 2025	9/1/2002	9	1	2002	9	2002	-1.02300e+00	1.10900e+01	6.30000e+01	9.70000e+01	6.00000e-01	6.00000e-01	0.00000e+00	0.00000e+00	0.00000e+00	0.00000e+00	0.00000e+00	6.00000e-01	1.37628e-01	1.09493e+01	4.95000e+00	6.90816e+00	4.04115e+00	1.13078e+01	-4.28476e+01	-3.87130e-01	8.92733e+00	6.98966e+00	-5.79000e+00	6.00000e-01	
agroforestry	Fri Nov 07 14:59:57 CET 2025	10/1/2002	10	1	2002	10	2002	-8.72000e-01	9.20000e+00	6.20000e+01	9.70000e+01	2.00000e-01	2.00000e-01	0.00000e+00	0.00000e+00	0.00000e+00	0.00000e+00	0.00000e+00	2.00000e-01	2.56011e-01	7.78618e+00	3.52000e+00	6.21888e+00	1.56730e+00	1.14032e+01	-2.75568e+01	-3.84659e-01	8.95108e+00	6.53608e+00	-5.79000e+00	4.00000e-01	
agroforestry	Fri Nov 07 14:59:57 CET 2025	11/1/2002	11	1	2002	11	2002	-2.76800e+00	1.40200e+01	5.10000e+01	9.70000e+01	0.00000e+00	0.00000e+00	0.00000e+00	0.00000e+00	0.00000e+00	0.00000e+00	0.00000e+00	0.00000e+00	0.00000e+00	1.67889e+01	7.59000e+00	5.74618e+00	1.10428e+01	1.15035e+01	-6.98565e+01	-3.82063e-01	8.97595e+00	6.73739e+00	-5.80000e+00	6.00000e-01	
agroforestry	Fri Nov 07 14:59:57 CET 2025	12/1/2002	12	1	2002	12	2002	-4.43900e+00	1.39600e+01	4.50000e+01	9.60000e+01	2.00000e-01	2.00000e-01	0.00000e+00	0.00000e+00	0.00000e+00	0.00000e+00	0.00000e+00	2.00000e-01	0.00000e+00	1.86691e+01	8.44000e+00	4.75776e+00	1.39114e+01	1.16087e+01	-7.71698e+01	-3.79343e-01	9.00191e+00	6.04340e+00	-5.81000e+00	8.00000e-01	
agroforestry	Fri Nov 07 14:59:57 CET 2025	13/1/2002	13	1	2002	13	2002	-2.82600e+00	1.07300e+01	5.20000e+01	9.70000e+01	0.00000e+00	0.00000e+00	0.00000e+00	0.00000e+00	0.00000e+00	0.00000e+00	0.00000e+00	0.00000e+00	1.94566e-01	1.14581e+01	5.18000e+00	7.16549e+00	4.29257e+00	1.17188e+01	-4.28681e+01	-3.76500e-01	9.02895e+00	6.03445e+00	-5.82000e+00	5.00000e-01	
agroforestry	Fri Nov 07 14:59:57 CET 2025	14/1/2002	14	1	2002	14	2002	-1.88000e+00	1.32300e+01	5.30000e+01	9.70000e+01	2.00000e-01	2.00000e-01	0.00000e+00	0.00000e+00	0.00000e+00	0.00000e+00	0.00000e+00	2.00000e-01	9.15072e-02	1.42673e+01	6.45000e+00	7.01136e+00	7.25592e+00	1.18337e+01	-5.61277e+01	-3.73536e-01	9.05704e+00	6.85169e+00	-5.84000e+00	4.00000e-01	
agroforestry	Fri Nov 07 14:59:57 CET 2025	15/1/2002	15	1	2002	15	2002	-3.44100e+00	1.22700e+01	4.80000e+01	9.70000e+01	3.20000e+00	3.20000e+00	0.00000e+00	0.00000e+00	0.00000e+00	0.00000e+00	0.00000e+00	3.20000e+00	1.93544e-01	1.23650e+01	5.59000e+00	7.32074e+00	5.04423e+00	1.19534e+01	-4.63413e+01	-3.70452e-01	9.08615e+00	6.06621e+00	-5.85000e+00	4.00000e-01	
agroforestry	Fri Nov 07 14:59:57 CET 2025	16/1/2002	16	1	2002	16	2002	-9.57000e-01	1.30900e+01	4.20000e+01	9.60000e+01	2.40000e+00	2.40000e+00	0.00000e+00	0.00000e+00	0.00000e+00	0.00000e+00	0.00000e+00	2.40000e+00	1.30713e-01	1.74747e+01	7.90000e+00	6.11058e+00	1.13641e+01	1.20778e+01	-6.90438e+01	-3.67249e-01	9.11626e+00	6.47676e+00	-5.79000e+00	8.00000e-01	
agroforestry	Fri Nov 07 14:59:57 CET 2025	17/1/2002	17	1	2002	17	2002	-5.28200e+00	1.32400e+01	3.30000e+01	9.50000e+01	0.00000e+00	0.00000e+00	0.00000e+00	0.00000e+00	0.00000e+00	0.00000e+00	0.00000e+00	0.00000e+00	8.25391e-02	1.85364e+01	8.38000e+00	5.70111e+00	1.28353e+01	1.22070e+01	-7.16412e+01	-3.63930e-01	9.14735e+00	5.19381e+00	-5.75000e+00	6.00000e-01	
agroforestry	Fri Nov 07 14:59:57 CET 2025	18/1/2002	18	1	2002	18	2002	-6.82100e+00	1.41700e+01	3.50000e+01	9.50000e+01	2.00000e-01	2.00000e-01	0.00000e+00	0.00000e+00	0.00000e+00	0.00000e+00	0.00000e+00	2.00000e-01	5.12393e-02	2.00848e+01	9.08000e+00	4.89073e+00	1.51941e+01	1.23409e+01	-7.75286e+01	-3.60494e-01	9.17938e+00	5.16310e+00	-5.77000e+00	7.00000e-01	
agroforestry	Fri Nov 07 14:59:57 CET 2025	19/1/2002	19	1	2002	19	2002	-6.31500e+00	9.19000e+00	5.40000e+01	9.50000e+01	0.00000e+00	0.00000e+00	0.00000e+00	0.00000e+00	0.00000e+00	0.00000e+00	0.00000e+00	0.00000e+00	2.06453e-01	1.23207e+01	5.57000e+00	7.63593e+00	4.68481e+00	1.24794e+01	-4.20974e+01	-3.56945e-01	9.21234e+00	5.04728e+00	-5.78000e+00	5.00000e-01	
agroforestry	Fri Nov 07 14:59:57 CET 2025	20/1/2002	20	1	2002	20	2002	-4.88900e+00	1.58100e+01	3.40000e+01	9.60000e+01	2.00000e-01	2.00000e-01	0.00000e+00	0.00000e+00	0.00000e+00	0.00000e+00	0.00000e+00	2.00000e-01	1.81721e-01	1.80498e+01	8.16000e+00	6.49057e+00	1.15592e+01	1.26225e+01	-6.88384e+01	-3.53284e-01	9.24619e+00	5.85038e+00	-5.80000e+00	6.00000e-01	
agroforestry	Fri Nov 07 14:59:57 CET 2025	21/1/2002	21	1	2002	21	2002	-6.53000e+00	1.49400e+01	3.60000e+01	9.60000e+01	0.00000e+00	0.00000e+00	0.00000e+00	0.00000e+00	0.00000e+00	0.00000e+00	0.00000e+00	0.00000e+00	2.36185e-01	2.03724e+01	9.21000e+00	5.34608e+00	1.50263e+01	1.27701e+01	-7.64952e+01	-3.49512e-01	9.28091e+00	5.44182e+00	-5.80000e+00	1.30000e+00	
agroforestry	Fri Nov 07 14:59:57 CET 2025	22/1/2002	22	1	2002	22	2002	-1.71100e+00	1.62700e+01	3.90000e+01	9.50000e+01	5.40000e+00	5.40000e+00	0.00000e+00	0.00000e+00	0.00000e+00	0.00000e+00	0.00000e+00	5.40000e+00	4.51611e-01	1.43336e+01	6.48000e+00	7.85626e+00	6.47738e+00	1.29222e+01	-5.25419e+01	-3.45631e-01	9.31648e+00	6.83635e+00	-5.82000e+00	9.00000e-01	
agroforestry	Fri Nov 07 14:59:57 CET 2025	23/1/2002	23	1	2002	23	2002	-1.93700e+00	1.20000e+01	8.30000e+01	9.70000e+01	1.16000e+01	1.16000e+01	0.00000e+00	0.00000e+00	0.00000e+00	0.00000e+00	0.00000e+00	1.16000e+01	4.01932e-01	4.86636e+00	2.20000e+00	4.77548e+00	9.08785e-02	1.30788e+01	-1.19227e+01	-3.41643e-01	9.35287e+00	7.86227e+00	-5.72000e+00	1.60000e+00	
agroforestry	Fri Nov 07 14:59:57 CET 2025	24/1/2002	24	1	2002	24	2002	5.92700e+00	1.47600e+01	5.20000e+01	9.50000e+01	4.00000e-01	4.00000e-01	0.00000e+00	0.00000e+00	0.00000e+00	0.00000e+00	0.00000e+00	4.00000e-01	8.33560e-01	1.36700e+01	6.18000e+00	8.10894e+00	5.56110e+00	1.32397e+01	-4.91522e+01	-3.37549e-01	9.39005e+00	9.22639e+00	-5.52000e+00	2.50000e+00	
agroforestry	Fri Nov 07 14:59:57 CET 2025	25/1/2002	25	1	2002	25	2002	3.52000e-01	1.94200e+01	3.20000e+01	9.40000e+01	0.00000e+00	0.00000e+00	0.00000e+00	0.00000e+00	0.00000e+00	0.00000e+00	0.00000e+00	0.00000e+00	4.41134e-01	2.07705e+01	9.39000e+00	6.01040e+00	1.47601e+01	1.34050e+01	-7.96171e+01	-3.33352e-01	9.42799e+00	7.66984e+00	-5.54000e+00	1.00000e+00	
agroforestry	Fri Nov 07 14:59:57 CET 2025	26/1/2002	26	1	2002	26	2002	-1.85000e-01	2.05100e+01	3.80000e+01	9.60000e+01	0.00000e+00	0.00000e+00	0.00000e+00	0.00000e+00	0.00000e+00	0.00000e+00	0.00000e+00	0.00000e+00	3.23483e-01	2.19207e+01	9.91000e+00	5.50097e+00	1.64198e+01	1.35746e+01	-8.40231e+01	-3.29053e-01	9.46668e+00	8.30928e+00	-5.56000e+00	7.00000e-01	
agroforestry	Fri Nov 07 14:59:57 CET 2025	27/1/2002	27	1	2002	27	2002	1.26600e+00	1.61800e+01	4.50000e+01	9.70000e+01	0.00000e+00	0.00000e+00	0.00000e+00	0.00000e+00	0.00000e+00	0.00000e+00	0.00000e+00	0.00000e+00	7.12670e-01	8.80369e+00	3.98000e+00	7.25129e+00	1.55240e+00	1.37484e+01	-2.72143e+01	-3.24654e-01	9.50608e+00	7.99244e+00	-5.59000e+00	1.00000e+00	
agroforestry	Fri Nov 07 14:59:57 CET 2025	28/1/2002	28	1	2002	28	2002	-8.06000e-01	2.39000e+01	3.20000e+01	9.70000e+01	2.00000e-01	2.00000e-01	0.00000e+00	0.00000e+00	0.00000e+00	0.00000e+00	0.00000e+00	2.00000e-01	4.72705e-01	2.14341e+01	9.69000e+00	6.33280e+00	1.51013e+01	1.39263e+01	-8.20844e+01	-3.20157e-01	9.54617e+00	8.77119e+00	-5.61000e+00	7.00000e-01	
agroforestry	Fri Nov 07 14:59:57 CET 2025	29/1/2002	29	1	2002	29	2002	-1.61600e+00	1.73500e+01	6.00000e+01	9.70000e+01	2.00000e-01	2.00000e-01	0.00000e+00	0.00000e+00	0.00000e+00	0.00000e+00	0.00000e+00	2.00000e-01	3.57625e-01	1.86249e+01	8.42000e+00	7.89971e+00	1.07252e+01	1.41084e+01	-6.46998e+01	-3.15563e-01	9.58693e+00	8.33769e+00	-5.63000e+00	1.00000e+00	
agroforestry	Fri Nov 07 14:59:57 CET 2025	30/1/2002	30	1	2002	30	2002	8.69000e+00	1.24200e+01	7.90000e+01	9.60000e+01	0.00000e+00	0.00000e+00	0.00000e+00	0.00000e+00	0.00000e+00	0.00000e+00	0.00000e+00	0.00000e+00	5.20426e-01	7.91889e+00	3.58000e+00	6.92443e+00	9.94467e-01	1.42944e+01	-2.23353e+01	-3.10875e-01	9.62833e+00	1.11400e+01	-5.64000e+00	1.20000e+00	
agroforestry	Fri Nov 07 14:59:57 CET 2025	31/1/2002	31	1	2002	31	2002	2.75600e+00	1.34100e+01	6.80000e+01	9.60000e+01	0.00000e+00	0.00000e+00	0.00000e+00	0.00000e+00	0.00000e+00	0.00000e+00	0.00000e+00	0.00000e+00	5.25804e-01	7.69770e+00	3.48000e+00	6.83297e+00	8.64723e-01	1.44844e+01	-2.08189e+01	-3.06094e-01	9.67035e+00	8.83845e+00	-5.66000e+00	7.00000e-01	
agroforestry	Fri Nov 07 14:59:57 CET 2025	1/2/2002	1	2	2002	32	2002	-7.40000e-01	1.90400e+01	3.70000e+01	9.70000e+01	2.00000e-01	2.00000e-01	0.00000e+00	0.00000e+00	0.00000e+00	0.00000e+00	0.00000e+00	2.00000e-01	4.11131e-01	2.26065e+01	1.02200e+01	6.66567e+00	1.59408e+01	1.46783e+01	-7.83639e+01	-3.01223e-01	9.71296e+00	7.76291e+00	-5.68000e+00	5.00000e-01	
agroforestry	Fri Nov 07 14:59:57 CET 2025	2/2/2002	2	2	2002	33	2002	-5.24000e-01	1.53000e+01	6.90000e+01	9.70000e+01	0.00000e+00	0.00000e+00	0.00000e+00	0.00000e+00	0.00000e+00	0.00000e+00	0.00000e+00	0.00000e+00	4.46714e-01	1.71871e+01	7.77000e+00	8.95430e+00	8.23280e+00	1.48761e+01	-5.47511e+01	-2.96264e-01	9.75615e+00	8.53202e+00	-5.70000e+00	1.40000e+00	
agroforestry	Fri Nov 07 14:59:57 CET 2025	3/2/2002	3	2	2002	34	2002	9.63000e+00	1.36400e+01	7.30000e+01	9.30000e+01	0.00000e+00	0.00000e+00	0.00000e+00	0.00000e+00	0.00000e+00	0.00000e+00	0.00000e+00	0.00000e+00	7.31678e-01	7.52074e+00	3.40000e+00	6.82017e+00	7.00568e-01	1.50775e+01	-1.95622e+01	-2.91218e-01	9.79988e+00	1.13529e+01	-5.72000e+00	1.50000e+00	
agroforestry	Fri Nov 07 14:59:57 CET 2025	4/2/2002	4	2	2002	35	2002	6.70100e+00	1.55400e+01	8.00000e+01	9.70000e+01	2.24000e+01	2.24000e+01	0.00000e+00	0.00000e+00	0.00000e+00	0.00000e+00	0.00000e+00	2.24000e+01	4.82634e-01	1.24756e+01	5.64000e+00	8.98542e+00	3.49016e+00	1.52827e+01	-3.74947e+01	-2.86087e-01	9.84414e+00	1.16994e+01	-5.74000e+00	7.00000e-01	
agroforestry	Fri Nov 07 14:59:57 CET 2025	5/2/2002	5	2	2002	36	2002	8.01000e+00	1.19100e+01	8.80000e+01	9.70000e+01	1.06000e+01	1.06000e+01	0.00000e+00	0.00000e+00	0.00000e+00	0.00000e+00	0.00000e+00	1.06000e+01	4.59648e-01	5.02120e+00	2.27000e+00	4.97099e+00	5.02119e-02	1.54914e+01	-9.66582e+00	-2.80873e-01	9.88890e+00	1.13173e+01	-5.36000e+00	9.00000e-01	
agroforestry	Fri Nov 07 14:59:57 CET 2025	6/2/2002	6	2	2002	37	2002	8.40000e+00	1.44500e+01	3.90000e+01	9.30000e+01	6.00000e-01	6.00000e-01	0.00000e+00	0.00000e+00	0.00000e+00	0.00000e+00	0.00000e+00	6.00000e-01	1.46870e+00	2.27613e+01	1.02900e+01	7.92455e+00	1.48367e+01	1.57036e+01	-7.28075e+01	-2.75579e-01	9.93414e+00	8.90297e+00	-5.19000e+00	3.50000e+00	
agroforestry	Fri Nov 07 14:59:57 CET 2025	7/2/2002	7	2	2002	38	2002	2.11000e-01	1.53200e+01	2.50000e+01	7.00000e+01	0.00000e+00	0.00000e+00	0.00000e+00	0.00000e+00	0.00000e+00	0.00000e+00	0.00000e+00	0.00000e+00	1.00751e+00	2.66544e+01	1.20500e+01	5.75668e+00	2.08977e+01	1.59193e+01	-8.31407e+01	-2.70206e-01	9.97985e+00	5.01031e+00	-5.22000e+00	1.60000e+00	
agroforestry	Fri Nov 07 14:59:57 CET 2025	8/2/2002	8	2	2002	39	2002	-3.11000e+00	2.22300e+01	3.00000e+01	9.30000e+01	0.00000e+00	0.00000e+00	0.00000e+00	0.00000e+00	0.00000e+00	0.00000e+00	0.00000e+00	0.00000e+00	7.13461e-01	2.42876e+01	1.09800e+01	7.66327e+00	1.66243e+01	1.61383e+01	-7.78810e+01	-2.64756e-01	1.00260e+01	7.32512e+00	-5.26000e+00	7.00000e-01	
agroforestry	Fri Nov 07 14:59:57 CET 2025	9/2/2002	9	2	2002	40	2002	1.07000e-01	2.10300e+01	3.30000e+01	9.70000e+01	0.00000e+00	0.00000e+00	0.00000e+00	0.00000e+00	0.00000e+00	0.00000e+00	0.00000e+00	0.00000e+00	9.67851e-01	2.45751e+01	1.11100e+01	7.79548e+00	1.67796e+01	1.63606e+01	-7.78707e+01	-2.59232e-01	1.00726e+01	8.28286e+00	-5.30000e+00	1.50000e+00	
agroforestry	Fri Nov 07 14:59:57 CET 2025	10/2/2002	10	2	2002	41	2002	5.36500e+00	1.68500e+01	3.90000e+01	7.20000e+01	0.00000e+00	0.00000e+00	0.00000e+00	0.00000e+00	0.00000e+00	0.00000e+00	0.00000e+00	0.00000e+00	1.65400e+00	2.09917e+01	9.49000e+00	9.57611e+00	1.14156e+01	1.65861e+01	-6.31311e+01	-2.53635e-01	1.01195e+01	7.33058e+00	-5.34000e+00	2.70000e+00	
agroforestry	Fri Nov 07 14:59:57 CET 2025	11/2/2002	11	2	2002	42	2002	3.53000e-01	2.06000e+01	3.50000e+01	9.60000e+01	0.00000e+00	0.00000e+00	0.00000e+00	0.00000e+00	0.00000e+00	0.00000e+00	0.00000e+00	0.00000e+00	8.04155e-01	2.72516e+01	1.23200e+01	6.74478e+00	2.05068e+01	1.68147e+01	-8.44168e+01	-2.47968e-01	1.01669e+01	8.29550e+00	-5.37000e+00	8.00000e-01	
agroforestry	Fri Nov 07 14:59:57 CET 2025	12/2/2002	12	2	2002	43	2002	-1.38000e+00	2.32000e+01	3.00000e+01	9.70000e+01	2.00000e-01	2.00000e-01	0.00000e+00	0.00000e+00	0.00000e+00	0.00000e+00	0.00000e+00	2.00000e-01	8.43757e-01	2.77382e+01	1.25400e+01	6.75879e+00	2.09795e+01	1.70463e+01	-8.62654e+01	-2.42232e-01	1.02146e+01	8.27787e+00	-5.40000e+00	7.00000e-01	
agroforestry	Fri Nov 07 14:59:57 CET 2025	13/2/2002	13	2	2002	44	2002	-1.22100e+00	2.04600e+01	3.30000e+01	9.70000e+01	0.00000e+00	0.00000e+00	0.00000e+00	0.00000e+00	0.00000e+00	0.00000e+00	0.00000e+00	0.00000e+00	8.48057e-01	2.61014e+01	1.18000e+01	8.15173e+00	1.79496e+01	1.72808e+01	-7.74313e+01	-2.36429e-01	1.02627e+01	7.77302e+00	-5.43000e+00	8.00000e-01	
agroforestry	Fri Nov 07 14:59:57 CET 2025	14/2/2002	14	2	2002	45	2002	-5.80000e-01	1.42000e+01	4.10000e+01	9.60000e+01	0.00000e+00	0.00000e+00	0.00000e+00	0.00000e+00	0.00000e+00	0.00000e+00	0.00000e+00	0.00000e+00	1.06587e+00	1.50194e+01	6.79000e+00	1.04553e+01	4.56403e+00	1.75182e+01	-3.81295e+01	-2.30562e-01	1.03111e+01	6.76791e+00	-5.46000e+00	2.00000e+00	
agroforestry	Fri Nov 07 14:59:57 CET 2025	15/2/2002	15	2	2002	46	2002	-1.97300e+00	8.82000e+00	6.90000e+01	9.60000e+01	5.00000e+00	5.00000e+00	0.00000e+00	0.00000e+00	0.00000e+00	0.00000e+00	0.00000e+00	5.00000e+00	5.46820e-01	3.76037e+00	1.70000e+00	3.72277e+00	3.76036e-02	1.77583e+01	-3.56451e+00	-2.24632e-01	1.03598e+01	6.43815e+00	-5.49000e+00	6.00000e-01	
agroforestry	Fri Nov 07 14:59:57 CET 2025	16/2/2002	16	2	2002	47	2002	4.49500e+00	7.37000e+00	7.60000e+01	9.60000e+01	4.60000e+00	4.60000e+00	0.00000e+00	0.00000e+00	0.00000e+00	0.00000e+00	0.00000e+00	4.60000e+00	5.17790e-01	3.69401e+00	1.67000e+00	3.65707e+00	3.69401e-02	1.80010e+01	-3.22816e+00	-2.18642e-01	1.04088e+01	7.99801e+00	-5.41000e+00	3.00000e-01	
agroforestry	Fri Nov 07 14:59:57 CET 2025	17/2/2002	17	2	2002	48	2002	4.19200e+00	7.30000e+00	9.30000e+01	9.60000e+01	2.24000e+01	2.24000e+01	0.00000e+00	0.00000e+00	0.00000e+00	0.00000e+00	0.00000e+00	2.24000e+01	4.01396e-01	3.89309e+00	1.76000e+00	3.85416e+00	3.89309e-02	1.82463e+01	-3.64498e+00	-2.12594e-01	1.04581e+01	8.67572e+00	-5.35000e+00	4.00000e-01	
agroforestry	Fri Nov 07 14:59:57 CET 2025	18/2/2002	18	2	2002	49	2002	2.41600e+00	1.49900e+01	4.00000e+01	9.60000e+01	1.40000e+00	1.40000e+00	0.00000e+00	0.00000e+00	0.00000e+00	0.00000e+00	0.00000e+00	1.40000e+00	1.19884e+00	2.93530e+01	1.32700e+01	7.84362e+00	2.15094e+01	1.84941e+01	-7.87950e+01	-2.06488e-01	1.05077e+01	7.64438e+00	-4.99000e+00	2.00000e+00	
agroforestry	Fri Nov 07 14:59:57 CET 2025	19/2/2002	19	2	2002	50	2002	3.45000e-01	1.44400e+01	2.50000e+01	8.50000e+01	0.00000e+00	0.00000e+00	0.00000e+00	0.00000e+00	0.00000e+00	0.00000e+00	0.00000e+00	0.00000e+00	1.56516e+00	3.09456e+01	1.39900e+01	7.10916e+00	2.38365e+01	1.87443e+01	-8.10961e+01	-2.00329e-01	1.05575e+01	5.65549e+00	-5.01000e+00	2.60000e+00	
agroforestry	Fri Nov 07 14:59:57 CET 2025	20/2/2002	20	2	2002	51	2002	4.48500e+00	1.14200e+01	4.60000e+01	7.30000e+01	0.00000e+00	0.00000e+00	0.00000e+00	0.00000e+00	0.00000e+00	0.00000e+00	0.00000e+00	0.00000e+00	1.72824e+00	1.06618e+01	4.82000e+00	9.27736e+00	1.38439e+00	1.89967e+01	-2.21699e+01	-1.94116e-01	1.06076e+01	6.35656e+00	-5.06000e+00	3.00000e+00	
agroforestry	Fri Nov 07 14:59:57 CET 2025	21/2/2002	21	2	2002	52	2002	2.87700e+00	1.26600e+01	2.30000e+01	5.50000e+01	0.00000e+00	0.00000e+00	0.00000e+00	0.00000e+00	0.00000e+00	0.00000e+00	0.00000e+00	0.00000e+00	1.89005e+00	3.15207e+01	1.42500e+01	7.49340e+00	2.40273e+01	1.92513e+01	-7.98675e+01	-1.87854e-01	1.06579e+01	4.11457e+00	-5.11000e+00	2.40000e+00	
agroforestry	Fri Nov 07 14:59:57 CET 2025	22/2/2002	22	2	2002	53	2002	-2.42900e+00	1.60100e+01	2.30000e+01	6.90000e+01	0.00000e+00	0.00000e+00	0.00000e+00	0.00000e+00	0.00000e+00	0.00000e+00	0.00000e+00	0.00000e+00	1.66128e+00	3.12995e+01	1.41500e+01	8.04573e+00	2.32538e+01	1.95080e+01	-7.87789e+01	-1.81543e-01	1.07084e+01	4.53879e+00	-5.16000e+00	2.20000e+00	
agroforestry	Fri Nov 07 14:59:57 CET 2025	23/2/2002	23	2	2002	54	2002	1.11600e+01	1.80400e+01	4.00000e+01	7.20000e+01	0.00000e+00	0.00000e+00	0.00000e+00	0.00000e+00	0.00000e+00	0.00000e+00	0.00000e+00	0.00000e+00	2.59809e+00	2.43097e+01	1.09900e+01	1.16011e+01	1.27086e+01	1.97668e+01	-6.32641e+01	-1.75185e-01	1.07591e+01	9.29797e+00	-5.20000e+00	3.60000e+00	
agroforestry	Fri Nov 07 14:59:57 CET 2025	24/2/2002	24	2	2002	55	2002	6.47800e+00	1.74100e+01	3.20000e+01	6.20000e+01	0.00000e+00	0.00000e+00	0.00000e+00	0.00000e+00	0.00000e+00	0.00000e+00	0.00000e+00	0.00000e+00	2.24769e+00	2.95521e+01	1.33600e+01	9.83452e+00	1.97176e+01	2.00274e+01	-7.56637e+01	-1.68783e-01	1.08100e+01	6.56129e+00	-5.25000e+00	2.60000e+00	
agroforestry	Fri Nov 07 14:59:57 CET 2025	25/2/2002	25	2	2002	56	2002	6.71000e+00	2.01600e+01	3.70000e+01	7.90000e+01	0.00000e+00	0.00000e+00	0.00000e+00	0.00000e+00	0.00000e+00	0.00000e+00	0.00000e+00	0.00000e+00	2.08868e+00	2.53714e+01	1.14700e+01	1.18002e+01	1.35713e+01	2.02898e+01	-6.44941e+01	-1.62338e-01	1.08611e+01	8.92871e+00	-5.29000e+00	2.50000e+00	
agroforestry	Fri Nov 07 14:59:57 CET 2025	26/2/2002	26	2	2002	57	2002	3.56800e+00	1.70100e+01	5.60000e+01	9.70000e+01	0.00000e+00	0.00000e+00	0.00000e+00	0.00000e+00	0.00000e+00	0.00000e+00	0.00000e+00	0.00000e+00	1.11361e+00	2.43539e+01	1.10100e+01	1.22655e+01	1.20885e+01	2.05539e+01	-5.81036e+01	-1.55853e-01	1.09123e+01	9.56807e+00	-5.32000e+00	9.00000e-01	
agroforestry	Fri Nov 07 14:59:57 CET 2025	27/2/2002	27	2	2002	58	2002	2.80300e+00	1.66800e+01	5.40000e+01	9.70000e+01	0.00000e+00	0.00000e+00	0.00000e+00	0.00000e+00	0.00000e+00	0.00000e+00	0.00000e+00	0.00000e+00	1.01228e+00	1.55281e+01	7.02000e+00	1.18272e+01	3.70094e+00	2.08196e+01	-3.32790e+01	-1.49329e-01	1.09637e+01	9.10295e+00	-5.36000e+00	8.00000e-01	
agroforestry	Fri Nov 07 14:59:57 CET 2025	28/2/2002	28	2	2002	59	2002	5.54500e+00	1.52200e+01	4.50000e+01	7.80000e+01	0.00000e+00	0.00000e+00	0.00000e+00	0.00000e+00	0.00000e+00	0.00000e+00	0.00000e+00	0.00000e+00	1.49252e+00	1.14802e+01	5.19000e+00	1.01030e+01	1.37720e+00	2.10868e+01	-2.20304e+01	-1.42768e-01	1.10153e+01	7.74018e+00	-5.39000e+00	1.60000e+00	
agroforestry	Fri Nov 07 14:59:57 CET 2025	1/3/2002	1	3	2002	60	2002	4.92900e+00	1.25600e+01	6.90000e+01	9.60000e+01	5.40000e+00	5.40000e+00	0.00000e+00	0.00000e+00	0.00000e+00	0.00000e+00	0.00000e+00	5.40000e+00	7.55252e-01	1.72535e+00	7.80000e-01	1.70809e+00	1.72534e-02	2.13554e+01	3.51611e+00	-1.36173e-01	1.10669e+01	9.30051e+00	-5.42000e+00	1.20000e+00	
agroforestry	Fri Nov 07 14:59:57 CET 2025	2/3/2002	2	3	2002	61	2002	1.61300e+00	1.24600e+01	6.40000e+01	9.60000e+01	9.00000e+00	9.00000e+00	0.00000e+00	0.00000e+00	0.00000e+00	0.00000e+00	0.00000e+00	9.00000e+00	7.66113e-01	8.11797e+00	3.67000e+00	7.95057e+00	1.67400e-01	2.16253e+01	-1.22374e+01	-1.29544e-01	1.11188e+01	8.02800e+00	-5.34000e+00	6.00000e-01	
agroforestry	Fri Nov 07 14:59:57 CET 2025	3/3/2002	3	3	2002	62	2002	-1.14400e+00	1.78800e+01	3.30000e+01	9.70000e+01	2.00000e-01	2.00000e-01	0.00000e+00	0.00000e+00	0.00000e+00	0.00000e+00	0.00000e+00	2.00000e-01	1.36142e+00	3.56129e+01	1.61000e+01	8.69448e+00	2.69184e+01	2.18965e+01	-8.17439e+01	-1.22885e-01	1.11707e+01	7.14308e+00	-5.20000e+00	8.00000e-01	
agroforestry	Fri Nov 07 14:59:57 CET 2025	4/3/2002	4	3	2002	63	2002	-1.40000e+00	1.93900e+01	3.10000e+01	8.40000e+01	0.00000e+00	0.00000e+00	0.00000e+00	0.00000e+00	0.00000e+00	0.00000e+00	0.00000e+00	0.00000e+00	1.51248e+00	3.37327e+01	1.52500e+01	1.03129e+01	2.34199e+01	2.21687e+01	-7.69363e+01	-1.16197e-01	1.12227e+01	6.59287e+00	-5.24000e+00	9.00000e-01	
agroforestry	Fri Nov 07 14:59:57 CET 2025	5/3/2002	5	3	2002	64	2002	7.80000e+00	9.99000e+00	4.90000e+01	9.50000e+01	2.14000e+01	2.14000e+01	0.00000e+00	0.00000e+00	0.00000e+00	0.00000e+00	0.00000e+00	2.14000e+01	9.23107e-01	4.35760e+00	1.97000e+00	4.31403e+00	4.35762e-02	2.24420e+01	-2.61687e+00	-1.09482e-01	1.12748e+01	8.19984e+00	-5.28000e+00	6.00000e-01	
agroforestry	Fri Nov 07 14:59:57 CET 2025	6/3/2002	6	3	2002	65	2002	6.50900e+00	1.80600e+01	3.30000e+01	9.60000e+01	5.40000e+00	5.40000e+00	0.00000e+00	0.00000e+00	0.00000e+00	0.00000e+00	0.00000e+00	5.40000e+00	1.73361e+00	2.75392e+01	1.24500e+01	1.34257e+01	1.41134e+01	2.27162e+01	-6.09461e+01	-1.02741e-01	1.13270e+01	9.20860e+00	-4.94000e+00	1.30000e+00	
agroforestry	Fri Nov 07 14:59:57 CET 2025	7/3/2002	7	3	2002	66	2002	4.29500e+00	1.97500e+01	3.90000e+01	9.20000e+01	0.00000e+00	0.00000e+00	0.00000e+00	0.00000e+00	0.00000e+00	0.00000e+00	0.00000e+00	0.00000e+00	1.57810e+00	2.72516e+01	1.23200e+01	1.37181e+01	1.35335e+01	2.29913e+01	-5.97300e+01	-9.59776e-02	1.13793e+01	9.19139e+00	-4.89000e+00	8.00000e-01	
agroforestry	Fri Nov 07 14:59:57 CET 2025	8/3/2002	8	3	2002	67	2002	8.89000e-01	2.30600e+01	2.80000e+01	9.70000e+01	0.00000e+00	0.00000e+00	0.00000e+00	0.00000e+00	0.00000e+00	0.00000e+00	0.00000e+00	0.00000e+00	1.85916e+00	3.75816e+01	1.69900e+01	9.42235e+00	2.81592e+01	2.32670e+01	-8.58599e+01	-8.91925e-02	1.14317e+01	8.74269e+00	-4.95000e+00	1.00000e+00	
agroforestry	Fri Nov 07 14:59:57 CET 2025	9/3/2002	9	3	2002	68	2002	8.70000e-01	2.07400e+01	4.20000e+01	9.70000e+01	0.00000e+00	0.00000e+00	0.00000e+00	0.00000e+00	0.00000e+00	0.00000e+00	0.00000e+00	0.00000e+00	1.82603e+00	3.10120e+01	1.40200e+01	1.32067e+01	1.78053e+01	2.35434e+01	-6.69131e+01	-8.23877e-02	1.14841e+01	8.99695e+00	-5.01000e+00	1.90000e+00	
agroforestry	Fri Nov 07 14:59:57 CET 2025	10/3/2002	10	3	2002	69	2002	1.13400e+00	2.35400e+01	1.50000e+01	9.10000e+01	0.00000e+00	0.00000e+00	0.00000e+00	0.00000e+00	0.00000e+00	0.00000e+00	0.00000e+00	0.00000e+00	2.04525e+00	4.06783e+01	1.83900e+01	7.98776e+00	3.26906e+01	2.38204e+01	-9.17556e+01	-7.55652e-02	1.15366e+01	7.59294e+00	-5.06000e+00	9.00000e-01	
agroforestry	Fri Nov 07 14:59:57 CET 2025	11/3/2002	11	3	2002	70	2002	5.31000e-01	1.90100e+01	3.70000e+01	9.50000e+01	0.00000e+00	0.00000e+00	0.00000e+00	0.00000e+00	0.00000e+00	0.00000e+00	0.00000e+00	0.00000e+00	1.70486e+00	3.49051e+01	1.57800e+01	1.21720e+01	2.27330e+01	2.40978e+01	-7.31136e+01	-6.87269e-02	1.15892e+01	7.97305e+00	-5.11000e+00	1.00000e+00	
agroforestry	Fri Nov 07 14:59:57 CET 2025	12/3/2002	12	3	2002	71	2002	4.38700e+00	1.37600e+01	7.60000e+01	9.40000e+01	2.00000e-01	2.00000e-01	0.00000e+00	0.00000e+00	0.00000e+00	0.00000e+00	0.00000e+00	2.00000e-01	1.08327e+00	1.65014e+01	7.46000e+00	1.32364e+01	3.26494e+00	2.43755e+01	-2.88620e+01	-6.18745e-02	1.16418e+01	9.79777e+00	-5.16000e+00	1.50000e+00	
agroforestry	Fri Nov 07 14:59:57 CET 2025	13/3/2002	13	3	2002	72	2002	2.73700e+00	1.86300e+01	3.60000e+01	9.60000e+01	0.00000e+00	0.00000e+00	0.00000e+00	0.00000e+00	0.00000e+00	0.00000e+00	0.00000e+00	0.00000e+00	1.96459e+00	3.69622e+01	1.67100e+01	1.17861e+01	2.51762e+01	2.46535e+01	-7.64400e+01	-5.50100e-02	1.16944e+01	8.47501e+00	-5.20000e+00	1.40000e+00	
agroforestry	Fri Nov 07 14:59:57 CET 2025	14/3/2002	14	3	2002	73	2002	6.75600e+00	1.64100e+01	5.70000e+01	9.20000e+01	2.80000e+00	2.80000e+00	0.00000e+00	0.00000e+00	0.00000e+00	0.00000e+00	0.00000e+00	2.80000e+00	2.22422e+00	3.30028e+01	1.49200e+01	1.39283e+01	1.90745e+01	2.49317e+01	-6.63415e+01	-4.81351e-02	1.17470e+01	1.01552e+01	-5.24000e+00	3.30000e+00	
agroforestry	Fri Nov 07 14:59:57 CET 2025	15/3/2002	15	3	2002	74	2002	1.01300e+01	1.64500e+01	7.40000e+01	9.20000e+01	4.00000e-01	4.00000e-01	0.00000e+00	0.00000e+00	0.00000e+00	0.00000e+00	0.00000e+00	4.00000e-01	1.41199e+00	1.62802e+01	7.36000e+00	1.33573e+01	2.92284e+00	2.52099e+01	-2.84503e+01	-4.12516e-02	1.17997e+01	1.26570e+01	-5.22000e+00	2.00000e+00	
agroforestry	Fri Nov 07 14:59:57 CET 2025	16/3/2002	16	3	2002	75	2002	1.10400e+01	1.57400e+01	6.50000e+01	9.00000e+01	0.00000e+00	0.00000e+00	0.00000e+00	0.00000e+00	0.00000e+00	0.00000e+00	0.00000e+00	0.00000e+00	2.02980e+00	3.00166e+01	1.35700e+01	1.52446e+01	1.47720e+01	2.54881e+01	-5.88518e+01	-3.43614e-02	1.18524e+01	1.18956e+01	-5.25000e+00	2.20000e+00	
agroforestry	Fri Nov 07 14:59:57 CET 2025	17/3/2002	17	3	2002	76	2002	6.15400e+00	1.88000e+01	4.30000e+01	9.60000e+01	0.00000e+00	0.00000e+00	0.00000e+00	0.00000e+00	0.00000e+00	0.00000e+00	0.00000e+00	0.00000e+00	1.96409e+00	3.43742e+01	1.55400e+01	1.42979e+01	2.00763e+01	2.57662e+01	-6.81996e+01	-2.74663e-02	1.19051e+01	1.00488e+01	-5.29000e+00	9.00000e-01	
agroforestry	Fri Nov 07 14:59:57 CET 2025	18/3/2002	18	3	2002	77	2002	7.66000e+00	1.77700e+01	6.00000e+01	9.50000e+01	2.00000e-01	2.00000e-01	0.00000e+00	0.00000e+00	0.00000e+00	0.00000e+00	0.00000e+00	2.00000e-01	1.76824e+00	3.05032e+01	1.37900e+01	1.56075e+01	1.48957e+01	2.60441e+01	-5.86589e+01	-2.05680e-02	1.19578e+01	1.13819e+01	-5.32000e+00	8.00000e-01	
agroforestry	Fri Nov 07 14:59:57 CET 2025	19/3/2002	19	3	2002	78	2002	7.34000e+00	1.86500e+01	5.70000e+01	9.70000e+01	2.00000e-01	2.00000e-01	0.00000e+00	0.00000e+00	0.00000e+00	0.00000e+00	0.00000e+00	2.00000e-01	1.60662e+00	1.42452e+01	6.44000e+00	1.25633e+01	1.68185e+00	2.63217e+01	-2.25831e+01	-1.36683e-02	1.20105e+01	1.15178e+01	-5.35000e+00	2.30000e+00	
agroforestry	Fri Nov 07 14:59:57 CET 2025	20/3/2002	20	3	2002	79	2002	6.18300e+00	2.44600e+01	3.30000e+01	8.60000e+01	0.00000e+00	0.00000e+00	0.00000e+00	0.00000e+00	0.00000e+00	0.00000e+00	0.00000e+00	0.00000e+00	2.69606e+00	3.52590e+01	1.59400e+01	1.48422e+01	2.04168e+01	2.65989e+01	-7.12466e+01	-6.76899e-03	1.20632e+01	1.03492e+01	-5.38000e+00	1.70000e+00	
agroforestry	Fri Nov 07 14:59:57 CET 2025	21/3/2002	21	3	2002	80	2002	2.83800e+00	2.91300e+01	1.80000e+01	9.60000e+01	0.00000e+00	0.00000e+00	0.00000e+00	0.00000e+00	0.00000e+00	0.00000e+00	0.00000e+00	0.00000e+00	2.98113e+00	4.34654e+01	1.96500e+01	1.08452e+01	3.26202e+01	2.68757e+01	-9.14119e+01	1.28135e-04	1.21159e+01	1.03443e+01	-5.41000e+00	1.50000e+00	
agroforestry	Fri Nov 07 14:59:57 CET 2025	22/3/2002	22	3	2002	81	2002	1.09400e+01	2.52700e+01	2.80000e+01	6.50000e+01	0.00000e+00	0.00000e+00	0.00000e+00	0.00000e+00	0.00000e+00	0.00000e+00	0.00000e+00	0.00000e+00	3.53631e+00	4.44830e+01	2.01100e+01	1.05495e+01	3.39334e+01	2.71519e+01	-9.28986e+01	7.02133e-03	1.21686e+01	9.65325e+00	-5.44000e+00	1.80000e+00	
agroforestry	Fri Nov 07 14:59:57 CET 2025	23/3/2002	23	3	2002	82	2002	4.57500e+00	2.11500e+01	1.50000e+01	5.10000e+01	0.00000e+00	0.00000e+00	0.00000e+00	0.00000e+00	0.00000e+00	0.00000e+00	0.00000e+00	0.00000e+00	2.98292e+00	4.54120e+01	2.05300e+01	1.03052e+01	3.51068e+01	2.74275e+01	-8.79083e+01	1.39089e-02	1.22213e+01	4.89358e+00	-5.47000e+00	1.40000e+00	
agroforestry	Fri Nov 07 14:59:57 CET 2025	24/3/2002	24	3	2002	83	2002	3.98900e+00	1.94400e+01	1.90000e+01	4.50000e+01	0.00000e+00	0.00000e+00	0.00000e+00	0.00000e+00	0.00000e+00	0.00000e+00	0.00000e+00	0.00000e+00	3.02119e+00	4.46157e+01	2.01700e+01	1.13090e+01	3.33067e+01	2.77024e+01	-8.37000e+01	2.07889e-02	1.22739e+01	4.40007e+00	-5.50000e+00	1.60000e+00	
agroforestry	Fri Nov 07 14:59:57 CET 2025	25/3/2002	25	3	2002	84	2002	-2.90100e+00	1.87500e+01	2.20000e+01	7.30000e+01	0.00000e+00	0.00000e+00	0.00000e+00	0.00000e+00	0.00000e+00	0.00000e+00	0.00000e+00	0.00000e+00	2.28212e+00	4.35760e+01	1.97000e+01	1.24012e+01	3.11748e+01	2.79765e+01	-7.75924e+01	2.76599e-02	1.23265e+01	5.06490e+00	-5.53000e+00	1.00000e+00	
agroforestry	Fri Nov 07 14:59:57 CET 2025	26/3/2002	26	3	2002	85	2002	-3.37500e+00	2.10200e+01	1.50000e+01	8.00000e+01	0.00000e+00	0.00000e+00	0.00000e+00	0.00000e+00	0.00000e+00	0.00000e+00	0.00000e+00	0.00000e+00	2.39423e+00	4.62747e+01	2.09200e+01	1.09809e+01	3.52938e+01	2.82496e+01	-8.35513e+01	3.45199e-02	1.23790e+01	5.38317e+00	-5.55000e+00	9.00000e-01	
agroforestry	Fri Nov 07 14:59:57 CET 2025	27/3/2002	27	3	2002	86	2002	-1.43700e+00	1.98600e+01	2.50000e+01	8.80000e+01	0.00000e+00	0.00000e+00	0.00000e+00	0.00000e+00	0.00000e+00	0.00000e+00	0.00000e+00	0.00000e+00	2.43120e+00	4.59429e+01	2.07700e+01	1.16384e+01	3.43045e+01	2.85219e+01	-8.18771e+01	4.13673e-02	1.24315e+01	6.57354e+00	-5.58000e+00	1.10000e+00	
agroforestry	Fri Nov 07 14:59:57 CET 2025	28/3/2002	28	3	2002	87	2002	2.18500e+00	1.47400e+01	5.00000e+01	9.20000e+01	8.00000e-01	8.00000e-01	0.00000e+00	0.00000e+00	0.00000e+00	0.00000e+00	0.00000e+00	8.00000e-01	2.22796e+00	4.37309e+01	1.97700e+01	1.34424e+01	3.02885e+01	2.87930e+01	-7.44487e+01	4.82004e-02	1.24839e+01	7.85263e+00	-5.60000e+00	1.40000e+00	
agroforestry	Fri Nov 07 14:59:57 CET 2025	29/3/2002	29	3	2002	88	2002	1.77000e+00	1.46900e+01	3.90000e+01	9.10000e+01	0.00000e+00	0.00000e+00	0.00000e+00	0.00000e+00	0.00000e+00	0.00000e+00	0.00000e+00	0.00000e+00	1.62644e+00	1.71207e+01	7.74000e+00	1.46175e+01	2.50326e+00	2.90631e+01	-2.39626e+01	5.50175e-02	1.25363e+01	7.07646e+00	-5.60000e+00	1.40000e+00	
agroforestry	Fri Nov 07 14:59:57 CET 2025	30/3/2002	30	3	2002	89	2002	1.41500e+00	1.77100e+01	3.60000e+01	9.50000e+01	0.00000e+00	0.00000e+00	0.00000e+00	0.00000e+00	0.00000e+00	0.00000e+00	0.00000e+00	0.00000e+00	1.93176e+00	3.18525e+01	1.44000e+01	1.78944e+01	1.39582e+01	2.93319e+01	-5.21411e+01	6.18167e-02	1.25886e+01	7.80287e+00	-5.63000e+00	7.00000e-01	
agroforestry	Fri Nov 07 14:59:57 CET 2025	31/3/2002	31	3	2002	90	2002	-7.59000e-01	1.93800e+01	4.60000e+01	9.70000e+01	0.00000e+00	0.00000e+00	0.00000e+00	0.00000e+00	0.00000e+00	0.00000e+00	0.00000e+00	0.00000e+00	2.34571e+00	4.62747e+01	2.09200e+01	1.30125e+01	3.32622e+01	2.95995e+01	-7.90595e+01	6.85966e-02	1.26408e+01	8.37441e+00	-5.65000e+00	1.00000e+00	
agroforestry	Fri Nov 07 14:59:57 CET 2025	1/4/2002	1	4	2002	91	2002	3.43300e+00	1.78400e+01	5.80000e+01	9.70000e+01	0.00000e+00	0.00000e+00	0.00000e+00	0.00000e+00	0.00000e+00	0.00000e+00	0.00000e+00	0.00000e+00	1.71269e+00	2.58802e+01	1.17000e+01	1.78760e+01	8.00421e+00	2.98657e+01	-4.03437e+01	7.53552e-02	1.26930e+01	9.92060e+00	-5.67000e+00	9.00000e-01	
agroforestry	Fri Nov 07 14:59:57 CET 2025	2/4/2002	2	4	2002	92	2002	4.44700e+00	1.67200e+01	5.70000e+01	9.70000e+01	2.00000e-01	2.00000e-01	0.00000e+00	0.00000e+00	0.00000e+00	0.00000e+00	0.00000e+00	2.00000e-01	1.74107e+00	2.67650e+01	1.21000e+01	1.81450e+01	8.61999e+00	3.01305e+01	-4.13485e+01	8.20910e-02	1.27451e+01	9.82183e+00	-5.69000e+00	8.00000e-01	
agroforestry	Fri Nov 07 14:59:57 CET 2025	3/4/2002	3	4	2002	93	2002	7.43000e+00	1.70700e+01	4.60000e+01	9.10000e+01	2.00000e-01	2.00000e-01	0.00000e+00	0.00000e+00	0.00000e+00	0.00000e+00	0.00000e+00	2.00000e-01	1.75557e+00	1.83594e+01	8.30000e+00	1.55136e+01	2.84583e+00	3.03938e+01	-2.58581e+01	8.88023e-02	1.27970e+01	9.75750e+00	-5.70000e+00	1.00000e+00	
agroforestry	Fri Nov 07 14:59:57 CET 2025	4/4/2002	4	4	2002	94	2002	7.63000e+00	2.28000e+01	2.60000e+01	8.80000e+01	1.20000e+00	1.20000e+00	0.00000e+00	0.00000e+00	0.00000e+00	0.00000e+00	0.00000e+00	1.20000e+00	3.00480e+00	3.20516e+01	1.44900e+01	1.87671e+01	1.32845e+01	3.06555e+01	-5.36476e+01	9.54873e-02	1.28489e+01	9.84670e+00	-5.72000e+00	1.90000e+00	
agroforestry	Fri Nov 07 14:59:57 CET 2025	5/4/2002	5	4	2002	95	2002	5.43300e+00	2.33100e+01	2.90000e+01	9.40000e+01	2.00000e-01	2.00000e-01	0.00000e+00	0.00000e+00	0.00000e+00	0.00000e+00	0.00000e+00	2.00000e-01	3.19370e+00	4.56553e+01	2.06400e+01	1.51616e+01	3.04937e+01	3.09156e+01	-7.91101e+01	1.02144e-01	1.29007e+01	1.00614e+01	-5.70000e+00	1.50000e+00	
agroforestry	Fri Nov 07 14:59:57 CET 2025	6/4/2002	6	4	2002	96	2002	2.68800e+00	1.76900e+01	5.30000e+01	9.70000e+01	0.00000e+00	0.00000e+00	0.00000e+00	0.00000e+00	0.00000e+00	0.00000e+00	0.00000e+00	0.00000e+00	2.10930e+00	2.76498e+01	1.25000e+01	1.87668e+01	8.88299e+00	3.11740e+01	-4.12660e+01	1.08772e-01	1.29524e+01	9.31794e+00	-5.72000e+00	2.30000e+00	
agroforestry	Fri Nov 07 14:59:57 CET 2025	7/4/2002	7	4	2002	97	2002	1.01400e+01	1.30800e+01	8.50000e+01	9.50000e+01	2.00000e-01	2.00000e-01	0.00000e+00	0.00000e+00	0.00000e+00	0.00000e+00	0.00000e+00	2.00000e-01	8.23973e-01	6.01659e+00	2.72000e+00	5.95642e+00	6.01659e-02	3.14306e+01	-2.41192e+00	1.15368e-01	1.30039e+01	1.22900e+01	-5.74000e+00	1.10000e+00	
agroforestry	Fri Nov 07 14:59:57 CET 2025	8/4/2002	8	4	2002	98	2002	1.00000e+01	2.19000e+01	4.10000e+01	9.00000e+01	0.00000e+00	0.00000e+00	0.00000e+00	0.00000e+00	0.00000e+00	0.00000e+00	0.00000e+00	0.00000e+00	2.91515e+00	3.56129e+01	1.61000e+01	1.92111e+01	1.64018e+01	3.16853e+01	-5.85152e+01	1.21932e-01	1.30553e+01	1.18611e+01	-5.76000e+00	1.40000e+00	
agroforestry	Fri Nov 07 14:59:57 CET 2025	9/4/2002	9	4	2002	99	2002	4.16100e+00	1.86900e+01	5.00000e+01	9.50000e+01	0.00000e+00	0.00000e+00	0.00000e+00	0.00000e+00	0.00000e+00	0.00000e+00	0.00000e+00	0.00000e+00	1.80301e+00	2.41991e+01	1.09400e+01	1.82631e+01	5.93600e+00	3.19381e+01	-3.45447e+01	1.28461e-01	1.31066e+01	9.78010e+00	-5.78000e+00	6.00000e-01	
agroforestry	Fri Nov 07 14:59:57 CET 2025	10/4/2002	10	4	2002	100	2002	2.08400e+00	1.52500e+01	4.10000e+01	9.60000e+01	2.00000e-01	2.00000e-01	0.00000e+00	0.00000e+00	0.00000e+00	0.00000e+00	0.00000e+00	2.00000e-01	1.64225e+00	1.93327e+01	8.74000e+00	1.63752e+01	2.95748e+00	3.21890e+01	-2.46954e+01	1.34953e-01	1.31577e+01	7.68184e+00	-5.79000e+00	1.00000e+00	
agroforestry	Fri Nov 07 14:59:57 CET 2025	11/4/2002	11	4	2002	101	2002	8.54000e+00	1.22600e+01	8.40000e+01	9.50000e+01	0.00000e+00	0.00000e+00	0.00000e+00	0.00000e+00	0.00000e+00	0.00000e+00	0.00000e+00	0.00000e+00	9.17902e-01	8.11797e+00	3.67000e+00	8.03679e+00	8.11796e-02	3.24378e+01	-5.65049e+00	1.41408e-01	1.32087e+01	1.12773e+01	-5.81000e+00	1.30000e+00	
agroforestry	Fri Nov 07 14:59:57 CET 2025	12/4/2002	12	4	2002	102	2002	9.21000e+00	2.00300e+01	4.40000e+01	9.60000e+01	4.00000e-01	4.00000e-01	0.00000e+00	0.00000e+00	0.00000e+00	0.00000e+00	0.00000e+00	4.00000e-01	2.79360e+00	3.94618e+01	1.78400e+01	1.93531e+01	2.01086e+01	3.26845e+01	-6.22536e+01	1.47823e-01	1.32595e+01	1.16375e+01	-5.82000e+00	9.00000e-01	
agroforestry	Fri Nov 07 14:59:57 CET 2025	13/4/2002	13	4	2002	103	2002	7.24000e+00	1.66500e+01	5.40000e+01	9.30000e+01	0.00000e+00	0.00000e+00	0.00000e+00	0.00000e+00	0.00000e+00	0.00000e+00	0.00000e+00	0.00000e+00	1.95536e+00	2.07705e+01	9.39000e+00	1.72248e+01	3.54566e+00	3.29290e+01	-2.72390e+01	1.54197e-01	1.33102e+01	1.02614e+01	-5.84000e+00	1.70000e+00	
agroforestry	Fri Nov 07 14:59:57 CET 2025	14/4/2002	14	4	2002	104	2002	4.02500e+00	1.70200e+01	3.30000e+01	8.80000e+01	0.00000e+00	0.00000e+00	0.00000e+00	0.00000e+00	0.00000e+00	0.00000e+00	0.00000e+00	0.00000e+00	2.22741e+00	2.63226e+01	1.19000e+01	1.93111e+01	7.01146e+00	3.31713e+01	-3.60225e+01	1.60529e-01	1.33606e+01	7.68581e+00	-5.85000e+00	1.20000e+00	
agroforestry	Fri Nov 07 14:59:57 CET 2025	15/4/2002	15	4	2002	105	2002	2.49700e+00	1.80500e+01	2.70000e+01	6.60000e+01	0.00000e+00	0.00000e+00	0.00000e+00	0.00000e+00	0.00000e+00	0.00000e+00	0.00000e+00	0.00000e+00	2.95082e+00	4.46378e+01	2.01800e+01	1.85165e+01	2.61212e+01	3.34114e+01	-6.64182e+01	1.66815e-01	1.34109e+01	5.80986e+00	-5.87000e+00	1.00000e+00	
agroforestry	Fri Nov 07 14:59:57 CET 2025	16/4/2002	16	4	2002	106	2002	1.98200e+00	1.94200e+01	2.50000e+01	6.90000e+01	0.00000e+00	0.00000e+00	0.00000e+00	0.00000e+00	0.00000e+00	0.00000e+00	0.00000e+00	0.00000e+00	2.92192e+00	4.07668e+01	1.84300e+01	1.98931e+01	2.08737e+01	3.36490e+01	-6.00197e+01	1.73056e-01	1.34610e+01	6.04228e+00	-5.88000e+00	1.10000e+00	
agroforestry	Fri Nov 07 14:59:57 CET 2025	17/4/2002	17	4	2002	107	2002	1.76500e+00	2.15500e+01	2.70000e+01	9.20000e+01	0.00000e+00	0.00000e+00	0.00000e+00	0.00000e+00	0.00000e+00	0.00000e+00	0.00000e+00	0.00000e+00	3.33290e+00	5.40387e+01	2.44300e+01	1.41972e+01	3.98415e+01	3.38843e+01	-8.31409e+01	1.79249e-01	1.35109e+01	8.15062e+00	-5.89000e+00	1.10000e+00	
agroforestry	Fri Nov 07 14:59:57 CET 2025	18/4/2002	18	4	2002	108	2002	9.64000e-01	2.33700e+01	2.70000e+01	9.60000e+01	0.00000e+00	0.00000e+00	0.00000e+00	0.00000e+00	0.00000e+00	0.00000e+00	0.00000e+00	0.00000e+00	3.31529e+00	4.97032e+01	2.24700e+01	1.70881e+01	3.26151e+01	3.41171e+01	-7.61069e+01	1.85393e-01	1.35605e+01	8.71265e+00	-5.90000e+00	1.40000e+00	
agroforestry	Fri Nov 07 14:59:57 CET 2025	19/4/2002	19	4	2002	109	2002	1.54700e+00	2.39700e+01	2.00000e+01	8.20000e+01	0.00000e+00	0.00000e+00	0.00000e+00	0.00000e+00	0.00000e+00	0.00000e+00	0.00000e+00	0.00000e+00	3.64415e+00	5.47023e+01	2.47300e+01	1.44418e+01	4.02605e+01	3.43475e+01	-8.46939e+01	1.91486e-01	1.36100e+01	7.51144e+00	-5.92000e+00	1.20000e+00	
agroforestry	Fri Nov 07 14:59:57 CET 2025	20/4/2002	20	4	2002	110	2002	1.24700e+00	2.26500e+01	2.20000e+01	8.70000e+01	0.00000e+00	0.00000e+00	0.00000e+00	0.00000e+00	0.00000e+00	0.00000e+00	0.00000e+00	0.00000e+00	3.56835e+00	5.56756e+01	2.51700e+01	1.41209e+01	4.15547e+01	3.45752e+01	-8.45907e+01	1.97526e-01	1.36592e+01	7.61056e+00	-5.93000e+00	1.20000e+00	
agroforestry	Fri Nov 07 14:59:57 CET 2025	21/4/2002	21	4	2002	111	2002	5.37200e+00	2.52700e+01	2.30000e+01	6.60000e+01	0.00000e+00	0.00000e+00	0.00000e+00	0.00000e+00	0.00000e+00	0.00000e+00	0.00000e+00	0.00000e+00	3.98467e+00	5.58968e+01	2.52700e+01	1.43104e+01	4.15863e+01	3.48004e+01	-8.80771e+01	2.03512e-01	1.37081e+01	7.73989e+00	-5.94000e+00	1.00000e+00	
agroforestry	Fri Nov 07 14:59:57 CET 2025	22/4/2002	22	4	2002	112	2002	2.63100e+00	2.49700e+01	2.90000e+01	8.90000e+01	0.00000e+00	0.00000e+00	0.00000e+00	0.00000e+00	0.00000e+00	0.00000e+00	0.00000e+00	0.00000e+00	3.57672e+00	5.26452e+01	2.38000e+01	1.66662e+01	3.59790e+01	3.50228e+01	-8.05104e+01	2.09442e-01	1.37568e+01	9.30139e+00	-5.95000e+00	1.00000e+00	
agroforestry	Fri Nov 07 14:59:57 CET 2025	23/4/2002	23	4	2002	113	2002	7.08000e+00	2.74100e+01	2.30000e+01	8.80000e+01	0.00000e+00	0.00000e+00	0.00000e+00	0.00000e+00	0.00000e+00	0.00000e+00	0.00000e+00	0.00000e+00	3.40353e+00	3.97051e+01	1.79500e+01	2.13563e+01	1.83487e+01	3.52426e+01	-6.05400e+01	2.15315e-01	1.38052e+01	1.09132e+01	-5.96000e+00	9.00000e-01	
agroforestry	Fri Nov 07 14:59:57 CET 2025	24/4/2002	24	4	2002	114	2002	6.13700e+00	2.83700e+01	2.60000e+01	7.40000e+01	0.00000e+00	0.00000e+00	0.00000e+00	0.00000e+00	0.00000e+00	0.00000e+00	0.00000e+00	0.00000e+00	3.96341e+00	4.95705e+01	2.24100e+01	1.87583e+01	3.08122e+01	3.54595e+01	-7.77366e+01	2.21129e-01	1.38533e+01	9.83701e+00	-5.97000e+00	1.00000e+00	
agroforestry	Fri Nov 07 14:59:57 CET 2025	25/4/2002	25	4	2002	115	2002	8.43000e+00	3.07800e+01	2.10000e+01	8.80000e+01	0.00000e+00	0.00000e+00	0.00000e+00	0.00000e+00	0.00000e+00	0.00000e+00	0.00000e+00	0.00000e+00	4.42199e+00	5.46581e+01	2.47100e+01	1.63719e+01	3.82862e+01	3.56737e+01	-8.89132e+01	2.26882e-01	1.39012e+01	1.24262e+01	-5.98000e+00	9.00000e-01	
agroforestry	Fri Nov 07 14:59:57 CET 2025	26/4/2002	26	4	2002	116	2002	7.90000e+00	2.43200e+01	3.90000e+01	9.20000e+01	0.00000e+00	0.00000e+00	0.00000e+00	0.00000e+00	0.00000e+00	0.00000e+00	0.00000e+00	0.00000e+00	3.83198e+00	4.65401e+01	2.10400e+01	2.03747e+01	2.61654e+01	3.58850e+01	-6.95377e+01	2.32574e-01	1.39487e+01	1.19829e+01	-5.99000e+00	1.90000e+00	
agroforestry	Fri Nov 07 14:59:57 CET 2025	27/4/2002	27	4	2002	117	2002	4.01700e+00	2.43000e+01	1.90000e+01	8.00000e+01	0.00000e+00	0.00000e+00	0.00000e+00	0.00000e+00	0.00000e+00	0.00000e+00	0.00000e+00	0.00000e+00	4.39660e+00	5.46359e+01	2.47000e+01	1.69570e+01	3.76790e+01	3.60934e+01	-8.11361e+01	2.38201e-01	1.39959e+01	7.98721e+00	-6.00000e+00	2.20000e+00	
agroforestry	Fri Nov 07 14:59:57 CET 2025	28/4/2002	28	4	2002	118	2002	1.47000e-01	2.12500e+01	3.00000e+01	9.50000e+01	0.00000e+00	0.00000e+00	0.00000e+00	0.00000e+00	0.00000e+00	0.00000e+00	0.00000e+00	0.00000e+00	2.91974e+00	4.33991e+01	1.96200e+01	2.15838e+01	2.18153e+01	3.62988e+01	-5.94044e+01	2.43763e-01	1.40427e+01	8.03360e+00	-6.01000e+00	1.00000e+00	
agroforestry	Fri Nov 07 14:59:57 CET 2025	29/4/2002	29	4	2002	119	2002	5.73600e+00	2.27600e+01	2.90000e+01	9.60000e+01	0.00000e+00	0.00000e+00	0.00000e+00	0.00000e+00	0.00000e+00	0.00000e+00	0.00000e+00	0.00000e+00	3.94648e+00	5.02783e+01	2.27300e+01	1.96320e+01	3.06464e+01	3.65012e+01	-7.26294e+01	2.49258e-01	1.40892e+01	1.01435e+01	-6.02000e+00	2.10000e+00	
agroforestry	Fri Nov 07 14:59:57 CET 2025	30/4/2002	30	4	2002	120	2002	1.52000e+00	2.10400e+01	3.20000e+01	9.50000e+01	0.00000e+00	0.00000e+00	0.00000e+00	0.00000e+00	0.00000e+00	0.00000e+00	0.00000e+00	0.00000e+00	3.68732e+00	5.57641e+01	2.52100e+01	1.71205e+01	3.86435e+01	3.67006e+01	-7.81583e+01	2.54685e-01	1.41353e+01	8.48381e+00	-6.03000e+00	1.70000e+00	
agroforestry	Fri Nov 07 14:59:57 CET 2025	1/5/2002	1	5	2002	121	2002	1.06300e+01	1.62800e+01	7.40000e+01	9.60000e+01	2.86000e+01	2.86000e+01	0.00000e+00	0.00000e+00	0.00000e+00	0.00000e+00	0.00000e+00	2.86000e+01	1.39729e+00	1.18341e+01	5.35000e+00	1.17158e+01	1.18341e-01	3.68969e+01	-9.77233e+00	2.60042e-01	1.41811e+01	1.31022e+01	-6.04000e+00	1.70000e+00	
agroforestry	Fri Nov 07 14:59:57 CET 2025	2/5/2002	2	5	2002	122	2002	8.30000e+00	1.51000e+01	6.50000e+01	9.70000e+01	3.40000e+00	3.40000e+00	0.00000e+00	0.00000e+00	0.00000e+00	0.00000e+00	0.00000e+00	3.40000e+00	1.46370e+00	1.55945e+01	7.05000e+00	1.48599e+01	7.34523e-01	3.70900e+01	-1.52206e+01	2.65327e-01	1.42264e+01	1.11270e+01	-6.05000e+00	7.00000e-01	
agroforestry	Fri Nov 07 14:59:57 CET 2025	3/5/2002	3	5	2002	123	2002	6.79500e+00	1.93900e+01	3.60000e+01	9.40000e+01	0.00000e+00	0.00000e+00	0.00000e+00	0.00000e+00	0.00000e+00	0.00000e+00	0.00000e+00	0.00000e+00	3.36738e+00	4.78673e+01	2.16400e+01	2.13194e+01	2.65479e+01	3.72800e+01	-6.54727e+01	2.70540e-01	1.42713e+01	9.78503e+00	-6.06000e+00	1.00000e+00	
agroforestry	Fri Nov 07 14:59:57 CET 2025	4/5/2002	4	5	2002	124	2002	9.44000e+00	2.08700e+01	2.80000e+01	6.30000e+01	0.00000e+00	0.00000e+00	0.00000e+00	0.00000e+00	0.00000e+00	0.00000e+00	0.00000e+00	0.00000e+00	4.44365e+00	4.47041e+01	2.02100e+01	2.22969e+01	2.24073e+01	3.74668e+01	-6.17893e+01	2.75677e-01	1.43158e+01	7.82981e+00	-6.06000e+00	2.50000e+00	
agroforestry	Fri Nov 07 14:59:57 CET 2025	5/5/2002	5	5	2002	125	2002	3.24300e+00	1.90800e+01	3.20000e+01	8.50000e+01	0.00000e+00	0.00000e+00	0.00000e+00	0.00000e+00	0.00000e+00	0.00000e+00	0.00000e+00	0.00000e+00	2.70127e+00	3.29364e+01	1.48900e+01	2.25902e+01	1.03462e+01	3.76503e+01	-4.10046e+01	2.80739e-01	1.43599e+01	7.75458e+00	-6.07000e+00	1.10000e+00	
agroforestry	Fri Nov 07 14:59:57 CET 2025	6/5/2002	6	5	2002	126	2002	1.26400e+00	1.85600e+01	4.10000e+01	9.00000e+01	0.00000e+00	0.00000e+00	0.00000e+00	0.00000e+00	0.00000e+00	0.00000e+00	0.00000e+00	0.00000e+00	2.95386e+00	4.39742e+01	1.98800e+01	2.27279e+01	2.12463e+01	3.78305e+01	-5.64325e+01	2.85723e-01	1.44034e+01	7.98811e+00	-6.08000e+00	1.20000e+00	
agroforestry	Fri Nov 07 14:59:57 CET 2025	7/5/2002	7	5	2002	127	2002	9.13000e+00	2.13300e+01	3.30000e+01	8.70000e+01	4.00000e-01	4.00000e-01	0.00000e+00	0.00000e+00	0.00000e+00	0.00000e+00	0.00000e+00	4.00000e-01	2.69794e+00	2.42212e+01	1.09500e+01	1.99938e+01	4.22740e+00	3.80073e+01	-2.88323e+01	2.90628e-01	1.44465e+01	1.03749e+01	-6.09000e+00	1.30000e+00	
agroforestry	Fri Nov 07 14:59:57 CET 2025	8/5/2002	8	5	2002	128	2002	1.23500e+01	1.95600e+01	5.50000e+01	9.60000e+01	9.00000e+00	9.00000e+00	0.00000e+00	0.00000e+00	0.00000e+00	0.00000e+00	0.00000e+00	9.00000e+00	1.91172e+00	1.79171e+01	8.10000e+00	1.65591e+01	1.35798e+00	3.81808e+01	-1.88465e+01	2.95452e-01	1.44891e+01	1.36763e+01	-6.10000e+00	7.00000e-01	
agroforestry	Fri Nov 07 14:59:57 CET 2025	9/5/2002	9	5	2002	129	2002	1.18300e+01	1.94400e+01	6.30000e+01	9.60000e+01	7.00000e+00	7.00000e+00	0.00000e+00	0.00000e+00	0.00000e+00	0.00000e+00	0.00000e+00	7.00000e+00	3.28820e+00	4.16074e+01	1.88100e+01	2.33995e+01	1.82079e+01	3.83509e+01	-5.53208e+01	3.00195e-01	1.45312e+01	1.41089e+01	-6.10000e+00	1.70000e+00	
agroforestry	Fri Nov 07 14:59:57 CET 2025	10/5/2002	10	5	2002	130	2002	1.15600e+01	1.95200e+01	6.20000e+01	9.50000e+01	2.00000e+00	2.00000e+00	0.00000e+00	0.00000e+00	0.00000e+00	0.00000e+00	0.00000e+00	2.00000e+00	2.47174e+00	2.79152e+01	1.26200e+01	2.16082e+01	6.30704e+00	3.85176e+01	-3.39250e+01	3.04853e-01	1.45727e+01	1.38468e+01	-6.11000e+00	1.20000e+00	
agroforestry	Fri Nov 07 14:59:57 CET 2025	11/5/2002	11	5	2002	131	2002	9.79000e+00	2.24300e+01	3.20000e+01	7.40000e+01	0.00000e+00	0.00000e+00	0.00000e+00	0.00000e+00	0.00000e+00	0.00000e+00	0.00000e+00	0.00000e+00	3.97402e+00	4.31779e+01	1.95200e+01	2.34872e+01	1.96907e+01	3.86807e+01	-5.80387e+01	3.09427e-01	1.46137e+01	9.69613e+00	-6.12000e+00	1.60000e+00	
agroforestry	Fri Nov 07 14:59:57 CET 2025	12/5/2002	12	5	2002	132	2002	6.27900e+00	2.45900e+01	2.70000e+01	9.30000e+01	0.00000e+00	0.00000e+00	0.00000e+00	0.00000e+00	0.00000e+00	0.00000e+00	0.00000e+00	0.00000e+00	4.75740e+00	6.28203e+01	2.84000e+01	1.56701e+01	4.71502e+01	3.88404e+01	-8.83104e+01	3.13915e-01	1.46541e+01	1.05121e+01	-6.12000e+00	1.70000e+00	
agroforestry	Fri Nov 07 14:59:57 CET 2025	13/5/2002	13	5	2002	133	2002	3.90500e+00	2.35100e+01	3.40000e+01	9.60000e+01	0.00000e+00	0.00000e+00	0.00000e+00	0.00000e+00	0.00000e+00	0.00000e+00	0.00000e+00	0.00000e+00	4.04437e+00	5.75336e+01	2.60100e+01	1.91542e+01	3.83795e+01	3.89965e+01	-7.80468e+01	3.18314e-01	1.46939e+01	1.01855e+01	-6.13000e+00	1.20000e+00	
agroforestry	Fri Nov 07 14:59:57 CET 2025	14/5/2002	14	5	2002	134	2002	7.96000e+00	2.72300e+01	2.10000e+01	9.70000e+01	0.00000e+00	0.00000e+00	0.00000e+00	0.00000e+00	0.00000e+00	0.00000e+00	0.00000e+00	0.00000e+00	4.87509e+00	6.27760e+01	2.83800e+01	1.61711e+01	4.66049e+01	3.91490e+01	-9.02098e+01	3.22625e-01	1.47330e+01	1.18609e+01	-6.14000e+00	1.10000e+00	
agroforestry	Fri Nov 07 14:59:57 CET 2025	15/5/2002	15	5	2002	135	2002	5.90600e+00	2.70400e+01	2.60000e+01	9.60000e+01	0.00000e+00	0.00000e+00	0.00000e+00	0.00000e+00	0.00000e+00	0.00000e+00	0.00000e+00	0.00000e+00	4.70487e+00	6.27318e+01	2.83600e+01	1.64252e+01	4.63066e+01	3.92979e+01	-8.86732e+01	3.26845e-01	1.47716e+01	1.14210e+01	-6.14000e+00	1.10000e+00	
agroforestry	Fri Nov 07 14:59:57 CET 2025	16/5/2002	16	5	2002	136	2002	8.51000e+00	2.48900e+01	2.80000e+01	9.60000e+01	0.00000e+00	0.00000e+00	0.00000e+00	0.00000e+00	0.00000e+00	0.00000e+00	0.00000e+00	0.00000e+00	4.67187e+00	6.14710e+01	2.77900e+01	1.74623e+01	4.40087e+01	3.94431e+01	-8.58949e+01	3.30973e-01	1.48095e+01	1.17771e+01	-6.15000e+00	1.10000e+00	
agroforestry	Fri Nov 07 14:59:57 CET 2025	17/5/2002	17	5	2002	137	2002	8.19000e+00	2.41200e+01	4.10000e+01	9.60000e+01	0.00000e+00	0.00000e+00	0.00000e+00	0.00000e+00	0.00000e+00	0.00000e+00	0.00000e+00	0.00000e+00	3.86270e+00	4.83318e+01	2.18500e+01	2.33165e+01	2.50153e+01	3.95847e+01	-6.47113e+01	3.35008e-01	1.48467e+01	1.25678e+01	-6.16000e+00	1.20000e+00	
agroforestry	Fri Nov 07 14:59:57 CET 2025	18/5/2002	18	5	2002	138	2002	1.11800e+01	1.81200e+01	4.70000e+01	9.20000e+01	3.80000e+00	3.80000e+00	0.00000e+00	0.00000e+00	0.00000e+00	0.00000e+00	0.00000e+00	3.80000e+00	1.80894e+00	1.16571e+01	5.27000e+00	1.15406e+01	1.16571e-01	3.97226e+01	-8.28881e+00	3.38948e-01	1.48832e+01	1.15768e+01	-6.16000e+00	1.20000e+00	
agroforestry	Fri Nov 07 14:59:57 CET 2025	19/5/2002	19	5	2002	139	2002	8.20000e+00	2.85800e+01	2.40000e+01	8.50000e+01	0.00000e+00	0.00000e+00	0.00000e+00	0.00000e+00	0.00000e+00	0.00000e+00	0.00000e+00	0.00000e+00	5.26242e+00	6.29088e+01	2.84400e+01	1.71349e+01	4.57739e+01	3.98567e+01	-8.97053e+01	3.42792e-01	1.49189e+01	1.15184e+01	-6.17000e+00	1.50000e+00	
agroforestry	Fri Nov 07 14:59:57 CET 2025	20/5/2002	20	5	2002	140	2002	6.44200e+00	2.92000e+01	2.70000e+01	9.50000e+01	0.00000e+00	0.00000e+00	0.00000e+00	0.00000e+00	0.00000e+00	0.00000e+00	0.00000e+00	0.00000e+00	4.99768e+00	6.43687e+01	2.91000e+01	1.63460e+01	4.80227e+01	3.99870e+01	-9.13313e+01	3.46540e-01	1.49540e+01	1.24390e+01	-6.17000e+00	1.00000e+00	
agroforestry	Fri Nov 07 14:59:57 CET 2025	21/5/2002	21	5	2002	141	2002	7.50000e+00	2.37900e+01	4.60000e+01	9.60000e+01	0.00000e+00	0.00000e+00	0.00000e+00	0.00000e+00	0.00000e+00	0.00000e+00	0.00000e+00	0.00000e+00	4.18905e+00	5.38396e+01	2.43400e+01	2.21383e+01	3.17013e+01	4.01136e+01	-7.15787e+01	3.50189e-01	1.49882e+01	1.26085e+01	-6.18000e+00	1.60000e+00	
agroforestry	Fri Nov 07 14:59:57 CET 2025	22/5/2002	22	5	2002	142	2002	1.09000e+01	1.92900e+01	7.70000e+01	9.50000e+01	3.00000e+00	3.00000e+00	0.00000e+00	0.00000e+00	0.00000e+00	0.00000e+00	0.00000e+00	3.00000e+00	1.98474e+00	1.98636e+01	8.98000e+00	1.80732e+01	1.79042e+00	4.02363e+01	-2.01210e+01	3.53738e-01	1.50217e+01	1.47422e+01	-6.18000e+00	2.20000e+00	
agroforestry	Fri Nov 07 14:59:57 CET 2025	23/5/2002	23	5	2002	143	2002	1.17900e+01	2.14500e+01	3.80000e+01	9.50000e+01	2.28000e+01	2.28000e+01	0.00000e+00	0.00000e+00	0.00000e+00	0.00000e+00	0.00000e+00	2.28000e+01	3.89707e+00	4.26470e+01	1.92800e+01	2.46890e+01	1.79580e+01	4.03552e+01	-5.44978e+01	3.57186e-01	1.50544e+01	1.25678e+01	-6.19000e+00	1.90000e+00	
agroforestry	Fri Nov 07 14:59:57 CET 2025	24/5/2002	24	5	2002	144	2002	9.25000e+00	2.75600e+01	2.60000e+01	7.60000e+01	0.00000e+00	0.00000e+00	0.00000e+00	0.00000e+00	0.00000e+00	0.00000e+00	0.00000e+00	0.00000e+00	5.79043e+00	6.49438e+01	2.93600e+01	1.66832e+01	4.82606e+01	4.04702e+01	-9.10128e+01	3.60533e-01	1.50863e+01	1.07888e+01	-6.20000e+00	2.20000e+00	
agroforestry	Fri Nov 07 14:59:57 CET 2025	25/5/2002	25	5	2002	145	2002	1.00400e+01	2.54800e+01	3.40000e+01	8.60000e+01	0.00000e+00	0.00000e+00	0.00000e+00	0.00000e+00	0.00000e+00	0.00000e+00	0.00000e+00	0.00000e+00	4.94397e+00	5.35078e+01	2.41900e+01	2.27454e+01	3.07624e+01	4.05813e+01	-7.20518e+01	3.63776e-01	1.51173e+01	1.21882e+01	-6.20000e+00	2.30000e+00	
agroforestry	Fri Nov 07 14:59:57 CET 2025	26/5/2002	26	5	2002	146	2002	5.20500e+00	2.51100e+01	3.10000e+01	9.40000e+01	2.00000e-01	2.00000e-01	0.00000e+00	0.00000e+00	0.00000e+00	0.00000e+00	0.00000e+00	2.00000e-01	4.64715e+00	5.97456e+01	2.70100e+01	2.01359e+01	3.96097e+01	4.06884e+01	-7.90828e+01	3.66915e-01	1.51474e+01	1.07570e+01	-6.21000e+00	1.70000e+00	
agroforestry	Fri Nov 07 14:59:57 CET 2025	27/5/2002	27	5	2002	147	2002	1.04900e+01	2.26000e+01	3.10000e+01	6.90000e+01	0.00000e+00	0.00000e+00	0.00000e+00	0.00000e+00	0.00000e+00	0.00000e+00	0.00000e+00	0.00000e+00	5.55969e+00	5.68479e+01	2.57000e+01	2.16568e+01	3.51911e+01	4.07917e+01	-7.50322e+01	3.69949e-01	1.51767e+01	9.40449e+00	-6.21000e+00	3.10000e+00	
agroforestry	Fri Nov 07 14:59:57 CET 2025	28/5/2002	28	5	2002	148	2002	8.23000e+00	2.71400e+01	3.00000e+01	8.10000e+01	0.00000e+00	0.00000e+00	0.00000e+00	0.00000e+00	0.00000e+00	0.00000e+00	0.00000e+00	0.00000e+00	5.21979e+00	6.21346e+01	2.80900e+01	1.90731e+01	4.30614e+01	4.08909e+01	-8.48732e+01	3.72876e-01	1.52050e+01	1.12209e+01	-6.22000e+00	1.60000e+00	
agroforestry	Fri Nov 07 14:59:57 CET 2025	29/5/2002	29	5	2002	149	2002	1.07900e+01	2.97700e+01	3.00000e+01	7.50000e+01	0.00000e+00	0.00000e+00	0.00000e+00	0.00000e+00	0.00000e+00	0.00000e+00	0.00000e+00	0.00000e+00	5.82221e+00	6.42138e+01	2.90300e+01	1.79301e+01	4.62837e+01	4.09861e+01	-9.09428e+01	3.75695e-01	1.52324e+01	1.24817e+01	-6.22000e+00	1.70000e+00	
agroforestry	Fri Nov 07 14:59:57 CET 2025	30/5/2002	30	5	2002	150	2002	7.79000e+00	2.69900e+01	3.50000e+01	9.10000e+01	0.00000e+00	0.00000e+00	0.00000e+00	0.00000e+00	0.00000e+00	0.00000e+00	0.00000e+00	0.00000e+00	4.92679e+00	6.32184e+01	2.85800e+01	1.86818e+01	4.45367e+01	4.10774e+01	-8.57653e+01	3.78407e-01	1.52588e+01	1.25021e+01	-6.23000e+00	1.00000e+00	
agroforestry	Fri Nov 07 14:59:57 CET 2025	31/5/2002	31	5	2002	151	2002	9.41000e+00	3.24000e+01	1.60000e+01	9.50000e+01	0.00000e+00	0.00000e+00	0.00000e+00	0.00000e+00	0.00000e+00	0.00000e+00	0.00000e+00	0.00000e+00	5.81234e+00	6.74654e+01	3.05000e+01	1.59753e+01	5.14901e+01	4.11645e+01	-9.70137e+01	3.81009e-01	1.52843e+01	1.37135e+01	-6.23000e+00	1.10000e+00	
agroforestry	Fri Nov 07 14:59:57 CET 2025	1/6/2002	1	6	2002	152	2002	7.99000e+00	2.75600e+01	2.80000e+01	9.60000e+01	4.00000e-01	4.00000e-01	0.00000e+00	0.00000e+00	0.00000e+00	0.00000e+00	0.00000e+00	4.00000e-01	4.51556e+00	5.51668e+01	2.49400e+01	2.28373e+01	3.23296e+01	4.12477e+01	-7.36783e+01	3.83500e-01	1.53088e+01	1.26064e+01	-6.23000e+00	9.00000e-01	
agroforestry	Fri Nov 07 14:59:57 CET 2025	2/6/2002	2	6	2002	153	2002	1.05700e+01	2.86900e+01	3.20000e+01	9.70000e+01	0.00000e+00	0.00000e+00	0.00000e+00	0.00000e+00	0.00000e+00	0.00000e+00	0.00000e+00	0.00000e+00	5.14881e+00	6.19134e+01	2.79900e+01	1.97831e+01	4.21303e+01	4.13267e+01	-8.56133e+01	3.85881e-01	1.53322e+01	1.47291e+01	-6.24000e+00	9.00000e-01	
agroforestry	Fri Nov 07 14:59:57 CET 2025	3/6/2002	3	6	2002	154	2002	1.39500e+01	2.85200e+01	4.20000e+01	9.60000e+01	0.00000e+00	0.00000e+00	0.00000e+00	0.00000e+00	0.00000e+00	0.00000e+00	0.00000e+00	0.00000e+00	4.93887e+00	5.29991e+01	2.39600e+01	2.37257e+01	2.92734e+01	4.14016e+01	-7.28209e+01	3.88149e-01	1.53547e+01	1.73985e+01	-6.24000e+00	1.40000e+00	
agroforestry	Fri Nov 07 14:59:57 CET 2025	4/6/2002	4	6	2002	155	2002	1.63000e+01	2.67800e+01	3.10000e+01	9.60000e+01	1.64000e+01	1.64000e+01	0.00000e+00	0.00000e+00	0.00000e+00	0.00000e+00	0.00000e+00	1.64000e+01	4.13860e+00	3.54802e+01	1.60400e+01	2.47371e+01	1.07431e+01	4.14725e+01	-4.51420e+01	3.90304e-01	1.53761e+01	1.63139e+01	-6.25000e+00	1.90000e+00	
agroforestry	Fri Nov 07 14:59:57 CET 2025	5/6/2002	5	6	2002	156	2002	1.40800e+01	2.51000e+01	4.50000e+01	9.60000e+01	2.00000e+00	2.00000e+00	0.00000e+00	0.00000e+00	0.00000e+00	0.00000e+00	0.00000e+00	2.00000e+00	4.06487e+00	4.07005e+01	1.84000e+01	2.54035e+01	1.52969e+01	4.15392e+01	-5.19037e+01	3.92346e-01	1.53964e+01	1.60593e+01	-6.25000e+00	1.90000e+00	
agroforestry	Fri Nov 07 14:59:57 CET 2025	6/6/2002	6	6	2002	157	2002	1.11900e+01	1.61500e+01	5.70000e+01	9.40000e+01	3.36000e+01	3.36000e+01	0.00000e+00	0.00000e+00	0.00000e+00	0.00000e+00	0.00000e+00	3.36000e+01	2.03039e+00	1.41124e+01	6.38000e+00	1.39713e+01	1.41125e-01	4.16017e+01	-1.08351e+01	3.94273e-01	1.54156e+01	1.18020e+01	-6.26000e+00	2.50000e+00	
agroforestry	Fri Nov 07 14:59:57 CET 2025	7/6/2002	7	6	2002	158	2002	9.31000e+00	2.48000e+01	2.90000e+01	7.40000e+01	0.00000e+00	0.00000e+00	0.00000e+00	0.00000e+00	0.00000e+00	0.00000e+00	0.00000e+00	0.00000e+00	5.62229e+00	6.34396e+01	2.86800e+01	1.93519e+01	4.40878e+01	4.16601e+01	-8.38239e+01	3.96086e-01	1.54338e+01	1.00055e+01	-6.26000e+00	2.30000e+00	
agroforestry	Fri Nov 07 14:59:57 CET 2025	8/6/2002	8	6	2002	159	2002	1.18000e+01	1.65700e+01	6.50000e+01	9.20000e+01	1.32000e+01	1.32000e+01	0.00000e+00	0.00000e+00	0.00000e+00	0.00000e+00	0.00000e+00	1.32000e+01	1.57238e+00	1.30065e+01	5.88000e+00	1.28764e+01	1.30065e-01	4.17144e+01	-9.30000e+00	3.97782e-01	1.54508e+01	1.26884e+01	-6.27000e+00	8.00000e-01	
agroforestry	Fri Nov 07 14:59:57 CET 2025	9/6/2002	9	6	2002	160	2002	1.18500e+01	2.28300e+01	3.80000e+01	8.80000e+01	2.00000e-01	2.00000e-01	0.00000e+00	0.00000e+00	0.00000e+00	0.00000e+00	0.00000e+00	2.00000e-01	5.32512e+00	5.96571e+01	2.69700e+01	2.15067e+01	3.81504e+01	4.17644e+01	-7.77808e+01	3.99362e-01	1.54667e+01	1.24626e+01	-6.27000e+00	2.60000e+00	
agroforestry	Fri Nov 07 14:59:57 CET 2025	10/6/2002	10	6	2002	161	2002	1.30300e+01	2.48200e+01	3.20000e+01	6.60000e+01	0.00000e+00	0.00000e+00	0.00000e+00	0.00000e+00	0.00000e+00	0.00000e+00	0.00000e+00	0.00000e+00	6.53672e+00	6.82396e+01	3.08500e+01	1.64312e+01	5.18085e+01	4.18103e+01	-9.23023e+01	4.00825e-01	1.54814e+01	1.07087e+01	-6.27000e+00	2.90000e+00	
agroforestry	Fri Nov 07 14:59:57 CET 2025	11/6/2002	11	6	2002	162	2002	7.85000e+00	2.84400e+01	3.30000e+01	9.10000e+01	0.00000e+00	0.00000e+00	0.00000e+00	0.00000e+00	0.00000e+00	0.00000e+00	0.00000e+00	0.00000e+00	5.38629e+00	6.31521e+01	2.85500e+01	1.97782e+01	4.33739e+01	4.18519e+01	-8.48691e+01	4.02171e-01	1.54950e+01	1.29034e+01	-6.28000e+00	1.80000e+00	
agroforestry	Fri Nov 07 14:59:57 CET 2025	12/6/2002	12	6	2002	163	2002	8.42000e+00	2.82600e+01	3.60000e+01	9.60000e+01	0.00000e+00	0.00000e+00	0.00000e+00	0.00000e+00	0.00000e+00	0.00000e+00	0.00000e+00	0.00000e+00	5.31607e+00	6.70673e+01	3.03200e+01	1.73735e+01	4.96938e+01	4.18894e+01	-9.07779e+01	4.03399e-01	1.55075e+01	1.39052e+01	-6.28000e+00	1.00000e+00	
agroforestry	Fri Nov 07 14:59:57 CET 2025	13/6/2002	13	6	2002	164	2002	1.01900e+01	3.12300e+01	3.10000e+01	9.60000e+01	0.00000e+00	0.00000e+00	0.00000e+00	0.00000e+00	0.00000e+00	0.00000e+00	0.00000e+00	0.00000e+00	5.55669e+00	6.50986e+01	2.94300e+01	1.87087e+01	4.63899e+01	4.19226e+01	-9.07575e+01	4.04508e-01	1.55187e+01	1.55030e+01	-6.28000e+00	9.00000e-01	
agroforestry	Fri Nov 07 14:59:57 CET 2025	14/6/2002	14	6	2002	165	2002	1.29100e+01	2.95100e+01	3.60000e+01	9.60000e+01	0.00000e+00	0.00000e+00	0.00000e+00	0.00000e+00	0.00000e+00	0.00000e+00	0.00000e+00	0.00000e+00	5.36166e+00	6.05419e+01	2.73700e+01	2.13021e+01	3.92399e+01	4.19516e+01	-8.35984e+01	4.05498e-01	1.55288e+01	1.66166e+01	-6.29000e+00	1.00000e+00	
agroforestry	Fri Nov 07 14:59:57 CET 2025	15/6/2002	15	6	2002	166	2002	1.22500e+01	2.98000e+01	4.30000e+01	9.60000e+01	0.00000e+00	0.00000e+00	0.00000e+00	0.00000e+00	0.00000e+00	0.00000e+00	0.00000e+00	0.00000e+00	5.38078e+00	6.12719e+01	2.77000e+01	2.09634e+01	4.03085e+01	4.19764e+01	-8.45870e+01	4.06370e-01	1.55376e+01	1.73000e+01	-6.29000e+00	1.10000e+00	
agroforestry	Fri Nov 07 14:59:57 CET 2025	16/6/2002	16	6	2002	167	2002	1.09400e+01	2.99600e+01	3.00000e+01	9.70000e+01	2.00000e-01	2.00000e-01	0.00000e+00	0.00000e+00	0.00000e+00	0.00000e+00	0.00000e+00	2.00000e-01	5.60048e+00	6.51871e+01	2.94700e+01	1.87587e+01	4.64284e+01	4.19970e+01	-9.01082e+01	4.07122e-01	1.55453e+01	1.52563e+01	-6.30000e+00	1.10000e+00	
agroforestry	Fri Nov 07 14:59:57 CET 2025	17/6/2002	17	6	2002	168	2002	1.00700e+01	3.06600e+01	2.70000e+01	9.70000e+01	0.00000e+00	0.00000e+00	0.00000e+00	0.00000e+00	0.00000e+00	0.00000e+00	0.00000e+00	0.00000e+00	5.66559e+00	6.68682e+01	3.02300e+01	1.76937e+01	4.91745e+01	4.20133e+01	-9.27730e+01	4.07754e-01	1.55518e+01	1.48179e+01	-6.30000e+00	1.00000e+00	
agroforestry	Fri Nov 07 14:59:57 CET 2025	18/6/2002	18	6	2002	169	2002	9.16000e+00	3.23300e+01	2.50000e+01	9.60000e+01	2.00000e-01	2.00000e-01	0.00000e+00	0.00000e+00	0.00000e+00	0.00000e+00	0.00000e+00	2.00000e-01	5.71587e+00	6.71779e+01	3.03700e+01	1.75028e+01	4.96751e+01	4.20254e+01	-9.40693e+01	4.08266e-01	1.55570e+01	1.48025e+01	-6.30000e+00	9.00000e-01	
agroforestry	Fri Nov 07 14:59:57 CET 2025	19/6/2002	19	6	2002	170	2002	1.03500e+01	3.35200e+01	2.30000e+01	9.60000e+01	0.00000e+00	0.00000e+00	0.00000e+00	0.00000e+00	0.00000e+00	0.00000e+00	0.00000e+00	0.00000e+00	5.81125e+00	6.48774e+01	2.93300e+01	1.90016e+01	4.58759e+01	4.20332e+01	-9.19215e+01	4.08659e-01	1.55610e+01	1.56599e+01	-6.31000e+00	1.00000e+00	
agroforestry	Fri Nov 07 14:59:57 CET 2025	20/6/2002	20	6	2002	171	2002	1.38300e+01	3.32100e+01	2.90000e+01	9.50000e+01	0.00000e+00	0.00000e+00	0.00000e+00	0.00000e+00	0.00000e+00	0.00000e+00	0.00000e+00	0.00000e+00	5.27931e+00	5.41272e+01	2.44700e+01	2.39924e+01	3.01348e+01	4.20368e+01	-7.60584e+01	4.08931e-01	1.55638e+01	1.79652e+01	-6.31000e+00	9.00000e-01	
agroforestry	Fri Nov 07 14:59:57 CET 2025	21/6/2002	21	6	2002	172	2002	1.52900e+01	3.23100e+01	3.70000e+01	9.70000e+01	0.00000e+00	0.00000e+00	0.00000e+00	0.00000e+00	0.00000e+00	0.00000e+00	0.00000e+00	0.00000e+00	5.51247e+00	5.79760e+01	2.62100e+01	2.25780e+01	3.53980e+01	4.20362e+01	-8.22527e+01	4.09083e-01	1.55653e+01	1.97443e+01	-6.31000e+00	8.00000e-01	
agroforestry	Fri Nov 07 14:59:57 CET 2025	22/6/2002	22	6	2002	173	2002	1.65100e+01	3.59600e+01	3.80000e+01	9.60000e+01	0.00000e+00	0.00000e+00	0.00000e+00	0.00000e+00	0.00000e+00	0.00000e+00	0.00000e+00	0.00000e+00	6.44263e+00	6.38378e+01	2.88600e+01	1.96225e+01	4.42153e+01	4.20314e+01	-9.50312e+01	4.09114e-01	1.55656e+01	2.28296e+01	-6.32000e+00	1.00000e+00	
agroforestry	Fri Nov 07 14:59:57 CET 2025	23/6/2002	23	6	2002	174	2002	1.55800e+01	3.42400e+01	3.90000e+01	9.30000e+01	0.00000e+00	0.00000e+00	0.00000e+00	0.00000e+00	0.00000e+00	0.00000e+00	0.00000e+00	0.00000e+00	6.15145e+00	6.36166e+01	2.87600e+01	1.97391e+01	4.38775e+01	4.20223e+01	-9.29343e+01	4.09026e-01	1.55647e+01	2.07874e+01	-6.32000e+00	9.00000e-01	
agroforestry	Fri Nov 07 14:59:57 CET 2025	24/6/2002	24	6	2002	175	2002	1.53900e+01	3.43300e+01	3.70000e+01	9.70000e+01	0.00000e+00	0.00000e+00	0.00000e+00	0.00000e+00	0.00000e+00	0.00000e+00	0.00000e+00	0.00000e+00	5.94426e+00	6.05198e+01	2.73600e+01	2.13832e+01	3.91367e+01	4.20090e+01	-8.78772e+01	4.08817e-01	1.55626e+01	2.10395e+01	-6.32000e+00	1.00000e+00	
agroforestry	Fri Nov 07 14:59:57 CET 2025	25/6/2002	25	6	2002	176	2002	1.48100e+01	3.44700e+01	1.90000e+01	8.40000e+01	0.00000e+00	0.00000e+00	0.00000e+00	0.00000e+00	0.00000e+00	0.00000e+00	0.00000e+00	0.00000e+00	6.12219e+00	6.33069e+01	2.86200e+01	1.98761e+01	4.34308e+01	4.19916e+01	-9.23157e+01	4.08488e-01	1.55593e+01	1.59610e+01	-6.33000e+00	9.00000e-01	
agroforestry	Fri Nov 07 14:59:57 CET 2025	26/6/2002	26	6	2002	177	2002	1.08100e+01	3.53100e+01	1.70000e+01	7.70000e+01	0.00000e+00	0.00000e+00	0.00000e+00	0.00000e+00	0.00000e+00	0.00000e+00	0.00000e+00	0.00000e+00	6.10418e+00	6.60498e+01	2.98600e+01	1.81702e+01	4.78796e+01	4.19699e+01	-9.55486e+01	4.08040e-01	1.55547e+01	1.32455e+01	-6.33000e+00	1.00000e+00	
agroforestry	Fri Nov 07 14:59:57 CET 2025	27/6/2002	27	6	2002	178	2002	1.39400e+01	3.06800e+01	3.50000e+01	8.60000e+01	0.00000e+00	0.00000e+00	0.00000e+00	0.00000e+00	0.00000e+00	0.00000e+00	0.00000e+00	0.00000e+00	5.55017e+00	5.88166e+01	2.65900e+01	2.21078e+01	3.67088e+01	4.19440e+01	-8.21429e+01	4.07472e-01	1.55489e+01	1.62913e+01	-6.33000e+00	1.20000e+00	
agroforestry	Fri Nov 07 14:59:57 CET 2025	28/6/2002	28	6	2002	179	2002	1.34600e+01	2.98000e+01	2.20000e+01	9.00000e+01	0.00000e+00	0.00000e+00	0.00000e+00	0.00000e+00	0.00000e+00	0.00000e+00	0.00000e+00	0.00000e+00	6.10538e+00	6.34618e+01	2.86900e+01	1.96829e+01	4.37789e+01	4.19140e+01	-8.86756e+01	4.06784e-01	1.55419e+01	1.44665e+01	-6.33000e+00	1.90000e+00	
agroforestry	Fri Nov 07 14:59:57 CET 2025	29/6/2002	29	6	2002	180	2002	7.90000e+00	3.09100e+01	1.60000e+01	5.90000e+01	0.00000e+00	0.00000e+00	0.00000e+00	0.00000e+00	0.00000e+00	0.00000e+00	0.00000e+00	0.00000e+00	5.15688e+00	5.76000e+01	2.60400e+01	2.25611e+01	3.50389e+01	4.18797e+01	-7.80674e+01	4.05978e-01	1.55337e+01	8.44446e+00	-6.34000e+00	1.00000e+00	
agroforestry	Fri Nov 07 14:59:57 CET 2025	30/6/2002	30	6	2002	181	2002	9.39000e+00	2.95800e+01	2.00000e+01	7.60000e+01	0.00000e+00	0.00000e+00	0.00000e+00	0.00000e+00	0.00000e+00	0.00000e+00	0.00000e+00	0.00000e+00	5.55388e+00	6.51650e+01	2.94600e+01	1.85516e+01	4.66134e+01	4.18414e+01	-8.94501e+01	4.05053e-01	1.55243e+01	1.08628e+01	-6.34000e+00	1.10000e+00	
agroforestry	Fri Nov 07 14:59:57 CET 2025	1/7/2002	1	7	2002	182	2002	1.02700e+01	2.89500e+01	3.00000e+01	7.80000e+01	0.00000e+00	0.00000e+00	0.00000e+00	0.00000e+00	0.00000e+00	0.00000e+00	0.00000e+00	0.00000e+00	4.73537e+00	5.12074e+01	2.31500e+01	2.45798e+01	2.66276e+01	4.17989e+01	-6.81699e+01	4.04009e-01	1.55137e+01	1.23161e+01	-6.34000e+00	1.10000e+00	
agroforestry	Fri Nov 07 14:59:57 CET 2025	2/7/2002	2	7	2002	183	2002	1.23600e+01	2.91900e+01	3.10000e+01	9.20000e+01	0.00000e+00	0.00000e+00	0.00000e+00	0.00000e+00	0.00000e+00	0.00000e+00	0.00000e+00	0.00000e+00	5.51010e+00	5.77548e+01	2.61100e+01	2.23533e+01	3.54015e+01	4.17523e+01	-7.92760e+01	4.02848e-01	1.55019e+01	1.50750e+01	-6.35000e+00	1.90000e+00	
agroforestry	Fri Nov 07 14:59:57 CET 2025	3/7/2002	3	7	2002	184	2002	9.03000e+00	2.76500e+01	3.80000e+01	9.20000e+01	0.00000e+00	0.00000e+00	0.00000e+00	0.00000e+00	0.00000e+00	0.00000e+00	0.00000e+00	0.00000e+00	4.81178e+00	5.56092e+01	2.51400e+01	2.31494e+01	3.24598e+01	4.17015e+01	-7.38293e+01	4.01569e-01	1.54890e+01	1.36945e+01	-6.35000e+00	1.50000e+00	
agroforestry	Fri Nov 07 14:59:57 CET 2025	4/7/2002	4	7	2002	185	2002	1.07100e+01	3.04600e+01	1.90000e+01	6.90000e+01	0.00000e+00	0.00000e+00	0.00000e+00	0.00000e+00	0.00000e+00	0.00000e+00	0.00000e+00	0.00000e+00	6.05409e+00	6.70673e+01	3.03200e+01	1.70058e+01	5.00615e+01	4.16467e+01	-9.41744e+01	4.00174e-01	1.54749e+01	1.06598e+01	-6.35000e+00	1.50000e+00	
agroforestry	Fri Nov 07 14:59:57 CET 2025	5/7/2002	5	7	2002	186	2002	6.92900e+00	2.84900e+01	2.30000e+01	8.90000e+01	6.00000e-01	6.00000e-01	0.00000e+00	0.00000e+00	0.00000e+00	0.00000e+00	0.00000e+00	6.00000e-01	5.30481e+00	6.44793e+01	2.91500e+01	1.86213e+01	4.58579e+01	4.15878e+01	-8.71049e+01	3.98662e-01	1.54596e+01	1.13395e+01	-6.35000e+00	1.40000e+00	
agroforestry	Fri Nov 07 14:59:57 CET 2025	6/7/2002	6	7	2002	187	2002	1.47000e+01	2.69400e+01	3.20000e+01	9.50000e+01	5.20000e+00	5.20000e+00	0.00000e+00	0.00000e+00	0.00000e+00	0.00000e+00	0.00000e+00	5.20000e+00	5.69281e+00	6.07631e+01	2.74700e+01	2.06601e+01	4.01031e+01	4.15249e+01	-8.39199e+01	3.97035e-01	1.54433e+01	1.56084e+01	-6.36000e+00	2.00000e+00	
agroforestry	Fri Nov 07 14:59:57 CET 2025	7/7/2002	7	7	2002	188	2002	1.01400e+01	3.25700e+01	2.20000e+01	8.70000e+01	0.00000e+00	0.00000e+00	0.00000e+00	0.00000e+00	0.00000e+00	0.00000e+00	0.00000e+00	0.00000e+00	5.81554e+00	6.66691e+01	3.01400e+01	1.69938e+01	4.96753e+01	4.14579e+01	-9.54225e+01	3.95293e-01	1.54258e+01	1.38439e+01	-6.36000e+00	1.00000e+00	
agroforestry	Fri Nov 07 14:59:57 CET 2025	8/7/2002	8	7	2002	189	2002	9.71000e+00	2.97400e+01	2.40000e+01	9.60000e+01	0.00000e+00	0.00000e+00	0.00000e+00	0.00000e+00	0.00000e+00	0.00000e+00	0.00000e+00	0.00000e+00	5.32886e+00	6.20240e+01	2.80400e+01	1.98005e+01	4.22235e+01	4.13870e+01	-8.59887e+01	3.93437e-01	1.54073e+01	1.37826e+01	-6.36000e+00	1.20000e+00	
agroforestry	Fri Nov 07 14:59:57 CET 2025	9/7/2002	9	7	2002	190	2002	1.48800e+01	2.92100e+01	3.00000e+01	9.30000e+01	0.00000e+00	0.00000e+00	0.00000e+00	0.00000e+00	0.00000e+00	0.00000e+00	0.00000e+00	0.00000e+00	5.57694e+00	6.05862e+01	2.73900e+01	2.04839e+01	4.01022e+01	4.13120e+01	-8.58113e+01	3.91467e-01	1.53876e+01	1.62953e+01	-6.37000e+00	1.20000e+00	
agroforestry	Fri Nov 07 14:59:57 CET 2025	10/7/2002	10	7	2002	191	2002	1.62910e+01	2.97887e+01	2.30000e+01	9.50000e+01	0.00000e+00	0.00000e+00	0.00000e+00	0.00000e+00	0.00000e+00	0.00000e+00	0.00000e+00	0.00000e+00	5.53921e+00	5.73346e+01	2.59200e+01	2.19472e+01	3.53873e+01	4.12331e+01	-8.17908e+01	3.89385e-01	1.53669e+01	1.66071e+01	-6.37000e+00	1.20000e+00	
agroforestry	Fri Nov 07 14:59:57 CET 2025	11/7/2002	11	7	2002	192	2002	1.11555e+01	3.12513e+01	2.50000e+01	7.90000e+01	0.00000e+00	0.00000e+00	0.00000e+00	0.00000e+00	0.00000e+00	0.00000e+00	0.00000e+00	0.00000e+00	5.59026e+00	6.25770e+01	2.82900e+01	1.91658e+01	4.34112e+01	4.11503e+01	-8.91847e+01	3.87190e-01	1.53452e+01	1.30866e+01	-6.37000e+00	1.10000e+00	
agroforestry	Fri Nov 07 14:59:57 CET 2025	12/7/2002	12	7	2002	193	2002	1.30320e+01	3.16692e+01	2.80000e+01	9.10000e+01	0.00000e+00	0.00000e+00	0.00000e+00	0.00000e+00	0.00000e+00	0.00000e+00	0.00000e+00	0.00000e+00	5.07591e+00	5.12737e+01	2.31800e+01	2.39018e+01	2.73719e+01	4.10635e+01	-7.22905e+01	3.84885e-01	1.53224e+01	1.60616e+01	-6.37000e+00	1.30000e+00	
agroforestry	Fri Nov 07 14:59:57 CET 2025	13/7/2002	13	7	2002	194	2002	1.73774e+01	2.78038e+01	2.50000e+01	6.60000e+01	0.00000e+00	0.00000e+00	0.00000e+00	0.00000e+00	0.00000e+00	0.00000e+00	0.00000e+00	0.00000e+00	6.85753e+00	6.32848e+01	2.86100e+01	1.84952e+01	4.47896e+01	4.09729e+01	-9.10557e+01	3.82470e-01	1.52986e+01	1.24630e+01	-6.38000e+00	2.80000e+00	
agroforestry	Fri Nov 07 14:59:57 CET 2025	14/7/2002	14	7	2002	195	2002	1.55010e+01	2.45653e+01	3.70000e+01	5.20000e+01	0.00000e+00	0.00000e+00	0.00000e+00	0.00000e+00	0.00000e+00	0.00000e+00	0.00000e+00	0.00000e+00	3.17490e+00	1.60811e+01	7.27000e+00	1.55794e+01	5.01700e-01	4.08784e+01	-1.49548e+01	3.79945e-01	1.52739e+01	1.04193e+01	-6.38000e+00	1.40000e+00	
agroforestry	Fri Nov 07 14:59:57 CET 2025	15/7/2002	15	7	2002	196	2002	1.71799e+01	2.62368e+01	4.00000e+01	6.60000e+01	0.00000e+00	0.00000e+00	0.00000e+00	0.00000e+00	0.00000e+00	0.00000e+00	0.00000e+00	0.00000e+00	2.73218e+00	1.19447e+01	5.40000e+00	1.18253e+01	1.19447e-01	4.07800e+01	-8.69928e+00	3.77313e-01	1.52481e+01	1.37573e+01	-6.38000e+00	1.30000e+00	
agroforestry	Fri Nov 07 14:59:57 CET 2025	16/7/2002	16	7	2002	197	2002	1.52047e+01	2.64457e+01	4.00000e+01	9.40000e+01	0.00000e+00	0.00000e+00	0.00000e+00	0.00000e+00	0.00000e+00	0.00000e+00	0.00000e+00	0.00000e+00	2.96887e+00	2.56590e+01	1.16000e+01	2.12786e+01	4.38043e+00	4.06779e+01	-3.03638e+01	3.74573e-01	1.52215e+01	1.64740e+01	-6.38000e+00	9.00000e-01	
agroforestry	Fri Nov 07 14:59:57 CET 2025	17/7/2002	17	7	2002	198	2002	1.89576e+01	3.19826e+01	2.80000e+01	6.70000e+01	0.00000e+00	0.00000e+00	0.00000e+00	0.00000e+00	0.00000e+00	0.00000e+00	0.00000e+00	0.00000e+00	5.68645e+00	4.93051e+01	2.22900e+01	2.39518e+01	2.53533e+01	4.05720e+01	-7.23821e+01	3.71727e-01	1.51938e+01	1.54680e+01	-6.38000e+00	1.60000e+00	
agroforestry	Fri Nov 07 14:59:57 CET 2025	18/7/2002	18	7	2002	199	2002	1.34270e+01	3.37586e+01	2.00000e+01	5.90000e+01	0.00000e+00	0.00000e+00	0.00000e+00	0.00000e+00	0.00000e+00	0.00000e+00	0.00000e+00	0.00000e+00	5.96885e+00	6.32627e+01	2.86000e+01	1.77844e+01	4.54782e+01	4.04623e+01	-9.50723e+01	3.68775e-01	1.51653e+01	1.14959e+01	-6.39000e+00	1.10000e+00	
agroforestry	Fri Nov 07 14:59:57 CET 2025	19/7/2002	19	7	2002	200	2002	1.06617e+01	3.26094e+01	1.80000e+01	8.00000e+01	0.00000e+00	0.00000e+00	0.00000e+00	0.00000e+00	0.00000e+00	0.00000e+00	0.00000e+00	0.00000e+00	5.77174e+00	6.44129e+01	2.91200e+01	1.68623e+01	4.75506e+01	4.03490e+01	-9.50555e+01	3.65720e-01	1.51359e+01	1.26625e+01	-6.39000e+00	1.20000e+00	
agroforestry	Fri Nov 07 14:59:57 CET 2025	20/7/2002	20	7	2002	201	2002	1.16493e+01	3.20871e+01	2.40000e+01	9.10000e+01	0.00000e+00	0.00000e+00	0.00000e+00	0.00000e+00	0.00000e+00	0.00000e+00	0.00000e+00	0.00000e+00	5.18123e+00	5.65604e+01	2.55700e+01	2.11403e+01	3.54201e+01	4.02319e+01	-8.25104e+01	3.62562e-01	1.51057e+01	1.50719e+01	-6.39000e+00	1.00000e+00	
agroforestry	Fri Nov 07 14:59:57 CET 2025	21/7/2002	21	7	2002	202	2002	1.78712e+01	3.13558e+01	3.70000e+01	9.30000e+01	0.00000e+00	0.00000e+00	0.00000e+00	0.00000e+00	0.00000e+00	0.00000e+00	0.00000e+00	0.00000e+00	5.56366e+00	5.53659e+01	2.50300e+01	2.15252e+01	3.38407e+01	4.01112e+01	-8.28800e+01	3.59302e-01	1.50745e+01	2.01130e+01	-6.39000e+00	1.30000e+00	
agroforestry	Fri Nov 07 14:59:57 CET 2025	22/7/2002	22	7	2002	203	2002	1.55997e+01	3.38631e+01	2.80000e+01	9.60000e+01	0.00000e+00	0.00000e+00	0.00000e+00	0.00000e+00	0.00000e+00	0.00000e+00	0.00000e+00	0.00000e+00	5.82723e+00	6.03429e+01	2.72800e+01	1.88939e+01	4.14490e+01	3.99869e+01	-9.25034e+01	3.55941e-01	1.50426e+01	1.93204e+01	-6.40000e+00	1.00000e+00	
agroforestry	Fri Nov 07 14:59:57 CET 2025	23/7/2002	23	7	2002	204	2002	1.56985e+01	3.56391e+01	2.10000e+01	6.60000e+01	0.00000e+00	0.00000e+00	0.00000e+00	0.00000e+00	0.00000e+00	0.00000e+00	0.00000e+00	0.00000e+00	6.28572e+00	5.64277e+01	2.55100e+01	2.07649e+01	3.56628e+01	3.98590e+01	-8.74020e+01	3.52481e-01	1.50099e+01	1.43336e+01	-6.40000e+00	1.80000e+00	
agroforestry	Fri Nov 07 14:59:57 CET 2025	24/7/2002	24	7	2002	205	2002	1.83650e+01	2.88485e+01	3.10000e+01	5.70000e+01	0.00000e+00	0.00000e+00	0.00000e+00	0.00000e+00	0.00000e+00	0.00000e+00	0.00000e+00	0.00000e+00	7.53452e+00	6.24000e+01	2.82100e+01	1.72777e+01	4.51223e+01	3.97275e+01	-9.41149e+01	3.48923e-01	1.49763e+01	1.28164e+01	-6.40000e+00	3.80000e+00	
agroforestry	Fri Nov 07 14:59:57 CET 2025	25/7/2002	25	7	2002	206	2002	1.39208e+01	3.04156e+01	2.60000e+01	6.40000e+01	0.00000e+00	0.00000e+00	0.00000e+00	0.00000e+00	0.00000e+00	0.00000e+00	0.00000e+00	0.00000e+00	5.35063e+00	5.17382e+01	2.33900e+01	2.23510e+01	2.93873e+01	3.95925e+01	-7.58076e+01	3.45268e-01	1.49421e+01	1.20133e+01	-6.40000e+00	1.60000e+00	
agroforestry	Fri Nov 07 14:59:57 CET 2025	26/7/2002	26	7	2002	207	2002	1.35258e+01	3.36541e+01	2.10000e+01	6.40000e+01	0.00000e+00	0.00000e+00	0.00000e+00	0.00000e+00	0.00000e+00	0.00000e+00	0.00000e+00	0.00000e+00	5.81954e+00	6.20461e+01	2.80500e+01	1.71098e+01	4.49363e+01	3.94540e+01	-9.57547e+01	3.41517e-01	1.49070e+01	1.23669e+01	-6.40000e+00	1.10000e+00	
agroforestry	Fri Nov 07 14:59:57 CET 2025	27/7/2002	27	7	2002	208	2002	1.33282e+01	3.04156e+01	3.10000e+01	8.80000e+01	0.00000e+00	0.00000e+00	0.00000e+00	0.00000e+00	0.00000e+00	0.00000e+00	0.00000e+00	0.00000e+00	5.44177e+00	6.06083e+01	2.74000e+01	1.78138e+01	4.27945e+01	3.93120e+01	-9.10896e+01	3.37671e-01	1.48713e+01	1.55997e+01	-6.41000e+00	1.20000e+00	
agroforestry	Fri Nov 07 14:59:57 CET 2025	28/7/2002	28	7	2002	209	2002	1.37233e+01	2.89530e+01	4.30000e+01	9.40000e+01	0.00000e+00	0.00000e+00	0.00000e+00	0.00000e+00	0.00000e+00	0.00000e+00	0.00000e+00	0.00000e+00	4.90621e+00	5.49677e+01	2.48500e+01	2.06234e+01	3.43443e+01	3.91667e+01	-8.11516e+01	3.33733e-01	1.48349e+01	1.73821e+01	-6.41000e+00	1.20000e+00	
agroforestry	Fri Nov 07 14:59:57 CET 2025	29/7/2002	29	7	2002	210	2002	1.72786e+01	3.16692e+01	3.50000e+01	9.60000e+01	0.00000e+00	0.00000e+00	0.00000e+00	0.00000e+00	0.00000e+00	0.00000e+00	0.00000e+00	0.00000e+00	5.07659e+00	5.07650e+01	2.29500e+01	2.21006e+01	2.86644e+01	3.90179e+01	-7.75206e+01	3.29703e-01	1.47978e+01	2.00991e+01	-6.41000e+00	1.10000e+00	
agroforestry	Fri Nov 07 14:59:57 CET 2025	30/7/2002	30	7	2002	211	2002	1.74762e+01	3.44899e+01	2.80000e+01	9.50000e+01	0.00000e+00	0.00000e+00	0.00000e+00	0.00000e+00	0.00000e+00	0.00000e+00	0.00000e+00	0.00000e+00	5.69788e+00	5.33530e+01	2.41200e+01	2.09797e+01	3.23733e+01	3.88658e+01	-8.44242e+01	3.25582e-01	1.47600e+01	2.06456e+01	-6.41000e+00	1.50000e+00	
agroforestry	Fri Nov 07 14:59:57 CET 2025	31/7/2002	31	7	2002	212	2002	2.02414e+01	3.02066e+01	2.50000e+01	6.70000e+01	2.00000e-01	2.00000e-01	0.00000e+00	0.00000e+00	0.00000e+00	0.00000e+00	0.00000e+00	2.00000e-01	6.72078e+00	5.94581e+01	2.68800e+01	1.76766e+01	4.17814e+01	3.87104e+01	-9.37581e+01	3.21372e-01	1.47216e+01	1.47619e+01	-6.41000e+00	2.50000e+00	
agroforestry	Fri Nov 07 14:59:57 CET 2025	1/8/2002	1	8	2002	213	2002	1.35258e+01	2.55055e+01	3.50000e+01	9.40000e+01	5.40000e+00	5.40000e+00	0.00000e+00	0.00000e+00	0.00000e+00	0.00000e+00	0.00000e+00	5.40000e+00	4.70118e+00	5.38396e+01	2.43400e+01	2.04177e+01	3.34220e+01	3.85517e+01	-7.83607e+01	3.17075e-01	1.46826e+01	1.46248e+01	-6.42000e+00	1.50000e+00	
agroforestry	Fri Nov 07 14:59:57 CET 2025	2/8/2002	2	8	2002	214	2002	9.77288e+00	2.83262e+01	2.30000e+01	9.20000e+01	0.00000e+00	0.00000e+00	0.00000e+00	0.00000e+00	0.00000e+00	0.00000e+00	0.00000e+00	0.00000e+00	4.91588e+00	5.96129e+01	2.69500e+01	1.71319e+01	4.24810e+01	3.83897e+01	-8.87003e+01	3.12691e-01	1.46430e+01	1.26644e+01	-6.42000e+00	1.20000e+00	
agroforestry	Fri Nov 07 14:59:57 CET 2025	3/8/2002	3	8	2002	215	2002	1.12543e+01	2.96843e+01	2.90000e+01	8.70000e+01	0.00000e+00	0.00000e+00	0.00000e+00	0.00000e+00	0.00000e+00	0.00000e+00	0.00000e+00	0.00000e+00	4.99923e+00	5.77106e+01	2.60900e+01	1.80455e+01	3.96651e+01	3.82245e+01	-8.76128e+01	3.08222e-01	1.46029e+01	1.39515e+01	-6.42000e+00	1.20000e+00	
agroforestry	Fri Nov 07 14:59:57 CET 2025	4/8/2002	4	8	2002	216	2002	1.44146e+01	3.32363e+01	2.50000e+01	9.00000e+01	0.00000e+00	0.00000e+00	0.00000e+00	0.00000e+00	0.00000e+00	0.00000e+00	0.00000e+00	0.00000e+00	5.50584e+00	5.41051e+01	2.44600e+01	1.97184e+01	3.43867e+01	3.80562e+01	-8.57043e+01	3.03669e-01	1.45621e+01	1.69707e+01	-6.42000e+00	1.70000e+00	
agroforestry	Fri Nov 07 14:59:57 CET 2025	5/8/2002	5	8	2002	217	2002	1.26369e+01	3.06245e+01	2.90000e+01	9.10000e+01	8.00000e-01	8.00000e-01	0.00000e+00	0.00000e+00	0.00000e+00	0.00000e+00	0.00000e+00	8.00000e-01	5.04427e+00	5.48571e+01	2.48000e+01	1.91450e+01	3.57122e+01	3.78847e+01	-8.48725e+01	2.99035e-01	1.45209e+01	1.55005e+01	-6.42000e+00	1.40000e+00	
agroforestry	Fri Nov 07 14:59:57 CET 2025	6/8/2002	6	8	2002	218	2002	1.58960e+01	2.79083e+01	2.90000e+01	9.10000e+01	1.40000e+00	1.40000e+00	0.00000e+00	0.00000e+00	0.00000e+00	0.00000e+00	0.00000e+00	1.40000e+00	5.59260e+00	5.43041e+01	2.45500e+01	1.92061e+01	3.50981e+01	3.77101e+01	-8.37883e+01	2.94320e-01	1.44791e+01	1.57599e+01	-6.43000e+00	2.70000e+00	
agroforestry	Fri Nov 07 14:59:57 CET 2025	7/8/2002	7	8	2002	219	2002	1.53034e+01	3.12513e+01	2.70000e+01	7.40000e+01	0.00000e+00	0.00000e+00	0.00000e+00	0.00000e+00	0.00000e+00	0.00000e+00	0.00000e+00	0.00000e+00	5.28629e+00	4.78452e+01	2.16300e+01	2.15690e+01	2.62761e+01	3.75325e+01	-7.48272e+01	2.89525e-01	1.44368e+01	1.44202e+01	-6.43000e+00	2.00000e+00	
agroforestry	Fri Nov 07 14:59:57 CET 2025	8/8/2002	8	8	2002	220	2002	1.34270e+01	2.91619e+01	2.50000e+01	6.40000e+01	0.00000e+00	0.00000e+00	0.00000e+00	0.00000e+00	0.00000e+00	0.00000e+00	0.00000e+00	0.00000e+00	4.56260e+00	3.78028e+01	1.70900e+01	2.28781e+01	1.49247e+01	3.73519e+01	-5.57173e+01	2.84653e-01	1.43941e+01	1.12618e+01	-6.43000e+00	1.90000e+00	
agroforestry	Fri Nov 07 14:59:57 CET 2025	9/8/2002	9	8	2002	221	2002	1.58960e+01	2.74904e+01	3.00000e+01	7.20000e+01	0.00000e+00	0.00000e+00	0.00000e+00	0.00000e+00	0.00000e+00	0.00000e+00	0.00000e+00	0.00000e+00	5.40059e+00	4.40184e+01	1.99000e+01	2.21842e+01	2.18342e+01	3.71682e+01	-6.68447e+01	2.79704e-01	1.43508e+01	1.32259e+01	-6.43000e+00	3.10000e+00	
agroforestry	Fri Nov 07 14:59:57 CET 2025	10/8/2002	10	8	2002	222	2002	1.42171e+01	2.57144e+01	2.10000e+01	6.60000e+01	0.00000e+00	0.00000e+00	0.00000e+00	0.00000e+00	0.00000e+00	0.00000e+00	0.00000e+00	0.00000e+00	5.89224e+00	5.72018e+01	2.58600e+01	1.66431e+01	4.05587e+01	3.69817e+01	-8.83938e+01	2.74681e-01	1.43072e+01	1.01427e+01	-6.43000e+00	2.90000e+00	
agroforestry	Fri Nov 07 14:59:57 CET 2025	11/8/2002	11	8	2002	223	2002	1.51059e+01	2.72815e+01	3.70000e+01	6.20000e+01	0.00000e+00	0.00000e+00	0.00000e+00	0.00000e+00	0.00000e+00	0.00000e+00	0.00000e+00	0.00000e+00	5.94008e+00	4.81548e+01	2.17700e+01	2.07445e+01	2.74103e+01	3.67922e+01	-7.45607e+01	2.69584e-01	1.42631e+01	1.24500e+01	-6.44000e+00	3.80000e+00	
agroforestry	Fri Nov 07 14:59:57 CET 2025	12/8/2002	12	8	2002	224	2002	1.61923e+01	2.73859e+01	2.60000e+01	6.50000e+01	0.00000e+00	0.00000e+00	0.00000e+00	0.00000e+00	0.00000e+00	0.00000e+00	0.00000e+00	0.00000e+00	6.75399e+00	5.98120e+01	2.70400e+01	1.43285e+01	4.54835e+01	3.65998e+01	-9.62620e+01	2.64416e-01	1.42186e+01	1.18690e+01	-6.44000e+00	3.80000e+00	
agroforestry	Fri Nov 07 14:59:57 CET 2025	13/8/2002	13	8	2002	225	2002	1.26369e+01	3.32363e+01	1.90000e+01	6.30000e+01	0.00000e+00	0.00000e+00	0.00000e+00	0.00000e+00	0.00000e+00	0.00000e+00	0.00000e+00	0.00000e+00	5.34200e+00	5.85954e+01	2.64900e+01	1.48862e+01	4.37092e+01	3.64047e+01	-9.77778e+01	2.59177e-01	1.41737e+01	1.14686e+01	-6.44000e+00	1.20000e+00	
agroforestry	Fri Nov 07 14:59:57 CET 2025	14/8/2002	14	8	2002	226	2002	1.11555e+01	3.24005e+01	2.00000e+01	8.50000e+01	0.00000e+00	0.00000e+00	0.00000e+00	0.00000e+00	0.00000e+00	0.00000e+00	0.00000e+00	0.00000e+00	5.13878e+00	5.79097e+01	2.61800e+01	1.50571e+01	4.28526e+01	3.62068e+01	-9.57339e+01	2.53869e-01	1.41284e+01	1.36857e+01	-6.44000e+00	1.30000e+00	
agroforestry	Fri Nov 07 14:59:57 CET 2025	15/8/2002	15	8	2002	227	2002	1.15506e+01	3.28184e+01	2.80000e+01	9.10000e+01	0.00000e+00	0.00000e+00	0.00000e+00	0.00000e+00	0.00000e+00	0.00000e+00	0.00000e+00	0.00000e+00	5.00935e+00	5.57419e+01	2.52000e+01	1.61738e+01	3.95682e+01	3.60061e+01	-9.28446e+01	2.48494e-01	1.40827e+01	1.59000e+01	-6.44000e+00	1.30000e+00	
agroforestry	Fri Nov 07 14:59:57 CET 2025	16/8/2002	16	8	2002	228	2002	1.49084e+01	3.59525e+01	1.80000e+01	8.10000e+01	0.00000e+00	0.00000e+00	0.00000e+00	0.00000e+00	0.00000e+00	0.00000e+00	0.00000e+00	0.00000e+00	5.43310e+00	5.47244e+01	2.47400e+01	1.65098e+01	3.82147e+01	3.58027e+01	-9.55294e+01	2.43053e-01	1.40367e+01	1.60814e+01	-6.44000e+00	1.20000e+00	
agroforestry	Fri Nov 07 14:59:57 CET 2025	17/8/2002	17	8	2002	229	2002	1.37233e+01	3.32363e+01	1.80000e+01	9.40000e+01	0.00000e+00	0.00000e+00	0.00000e+00	0.00000e+00	0.00000e+00	0.00000e+00	0.00000e+00	0.00000e+00	5.02651e+00	5.43926e+01	2.45900e+01	1.64248e+01	3.79678e+01	3.55967e+01	-9.28238e+01	2.37547e-01	1.39904e+01	1.61873e+01	-6.45000e+00	1.10000e+00	
agroforestry	Fri Nov 07 14:59:57 CET 2025	18/8/2002	18	8	2002	230	2002	1.56985e+01	2.95798e+01	3.00000e+01	9.60000e+01	0.00000e+00	0.00000e+00	0.00000e+00	0.00000e+00	0.00000e+00	0.00000e+00	0.00000e+00	0.00000e+00	4.68826e+00	5.18267e+01	2.34300e+01	1.75842e+01	3.42426e+01	3.53881e+01	-8.66406e+01	2.31979e-01	1.39437e+01	1.73074e+01	-6.45000e+00	1.10000e+00	
agroforestry	Fri Nov 07 14:59:57 CET 2025	19/8/2002	19	8	2002	231	2002	1.81675e+01	2.86396e+01	4.60000e+01	9.30000e+01	0.00000e+00	0.00000e+00	0.00000e+00	0.00000e+00	0.00000e+00	0.00000e+00	0.00000e+00	0.00000e+00	4.01823e+00	4.03687e+01	1.82500e+01	2.12159e+01	1.91528e+01	3.51769e+01	-6.58421e+01	2.26349e-01	1.38967e+01	1.99974e+01	-6.45000e+00	1.20000e+00	
agroforestry	Fri Nov 07 14:59:57 CET 2025	20/8/2002	20	8	2002	232	2002	1.41183e+01	2.92664e+01	3.90000e+01	9.60000e+01	0.00000e+00	0.00000e+00	0.00000e+00	0.00000e+00	0.00000e+00	0.00000e+00	0.00000e+00	0.00000e+00	3.53294e+00	3.81567e+01	1.72500e+01	2.13148e+01	1.68419e+01	3.49632e+01	-6.12478e+01	2.20660e-01	1.38494e+01	1.75040e+01	-6.45000e+00	7.00000e-01	
agroforestry	Fri Nov 07 14:59:57 CET 2025	21/8/2002	21	8	2002	233	2002	1.35258e+01	3.09379e+01	2.30000e+01	9.10000e+01	0.00000e+00	0.00000e+00	0.00000e+00	0.00000e+00	0.00000e+00	0.00000e+00	0.00000e+00	0.00000e+00	4.74826e+00	5.39502e+01	2.43900e+01	1.55102e+01	3.84400e+01	3.47471e+01	-9.26423e+01	2.14913e-01	1.38019e+01	1.52759e+01	-6.45000e+00	1.10000e+00	
agroforestry	Fri Nov 07 14:59:57 CET 2025	22/8/2002	22	8	2002	234	2002	1.50072e+01	2.91619e+01	2.50000e+01	8.40000e+01	0.00000e+00	0.00000e+00	0.00000e+00	0.00000e+00	0.00000e+00	0.00000e+00	0.00000e+00	0.00000e+00	3.17320e+00	2.54378e+01	1.15000e+01	1.95114e+01	5.92639e+00	3.45285e+01	-3.80652e+01	2.09109e-01	1.37541e+01	1.44754e+01	-6.45000e+00	1.00000e+00	
agroforestry	Fri Nov 07 14:59:57 CET 2025	23/8/2002	23	8	2002	235	2002	1.16493e+01	2.98932e+01	3.30000e+01	9.20000e+01	0.00000e+00	0.00000e+00	0.00000e+00	0.00000e+00	0.00000e+00	0.00000e+00	0.00000e+00	0.00000e+00	3.98258e+00	4.49475e+01	2.03200e+01	1.93284e+01	2.56190e+01	3.43075e+01	-7.51825e+01	2.03249e-01	1.37060e+01	1.53166e+01	-6.46000e+00	1.10000e+00	
agroforestry	Fri Nov 07 14:59:57 CET 2025	24/8/2002	24	8	2002	236	2002	1.33282e+01	2.48787e+01	7.00000e+01	9.60000e+01	8.24000e+01	8.24000e+01	0.00000e+00	0.00000e+00	0.00000e+00	0.00000e+00	0.00000e+00	8.24000e+01	2.35127e+00	2.70968e+01	1.22500e+01	1.98558e+01	7.24095e+00	3.40842e+01	-4.01832e+01	1.97336e-01	1.36576e+01	1.83424e+01	-6.46000e+00	6.00000e-01	
agroforestry	Fri Nov 07 14:59:57 CET 2025	25/8/2002	25	8	2002	237	2002	1.63898e+01	2.65502e+01	5.20000e+01	9.60000e+01	7.00000e+01	7.00000e+01	0.00000e+00	0.00000e+00	0.00000e+00	0.00000e+00	0.00000e+00	7.00000e+01	1.97351e+00	1.32276e+01	5.98000e+00	1.28361e+01	3.91564e-01	3.38586e+01	-1.50550e+01	1.91371e-01	1.36090e+01	1.89301e+01	-6.46000e+00	1.10000e+00	
agroforestry	Fri Nov 07 14:59:57 CET 2025	26/8/2002	26	8	2002	238	2002	1.42171e+01	2.51921e+01	5.80000e+01	9.70000e+01	3.20000e+00	3.20000e+00	0.00000e+00	0.00000e+00	0.00000e+00	0.00000e+00	0.00000e+00	3.20000e+00	2.92129e+00	3.45069e+01	1.56000e+01	2.06000e+01	1.39069e+01	3.36308e+01	-5.51130e+01	1.85356e-01	1.35602e+01	1.77800e+01	-5.39000e+00	7.00000e-01	
agroforestry	Fri Nov 07 14:59:57 CET 2025	27/8/2002	27	8	2002	239	2002	1.30320e+01	2.76994e+01	4.00000e+01	9.70000e+01	2.00000e-01	2.00000e-01	0.00000e+00	0.00000e+00	0.00000e+00	0.00000e+00	0.00000e+00	2.00000e-01	3.79924e+00	4.73143e+01	2.13900e+01	1.73868e+01	2.99275e+01	3.34007e+01	-8.11835e+01	1.79291e-01	1.35112e+01	1.63721e+01	-5.35000e+00	7.00000e-01	
agroforestry	Fri Nov 07 14:59:57 CET 2025	28/8/2002	28	8	2002	240	2002	1.24394e+01	2.93709e+01	3.40000e+01	8.70000e+01	0.00000e+00	0.00000e+00	0.00000e+00	0.00000e+00	0.00000e+00	0.00000e+00	0.00000e+00	0.00000e+00	3.56023e+00	3.66525e+01	1.65700e+01	2.01794e+01	1.64731e+01	3.31686e+01	-6.17909e+01	1.73180e-01	1.34620e+01	1.49491e+01	-5.38000e+00	1.20000e+00	
agroforestry	Fri Nov 07 14:59:57 CET 2025	29/8/2002	29	8	2002	241	2002	1.62910e+01	3.16692e+01	3.60000e+01	8.20000e+01	0.00000e+00	0.00000e+00	0.00000e+00	0.00000e+00	0.00000e+00	0.00000e+00	0.00000e+00	0.00000e+00	4.70552e+00	4.58101e+01	2.07100e+01	1.75235e+01	2.82866e+01	3.29344e+01	-8.35759e+01	1.67022e-01	1.34126e+01	1.75761e+01	-5.41000e+00	1.80000e+00	
agroforestry	Fri Nov 07 14:59:57 CET 2025	30/8/2002	30	8	2002	242	2002	1.45134e+01	3.09379e+01	4.30000e+01	9.40000e+01	0.00000e+00	0.00000e+00	0.00000e+00	0.00000e+00	0.00000e+00	0.00000e+00	0.00000e+00	0.00000e+00	4.21068e+00	4.92608e+01	2.22700e+01	1.54973e+01	3.37635e+01	3.26981e+01	-9.01230e+01	1.60820e-01	1.33629e+01	1.89174e+01	-5.44000e+00	8.00000e-01	
agroforestry	Fri Nov 07 14:59:57 CET 2025	31/8/2002	31	8	2002	243	2002	1.42171e+01	3.01022e+01	4.40000e+01	9.60000e+01	0.00000e+00	0.00000e+00	0.00000e+00	0.00000e+00	0.00000e+00	0.00000e+00	0.00000e+00	0.00000e+00	3.18331e+00	3.34894e+01	1.51400e+01	1.98810e+01	1.36084e+01	3.24598e+01	-5.78471e+01	1.54575e-01	1.33132e+01	1.86776e+01	-5.47000e+00	8.00000e-01	
agroforestry	Fri Nov 07 14:59:57 CET 2025	1/9/2002	1	9	2002	244	2002	1.70000e+01	2.92000e+01	3.60000e+01	8.50000e+01	0.00000e+00	0.00000e+00	0.00000e+00	0.00000e+00	0.00000e+00	0.00000e+00	0.00000e+00	0.00000e+00	4.33886e+00	4.67171e+01	2.11200e+01	1.62505e+01	3.04666e+01	3.22196e+01	-8.60703e+01	1.48289e-01	1.32632e+01	1.70914e+01	-5.50000e+00	1.30000e+00	
agroforestry	Fri Nov 07 14:59:57 CET 2025	2/9/2002	2	9	2002	245	2002	1.41000e+01	2.67000e+01	4.90000e+01	9.00000e+01	0.00000e+00	0.00000e+00	0.00000e+00	0.00000e+00	0.00000e+00	0.00000e+00	0.00000e+00	0.00000e+00	3.72778e+00	4.55447e+01	2.05900e+01	1.65302e+01	2.90145e+01	3.19776e+01	-8.14503e+01	1.41964e-01	1.32131e+01	1.66464e+01	-5.53000e+00	1.10000e+00	
agroforestry	Fri Nov 07 14:59:57 CET 2025	3/9/2002	3	9	2002	246	2002	1.58000e+01	2.66000e+01	5.80000e+01	9.60000e+01	0.00000e+00	0.00000e+00	0.00000e+00	0.00000e+00	0.00000e+00	0.00000e+00	0.00000e+00	0.00000e+00	3.46280e+00	4.10323e+01	1.85500e+01	1.80576e+01	2.29747e+01	3.17337e+01	-7.35309e+01	1.35600e-01	1.31628e+01	1.93741e+01	-5.55000e+00	1.10000e+00	
agroforestry	Fri Nov 07 14:59:57 CET 2025	4/9/2002	4	9	2002	247	2002	1.46000e+01	2.73000e+01	5.00000e+01	9.40000e+01	0.00000e+00	0.00000e+00	0.00000e+00	0.00000e+00	0.00000e+00	0.00000e+00	0.00000e+00	0.00000e+00	3.48644e+00	4.20719e+01	1.90200e+01	1.74493e+01	2.46226e+01	3.14881e+01	-7.63703e+01	1.29200e-01	1.31124e+01	1.78399e+01	-5.58000e+00	9.00000e-01	
agroforestry	Fri Nov 07 14:59:57 CET 2025	5/9/2002	5	9	2002	248	2002	1.65000e+01	2.59000e+01	5.00000e+01	9.60000e+01	0.00000e+00	0.00000e+00	0.00000e+00	0.00000e+00	0.00000e+00	0.00000e+00	0.00000e+00	0.00000e+00	2.62263e+00	2.59908e+01	1.17500e+01	1.84809e+01	7.50991e+00	3.12407e+01	-4.35347e+01	1.22765e-01	1.30618e+01	1.83677e+01	-5.60000e+00	1.00000e+00	
agroforestry	Fri Nov 07 14:59:57 CET 2025	6/9/2002	6	9	2002	249	2002	1.52000e+01	2.77000e+01	3.60000e+01	8.90000e+01	0.00000e+00	0.00000e+00	0.00000e+00	0.00000e+00	0.00000e+00	0.00000e+00	0.00000e+00	0.00000e+00	3.48102e+00	3.71834e+01	1.68100e+01	1.84012e+01	1.87822e+01	3.09917e+01	-6.79627e+01	1.16296e-01	1.30112e+01	1.59687e+01	-5.62000e+00	1.20000e+00	
agroforestry	Fri Nov 07 14:59:57 CET 2025	7/9/2002	7	9	2002	250	2002	1.04000e+01	2.71000e+01	4.20000e+01	9.50000e+01	0.00000e+00	0.00000e+00	0.00000e+00	0.00000e+00	0.00000e+00	0.00000e+00	0.00000e+00	0.00000e+00	3.32542e+00	4.43281e+01	2.00400e+01	1.56273e+01	2.87008e+01	3.07411e+01	-8.15152e+01	1.09796e-01	1.29603e+01	1.48074e+01	-5.65000e+00	9.00000e-01	
agroforestry	Fri Nov 07 14:59:57 CET 2025	8/9/2002	8	9	2002	251	2002	1.50000e+01	2.13000e+01	8.20000e+01	9.70000e+01	1.22200e+02	1.22200e+02	0.00000e+00	0.00000e+00	0.00000e+00	0.00000e+00	0.00000e+00	1.22200e+02	9.82727e-01	6.10507e+00	2.76000e+00	6.04402e+00	6.10509e-02	3.04890e+01	-2.77596e+00	1.03266e-01	1.29094e+01	1.86325e+01	-5.67000e+00	1.30000e+00	
agroforestry	Fri Nov 07 14:59:57 CET 2025	9/9/2002	9	9	2002	252	2002	1.61000e+01	2.27000e+01	6.90000e+01	9.60000e+01	7.20000e+00	7.20000e+00	0.00000e+00	0.00000e+00	0.00000e+00	0.00000e+00	0.00000e+00	7.20000e+00	2.25629e+00	2.28719e+01	1.03400e+01	1.72779e+01	5.59395e+00	3.02354e+01	-3.75981e+01	9.67068e-02	1.28584e+01	1.85720e+01	-3.93000e+00	2.00000e+00	
agroforestry	Fri Nov 07 14:59:57 CET 2025	10/9/2002	10	9	2002	253	2002	1.01000e+01	2.70000e+01	3.20000e+01	9.60000e+01	0.00000e+00	0.00000e+00	0.00000e+00	0.00000e+00	0.00000e+00	0.00000e+00	0.00000e+00	0.00000e+00	3.51388e+00	4.80442e+01	2.17200e+01	1.24044e+01	3.56399e+01	2.99805e+01	-9.15371e+01	9.01207e-02	1.28073e+01	1.36625e+01	-3.93000e+00	1.10000e+00	
agroforestry	Fri Nov 07 14:59:57 CET 2025	11/9/2002	11	9	2002	254	2002	9.90000e+00	2.60000e+01	3.20000e+01	9.20000e+01	0.00000e+00	0.00000e+00	0.00000e+00	0.00000e+00	0.00000e+00	0.00000e+00	0.00000e+00	0.00000e+00	3.35527e+00	4.78673e+01	2.16400e+01	1.21374e+01	3.57299e+01	2.97241e+01	-9.11517e+01	8.35092e-02	1.27560e+01	1.27461e+01	-4.08000e+00	9.00000e-01	
agroforestry	Fri Nov 07 14:59:57 CET 2025	12/9/2002	12	9	2002	255	2002	7.50000e+00	2.44000e+01	4.50000e+01	9.60000e+01	0.00000e+00	0.00000e+00	0.00000e+00	0.00000e+00	0.00000e+00	0.00000e+00	0.00000e+00	0.00000e+00	2.65471e+00	3.89530e+01	1.76100e+01	1.64804e+01	2.24726e+01	2.94665e+01	-7.12628e+01	7.68738e-02	1.27047e+01	1.27665e+01	-4.21000e+00	8.00000e-01	
agroforestry	Fri Nov 07 14:59:57 CET 2025	13/9/2002	13	9	2002	256	2002	1.39000e+01	2.00000e+01	6.70000e+01	9.40000e+01	2.00000e-01	2.00000e-01	0.00000e+00	0.00000e+00	0.00000e+00	0.00000e+00	0.00000e+00	2.00000e-01	1.86424e+00	2.15668e+01	9.75000e+00	1.65210e+01	5.04581e+00	2.92076e+01	-3.53303e+01	7.02161e-02	1.26533e+01	1.55359e+01	-4.32000e+00	1.00000e+00	
agroforestry	Fri Nov 07 14:59:57 CET 2025	14/9/2002	14	9	2002	257	2002	1.10000e+01	2.67000e+01	4.50000e+01	9.60000e+01	0.00000e+00	0.00000e+00	0.00000e+00	0.00000e+00	0.00000e+00	0.00000e+00	0.00000e+00	0.00000e+00	3.20980e+00	4.51023e+01	2.03900e+01	1.28231e+01	3.22792e+01	2.89476e+01	-8.89132e+01	6.35377e-02	1.26019e+01	1.53354e+01	-4.42000e+00	9.00000e-01	
agroforestry	Fri Nov 07 14:59:57 CET 2025	15/9/2002	15	9	2002	258	2002	8.30000e+00	2.89000e+01	2.90000e+01	9.60000e+01	0.00000e+00	0.00000e+00	0.00000e+00	0.00000e+00	0.00000e+00	0.00000e+00	0.00000e+00	0.00000e+00	3.22048e+00	4.69825e+01	2.12400e+01	1.11564e+01	3.58261e+01	2.86866e+01	-9.46623e+01	5.68402e-02	1.25503e+01	1.33842e+01	-4.52000e+00	7.00000e-01	
agroforestry	Fri Nov 07 14:59:57 CET 2025	16/9/2002	16	9	2002	259	2002	1.17000e+01	2.51000e+01	5.10000e+01	9.60000e+01	0.00000e+00	0.00000e+00	0.00000e+00	0.00000e+00	0.00000e+00	0.00000e+00	0.00000e+00	0.00000e+00	2.84275e+00	4.01917e+01	1.81700e+01	1.48303e+01	2.53614e+01	2.84244e+01	-7.89215e+01	5.01253e-02	1.24987e+01	1.55437e+01	-4.61000e+00	8.00000e-01	
agroforestry	Fri Nov 07 14:59:57 CET 2025	17/9/2002	17	9	2002	260	2002	1.48000e+01	2.27000e+01	8.10000e+01	9.70000e+01	1.00000e+00	1.00000e+00	0.00000e+00	0.00000e+00	0.00000e+00	0.00000e+00	0.00000e+00	1.00000e+00	1.37245e+00	1.43779e+01	6.50000e+00	1.29393e+01	1.43860e+00	2.81614e+01	-2.20885e+01	4.33944e-02	1.24470e+01	1.92388e+01	-4.69000e+00	9.00000e-01	
agroforestry	Fri Nov 07 14:59:57 CET 2025	18/9/2002	18	9	2002	261	2002	1.82000e+01	2.29000e+01	8.10000e+01	9.40000e+01	2.00000e-01	2.00000e-01	0.00000e+00	0.00000e+00	0.00000e+00	0.00000e+00	0.00000e+00	2.00000e-01	1.70003e+00	1.69438e+01	7.66000e+00	1.42844e+01	2.65933e+00	2.78974e+01	-2.85604e+01	3.66493e-02	1.23953e+01	2.11527e+01	-4.74000e+00	1.50000e+00	
agroforestry	Fri Nov 07 14:59:57 CET 2025	19/9/2002	19	9	2002	262	2002	1.78000e+01	2.49000e+01	7.30000e+01	9.70000e+01	2.92000e+01	2.92000e+01	0.00000e+00	0.00000e+00	0.00000e+00	0.00000e+00	0.00000e+00	2.92000e+01	1.93510e+00	2.08147e+01	9.41000e+00	1.57630e+01	5.05175e+00	2.76327e+01	-3.83875e+01	2.98916e-02	1.23435e+01	2.15847e+01	-4.81000e+00	9.00000e-01	
agroforestry	Fri Nov 07 14:59:57 CET 2025	20/9/2002	20	9	2002	263	2002	1.56000e+01	2.77000e+01	5.70000e+01	9.70000e+01	0.00000e+00	0.00000e+00	0.00000e+00	0.00000e+00	0.00000e+00	0.00000e+00	0.00000e+00	0.00000e+00	2.78470e+00	3.49935e+01	1.58200e+01	1.56952e+01	1.92984e+01	2.73672e+01	-7.33693e+01	2.31228e-02	1.22917e+01	1.99158e+01	-4.38000e+00	6.00000e-01	
agroforestry	Fri Nov 07 14:59:57 CET 2025	21/9/2002	21	9	2002	264	2002	1.62000e+01	2.45000e+01	6.20000e+01	9.70000e+01	0.00000e+00	0.00000e+00	0.00000e+00	0.00000e+00	0.00000e+00	0.00000e+00	0.00000e+00	0.00000e+00	2.08974e+00	2.54820e+01	1.15200e+01	1.64971e+01	8.98496e+00	2.71010e+01	-4.99393e+01	1.63446e-02	1.22399e+01	1.89828e+01	-4.48000e+00	4.00000e-01	
agroforestry	Fri Nov 07 14:59:57 CET 2025	22/9/2002	22	9	2002	265	2002	1.44000e+01	2.57000e+01	4.60000e+01	9.50000e+01	0.00000e+00	0.00000e+00	0.00000e+00	0.00000e+00	0.00000e+00	0.00000e+00	0.00000e+00	0.00000e+00	2.75010e+00	3.62323e+01	1.63800e+01	1.47270e+01	2.15053e+01	2.68342e+01	-7.62998e+01	9.55863e-03	1.21880e+01	1.65243e+01	-4.57000e+00	8.00000e-01	
agroforestry	Fri Nov 07 14:59:57 CET 2025	23/9/2002	23	9	2002	266	2002	1.29000e+01	2.10000e+01	3.40000e+01	6.40000e+01	0.00000e+00	0.00000e+00	0.00000e+00	0.00000e+00	0.00000e+00	0.00000e+00	0.00000e+00	0.00000e+00	3.35584e+00	4.25143e+01	1.92200e+01	1.10327e+01	3.14815e+01	2.65669e+01	-8.78760e+01	2.76656e-03	1.21361e+01	9.45665e+00	-4.66000e+00	2.00000e+00	
agroforestry	Fri Nov 07 14:59:57 CET 2025	24/9/2002	24	9	2002	267	2002	9.70000e+00	2.01000e+01	3.80000e+01	5.90000e+01	0.00000e+00	0.00000e+00	0.00000e+00	0.00000e+00	0.00000e+00	0.00000e+00	0.00000e+00	0.00000e+00	2.83962e+00	3.80682e+01	1.72100e+01	1.32968e+01	2.47714e+01	2.62992e+01	-7.68325e+01	-4.03000e-03	1.20842e+01	8.21013e+00	-4.74000e+00	1.60000e+00	
agroforestry	Fri Nov 07 14:59:57 CET 2025	25/9/2002	25	9	2002	268	2002	7.60000e+00	2.02000e+01	2.30000e+01	6.80000e+01	0.00000e+00	0.00000e+00	0.00000e+00	0.00000e+00	0.00000e+00	0.00000e+00	0.00000e+00	0.00000e+00	2.62826e+00	4.35760e+01	1.97000e+01	9.42001e+00	3.41560e+01	2.60310e+01	-8.94956e+01	-1.08294e-02	1.20322e+01	7.21964e+00	-4.81000e+00	1.10000e+00	
agroforestry	Fri Nov 07 14:59:57 CET 2025	26/9/2002	26	9	2002	269	2002	3.10000e+00	2.37000e+01	3.40000e+01	9.10000e+01	0.00000e+00	0.00000e+00	0.00000e+00	0.00000e+00	0.00000e+00	0.00000e+00	0.00000e+00	0.00000e+00	2.24533e+00	4.21604e+01	1.90600e+01	1.00434e+01	3.21170e+01	2.57626e+01	-8.83103e+01	-1.76299e-02	1.19803e+01	9.59952e+00	-4.87000e+00	7.00000e-01	
agroforestry	Fri Nov 07 14:59:57 CET 2025	27/9/2002	27	9	2002	270	2002	8.90000e+00	2.18000e+01	3.70000e+01	7.90000e+01	0.00000e+00	0.00000e+00	0.00000e+00	0.00000e+00	0.00000e+00	0.00000e+00	0.00000e+00	0.00000e+00	2.57249e+00	4.08332e+01	1.84600e+01	1.05627e+01	3.02705e+01	2.54939e+01	-8.70383e+01	-2.44300e-02	1.19283e+01	1.01068e+01	-4.94000e+00	1.20000e+00	
agroforestry	Fri Nov 07 14:59:57 CET 2025	28/9/2002	28	9	2002	271	2002	6.50000e+00	2.30000e+01	3.40000e+01	9.30000e+01	0.00000e+00	0.00000e+00	0.00000e+00	0.00000e+00	0.00000e+00	0.00000e+00	0.00000e+00	0.00000e+00	2.44318e+00	4.14525e+01	1.87400e+01	9.70893e+00	3.17436e+01	2.52252e+01	-8.95587e+01	-3.12279e-02	1.18764e+01	1.06459e+01	-4.99000e+00	1.20000e+00	
agroforestry	Fri Nov 07 14:59:57 CET 2025	29/9/2002	29	9	2002	272	2002	5.30000e+00	2.28000e+01	3.70000e+01	9.40000e+01	0.00000e+00	0.00000e+00	0.00000e+00	0.00000e+00	0.00000e+00	0.00000e+00	0.00000e+00	0.00000e+00	2.18819e+00	4.06783e+01	1.83900e+01	9.84600e+00	3.08323e+01	2.49563e+01	-8.81284e+01	-3.80219e-02	1.18244e+01	1.04948e+01	-5.05000e+00	8.00000e-01	
agroforestry	Fri Nov 07 14:59:57 CET 2025	30/9/2002	30	9	2002	273	2002	6.20000e+00	2.12000e+01	5.40000e+01	9.60000e+01	0.00000e+00	0.00000e+00	0.00000e+00	0.00000e+00	0.00000e+00	0.00000e+00	0.00000e+00	0.00000e+00	1.83740e+00	3.20959e+01	1.45100e+01	1.39915e+01	1.81044e+01	2.46874e+01	-6.77409e+01	-4.48104e-02	1.17725e+01	1.17468e+01	-5.10000e+00	9.00000e-01	
agroforestry	Fri Nov 07 14:59:57 CET 2025	1/10/2002	1	10	2002	274	2002	9.60000e+00	2.08000e+01	5.50000e+01	9.60000e+01	0.00000e+00	0.00000e+00	0.00000e+00	0.00000e+00	0.00000e+00	0.00000e+00	0.00000e+00	0.00000e+00	1.72230e+00	2.66986e+01	1.20700e+01	1.48823e+01	1.18163e+01	2.44187e+01	-5.61847e+01	-5.15916e-02	1.17206e+01	1.30300e+01	-5.15000e+00	7.00000e-01	
agroforestry	Fri Nov 07 14:59:57 CET 2025	2/10/2002	2	10	2002	275	2002	8.50000e+00	2.15000e+01	4.20000e+01	9.60000e+01	0.00000e+00	0.00000e+00	0.00000e+00	0.00000e+00	0.00000e+00	0.00000e+00	0.00000e+00	0.00000e+00	1.85296e+00	2.97290e+01	1.34400e+01	1.41666e+01	1.55624e+01	2.41501e+01	-6.45105e+01	-5.83639e-02	1.16687e+01	1.17559e+01	-5.19000e+00	7.00000e-01	
agroforestry	Fri Nov 07 14:59:57 CET 2025	3/10/2002	3	10	2002	276	2002	1.12000e+01	2.52000e+01	4.10000e+01	9.60000e+01	0.00000e+00	0.00000e+00	0.00000e+00	0.00000e+00	0.00000e+00	0.00000e+00	0.00000e+00	0.00000e+00	2.06685e+00	3.01493e+01	1.36300e+01	1.38100e+01	1.63393e+01	2.38818e+01	-6.94730e+01	-6.51256e-02	1.16168e+01	1.43055e+01	-5.24000e+00	6.00000e-01	
agroforestry	Fri Nov 07 14:59:57 CET 2025	4/10/2002	4	10	2002	277	2002	9.10000e+00	2.56000e+01	4.50000e+01	9.60000e+01	0.00000e+00	0.00000e+00	0.00000e+00	0.00000e+00	0.00000e+00	0.00000e+00	0.00000e+00	0.00000e+00	1.80944e+00	2.70747e+01	1.22400e+01	1.42455e+01	1.28291e+01	2.36138e+01	-6.18577e+01	-7.18748e-02	1.15650e+01	1.39551e+01	-5.28000e+00	4.00000e-01	
agroforestry	Fri Nov 07 14:59:57 CET 2025	5/10/2002	5	10	2002	278	2002	5.10000e+00	2.50000e+01	2.90000e+01	9.60000e+01	0.00000e+00	0.00000e+00	0.00000e+00	0.00000e+00	0.00000e+00	0.00000e+00	0.00000e+00	0.00000e+00	1.99523e+00	3.82673e+01	1.73000e+01	9.05701e+00	2.92103e+01	2.33463e+01	-9.05025e+01	-7.86100e-02	1.15132e+01	1.06828e+01	-5.31000e+00	6.00000e-01	
agroforestry	Fri Nov 07 14:59:57 CET 2025	6/10/2002	6	10	2002	279	2002	3.90000e+00	2.45000e+01	3.30000e+01	9.60000e+01	0.00000e+00	0.00000e+00	0.00000e+00	0.00000e+00	0.00000e+00	0.00000e+00	0.00000e+00	0.00000e+00	1.89083e+00	3.70507e+01	1.67500e+01	9.50394e+00	2.75468e+01	2.30793e+01	-8.75864e+01	-8.53292e-02	1.14615e+01	1.04356e+01	-5.35000e+00	7.00000e-01	
agroforestry	Fri Nov 07 14:59:57 CET 2025	7/10/2002	7	10	2002	280	2002	6.90000e+00	2.18000e+01	3.80000e+01	8.90000e+01	0.00000e+00	0.00000e+00	0.00000e+00	0.00000e+00	0.00000e+00	0.00000e+00	0.00000e+00	0.00000e+00	1.89353e+00	3.78912e+01	1.71300e+01	8.48149e+00	2.94098e+01	2.28128e+01	-8.99088e+01	-9.20309e-02	1.14098e+01	1.03741e+01	-5.38000e+00	7.00000e-01	
agroforestry	Fri Nov 07 14:59:57 CET 2025	8/10/2002	8	10	2002	281	2002	4.20000e+00	2.12000e+01	5.00000e+01	9.60000e+01	2.00000e-01	2.00000e-01	0.00000e+00	0.00000e+00	0.00000e+00	0.00000e+00	0.00000e+00	2.00000e-01	1.53681e+00	3.11447e+01	1.40800e+01	1.20899e+01	1.90548e+01	2.25470e+01	-7.19789e+01	-9.87132e-02	1.13582e+01	1.07105e+01	-5.42000e+00	7.00000e-01	
agroforestry	Fri Nov 07 14:59:57 CET 2025	9/10/2002	9	10	2002	282	2002	1.30000e+01	1.58000e+01	8.70000e+01	9.60000e+01	9.44000e+01	9.44000e+01	0.00000e+00	0.00000e+00	0.00000e+00	0.00000e+00	0.00000e+00	9.44000e+01	7.16905e-01	2.63226e+00	1.19000e+00	2.60594e+00	2.63226e-02	2.22820e+01	1.89586e+00	-1.05374e-01	1.13066e+01	1.49970e+01	-5.44000e+00	2.20000e+00	
agroforestry	Fri Nov 07 14:59:57 CET 2025	10/10/2002	10	10	2002	283	2002	1.44000e+01	1.86000e+01	8.20000e+01	9.70000e+01	3.02000e+01	3.02000e+01	0.00000e+00	0.00000e+00	0.00000e+00	0.00000e+00	0.00000e+00	3.02000e+01	1.11979e+00	1.64350e+01	7.43000e+00	1.25122e+01	3.92286e+00	2.20179e+01	-3.55140e+01	-1.12013e-01	1.12552e+01	1.67859e+01	-4.07000e+00	7.00000e-01	
agroforestry	Fri Nov 07 14:59:57 CET 2025	11/10/2002	11	10	2002	284	2002	1.24000e+01	2.05000e+01	6.00000e+01	9.60000e+01	0.00000e+00	0.00000e+00	0.00000e+00	0.00000e+00	0.00000e+00	0.00000e+00	0.00000e+00	0.00000e+00	1.76509e+00	2.38452e+01	1.07800e+01	1.32535e+01	1.05916e+01	2.17547e+01	-5.69349e+01	-1.18626e-01	1.12038e+01	1.45825e+01	-3.69000e+00	2.00000e+00	
agroforestry	Fri Nov 07 14:59:57 CET 2025	12/10/2002	12	10	2002	285	2002	8.20000e+00	2.41000e+01	4.40000e+01	9.40000e+01	0.00000e+00	0.00000e+00	0.00000e+00	0.00000e+00	0.00000e+00	0.00000e+00	0.00000e+00	0.00000e+00	2.11727e+00	2.96184e+01	1.33900e+01	1.15538e+01	1.80646e+01	2.14925e+01	-7.50792e+01	-1.25213e-01	1.11525e+01	1.26555e+01	-3.86000e+00	2.20000e+00	
agroforestry	Fri Nov 07 14:59:57 CET 2025	13/10/2002	13	10	2002	286	2002	6.60000e+00	2.27000e+01	3.10000e+01	9.50000e+01	0.00000e+00	0.00000e+00	0.00000e+00	0.00000e+00	0.00000e+00	0.00000e+00	0.00000e+00	0.00000e+00	1.69865e+00	3.40645e+01	1.54000e+01	8.75652e+00	2.53080e+01	2.12314e+01	-8.72252e+01	-1.31772e-01	1.11014e+01	1.04941e+01	-4.02000e+00	8.00000e-01	
agroforestry	Fri Nov 07 14:59:57 CET 2025	14/10/2002	14	10	2002	287	2002	7.10000e+00	2.37000e+01	4.40000e+01	9.60000e+01	2.00000e-01	2.00000e-01	0.00000e+00	0.00000e+00	0.00000e+00	0.00000e+00	0.00000e+00	2.00000e-01	1.61471e+00	3.23834e+01	1.46400e+01	9.47161e+00	2.29118e+01	2.09715e+01	-8.45773e+01	-1.38300e-01	1.10503e+01	1.22370e+01	-4.15000e+00	7.00000e-01	
agroforestry	Fri Nov 07 14:59:57 CET 2025	15/10/2002	15	10	2002	288	2002	1.53000e+01	2.27000e+01	7.30000e+01	9.60000e+01	0.00000e+00	0.00000e+00	0.00000e+00	0.00000e+00	0.00000e+00	0.00000e+00	0.00000e+00	0.00000e+00	1.66578e+00	2.52608e+01	1.14200e+01	1.22073e+01	1.30535e+01	2.07129e+01	-6.65374e+01	-1.44797e-01	1.09993e+01	1.85538e+01	-4.27000e+00	1.40000e+00	
agroforestry	Fri Nov 07 14:59:57 CET 2025	16/10/2002	16	10	2002	289	2002	1.55000e+01	1.99000e+01	8.70000e+01	9.50000e+01	1.00000e+00	1.00000e+00	0.00000e+00	0.00000e+00	0.00000e+00	0.00000e+00	0.00000e+00	1.00000e+00	8.21668e-01	5.55207e+00	2.51000e+00	5.49655e+00	5.55205e-02	2.04557e+01	-7.12755e+00	-1.51260e-01	1.09485e+01	1.84156e+01	-4.38000e+00	1.80000e+00	
agroforestry	Fri Nov 07 14:59:57 CET 2025	17/10/2002	17	10	2002	290	2002	1.32000e+01	1.83000e+01	5.20000e+01	9.60000e+01	0.00000e+00	0.00000e+00	0.00000e+00	0.00000e+00	0.00000e+00	0.00000e+00	0.00000e+00	0.00000e+00	1.54225e+00	1.37143e+01	6.20000e+00	1.09850e+01	2.72929e+00	2.02000e+01	-3.12497e+01	-1.57687e-01	1.08979e+01	1.32299e+01	-4.46000e+00	2.10000e+00	
agroforestry	Fri Nov 07 14:59:57 CET 2025	18/10/2002	18	10	2002	291	2002	6.20000e+00	1.99000e+01	4.20000e+01	9.40000e+01	0.00000e+00	0.00000e+00	0.00000e+00	0.00000e+00	0.00000e+00	0.00000e+00	0.00000e+00	0.00000e+00	1.57238e+00	2.85346e+01	1.29000e+01	1.02502e+01	1.82844e+01	1.99458e+01	-7.47251e+01	-1.64077e-01	1.08473e+01	1.02082e+01	-4.55000e+00	1.70000e+00	
agroforestry	Fri Nov 07 14:59:57 CET 2025	19/10/2002	19	10	2002	292	2002	6.20000e+00	1.96000e+01	3.50000e+01	9.50000e+01	0.00000e+00	0.00000e+00	0.00000e+00	0.00000e+00	0.00000e+00	0.00000e+00	0.00000e+00	0.00000e+00	1.26065e+00	2.78267e+01	1.25800e+01	1.02837e+01	1.75430e+01	1.96932e+01	-7.34999e+01	-1.70427e-01	1.07970e+01	9.66256e+00	-4.64000e+00	6.00000e-01	
agroforestry	Fri Nov 07 14:59:57 CET 2025	20/10/2002	20	10	2002	293	2002	4.00000e+00	1.71000e+01	6.40000e+01	9.60000e+01	0.00000e+00	0.00000e+00	0.00000e+00	0.00000e+00	0.00000e+00	0.00000e+00	0.00000e+00	0.00000e+00	8.55903e-01	9.02488e+00	4.08000e+00	8.36782e+00	6.57063e-01	1.94424e+01	-1.77373e+01	-1.76736e-01	1.07468e+01	1.01817e+01	-4.72000e+00	9.00000e-01	
agroforestry	Fri Nov 07 14:59:57 CET 2025	21/10/2002	21	10	2002	294	2002	1.27000e+01	1.84000e+01	8.70000e+01	9.70000e+01	2.44000e+01	2.44000e+01	0.00000e+00	0.00000e+00	0.00000e+00	0.00000e+00	0.00000e+00	2.44000e+01	6.24300e-01	1.74747e+00	7.90000e-01	1.72999e+00	1.74747e-02	1.91934e+01	3.65198e+00	-1.83002e-01	1.06967e+01	1.62385e+01	-4.79000e+00	1.60000e+00	
agroforestry	Fri Nov 07 14:59:57 CET 2025	22/10/2002	22	10	2002	295	2002	1.16000e+01	2.29000e+01	5.90000e+01	9.70000e+01	2.00000e-01	2.00000e-01	0.00000e+00	0.00000e+00	0.00000e+00	0.00000e+00	0.00000e+00	2.00000e-01	1.41853e+00	3.02599e+01	1.36800e+01	7.90836e+00	2.23515e+01	1.89463e+01	-8.89552e+01	-1.89222e-01	1.06469e+01	1.53423e+01	-4.44000e+00	7.00000e-01	
agroforestry	Fri Nov 07 14:59:57 CET 2025	23/10/2002	23	10	2002	296	2002	1.12000e+01	1.95000e+01	4.90000e+01	9.60000e+01	4.00000e-01	4.00000e-01	0.00000e+00	0.00000e+00	0.00000e+00	0.00000e+00	0.00000e+00	4.00000e-01	1.48433e+00	1.69659e+01	7.67000e+00	1.13133e+01	5.65259e+00	1.87012e+01	-4.49314e+01	-1.95396e-01	1.05973e+01	1.26334e+01	-4.53000e+00	2.00000e+00	
agroforestry	Fri Nov 07 14:59:57 CET 2025	24/10/2002	24	10	2002	297	2002	5.10000e+00	1.84000e+01	4.70000e+01	9.50000e+01	0.00000e+00	0.00000e+00	0.00000e+00	0.00000e+00	0.00000e+00	0.00000e+00	0.00000e+00	0.00000e+00	1.00982e+00	2.27834e+01	1.03000e+01	1.08125e+01	1.19709e+01	1.84582e+01	-6.21334e+01	-2.01521e-01	1.05479e+01	9.78559e+00	-4.60000e+00	7.00000e-01	
agroforestry	Fri Nov 07 14:59:57 CET 2025	25/10/2002	25	10	2002	298	2002	9.60000e+00	1.92000e+01	6.80000e+01	9.60000e+01	0.00000e+00	0.00000e+00	0.00000e+00	0.00000e+00	0.00000e+00	0.00000e+00	0.00000e+00	0.00000e+00	9.41757e-01	1.93770e+01	8.76000e+00	1.11395e+01	8.23749e+00	1.82174e+01	-5.37489e+01	-2.07595e-01	1.04987e+01	1.34399e+01	-4.69000e+00	6.00000e-01	
agroforestry	Fri Nov 07 14:59:57 CET 2025	26/10/2002	26	10	2002	299	2002	1.39000e+01	2.38000e+01	4.90000e+01	9.50000e+01	2.00000e-01	2.00000e-01	0.00000e+00	0.00000e+00	0.00000e+00	0.00000e+00	0.00000e+00	2.00000e-01	1.63488e+00	2.81806e+01	1.27400e+01	7.85686e+00	2.03238e+01	1.79788e+01	-8.87518e+01	-2.13617e-01	1.04498e+01	1.56616e+01	-4.76000e+00	1.40000e+00	
agroforestry	Fri Nov 07 14:59:57 CET 2025	27/10/2002	27	10	2002	300	2002	6.60000e+00	2.46000e+01	4.40000e+01	9.60000e+01	8.00000e-01	8.00000e-01	0.00000e+00	0.00000e+00	0.00000e+00	0.00000e+00	0.00000e+00	8.00000e-01	1.35765e+00	2.83355e+01	1.28100e+01	7.40716e+00	2.09283e+01	1.77426e+01	-8.85214e+01	-2.19584e-01	1.04011e+01	1.23951e+01	-4.83000e+00	1.40000e+00	
agroforestry	Fri Nov 07 14:59:57 CET 2025	28/10/2002	28	10	2002	301	2002	1.80000e+00	2.13000e+01	2.30000e+01	9.40000e+01	0.00000e+00	0.00000e+00	0.00000e+00	0.00000e+00	0.00000e+00	0.00000e+00	0.00000e+00	0.00000e+00	9.95337e-01	2.99060e+01	1.35200e+01	5.86636e+00	2.40396e+01	1.75088e+01	-9.05359e+01	-2.25494e-01	1.03528e+01	7.95685e+00	-4.87000e+00	8.00000e-01	
agroforestry	Fri Nov 07 14:59:57 CET 2025	29/10/2002	29	10	2002	302	2002	3.00000e+00	1.95000e+01	4.40000e+01	9.30000e+01	4.00000e-01	4.00000e-01	0.00000e+00	0.00000e+00	0.00000e+00	0.00000e+00	0.00000e+00	4.00000e-01	9.56124e-01	1.90230e+01	8.60000e+00	1.05181e+01	8.50491e+00	1.72775e+01	-5.46024e+01	-2.31346e-01	1.03046e+01	9.13363e+00	-4.93000e+00	9.00000e-01	
agroforestry	Fri Nov 07 14:59:57 CET 2025	30/10/2002	30	10	2002	303	2002	1.40000e+01	1.87000e+01	8.00000e+01	9.60000e+01	5.40000e+00	5.40000e+00	0.00000e+00	0.00000e+00	0.00000e+00	0.00000e+00	0.00000e+00	5.40000e+00	8.49610e-01	1.31834e+01	5.96000e+00	9.82876e+00	3.35465e+00	1.70488e+01	-3.71205e+01	-2.37137e-01	1.02568e+01	1.63476e+01	-4.98000e+00	1.20000e+00	
agroforestry	Fri Nov 07 14:59:57 CET 2025	31/10/2002	31	10	2002	304	2002	1.28000e+01	2.13000e+01	4.90000e+01	9.60000e+01	2.00000e-01	2.00000e-01	0.00000e+00	0.00000e+00	0.00000e+00	0.00000e+00	0.00000e+00	2.00000e-01	1.11693e+00	1.69659e+01	7.67000e+00	1.03033e+01	6.66261e+00	1.68228e+01	-5.21769e+01	-2.42866e-01	1.02094e+01	1.40810e+01	-4.92000e+00	8.00000e-01	
agroforestry	Fri Nov 07 14:59:57 CET 2025	1/11/2002	1	11	2002	305	2002	5.90000e+00	2.13000e+01	5.00000e+01	9.70000e+01	0.00000e+00	0.00000e+00	0.00000e+00	0.00000e+00	0.00000e+00	0.00000e+00	0.00000e+00	0.00000e+00	8.03555e-01	2.55484e+01	1.15500e+01	7.54857e+00	1.79998e+01	1.65996e+01	-8.21795e+01	-2.48530e-01	1.01622e+01	1.14371e+01	-4.98000e+00	5.00000e-01	
agroforestry	Fri Nov 07 14:59:57 CET 2025	2/11/2002	2	11	2002	306	2002	5.80000e+00	2.15000e+01	6.10000e+01	9.70000e+01	5.60000e+00	5.60000e+00	0.00000e+00	0.00000e+00	0.00000e+00	0.00000e+00	0.00000e+00	5.60000e+00	7.43293e-01	2.13456e+01	9.65000e+00	9.26600e+00	1.20796e+01	1.63793e+01	-6.83066e+01	-2.54128e-01	1.01154e+01	1.23331e+01	-5.03000e+00	5.00000e-01	
agroforestry	Fri Nov 07 14:59:57 CET 2025	3/11/2002	3	11	2002	307	2002	1.08000e+01	2.20000e+01	4.40000e+01	9.70000e+01	4.00000e-01	4.00000e-01	0.00000e+00	0.00000e+00	0.00000e+00	0.00000e+00	0.00000e+00	4.00000e-01	1.40010e+00	1.72977e+01	7.82000e+00	9.87679e+00	7.42091e+00	1.61619e+01	-5.58661e+01	-2.59658e-01	1.00690e+01	1.31385e+01	-4.97000e+00	2.10000e+00	
agroforestry	Fri Nov 07 14:59:57 CET 2025	4/11/2002	4	11	2002	308	2002	1.01000e+01	1.81000e+01	4.00000e+01	7.50000e+01	0.00000e+00	0.00000e+00	0.00000e+00	0.00000e+00	0.00000e+00	0.00000e+00	0.00000e+00	0.00000e+00	1.64681e+00	2.08590e+01	9.43000e+00	8.99626e+00	1.18627e+01	1.59475e+01	-6.76492e+01	-2.65117e-01	1.00229e+01	9.24295e+00	-5.01000e+00	2.50000e+00	
agroforestry	Fri Nov 07 14:59:57 CET 2025	5/11/2002	5	11	2002	309	2002	6.80000e+00	1.68000e+01	3.50000e+01	8.20000e+01	0.00000e+00	0.00000e+00	0.00000e+00	0.00000e+00	0.00000e+00	0.00000e+00	0.00000e+00	0.00000e+00	9.00811e-01	2.60350e+01	1.17700e+01	5.92703e+00	2.01080e+01	1.57362e+01	-8.56265e+01	-2.70504e-01	9.97731e+00	8.08945e+00	-5.07000e+00	1.20000e+00	
agroforestry	Fri Nov 07 14:59:57 CET 2025	6/11/2002	6	11	2002	310	2002	-8.00000e-01	1.77000e+01	3.30000e+01	9.50000e+01	5.20000e+00	5.20000e+00	0.00000e+00	0.00000e+00	0.00000e+00	0.00000e+00	0.00000e+00	5.20000e+00	5.53539e-01	2.59244e+01	1.17200e+01	5.67255e+00	2.02519e+01	1.55281e+01	-8.44631e+01	-2.75817e-01	9.93211e+00	7.07243e+00	-5.12000e+00	8.00000e-01	
agroforestry	Fri Nov 07 14:59:57 CET 2025	7/11/2002	7	11	2002	311	2002	6.90000e+00	1.56000e+01	3.40000e+01	9.60000e+01	0.00000e+00	0.00000e+00	0.00000e+00	0.00000e+00	0.00000e+00	0.00000e+00	0.00000e+00	0.00000e+00	1.00220e+00	2.34249e+01	1.05900e+01	7.06405e+00	1.63608e+01	1.53233e+01	-7.76149e+01	-2.81054e-01	9.88735e+00	8.66695e+00	-5.06000e+00	2.00000e+00	
agroforestry	Fri Nov 07 14:59:57 CET 2025	8/11/2002	8	11	2002	312	2002	8.60000e+00	1.51000e+01	3.10000e+01	7.50000e+01	0.00000e+00	0.00000e+00	0.00000e+00	0.00000e+00	0.00000e+00	0.00000e+00	0.00000e+00	0.00000e+00	9.06183e-01	2.52387e+01	1.14100e+01	5.52967e+00	1.97090e+01	1.51217e+01	-8.57172e+01	-2.86212e-01	9.84305e+00	7.35314e+00	-5.11000e+00	1.30000e+00	
agroforestry	Fri Nov 07 14:59:57 CET 2025	9/11/2002	9	11	2002	313	2002	8.00000e+00	2.05000e+01	5.00000e+01	9.00000e+01	0.00000e+00	0.00000e+00	0.00000e+00	0.00000e+00	0.00000e+00	0.00000e+00	0.00000e+00	0.00000e+00	1.16037e+00	2.09475e+01	9.47000e+00	7.85672e+00	1.30907e+01	1.49237e+01	-7.43056e+01	-2.91291e-01	9.79925e+00	1.13622e+01	-5.15000e+00	2.40000e+00	
agroforestry	Fri Nov 07 14:59:57 CET 2025	10/11/2002	10	11	2002	314	2002	1.61000e+01	2.23000e+01	4.90000e+01	7.80000e+01	0.00000e+00	0.00000e+00	0.00000e+00	0.00000e+00	0.00000e+00	0.00000e+00	0.00000e+00	0.00000e+00	2.10833e+00	2.00627e+01	9.07000e+00	8.01449e+00	1.20482e+01	1.47290e+01	-7.55414e+01	-2.96287e-01	9.75595e+00	1.41178e+01	-5.20000e+00	3.60000e+00	
agroforestry	Fri Nov 07 14:59:57 CET 2025	11/11/2002	11	11	2002	315	2002	1.34000e+01	2.00000e+01	3.90000e+01	9.30000e+01	0.00000e+00	0.00000e+00	0.00000e+00	0.00000e+00	0.00000e+00	0.00000e+00	0.00000e+00	0.00000e+00	1.47616e+00	1.16793e+01	5.28000e+00	8.50084e+00	3.17842e+00	1.45380e+01	-3.93015e+01	-3.01199e-01	9.71317e+00	1.25369e+01	-5.24000e+00	2.20000e+00	
agroforestry	Fri Nov 07 14:59:57 CET 2025	12/11/2002	12	11	2002	316	2002	1.30000e+00	1.73000e+01	4.70000e+01	9.60000e+01	4.00000e-01	4.00000e-01	0.00000e+00	0.00000e+00	0.00000e+00	0.00000e+00	0.00000e+00	4.00000e-01	4.35338e-01	1.89788e+01	8.58000e+00	8.02327e+00	1.09555e+01	1.43506e+01	-6.55755e+01	-3.06025e-01	9.67096e+00	8.36849e+00	-5.28000e+00	6.00000e-01	
agroforestry	Fri Nov 07 14:59:57 CET 2025	13/11/2002	13	11	2002	317	2002	1.00000e+01	1.80000e+01	6.40000e+01	9.40000e+01	2.20000e+00	2.20000e+00	0.00000e+00	0.00000e+00	0.00000e+00	0.00000e+00	0.00000e+00	2.20000e+00	7.31853e-01	1.65235e+01	7.47000e+00	8.50179e+00	8.02171e+00	1.41669e+01	-5.93145e+01	-3.10764e-01	9.62931e+00	1.26169e+01	-5.31000e+00	1.60000e+00	
agroforestry	Fri Nov 07 14:59:57 CET 2025	14/11/2002	14	11	2002	318	2002	1.21000e+01	1.79000e+01	5.80000e+01	9.60000e+01	6.80000e+00	6.80000e+00	0.00000e+00	0.00000e+00	0.00000e+00	0.00000e+00	0.00000e+00	6.80000e+00	8.73608e-01	1.46433e+01	6.62000e+00	8.56211e+00	6.08121e+00	1.39869e+01	-5.27320e+01	-3.15412e-01	9.58827e+00	1.31189e+01	-5.29000e+00	1.80000e+00	
agroforestry	Fri Nov 07 14:59:57 CET 2025	15/11/2002	15	11	2002	319	2002	9.80000e+00	1.46000e+01	8.00000e+01	9.60000e+01	2.60000e+00	2.60000e+00	0.00000e+00	0.00000e+00	0.00000e+00	0.00000e+00	0.00000e+00	2.60000e+00	5.31199e-01	6.01659e+00	2.72000e+00	5.67947e+00	3.37116e-01	1.38108e+01	-1.61669e+01	-3.19969e-01	9.54784e+00	1.24940e+01	-5.19000e+00	1.00000e+00	
agroforestry	Fri Nov 07 14:59:57 CET 2025	16/11/2002	16	11	2002	320	2002	9.00000e+00	1.65000e+01	6.60000e+01	9.70000e+01	2.00000e-01	2.00000e-01	0.00000e+00	0.00000e+00	0.00000e+00	0.00000e+00	0.00000e+00	2.00000e-01	3.91200e-01	1.48203e+01	6.70000e+00	8.31970e+00	6.50058e+00	1.36386e+01	-5.36822e+01	-3.24432e-01	9.50806e+00	1.19969e+01	-5.18000e+00	3.00000e-01	
agroforestry	Fri Nov 07 14:59:57 CET 2025	17/11/2002	17	11	2002	321	2002	7.20000e+00	1.75000e+01	5.20000e+01	9.70000e+01	2.00000e-01	2.00000e-01	0.00000e+00	0.00000e+00	0.00000e+00	0.00000e+00	0.00000e+00	2.00000e-01	3.71630e-01	1.93106e+01	8.73000e+00	6.90327e+00	1.24073e+01	1.34704e+01	-7.37352e+01	-3.28799e-01	9.46896e+00	1.06822e+01	-5.22000e+00	6.00000e-01	
agroforestry	Fri Nov 07 14:59:57 CET 2025	18/11/2002	18	11	2002	322	2002	2.20000e+00	1.78000e+01	4.40000e+01	9.60000e+01	0.00000e+00	0.00000e+00	0.00000e+00	0.00000e+00	0.00000e+00	0.00000e+00	0.00000e+00	0.00000e+00	3.42842e-01	2.16553e+01	9.79000e+00	5.27370e+00	1.63816e+01	1.33062e+01	-8.33779e+01	-3.33069e-01	9.43054e+00	8.58741e+00	-5.25000e+00	1.10000e+00	
agroforestry	Fri Nov 07 14:59:57 CET 2025	19/11/2002	19	11	2002	323	2002	-9.00000e-01	1.49000e+01	4.80000e+01	9.60000e+01	2.00000e-01	2.00000e-01	0.00000e+00	0.00000e+00	0.00000e+00	0.00000e+00	0.00000e+00	2.00000e-01	1.85153e-01	1.98415e+01	8.97000e+00	6.20977e+00	1.36317e+01	1.31461e+01	-7.36244e+01	-3.37240e-01	9.39285e+00	7.20713e+00	-5.29000e+00	7.00000e-01	
agroforestry	Fri Nov 07 14:59:57 CET 2025	20/11/2002	20	11	2002	324	2002	3.70000e+00	1.75000e+01	7.80000e+01	9.60000e+01	9.80000e+00	9.80000e+00	0.00000e+00	0.00000e+00	0.00000e+00	0.00000e+00	0.00000e+00	9.80000e+00	4.76621e-01	1.10599e+01	5.00000e+00	7.73774e+00	3.32216e+00	1.29902e+01	-3.97412e+01	-3.41310e-01	9.35590e+00	1.11096e+01	-5.32000e+00	2.20000e+00	
agroforestry	Fri Nov 07 14:59:57 CET 2025	21/11/2002	21	11	2002	325	2002	9.60000e+00	1.40000e+01	7.90000e+01	9.50000e+01	1.28000e+01	1.28000e+01	0.00000e+00	0.00000e+00	0.00000e+00	0.00000e+00	0.00000e+00	1.28000e+01	6.94909e-01	1.88018e+00	8.50000e-01	1.86138e+00	1.88018e-02	1.28384e+01	1.22600e-01	-3.45277e-01	9.31972e+00	1.20305e+01	-5.17000e+00	1.90000e+00	
agroforestry	Fri Nov 07 14:59:57 CET 2025	22/11/2002	22	11	2002	326	2002	2.40000e+00	1.71000e+01	4.30000e+01	9.60000e+01	0.00000e+00	0.00000e+00	0.00000e+00	0.00000e+00	0.00000e+00	0.00000e+00	0.00000e+00	0.00000e+00	1.74380e-01	2.04608e+01	9.25000e+00	5.16581e+00	1.52950e+01	1.26909e+01	-8.20566e+01	-3.49140e-01	9.28433e+00	8.38432e+00	-4.97000e+00	7.00000e-01	
agroforestry	Fri Nov 07 14:59:57 CET 2025	23/11/2002	23	11	2002	327	2002	2.50000e+00	1.57000e+01	8.10000e+01	9.60000e+01	2.40000e+00	2.40000e+00	0.00000e+00	0.00000e+00	0.00000e+00	0.00000e+00	0.00000e+00	2.40000e+00	4.15513e-01	6.10507e+00	2.76000e+00	5.58036e+00	5.24714e-01	1.25478e+01	-1.87364e+01	-3.52896e-01	9.24977e+00	1.02195e+01	-5.03000e+00	1.20000e+00	
agroforestry	Fri Nov 07 14:59:57 CET 2025	24/11/2002	24	11	2002	328	2002	1.36000e+01	1.54000e+01	8.80000e+01	9.60000e+01	4.98000e+01	4.98000e+01	0.00000e+00	0.00000e+00	0.00000e+00	0.00000e+00	0.00000e+00	4.98000e+01	5.59449e-01	2.83134e+00	1.28000e+00	2.80302e+00	2.83134e-02	1.24090e+01	-4.47178e+00	-3.56544e-01	9.21606e+00	1.51768e+01	-5.03000e+00	2.10000e+00	
agroforestry	Fri Nov 07 14:59:57 CET 2025	25/11/2002	25	11	2002	329	2002	8.10000e+00	1.22000e+01	8.80000e+01	9.60000e+01	2.00000e-01	2.00000e-01	0.00000e+00	0.00000e+00	0.00000e+00	0.00000e+00	0.00000e+00	2.00000e-01	3.47587e-01	4.51244e+00	2.04000e+00	4.43999e+00	7.24502e-02	1.22746e+01	-1.20657e+01	-3.60082e-01	9.18322e+00	1.14002e+01	-4.29000e+00	5.00000e-01	
agroforestry	Fri Nov 07 14:59:57 CET 2025	26/11/2002	26	11	2002	330	2002	7.80000e+00	1.58000e+01	5.10000e+01	9.50000e+01	0.00000e+00	0.00000e+00	0.00000e+00	0.00000e+00	0.00000e+00	0.00000e+00	0.00000e+00	0.00000e+00	4.59146e-01	1.16350e+01	5.26000e+00	7.41101e+00	4.22402e+00	1.21447e+01	-4.58092e+01	-3.63508e-01	9.15128e+00	1.00945e+01	-4.39000e+00	7.00000e-01	
agroforestry	Fri Nov 07 14:59:57 CET 2025	27/11/2002	27	11	2002	331	2002	1.80000e+00	1.79000e+01	5.60000e+01	9.60000e+01	0.00000e+00	0.00000e+00	0.00000e+00	0.00000e+00	0.00000e+00	0.00000e+00	0.00000e+00	0.00000e+00	4.01691e-02	1.91558e+01	8.66000e+00	5.04452e+00	1.41112e+01	1.20193e+01	-8.14875e+01	-3.66822e-01	9.12027e+00	9.23019e+00	-4.49000e+00	7.00000e-01	
agroforestry	Fri Nov 07 14:59:57 CET 2025	28/11/2002	28	11	2002	332	2002	4.00000e+00	1.49000e+01	7.00000e+01	9.70000e+01	2.66000e+01	2.66000e+01	0.00000e+00	0.00000e+00	0.00000e+00	0.00000e+00	0.00000e+00	2.66000e+01	5.31105e-01	5.35300e+00	2.42000e+00	5.00825e+00	3.44748e-01	1.18985e+01	-1.66916e+01	-3.70021e-01	9.09021e+00	9.87219e+00	-4.58000e+00	1.30000e+00	
agroforestry	Fri Nov 07 14:59:57 CET 2025	29/11/2002	29	11	2002	333	2002	6.10000e+00	1.47000e+01	6.30000e+01	9.30000e+01	2.00000e-01	2.00000e-01	0.00000e+00	0.00000e+00	0.00000e+00	0.00000e+00	0.00000e+00	2.00000e-01	5.40560e-01	1.12811e+01	5.10000e+00	7.18935e+00	4.09176e+00	1.17823e+01	-4.50082e+01	-3.73104e-01	9.06112e+00	9.82829e+00	-4.21000e+00	2.00000e+00	
agroforestry	Fri Nov 07 14:59:57 CET 2025	30/11/2002	30	11	2002	334	2002	5.30000e+00	1.44000e+01	4.20000e+01	8.30000e+01	0.00000e+00	0.00000e+00	0.00000e+00	0.00000e+00	0.00000e+00	0.00000e+00	0.00000e+00	0.00000e+00	3.16396e-01	1.90673e+01	8.62000e+00	4.57270e+00	1.44946e+01	1.16707e+01	-8.21051e+01	-3.76069e-01	9.03304e+00	7.59062e+00	-4.32000e+00	1.50000e+00	
agroforestry	Fri Nov 07 14:59:57 CET 2025	1/12/2002	1	12	2002	335	2002	1.00000e+00	1.01000e+01	6.30000e+01	9.50000e+01	4.80000e+00	4.80000e+00	0.00000e+00	0.00000e+00	0.00000e+00	0.00000e+00	0.00000e+00	4.80000e+00	4.07992e-01	5.48571e+00	2.48000e+00	5.05344e+00	4.32276e-01	1.15638e+01	-1.71758e+01	-3.78915e-01	9.00599e+00	7.15479e+00	-4.43000e+00	5.00000e-01	
agroforestry	Fri Nov 07 14:59:57 CET 2025	2/12/2002	2	12	2002	336	2002	4.70000e+00	1.35000e+01	4.70000e+01	9.60000e+01	4.00000e-01	4.00000e-01	0.00000e+00	0.00000e+00	0.00000e+00	0.00000e+00	0.00000e+00	4.00000e-01	3.31899e-01	1.73419e+01	7.84000e+00	5.38944e+00	1.19525e+01	1.14617e+01	-7.45921e+01	-3.81640e-01	8.97999e+00	8.25641e+00	-4.42000e+00	2.10000e+00	
agroforestry	Fri Nov 07 14:59:57 CET 2025	3/12/2002	3	12	2002	337	2002	3.80000e+00	1.31000e+01	3.90000e+01	8.00000e+01	2.60000e+00	2.60000e+00	0.00000e+00	0.00000e+00	0.00000e+00	0.00000e+00	0.00000e+00	2.60000e+00	4.03135e-01	1.89124e+01	8.55000e+00	4.19730e+00	1.47151e+01	1.13643e+01	-8.22138e+01	-3.84244e-01	8.95506e+00	6.57515e+00	-4.51000e+00	2.00000e+00	
agroforestry	Fri Nov 07 14:59:57 CET 2025	4/12/2002	4	12	2002	338	2002	1.50000e+00	1.41000e+01	4.00000e+01	8.50000e+01	0.00000e+00	0.00000e+00	0.00000e+00	0.00000e+00	0.00000e+00	0.00000e+00	0.00000e+00	0.00000e+00	1.80882e-01	1.65677e+01	7.49000e+00	5.56925e+00	1.09985e+01	1.12716e+01	-7.17210e+01	-3.86724e-01	8.93124e+00	6.60804e+00	-4.54000e+00	1.00000e+00	
agroforestry	Fri Nov 07 14:59:57 CET 2025	5/12/2002	5	12	2002	339	2002	4.50000e+00	1.16000e+01	4.70000e+01	9.40000e+01	4.80000e+00	4.80000e+00	0.00000e+00	0.00000e+00	0.00000e+00	0.00000e+00	0.00000e+00	4.80000e+00	2.17675e-01	1.30949e+01	5.92000e+00	6.70283e+00	6.39210e+00	1.11838e+01	-5.48514e+01	-3.89080e-01	8.90854e+00	7.58187e+00	-4.63000e+00	8.00000e-01	
agroforestry	Fri Nov 07 14:59:57 CET 2025	6/12/2002	6	12	2002	340	2002	-1.10000e+00	1.38000e+01	4.60000e+01	9.60000e+01	0.00000e+00	0.00000e+00	0.00000e+00	0.00000e+00	0.00000e+00	0.00000e+00	0.00000e+00	0.00000e+00	3.28021e-02	1.49088e+01	6.74000e+00	6.12295e+00	8.78581e+00	1.11009e+01	-6.39812e+01	-3.91309e-01	8.88698e+00	6.79624e+00	-4.61000e+00	6.00000e-01	
agroforestry	Fri Nov 07 14:59:57 CET 2025	7/12/2002	7	12	2002	341	2002	-1.30000e+00	1.38000e+01	4.30000e+01	9.60000e+01	0.00000e+00	0.00000e+00	0.00000e+00	0.00000e+00	0.00000e+00	0.00000e+00	0.00000e+00	0.00000e+00	0.00000e+00	1.72313e+01	7.79000e+00	4.84669e+00	1.23847e+01	1.10228e+01	-7.56855e+01	-3.93412e-01	8.86660e+00	6.60691e+00	-4.69000e+00	6.00000e-01	
agroforestry	Fri Nov 07 14:59:57 CET 2025	8/12/2002	8	12	2002	342	2002	-3.20000e+00	1.21000e+01	4.90000e+01	9.50000e+01	2.00000e-01	2.00000e-01	0.00000e+00	0.00000e+00	0.00000e+00	0.00000e+00	0.00000e+00	2.00000e-01	0.00000e+00	1.61917e+01	7.32000e+00	5.35840e+00	1.08333e+01	1.09497e+01	-6.94405e+01	-3.95387e-01	8.84740e+00	6.03938e+00	-4.77000e+00	4.00000e-01	
agroforestry	Fri Nov 07 14:59:57 CET 2025	9/12/2002	9	12	2002	343	2002	-2.40000e+00	8.90000e+00	7.10000e+01	9.60000e+01	1.98000e+01	1.98000e+01	0.00000e+00	0.00000e+00	0.00000e+00	0.00000e+00	0.00000e+00	1.98000e+01	3.62719e-01	4.84424e+00	2.19000e+00	4.54566e+00	2.98584e-01	1.08815e+01	-1.53397e+01	-3.97233e-01	8.82941e+00	6.43678e+00	-4.83000e+00	1.10000e+00	
agroforestry	Fri Nov 07 14:59:57 CET 2025	10/12/2002	10	12	2002	344	2002	5.30000e+00	8.20000e+00	6.90000e+01	9.40000e+01	4.08000e+01	4.08000e+01	0.00000e+00	0.00000e+00	0.00000e+00	0.00000e+00	0.00000e+00	4.08000e+01	8.36145e-01	1.54839e+00	7.00000e-01	1.53290e+00	1.54839e-02	1.08182e+01	-6.13651e-03	-3.98948e-01	8.81264e+00	8.01919e+00	-4.54000e+00	2.80000e+00	
agroforestry	Fri Nov 07 14:59:57 CET 2025	11/12/2002	11	12	2002	345	2002	5.30000e+00	1.02000e+01	8.60000e+01	9.50000e+01	6.44000e+01	6.44000e+01	0.00000e+00	0.00000e+00	0.00000e+00	0.00000e+00	0.00000e+00	6.44000e+01	4.32322e-01	4.22488e+00	1.91000e+00	4.09492e+00	1.29969e-01	1.07600e+01	-1.31243e+01	-4.00533e-01	8.79712e+00	9.53588e+00	-3.97000e+00	2.70000e+00	
agroforestry	Fri Nov 07 14:59:57 CET 2025	12/12/2002	12	12	2002	346	2002	7.20000e+00	9.00000e+00	9.50000e+01	9.60000e+01	1.36000e+02	1.36000e+02	0.00000e+00	0.00000e+00	0.00000e+00	0.00000e+00	0.00000e+00	1.36000e+02	1.25412e-01	6.43687e+00	2.91000e+00	5.44990e+00	9.86965e-01	1.07067e+01	-2.40671e+01	-4.01986e-01	8.78286e+00	1.03055e+01	-3.11000e+00	1.00000e+00	
agroforestry	Fri Nov 07 14:59:57 CET 2025	13/12/2002	13	12	2002	347	2002	-9.00000e-01	1.42000e+01	6.10000e+01	9.60000e+01	0.00000e+00	0.00000e+00	0.00000e+00	0.00000e+00	0.00000e+00	0.00000e+00	0.00000e+00	0.00000e+00	0.00000e+00	1.72756e+01	7.81000e+00	4.27438e+00	1.30012e+01	1.06585e+01	-7.92231e+01	-4.03306e-01	8.76988e+00	7.67106e+00	-1.43000e+00	5.00000e-01	
agroforestry	Fri Nov 07 14:59:57 CET 2025	14/12/2002	14	12	2002	348	2002	-2.00000e-01	1.13000e+01	8.50000e+01	9.60000e+01	3.24000e+01	3.24000e+01	0.00000e+00	0.00000e+00	0.00000e+00	0.00000e+00	0.00000e+00	3.24000e+01	2.26315e-01	6.06083e+00	2.74000e+00	5.23926e+00	8.21574e-01	1.06153e+01	-2.23271e+01	-4.04492e-01	8.75819e+00	8.19631e+00	-1.97000e+00	1.50000e+00	
agroforestry	Fri Nov 07 14:59:57 CET 2025	15/12/2002	15	12	2002	349	2002	3.80000e+00	1.57000e+01	5.20000e+01	9.60000e+01	6.40000e+00	6.40000e+00	0.00000e+00	0.00000e+00	0.00000e+00	0.00000e+00	0.00000e+00	6.40000e+00	5.42177e-02	1.60590e+01	7.26000e+00	4.94128e+00	1.11177e+01	1.05771e+01	-7.62669e+01	-4.05544e-01	8.74781e+00	8.92719e+00	-1.86000e+00	1.40000e+00	
agroforestry	Fri Nov 07 14:59:57 CET 2025	16/12/2002	16	12	2002	350	2002	1.20000e+00	1.39000e+01	5.20000e+01	9.60000e+01	0.00000e+00	0.00000e+00	0.00000e+00	0.00000e+00	0.00000e+00	0.00000e+00	0.00000e+00	0.00000e+00	0.00000e+00	1.32719e+01	6.00000e+00	6.10832e+00	7.16357e+00	1.05440e+01	-6.01123e+01	-4.06462e-01	8.73874e+00	7.69157e+00	-2.19000e+00	5.00000e-01	
agroforestry	Fri Nov 07 14:59:57 CET 2025	17/12/2002	17	12	2002	351	2002	4.60000e+00	1.17000e+01	6.80000e+01	9.60000e+01	0.00000e+00	0.00000e+00	0.00000e+00	0.00000e+00	0.00000e+00	0.00000e+00	0.00000e+00	0.00000e+00	2.33666e-01	7.27742e+00	3.29000e+00	5.77309e+00	1.50433e+00	1.05160e+01	-2.92835e+01	-4.07245e-01	8.73100e+00	8.87882e+00	-2.58000e+00	4.00000e-01	
agroforestry	Fri Nov 07 14:59:57 CET 2025	18/12/2002	18	12	2002	352	2002	8.20000e+00	1.38000e+01	5.70000e+01	8.90000e+01	0.00000e+00	0.00000e+00	0.00000e+00	0.00000e+00	0.00000e+00	0.00000e+00	0.00000e+00	0.00000e+00	1.43093e-01	1.37364e+01	6.21000e+00	5.91545e+00	7.82095e+00	1.04931e+01	-6.45686e+01	-4.07891e-01	8.72459e+00	9.57341e+00	-2.91000e+00	1.00000e+00	
agroforestry	Fri Nov 07 14:59:57 CET 2025	19/12/2002	19	12	2002	353	2002	4.50000e+00	1.31000e+01	6.30000e+01	9.60000e+01	0.00000e+00	0.00000e+00	0.00000e+00	0.00000e+00	0.00000e+00	0.00000e+00	0.00000e+00	0.00000e+00	0.00000e+00	1.31392e+01	5.94000e+00	6.08135e+00	7.05782e+00	1.04754e+01	-6.02033e+01	-4.08402e-01	8.71953e+00	8.99602e+00	-3.18000e+00	5.00000e-01	
agroforestry	Fri Nov 07 14:59:57 CET 2025	20/12/2002	20	12	2002	354	2002	3.20000e+00	9.80000e+00	6.90000e+01	9.50000e+01	0.00000e+00	0.00000e+00	0.00000e+00	0.00000e+00	0.00000e+00	0.00000e+00	0.00000e+00	0.00000e+00	3.75899e-01	3.91521e+00	1.77000e+00	3.83720e+00	7.80087e-02	1.04627e+01	-1.20388e+01	-4.08776e-01	8.71582e+00	7.93076e+00	-3.42000e+00	3.00000e-01	
agroforestry	Fri Nov 07 14:59:57 CET 2025	21/12/2002	21	12	2002	355	2002	8.00000e-01	1.50000e+01	6.40000e+01	9.60000e+01	0.00000e+00	0.00000e+00	0.00000e+00	0.00000e+00	0.00000e+00	0.00000e+00	0.00000e+00	0.00000e+00	0.00000e+00	1.51521e+01	6.85000e+00	5.27693e+00	9.87514e+00	1.04551e+01	-7.10635e+01	-4.09013e-01	8.71346e+00	8.51613e+00	-3.62000e+00	6.00000e-01	
agroforestry	Fri Nov 07 14:59:57 CET 2025	22/12/2002	22	12	2002	356	2002	2.60000e+00	1.45000e+01	7.10000e+01	9.70000e+01	0.00000e+00	0.00000e+00	0.00000e+00	0.00000e+00	0.00000e+00	0.00000e+00	0.00000e+00	0.00000e+00	0.00000e+00	1.28074e+01	5.79000e+00	6.14625e+00	6.66113e+00	1.04527e+01	-5.89814e+01	-4.09114e-01	8.71246e+00	9.34571e+00	-3.80000e+00	5.00000e-01	
agroforestry	Fri Nov 07 14:59:57 CET 2025	23/12/2002	23	12	2002	357	2002	2.10000e+00	9.60000e+00	9.40000e+01	9.70000e+01	0.00000e+00	0.00000e+00	0.00000e+00	0.00000e+00	0.00000e+00	0.00000e+00	0.00000e+00	0.00000e+00	2.27423e-01	3.14101e+00	1.42000e+00	3.10960e+00	3.14102e-02	1.04554e+01	-8.15676e+00	-4.09078e-01	8.71283e+00	8.83093e+00	-3.96000e+00	5.00000e-01	
agroforestry	Fri Nov 07 14:59:57 CET 2025	24/12/2002	24	12	2002	358	2002	5.70000e+00	1.46000e+01	7.40000e+01	9.70000e+01	0.00000e+00	0.00000e+00	0.00000e+00	0.00000e+00	0.00000e+00	0.00000e+00	0.00000e+00	0.00000e+00	1.88684e-01	7.96313e+00	3.60000e+00	5.99401e+00	1.96912e+00	1.04633e+01	-3.40187e+01	-4.08904e-01	8.71455e+00	1.05948e+01	-4.10000e+00	5.00000e-01	
agroforestry	Fri Nov 07 14:59:57 CET 2025	25/12/2002	25	12	2002	359	2002	1.20000e+00	1.69000e+01	4.60000e+01	9.70000e+01	0.00000e+00	0.00000e+00	0.00000e+00	0.00000e+00	0.00000e+00	0.00000e+00	0.00000e+00	0.00000e+00	8.32263e-02	1.42009e+01	6.42000e+00	5.72780e+00	8.47312e+00	1.04762e+01	-6.72977e+01	-4.08594e-01	8.71763e+00	8.22859e+00	-4.23000e+00	1.00000e+00	
agroforestry	Fri Nov 07 14:59:57 CET 2025	26/12/2002	26	12	2002	360	2002	3.40000e+00	1.27000e+01	8.10000e+01	9.50000e+01	4.00000e-01	4.00000e-01	0.00000e+00	0.00000e+00	0.00000e+00	0.00000e+00	0.00000e+00	4.00000e-01	3.02248e-01	4.31336e+00	1.95000e+00	4.13411e+00	1.79256e-01	1.04944e+01	-1.42836e+01	-4.08146e-01	8.72206e+00	9.46390e+00	-4.35000e+00	4.00000e-01	
agroforestry	Fri Nov 07 14:59:57 CET 2025	27/12/2002	27	12	2002	361	2002	9.70000e+00	1.46000e+01	7.90000e+01	9.50000e+01	2.00000e-01	2.00000e-01	0.00000e+00	0.00000e+00	0.00000e+00	0.00000e+00	0.00000e+00	2.00000e-01	6.67065e-01	3.16313e+00	1.43000e+00	3.13150e+00	3.16312e-02	1.05176e+01	-8.55659e+00	-4.07563e-01	8.72785e+00	1.23114e+01	-4.44000e+00	2.60000e+00	
agroforestry	Fri Nov 07 14:59:57 CET 2025	28/12/2002	28	12	2002	362	2002	5.10000e+00	1.56000e+01	4.90000e+01	9.50000e+01	2.00000e-01	2.00000e-01	0.00000e+00	0.00000e+00	0.00000e+00	0.00000e+00	0.00000e+00	2.00000e-01	6.11255e-01	1.00424e+01	4.54000e+00	6.43072e+00	3.61168e+00	1.05460e+01	-4.49448e+01	-4.06842e-01	8.73498e+00	9.04202e+00	-4.53000e+00	2.10000e+00	
agroforestry	Fri Nov 07 14:59:57 CET 2025	29/12/2002	29	12	2002	363	2002	3.90000e+00	1.51000e+01	5.70000e+01	9.40000e+01	0.00000e+00	0.00000e+00	0.00000e+00	0.00000e+00	0.00000e+00	0.00000e+00	0.00000e+00	0.00000e+00	3.34038e-01	1.26304e+01	5.71000e+00	6.29452e+00	6.33589e+00	1.05795e+01	-5.78943e+01	-4.05986e-01	8.74345e+00	8.95642e+00	-4.61000e+00	2.00000e+00	
agroforestry	Fri Nov 07 14:59:57 CET 2025	30/12/2002	30	12	2002	364	2002	3.90000e+00	1.22000e+01	6.40000e+01	9.60000e+01	0.00000e+00	0.00000e+00	0.00000e+00	0.00000e+00	0.00000e+00	0.00000e+00	0.00000e+00	0.00000e+00	4.10333e-01	5.17604e+00	2.34000e+00	4.72836e+00	4.47674e-01	1.06182e+01	-1.83559e+01	-4.04994e-01	8.75324e+00	8.60355e+00	-4.69000e+00	6.00000e-01	
agroforestry	Fri Nov 07 14:59:57 CET 2025	31/12/2002	31	12	2002	365	2002	8.30000e+00	1.52000e+01	4.50000e+01	6.70000e+01	0.00000e+00	0.00000e+00	0.00000e+00	0.00000e+00	0.00000e+00	0.00000e+00	0.00000e+00	0.00000e+00	1.36102e+00	1.40018e+01	6.33000e+00	5.99545e+00	8.00640e+00	1.06619e+01	-6.57135e+01	-4.03866e-01	8.76436e+00	7.71821e+00	-4.77000e+00	3.70000e+00	
