SimulationName	SimulationDate	Date	Day	Month	Year	JulianDay	realYear	minTemperature	maxTemperature	minRelativeHumidity	maxRelativeHumidity	precipitation	rain	snow	meltedSnow	stockedSnow	rainCapacityinSnow	rainCapturedBySnow	waterEnteringSoil	etpPenman	globalPar	globalRadiation	diffusePar	directPar	extraTerrestrialRadiation	infraRedRadiation	sunDeclination	dayLength	airVapourPressure	waterTableDepth	windSpeed	
monocrop	Wed Nov 05 16:59:48 CET 2025	1/1/1995	1	1	1995	1	1995	-4.84360e+00	3.46321e+00	3.30000e+01	6.20000e+01	1.40000e+01	1.40000e+01	0.00000e+00	0.00000e+00	0.00000e+00	0.00000e+00	0.00000e+00	1.40000e+01	0.00000e+00	1.46876e+01	6.64000e+00	5.80333e+00	8.88422e+00	1.07246e+01	-5.80742e+01	-4.02256e-01	8.78021e+00	2.75861e+00	-5.78000e+00	0.00000e+00	
monocrop	Wed Nov 05 16:59:48 CET 2025	2/1/1995	2	1	1995	2	1995	9.44000e-02	4.71685e+00	2.30000e+01	6.60000e+01	3.14000e+01	3.14000e+01	0.00000e+00	0.00000e+00	0.00000e+00	0.00000e+00	0.00000e+00	3.14000e+01	4.94770e-01	1.07724e+01	4.87000e+00	6.60019e+00	4.17216e+00	1.07798e+01	-4.19828e+01	-4.00825e-01	8.79425e+00	3.23087e+00	-5.54000e+00	8.00000e-01	
monocrop	Wed Nov 05 16:59:48 CET 2025	3/1/1995	3	1	1995	3	1995	2.26712e+00	9.62694e+00	2.40000e+01	5.00000e+01	1.46000e+01	1.46000e+01	0.00000e+00	0.00000e+00	0.00000e+00	0.00000e+00	0.00000e+00	1.46000e+01	3.63875e-01	1.75853e+01	7.95000e+00	4.33643e+00	1.32488e+01	1.08401e+01	-7.67457e+01	-3.99262e-01	8.80958e+00	3.44446e+00	-5.04000e+00	1.30000e+00	
monocrop	Wed Nov 05 16:59:48 CET 2025	4/1/1995	4	1	1995	4	1995	-9.91960e-01	5.76155e+00	2.80000e+01	6.90000e+01	7.00000e+00	7.00000e+00	0.00000e+00	0.00000e+00	0.00000e+00	0.00000e+00	0.00000e+00	7.00000e+00	3.50923e-01	1.76074e+01	7.96000e+00	4.42153e+00	1.31858e+01	1.09055e+01	-7.24288e+01	-3.97565e-01	8.82616e+00	3.51606e+00	-4.82000e+00	1.80000e+00	
monocrop	Wed Nov 05 16:59:48 CET 2025	5/1/1995	5	1	1995	5	1995	-9.91960e-01	7.95542e+00	2.20000e+01	7.00000e+01	0.00000e+00	0.00000e+00	0.00000e+00	0.00000e+00	0.00000e+00	0.00000e+00	0.00000e+00	0.00000e+00	3.27522e-01	1.80719e+01	8.17000e+00	4.19872e+00	1.38732e+01	1.09759e+01	-7.56619e+01	-3.95738e-01	8.84398e+00	3.60455e+00	-4.75000e+00	1.60000e+00	
monocrop	Wed Nov 05 16:59:48 CET 2025	6/1/1995	6	1	1995	6	1995	-1.38700e+00	7.74648e+00	5.50000e+01	8.50000e+01	0.00000e+00	0.00000e+00	0.00000e+00	0.00000e+00	0.00000e+00	0.00000e+00	0.00000e+00	0.00000e+00	2.14712e-01	1.06396e+01	4.81000e+00	6.74752e+00	3.89211e+00	1.10514e+01	-4.11524e+01	-3.93779e-01	8.86303e+00	5.36935e+00	-4.82000e+00	6.00000e-01	
monocrop	Wed Nov 05 16:59:48 CET 2025	7/1/1995	7	1	1995	7	1995	-1.38700e+00	9.41800e+00	3.00000e+01	8.20000e+01	6.00000e-01	6.00000e-01	0.00000e+00	0.00000e+00	0.00000e+00	0.00000e+00	0.00000e+00	6.00000e-01	0.00000e+00	1.66562e+01	7.53000e+00	5.34049e+00	1.13157e+01	1.11318e+01	-6.90020e+01	-3.91691e-01	8.88329e+00	4.55626e+00	-4.88000e+00	4.00000e-01	
monocrop	Wed Nov 05 16:59:48 CET 2025	8/1/1995	8	1	1995	8	1995	-2.96716e+00	8.37330e+00	3.40000e+01	8.20000e+01	9.76000e+01	9.76000e+01	0.00000e+00	0.00000e+00	0.00000e+00	0.00000e+00	0.00000e+00	9.76000e+01	3.02064e-01	1.72092e+01	7.78000e+00	5.13451e+00	1.20747e+01	1.12173e+01	-6.97268e+01	-3.89475e-01	8.90473e+00	4.30105e+00	-4.93000e+00	1.80000e+00	
monocrop	Wed Nov 05 16:59:48 CET 2025	9/1/1995	9	1	1995	9	1995	3.45224e+00	7.53754e+00	3.60000e+01	8.50000e+01	4.40000e+00	4.40000e+00	0.00000e+00	0.00000e+00	0.00000e+00	0.00000e+00	0.00000e+00	4.40000e+00	1.80627e-01	1.26304e+01	5.71000e+00	6.86524e+00	5.76517e+00	1.13078e+01	-4.97398e+01	-3.87130e-01	8.92733e+00	5.45837e+00	-3.55000e+00	2.00000e-01	
monocrop	Wed Nov 05 16:59:48 CET 2025	10/1/1995	10	1	1995	10	1995	8.84480e-01	1.29700e+01	3.90000e+01	5.60000e+01	0.00000e+00	0.00000e+00	0.00000e+00	0.00000e+00	0.00000e+00	0.00000e+00	0.00000e+00	0.00000e+00	7.50484e-01	1.53954e+01	6.96000e+00	6.25878e+00	9.13661e+00	1.14032e+01	-6.43472e+01	-3.84659e-01	8.95108e+00	4.73102e+00	-3.64000e+00	1.90000e+00	
monocrop	Wed Nov 05 16:59:48 CET 2025	11/1/1995	11	1	1995	11	1995	-3.06592e+00	1.41192e+01	3.50000e+01	6.50000e+01	1.00000e+00	1.00000e+00	0.00000e+00	0.00000e+00	0.00000e+00	0.00000e+00	0.00000e+00	1.00000e+00	3.05919e-01	1.51521e+01	6.85000e+00	6.45307e+00	8.69901e+00	1.15035e+01	-6.22798e+01	-3.82063e-01	8.97595e+00	4.52100e+00	-3.82000e+00	7.00000e-01	
monocrop	Wed Nov 05 16:59:48 CET 2025	12/1/1995	12	1	1995	12	1995	-4.05352e+00	1.29700e+01	2.40000e+01	6.50000e+01	0.00000e+00	0.00000e+00	0.00000e+00	0.00000e+00	0.00000e+00	0.00000e+00	0.00000e+00	0.00000e+00	1.86437e-01	1.86691e+01	8.44000e+00	4.75776e+00	1.39114e+01	1.16087e+01	-7.65344e+01	-3.79343e-01	9.00191e+00	3.73482e+00	-3.95000e+00	8.00000e-01	
monocrop	Wed Nov 05 16:59:48 CET 2025	13/1/1995	13	1	1995	13	1995	-3.95476e+00	1.20297e+01	1.80000e+01	5.20000e+01	0.00000e+00	0.00000e+00	0.00000e+00	0.00000e+00	0.00000e+00	0.00000e+00	0.00000e+00	0.00000e+00	2.30932e-01	1.93770e+01	8.76000e+00	4.42233e+00	1.49546e+01	1.17188e+01	-7.81889e+01	-3.76500e-01	9.02895e+00	2.85207e+00	-4.10000e+00	8.00000e-01	
monocrop	Wed Nov 05 16:59:48 CET 2025	14/1/1995	14	1	1995	14	1995	-2.96716e+00	1.35968e+01	1.80000e+01	7.00000e+01	1.18000e+01	1.18000e+01	0.00000e+00	0.00000e+00	0.00000e+00	0.00000e+00	0.00000e+00	1.18000e+01	2.88845e-01	1.91779e+01	8.67000e+00	4.74747e+00	1.44304e+01	1.18337e+01	-7.80082e+01	-3.73536e-01	9.05704e+00	3.92036e+00	-4.22000e+00	1.00000e+00	
monocrop	Wed Nov 05 16:59:48 CET 2025	15/1/1995	15	1	1995	15	1995	-1.97956e+00	1.39102e+01	3.50000e+01	7.90000e+01	2.00000e-01	2.00000e-01	0.00000e+00	0.00000e+00	0.00000e+00	0.00000e+00	0.00000e+00	2.00000e-01	1.77090e-01	1.90673e+01	8.62000e+00	5.00563e+00	1.40617e+01	1.19534e+01	-7.72117e+01	-3.70452e-01	9.08615e+00	5.31306e+00	-4.12000e+00	9.00000e-01	
monocrop	Wed Nov 05 16:59:48 CET 2025	16/1/1995	16	1	1995	16	1995	-4.36000e-03	1.16119e+01	4.70000e+01	8.20000e+01	0.00000e+00	0.00000e+00	0.00000e+00	0.00000e+00	0.00000e+00	0.00000e+00	0.00000e+00	0.00000e+00	1.29678e-01	1.74083e+01	7.87000e+00	6.14359e+00	1.12647e+01	1.20778e+01	-6.80246e+01	-3.67249e-01	9.11626e+00	5.94527e+00	-4.24000e+00	6.00000e-01	
monocrop	Wed Nov 05 16:59:48 CET 2025	17/1/1995	17	1	1995	17	1995	4.73612e+00	1.02538e+01	6.30000e+01	8.30000e+01	2.00000e+01	2.00000e+01	0.00000e+00	0.00000e+00	0.00000e+00	0.00000e+00	0.00000e+00	2.00000e+01	9.68673e-01	1.65899e+00	7.50000e-01	1.64240e+00	1.65899e-02	1.22070e+01	4.46700e-01	-3.63930e-01	9.14735e+00	7.55914e+00	-4.35000e+00	1.80000e+00	
monocrop	Wed Nov 05 16:59:48 CET 2025	18/1/1995	18	1	1995	18	1995	6.21752e+00	1.10895e+01	5.40000e+01	8.60000e+01	2.20000e+00	2.20000e+00	0.00000e+00	0.00000e+00	0.00000e+00	0.00000e+00	0.00000e+00	2.20000e+00	9.13617e-01	6.63594e-01	3.00000e-01	6.56959e-01	6.63596e-03	1.23409e+01	4.91308e+00	-3.60494e-01	9.17938e+00	7.84290e+00	-4.10000e+00	8.00000e-01	
monocrop	Wed Nov 05 16:59:48 CET 2025	19/1/1995	19	1	1995	19	1995	7.69892e+00	1.31789e+01	4.10000e+01	7.20000e+01	2.00000e+01	2.00000e+01	0.00000e+00	0.00000e+00	0.00000e+00	0.00000e+00	0.00000e+00	2.00000e+01	3.83141e-01	1.85364e+01	8.38000e+00	6.06214e+00	1.24743e+01	1.24794e+01	-7.37372e+01	-3.56945e-01	9.21234e+00	7.13774e+00	-4.18000e+00	8.00000e-01	
monocrop	Wed Nov 05 16:59:48 CET 2025	20/1/1995	20	1	1995	20	1995	7.20512e+00	1.03582e+01	5.00000e+01	7.70000e+01	1.00000e+00	1.00000e+00	0.00000e+00	0.00000e+00	0.00000e+00	0.00000e+00	0.00000e+00	1.00000e+00	8.58768e-01	5.88387e+00	2.66000e+00	5.44872e+00	4.35149e-01	1.26225e+01	-1.71401e+01	-3.53284e-01	9.24619e+00	7.17660e+00	-3.94000e+00	9.00000e-01	
monocrop	Wed Nov 05 16:59:48 CET 2025	21/1/1995	21	1	1995	21	1995	7.89644e+00	1.53728e+01	3.90000e+01	8.10000e+01	0.00000e+00	0.00000e+00	0.00000e+00	0.00000e+00	0.00000e+00	0.00000e+00	0.00000e+00	0.00000e+00	6.51021e-01	1.89346e+01	8.56000e+00	6.22168e+00	1.27129e+01	1.27701e+01	-7.52379e+01	-3.49512e-01	9.28091e+00	8.20668e+00	-4.06000e+00	1.50000e+00	
monocrop	Wed Nov 05 16:59:48 CET 2025	22/1/1995	22	1	1995	22	1995	9.57536e+00	1.40147e+01	5.50000e+01	8.60000e+01	2.00000e+00	2.00000e+00	0.00000e+00	0.00000e+00	0.00000e+00	0.00000e+00	0.00000e+00	2.00000e+00	8.10024e-01	1.33604e+01	6.04000e+00	7.91420e+00	5.44617e+00	1.29222e+01	-4.96125e+01	-3.45631e-01	9.31648e+00	9.74562e+00	-4.19000e+00	1.90000e+00	
monocrop	Wed Nov 05 16:59:48 CET 2025	23/1/1995	23	1	1995	23	1995	6.21752e+00	1.48504e+01	5.20000e+01	8.90000e+01	6.00000e+00	6.00000e+00	0.00000e+00	0.00000e+00	0.00000e+00	0.00000e+00	0.00000e+00	6.00000e+00	4.26441e-01	1.42894e+01	6.46000e+00	7.97193e+00	6.31747e+00	1.30788e+01	-5.26000e+01	-3.41643e-01	9.35287e+00	8.96306e+00	-4.26000e+00	5.00000e-01	
monocrop	Wed Nov 05 16:59:48 CET 2025	24/1/1995	24	1	1995	24	1995	7.89644e+00	1.51638e+01	3.70000e+01	8.20000e+01	0.00000e+00	0.00000e+00	0.00000e+00	0.00000e+00	0.00000e+00	0.00000e+00	0.00000e+00	0.00000e+00	4.72127e-01	1.59041e+01	7.19000e+00	7.85696e+00	8.04719e+00	1.32397e+01	-5.92314e+01	-3.37549e-01	9.39005e+00	8.08224e+00	-4.25000e+00	3.00000e-01	
monocrop	Wed Nov 05 16:59:48 CET 2025	25/1/1995	25	1	1995	25	1995	2.46464e+00	1.57907e+01	4.00000e+01	8.80000e+01	0.00000e+00	0.00000e+00	0.00000e+00	0.00000e+00	0.00000e+00	0.00000e+00	0.00000e+00	0.00000e+00	2.14751e-01	2.01512e+01	9.11000e+00	6.37836e+00	1.37728e+01	1.34050e+01	-7.49789e+01	-3.33352e-01	9.42799e+00	7.40415e+00	-4.37000e+00	2.00000e-01	
monocrop	Wed Nov 05 16:59:48 CET 2025	26/1/1995	26	1	1995	26	1995	-3.00640e-01	1.39102e+01	3.90000e+01	8.70000e+01	0.00000e+00	0.00000e+00	0.00000e+00	0.00000e+00	0.00000e+00	0.00000e+00	0.00000e+00	0.00000e+00	4.11045e-01	1.38470e+01	6.26000e+00	8.31510e+00	5.53191e+00	1.35746e+01	-4.68669e+01	-3.29053e-01	9.46668e+00	6.22227e+00	-4.47000e+00	2.00000e-01	
monocrop	Wed Nov 05 16:59:48 CET 2025	27/1/1995	27	1	1995	27	1995	2.26712e+00	1.31789e+01	3.20000e+01	7.10000e+01	0.00000e+00	0.00000e+00	0.00000e+00	0.00000e+00	0.00000e+00	0.00000e+00	0.00000e+00	0.00000e+00	2.71129e-01	2.20313e+01	9.96000e+00	5.68886e+00	1.63425e+01	1.37484e+01	-7.83548e+01	-3.24654e-01	9.50608e+00	5.41652e+00	-4.56000e+00	3.00000e-01	
monocrop	Wed Nov 05 16:59:48 CET 2025	28/1/1995	28	1	1995	28	1995	1.37828e+00	1.04627e+01	4.20000e+01	7.10000e+01	0.00000e+00	0.00000e+00	0.00000e+00	0.00000e+00	0.00000e+00	0.00000e+00	0.00000e+00	0.00000e+00	6.02518e-01	1.29401e+01	5.85000e+00	8.46168e+00	4.47841e+00	1.39263e+01	-4.09245e+01	-3.20157e-01	9.54617e+00	5.25014e+00	-4.65000e+00	5.00000e-01	
monocrop	Wed Nov 05 16:59:48 CET 2025	29/1/1995	29	1	1995	29	1995	7.85720e-01	1.35968e+01	4.10000e+01	7.40000e+01	0.00000e+00	0.00000e+00	0.00000e+00	0.00000e+00	0.00000e+00	0.00000e+00	0.00000e+00	0.00000e+00	6.77293e-01	1.37143e+01	6.20000e+00	8.62227e+00	5.09201e+00	1.41084e+01	-4.43476e+01	-3.15563e-01	9.58693e+00	5.83167e+00	-4.73000e+00	7.00000e-01	
monocrop	Wed Nov 05 16:59:48 CET 2025	30/1/1995	30	1	1995	30	1995	-2.07832e+00	1.30744e+01	4.40000e+01	8.50000e+01	0.00000e+00	0.00000e+00	0.00000e+00	0.00000e+00	0.00000e+00	0.00000e+00	0.00000e+00	0.00000e+00	4.07987e-01	1.68553e+01	7.62000e+00	8.54567e+00	8.30962e+00	1.42944e+01	-5.45208e+01	-3.10875e-01	9.62833e+00	5.82054e+00	-4.80000e+00	4.00000e-01	
monocrop	Wed Nov 05 16:59:48 CET 2025	31/1/1995	31	1	1995	31	1995	-2.57212e+00	1.22387e+01	2.40000e+01	7.90000e+01	0.00000e+00	0.00000e+00	0.00000e+00	0.00000e+00	0.00000e+00	0.00000e+00	0.00000e+00	0.00000e+00	3.02328e-01	2.23631e+01	1.01100e+01	6.54373e+00	1.58194e+01	1.44844e+01	-7.29721e+01	-3.06094e-01	9.67035e+00	4.43718e+00	-4.87000e+00	2.00000e-01	
monocrop	Wed Nov 05 16:59:48 CET 2025	1/2/1995	1	2	1995	32	1995	-2.47336e+00	1.19253e+01	4.90000e+01	8.50000e+01	0.00000e+00	0.00000e+00	0.00000e+00	0.00000e+00	0.00000e+00	0.00000e+00	0.00000e+00	0.00000e+00	3.24298e-01	1.97088e+01	8.91000e+00	8.09790e+00	1.16109e+01	1.46783e+01	-6.23156e+01	-3.01223e-01	9.71296e+00	5.72953e+00	-4.93000e+00	3.00000e-01	
monocrop	Wed Nov 05 16:59:48 CET 2025	2/2/1995	2	2	1995	33	1995	-3.46096e+00	1.33879e+01	4.10000e+01	8.90000e+01	0.00000e+00	0.00000e+00	0.00000e+00	0.00000e+00	0.00000e+00	0.00000e+00	0.00000e+00	0.00000e+00	4.88992e-01	1.44000e+01	6.51000e+00	9.08783e+00	5.31217e+00	1.48761e+01	-4.32642e+01	-2.96264e-01	9.75615e+00	5.65143e+00	-4.99000e+00	3.00000e-01	
monocrop	Wed Nov 05 16:59:48 CET 2025	3/2/1995	3	2	1995	34	1995	1.93160e-01	8.89565e+00	4.00000e+01	8.60000e+01	0.00000e+00	0.00000e+00	0.00000e+00	0.00000e+00	0.00000e+00	0.00000e+00	0.00000e+00	0.00000e+00	3.07715e-01	2.07705e+01	9.39000e+00	8.10849e+00	1.26620e+01	1.50775e+01	-6.29544e+01	-2.91218e-01	9.79988e+00	5.31950e+00	-5.04000e+00	0.00000e+00	
monocrop	Wed Nov 05 16:59:48 CET 2025	4/2/1995	4	2	1995	35	1995	-2.37460e+00	1.26566e+01	1.90000e+01	8.60000e+01	0.00000e+00	0.00000e+00	0.00000e+00	0.00000e+00	0.00000e+00	0.00000e+00	0.00000e+00	0.00000e+00	4.32646e-01	2.18544e+01	9.88000e+00	7.85819e+00	1.39962e+01	1.52827e+01	-6.73370e+01	-2.86087e-01	9.84414e+00	4.62144e+00	-5.09000e+00	2.00000e-01	
monocrop	Wed Nov 05 16:59:48 CET 2025	5/2/1995	5	2	1995	36	1995	-3.16468e+00	1.49549e+01	4.30000e+01	8.70000e+01	0.00000e+00	0.00000e+00	0.00000e+00	0.00000e+00	0.00000e+00	0.00000e+00	0.00000e+00	0.00000e+00	6.23768e-01	2.33143e+01	1.05400e+01	7.35586e+00	1.59584e+01	1.54914e+01	-7.26244e+01	-2.80873e-01	9.88890e+00	6.02938e+00	-5.14000e+00	1.30000e+00	
monocrop	Wed Nov 05 16:59:48 CET 2025	6/2/1995	6	2	1995	37	1995	-2.96716e+00	1.59996e+01	4.00000e+01	8.90000e+01	0.00000e+00	0.00000e+00	0.00000e+00	0.00000e+00	0.00000e+00	0.00000e+00	0.00000e+00	0.00000e+00	5.65503e-01	2.30931e+01	1.04400e+01	7.75331e+00	1.53398e+01	1.57036e+01	-7.15575e+01	-2.75579e-01	9.93414e+00	6.24519e+00	-5.19000e+00	8.00000e-01	
monocrop	Wed Nov 05 16:59:48 CET 2025	7/2/1995	7	2	1995	38	1995	-3.26344e+00	1.49549e+01	4.90000e+01	8.70000e+01	0.00000e+00	0.00000e+00	0.00000e+00	0.00000e+00	0.00000e+00	0.00000e+00	0.00000e+00	0.00000e+00	4.41479e-01	2.38894e+01	1.08000e+01	7.59808e+00	1.62913e+01	1.59193e+01	-7.23416e+01	-2.70206e-01	9.97985e+00	6.28613e+00	-5.23000e+00	4.00000e-01	
monocrop	Wed Nov 05 16:59:48 CET 2025	8/2/1995	8	2	1995	39	1995	-4.36000e-03	1.48504e+01	4.10000e+01	8.60000e+01	0.00000e+00	0.00000e+00	0.00000e+00	0.00000e+00	0.00000e+00	0.00000e+00	0.00000e+00	0.00000e+00	5.21396e-01	2.40221e+01	1.08600e+01	7.81172e+00	1.62104e+01	1.61383e+01	-7.26209e+01	-2.64756e-01	1.00260e+01	6.54317e+00	-5.27000e+00	3.00000e-01	
monocrop	Wed Nov 05 16:59:48 CET 2025	9/2/1995	9	2	1995	40	1995	-4.36000e-03	1.43281e+01	4.10000e+01	8.10000e+01	0.00000e+00	0.00000e+00	0.00000e+00	0.00000e+00	0.00000e+00	0.00000e+00	0.00000e+00	0.00000e+00	7.82810e-01	1.51078e+01	6.83000e+00	9.93030e+00	5.17753e+00	1.63606e+01	-4.18420e+01	-2.59232e-01	1.00726e+01	6.17419e+00	-5.31000e+00	6.00000e-01	
monocrop	Wed Nov 05 16:59:48 CET 2025	10/2/1995	10	2	1995	41	1995	-2.67088e+00	7.22413e+00	4.70000e+01	8.50000e+01	0.00000e+00	0.00000e+00	0.00000e+00	0.00000e+00	0.00000e+00	0.00000e+00	0.00000e+00	0.00000e+00	5.31486e-01	1.73641e+01	7.85000e+00	1.01532e+01	7.21083e+00	1.65861e+01	-4.48046e+01	-2.53635e-01	1.01195e+01	4.74801e+00	-5.34000e+00	4.00000e-01	
monocrop	Wed Nov 05 16:59:48 CET 2025	11/2/1995	11	2	1995	42	1995	2.56340e+00	1.58951e+01	3.80000e+01	8.40000e+01	0.00000e+00	0.00000e+00	0.00000e+00	0.00000e+00	0.00000e+00	0.00000e+00	0.00000e+00	0.00000e+00	1.04255e+00	2.34249e+01	1.05900e+01	8.93079e+00	1.44941e+01	1.68147e+01	-6.88689e+01	-2.47968e-01	1.01669e+01	7.10560e+00	-5.38000e+00	1.50000e+00	
monocrop	Wed Nov 05 16:59:48 CET 2025	12/2/1995	12	2	1995	43	1995	9.97040e+00	1.98650e+01	6.50000e+01	8.70000e+01	0.00000e+00	0.00000e+00	0.00000e+00	0.00000e+00	0.00000e+00	0.00000e+00	0.00000e+00	0.00000e+00	1.30509e+00	1.19226e+01	5.39000e+00	9.40624e+00	2.51635e+00	1.70463e+01	-3.25185e+01	-2.42232e-01	1.02146e+01	1.28800e+01	-5.41000e+00	2.40000e+00	
monocrop	Wed Nov 05 16:59:48 CET 2025	13/2/1995	13	2	1995	44	1995	3.94604e+00	1.59996e+01	7.80000e+01	9.00000e+01	0.00000e+00	0.00000e+00	0.00000e+00	0.00000e+00	0.00000e+00	0.00000e+00	0.00000e+00	0.00000e+00	9.84494e-01	4.37972e+00	1.98000e+00	4.33593e+00	4.37970e-02	1.72808e+01	-5.86137e+00	-2.36429e-01	1.02627e+01	1.02861e+01	-5.44000e+00	3.40000e+00	
monocrop	Wed Nov 05 16:59:48 CET 2025	14/2/1995	14	2	1995	45	1995	4.83488e+00	1.86114e+01	3.20000e+01	9.10000e+01	0.00000e+00	0.00000e+00	0.00000e+00	0.00000e+00	0.00000e+00	0.00000e+00	0.00000e+00	0.00000e+00	1.53237e+00	2.72074e+01	1.23000e+01	7.81487e+00	1.93925e+01	1.75182e+01	-8.05186e+01	-2.30562e-01	1.03111e+01	8.46121e+00	-5.47000e+00	2.50000e+00	
monocrop	Wed Nov 05 16:59:48 CET 2025	15/2/1995	15	2	1995	46	1995	6.41504e+00	1.84024e+01	5.20000e+01	8.80000e+01	0.00000e+00	0.00000e+00	0.00000e+00	0.00000e+00	0.00000e+00	0.00000e+00	0.00000e+00	0.00000e+00	1.36202e+00	1.45770e+01	6.59000e+00	1.04601e+01	4.11687e+00	1.77583e+01	-3.86588e+01	-2.24632e-01	1.03598e+01	1.00758e+01	-5.50000e+00	2.20000e+00	
monocrop	Wed Nov 05 16:59:48 CET 2025	16/2/1995	16	2	1995	47	1995	-3.16468e+00	1.47460e+01	3.20000e+01	9.10000e+01	0.00000e+00	0.00000e+00	0.00000e+00	0.00000e+00	0.00000e+00	0.00000e+00	0.00000e+00	0.00000e+00	8.23770e-01	2.56369e+01	1.15900e+01	9.30598e+00	1.63309e+01	1.80010e+01	-6.80584e+01	-2.18642e-01	1.04088e+01	5.66360e+00	-5.53000e+00	8.00000e-01	
monocrop	Wed Nov 05 16:59:48 CET 2025	17/2/1995	17	2	1995	48	1995	-1.48576e+00	1.64175e+01	4.40000e+01	8.70000e+01	0.00000e+00	0.00000e+00	0.00000e+00	0.00000e+00	0.00000e+00	0.00000e+00	0.00000e+00	0.00000e+00	1.00340e+00	2.38009e+01	1.07600e+01	1.03149e+01	1.34861e+01	1.82463e+01	-6.31251e+01	-2.12594e-01	1.04581e+01	6.76905e+00	-5.55000e+00	1.30000e+00	
monocrop	Wed Nov 05 16:59:48 CET 2025	18/2/1995	18	2	1995	49	1995	6.31628e+00	1.67309e+01	3.00000e+01	6.00000e+01	0.00000e+00	0.00000e+00	0.00000e+00	0.00000e+00	0.00000e+00	0.00000e+00	0.00000e+00	0.00000e+00	1.99335e+00	2.97069e+01	1.34300e+01	7.60409e+00	2.21028e+01	1.84941e+01	-8.25790e+01	-2.06488e-01	1.05077e+01	6.10996e+00	-5.58000e+00	2.50000e+00	
monocrop	Wed Nov 05 16:59:48 CET 2025	19/2/1995	19	2	1995	50	1995	1.77332e+00	1.73577e+01	3.20000e+01	8.20000e+01	0.00000e+00	0.00000e+00	0.00000e+00	0.00000e+00	0.00000e+00	0.00000e+00	0.00000e+00	0.00000e+00	1.17599e+00	2.62783e+01	1.18800e+01	9.88246e+00	1.63959e+01	1.87443e+01	-7.00205e+01	-2.00329e-01	1.05575e+01	6.79166e+00	-5.60000e+00	1.00000e+00	
monocrop	Wed Nov 05 16:59:48 CET 2025	20/2/1995	20	2	1995	51	1995	1.18076e+00	1.98650e+01	3.30000e+01	8.50000e+01	0.00000e+00	0.00000e+00	0.00000e+00	0.00000e+00	0.00000e+00	0.00000e+00	0.00000e+00	0.00000e+00	1.38018e+00	2.97733e+01	1.34600e+01	8.30357e+00	2.14697e+01	1.89967e+01	-8.09482e+01	-1.94116e-01	1.06076e+01	7.49545e+00	-5.62000e+00	1.50000e+00	
monocrop	Wed Nov 05 16:59:48 CET 2025	21/2/1995	21	2	1995	52	1995	-1.28824e+00	1.89248e+01	6.30000e+01	8.70000e+01	0.00000e+00	0.00000e+00	0.00000e+00	0.00000e+00	0.00000e+00	0.00000e+00	0.00000e+00	0.00000e+00	7.92851e-01	1.21438e+01	5.49000e+00	1.00705e+01	2.07328e+00	1.92513e+01	-2.69753e+01	-1.87854e-01	1.06579e+01	8.49730e+00	-5.65000e+00	3.00000e-01	
monocrop	Wed Nov 05 16:59:48 CET 2025	22/2/1995	22	2	1995	53	1995	-4.98160e-01	1.47460e+01	4.20000e+01	8.80000e+01	0.00000e+00	0.00000e+00	0.00000e+00	0.00000e+00	0.00000e+00	0.00000e+00	0.00000e+00	0.00000e+00	9.74025e-01	1.44885e+01	6.55000e+00	1.10621e+01	3.42633e+00	1.95080e+01	-3.21232e+01	-1.81543e-01	1.07084e+01	6.56196e+00	-5.67000e+00	7.00000e-01	
monocrop	Wed Nov 05 16:59:48 CET 2025	23/2/1995	23	2	1995	54	1995	5.62496e+00	1.26566e+01	4.40000e+01	8.10000e+01	0.00000e+00	0.00000e+00	0.00000e+00	0.00000e+00	0.00000e+00	0.00000e+00	0.00000e+00	0.00000e+00	1.05496e+00	1.90009e+01	8.59000e+00	1.20668e+01	6.93417e+00	1.97668e+01	-4.41818e+01	-1.75185e-01	1.07591e+01	7.23701e+00	-5.69000e+00	5.00000e-01	
monocrop	Wed Nov 05 16:59:48 CET 2025	24/2/1995	24	2	1995	55	1995	7.99520e+00	1.42236e+01	4.60000e+01	8.60000e+01	0.00000e+00	0.00000e+00	0.00000e+00	0.00000e+00	0.00000e+00	0.00000e+00	0.00000e+00	0.00000e+00	1.16719e+00	2.35576e+01	1.06500e+01	1.19836e+01	1.15740e+01	2.00274e+01	-5.72448e+01	-1.68783e-01	1.08100e+01	8.71855e+00	-5.71000e+00	6.00000e-01	
monocrop	Wed Nov 05 16:59:48 CET 2025	25/2/1995	25	2	1995	56	1995	8.88404e+00	1.46415e+01	4.50000e+01	6.90000e+01	0.00000e+00	0.00000e+00	0.00000e+00	0.00000e+00	0.00000e+00	0.00000e+00	0.00000e+00	0.00000e+00	1.20495e+00	3.10120e+01	1.40200e+01	9.35675e+00	2.16552e+01	2.02898e+01	-7.74586e+01	-1.62338e-01	1.08611e+01	7.86267e+00	-5.73000e+00	2.00000e-01	
monocrop	Wed Nov 05 16:59:48 CET 2025	26/2/1995	26	2	1995	57	1995	3.45224e+00	1.86114e+01	3.40000e+01	7.20000e+01	0.00000e+00	0.00000e+00	0.00000e+00	0.00000e+00	0.00000e+00	0.00000e+00	0.00000e+00	0.00000e+00	2.24224e+00	2.31594e+01	1.04700e+01	1.24549e+01	1.07046e+01	2.05539e+01	-5.56340e+01	-1.55853e-01	1.09123e+01	6.96526e+00	-5.74000e+00	3.00000e+00	
monocrop	Wed Nov 05 16:59:48 CET 2025	27/2/1995	27	2	1995	58	1995	4.14356e+00	1.73577e+01	1.80000e+01	3.80000e+01	0.00000e+00	0.00000e+00	0.00000e+00	0.00000e+00	0.00000e+00	0.00000e+00	0.00000e+00	0.00000e+00	1.98882e+00	3.41972e+01	1.54600e+01	8.02464e+00	2.61726e+01	2.08196e+01	-8.42480e+01	-1.49329e-01	1.09637e+01	3.61158e+00	-5.76000e+00	1.50000e+00	
monocrop	Wed Nov 05 16:59:48 CET 2025	28/2/1995	28	2	1995	59	1995	-1.18948e+00	1.80890e+01	1.30000e+01	6.50000e+01	0.00000e+00	0.00000e+00	0.00000e+00	0.00000e+00	0.00000e+00	0.00000e+00	0.00000e+00	0.00000e+00	1.46828e+00	3.44627e+01	1.55800e+01	8.25356e+00	2.62091e+01	2.10868e+01	-8.23730e+01	-1.42768e-01	1.10153e+01	4.30969e+00	-5.78000e+00	8.00000e-01	
monocrop	Wed Nov 05 16:59:48 CET 2025	1/3/1995	1	3	1995	60	1995	-1.68328e+00	1.69398e+01	2.30000e+01	7.20000e+01	0.00000e+00	0.00000e+00	0.00000e+00	0.00000e+00	0.00000e+00	0.00000e+00	0.00000e+00	0.00000e+00	1.28543e+00	2.90876e+01	1.31500e+01	1.16205e+01	1.74671e+01	2.13554e+01	-6.64051e+01	-1.36173e-01	1.10669e+01	4.96362e+00	-5.79000e+00	5.00000e-01	
monocrop	Wed Nov 05 16:59:48 CET 2025	2/3/1995	2	3	1995	61	1995	4.63736e+00	1.68354e+01	3.20000e+01	6.90000e+01	0.00000e+00	0.00000e+00	0.00000e+00	0.00000e+00	0.00000e+00	0.00000e+00	0.00000e+00	0.00000e+00	1.42643e+00	3.34230e+01	1.51100e+01	9.74840e+00	2.36746e+01	2.16253e+01	-7.85324e+01	-1.29544e-01	1.11188e+01	6.50755e+00	-5.81000e+00	4.00000e-01	
monocrop	Wed Nov 05 16:59:48 CET 2025	3/3/1995	3	3	1995	62	1995	2.36588e+00	2.46706e+01	4.60000e+01	8.40000e+01	0.00000e+00	0.00000e+00	0.00000e+00	0.00000e+00	0.00000e+00	0.00000e+00	0.00000e+00	0.00000e+00	1.26815e+00	9.44516e+00	4.27000e+00	8.93974e+00	5.05421e-01	2.18965e+01	-1.66942e+01	-1.22885e-01	1.11707e+01	1.00608e+01	-5.82000e+00	6.00000e-01	
monocrop	Wed Nov 05 16:59:48 CET 2025	4/3/1995	4	3	1995	63	1995	1.77332e+00	1.98650e+01	2.50000e+01	6.80000e+01	0.00000e+00	0.00000e+00	0.00000e+00	0.00000e+00	0.00000e+00	0.00000e+00	0.00000e+00	0.00000e+00	1.63953e+00	3.29806e+01	1.49100e+01	1.07405e+01	2.22401e+01	2.21687e+01	-7.64448e+01	-1.16197e-01	1.12227e+01	6.02522e+00	-5.84000e+00	7.00000e-01	
monocrop	Wed Nov 05 16:59:48 CET 2025	5/3/1995	5	3	1995	64	1995	9.27908e+00	2.21633e+01	4.80000e+01	8.60000e+01	0.00000e+00	0.00000e+00	0.00000e+00	0.00000e+00	0.00000e+00	0.00000e+00	0.00000e+00	0.00000e+00	1.48319e+00	1.10157e+01	4.98000e+00	1.00410e+01	9.74628e-01	2.24420e+01	-2.03868e+01	-1.09482e-01	1.12748e+01	1.19564e+01	-5.85000e+00	1.00000e+00	
monocrop	Wed Nov 05 16:59:48 CET 2025	6/3/1995	6	3	1995	65	1995	3.35348e+00	2.22678e+01	2.70000e+01	8.60000e+01	0.00000e+00	0.00000e+00	0.00000e+00	0.00000e+00	0.00000e+00	0.00000e+00	0.00000e+00	0.00000e+00	1.75529e+00	3.35558e+01	1.51700e+01	1.11356e+01	2.24201e+01	2.27162e+01	-7.80743e+01	-1.02741e-01	1.13270e+01	8.34998e+00	-5.87000e+00	7.00000e-01	
monocrop	Wed Nov 05 16:59:48 CET 2025	7/3/1995	7	3	1995	66	1995	-1.03120e-01	2.05963e+01	2.80000e+01	7.70000e+01	0.00000e+00	0.00000e+00	0.00000e+00	0.00000e+00	0.00000e+00	0.00000e+00	0.00000e+00	0.00000e+00	1.65691e+00	3.39097e+01	1.53300e+01	1.12985e+01	2.26112e+01	2.29913e+01	-7.55518e+01	-9.59776e-02	1.13793e+01	6.54773e+00	-5.88000e+00	7.00000e-01	
monocrop	Wed Nov 05 16:59:48 CET 2025	8/3/1995	8	3	1995	67	1995	5.88200e-01	2.11186e+01	3.90000e+01	8.00000e+01	0.00000e+00	0.00000e+00	0.00000e+00	0.00000e+00	0.00000e+00	0.00000e+00	0.00000e+00	0.00000e+00	1.46687e+00	2.39779e+01	1.08400e+01	1.42509e+01	9.72695e+00	2.32670e+01	-5.05959e+01	-8.91925e-02	1.14317e+01	7.72729e+00	-5.89000e+00	5.00000e-01	
monocrop	Wed Nov 05 16:59:48 CET 2025	9/3/1995	9	3	1995	68	1995	3.90680e-01	1.84024e+01	3.40000e+01	8.00000e+01	0.00000e+00	0.00000e+00	0.00000e+00	0.00000e+00	0.00000e+00	0.00000e+00	0.00000e+00	0.00000e+00	1.69396e+00	3.72055e+01	1.68200e+01	1.00920e+01	2.71136e+01	2.35434e+01	-8.00508e+01	-8.23877e-02	1.14841e+01	6.71490e+00	-5.91000e+00	8.00000e-01	
monocrop	Wed Nov 05 16:59:48 CET 2025	10/3/1995	10	3	1995	69	1995	-1.38700e+00	2.12231e+01	5.10000e+01	8.30000e+01	0.00000e+00	0.00000e+00	0.00000e+00	0.00000e+00	0.00000e+00	0.00000e+00	0.00000e+00	0.00000e+00	1.61657e+00	3.57899e+01	1.61800e+01	1.13445e+01	2.44454e+01	2.38204e+01	-7.70804e+01	-7.55652e-02	1.15366e+01	8.17436e+00	-5.92000e+00	7.00000e-01	
monocrop	Wed Nov 05 16:59:48 CET 2025	11/3/1995	11	3	1995	70	1995	8.84480e-01	2.13276e+01	4.20000e+01	8.60000e+01	0.00000e+00	0.00000e+00	0.00000e+00	0.00000e+00	0.00000e+00	0.00000e+00	0.00000e+00	0.00000e+00	1.81476e+00	3.61438e+01	1.63400e+01	1.15121e+01	2.46317e+01	2.40978e+01	-7.77836e+01	-6.87269e-02	1.15892e+01	8.45246e+00	-5.93000e+00	9.00000e-01	
monocrop	Wed Nov 05 16:59:48 CET 2025	12/3/1995	12	3	1995	71	1995	9.83240e-01	1.80890e+01	3.30000e+01	8.80000e+01	0.00000e+00	0.00000e+00	0.00000e+00	0.00000e+00	0.00000e+00	0.00000e+00	0.00000e+00	0.00000e+00	1.73769e+00	3.59668e+01	1.62600e+01	1.19704e+01	2.39964e+01	2.43755e+01	-7.41376e+01	-6.18745e-02	1.16418e+01	7.19446e+00	-5.94000e+00	8.00000e-01	
monocrop	Wed Nov 05 16:59:48 CET 2025	13/3/1995	13	3	1995	72	1995	-1.03120e-01	2.48796e+01	4.40000e+01	8.70000e+01	0.00000e+00	0.00000e+00	0.00000e+00	0.00000e+00	0.00000e+00	0.00000e+00	0.00000e+00	0.00000e+00	1.75753e+00	3.25604e+01	1.47200e+01	1.37991e+01	1.87612e+01	2.46535e+01	-6.93436e+01	-5.50100e-02	1.16944e+01	9.41538e+00	-5.95000e+00	5.00000e-01	
monocrop	Wed Nov 05 16:59:48 CET 2025	14/3/1995	14	3	1995	73	1995	7.85720e-01	1.99695e+01	2.70000e+01	8.80000e+01	0.00000e+00	0.00000e+00	0.00000e+00	0.00000e+00	0.00000e+00	0.00000e+00	0.00000e+00	0.00000e+00	2.52621e+00	3.36885e+01	1.52300e+01	1.36731e+01	2.00154e+01	2.49317e+01	-6.82843e+01	-4.81351e-02	1.17470e+01	7.23438e+00	-5.96000e+00	2.90000e+00	
monocrop	Wed Nov 05 16:59:48 CET 2025	15/3/1995	15	3	1995	74	1995	4.04480e+00	2.27902e+01	3.60000e+01	6.30000e+01	0.00000e+00	0.00000e+00	0.00000e+00	0.00000e+00	0.00000e+00	0.00000e+00	0.00000e+00	0.00000e+00	2.00767e+00	1.98636e+01	8.98000e+00	1.46380e+01	5.22556e+00	2.52099e+01	-3.76826e+01	-4.12516e-02	1.17997e+01	7.61149e+00	-5.97000e+00	1.00000e+00	
monocrop	Wed Nov 05 16:59:48 CET 2025	16/3/1995	16	3	1995	75	1995	4.43984e+00	2.41483e+01	2.30000e+01	7.10000e+01	0.00000e+00	0.00000e+00	0.00000e+00	0.00000e+00	0.00000e+00	0.00000e+00	0.00000e+00	0.00000e+00	2.40247e+00	4.10323e+01	1.85500e+01	1.04170e+01	3.06153e+01	2.54881e+01	-8.76572e+01	-3.43614e-02	1.18524e+01	7.65073e+00	-5.98000e+00	8.00000e-01	
monocrop	Wed Nov 05 16:59:48 CET 2025	17/3/1995	17	3	1995	76	1995	2.36588e+00	2.80137e+01	4.50000e+01	7.50000e+01	0.00000e+00	0.00000e+00	0.00000e+00	0.00000e+00	0.00000e+00	0.00000e+00	0.00000e+00	0.00000e+00	1.86253e+00	2.32479e+01	1.05100e+01	1.55699e+01	7.67805e+00	2.57662e+01	-4.61788e+01	-2.74663e-02	1.19051e+01	1.03481e+01	-5.99000e+00	5.00000e-01	
monocrop	Wed Nov 05 16:59:48 CET 2025	18/3/1995	18	3	1995	77	1995	1.77332e+00	2.83271e+01	3.40000e+01	6.70000e+01	0.00000e+00	0.00000e+00	0.00000e+00	0.00000e+00	0.00000e+00	0.00000e+00	0.00000e+00	0.00000e+00	2.97762e+00	4.02581e+01	1.82000e+01	1.17369e+01	2.85212e+01	2.60441e+01	-8.59626e+01	-2.05680e-02	1.19578e+01	8.63181e+00	-6.00000e+00	1.90000e+00	
monocrop	Wed Nov 05 16:59:48 CET 2025	19/3/1995	19	3	1995	78	1995	1.10568e+01	1.70443e+01	3.30000e+01	7.00000e+01	0.00000e+00	0.00000e+00	0.00000e+00	0.00000e+00	0.00000e+00	0.00000e+00	0.00000e+00	0.00000e+00	3.60365e+00	4.01475e+01	1.81500e+01	1.21884e+01	2.79590e+01	2.63217e+01	-7.97052e+01	-1.36683e-02	1.20105e+01	8.25194e+00	-6.01000e+00	3.60000e+00	
monocrop	Wed Nov 05 16:59:48 CET 2025	20/3/1995	20	3	1995	79	1995	4.14356e+00	1.84024e+01	1.60000e+01	5.20000e+01	0.00000e+00	0.00000e+00	0.00000e+00	0.00000e+00	0.00000e+00	0.00000e+00	0.00000e+00	0.00000e+00	2.72421e+00	4.42618e+01	2.00100e+01	9.82739e+00	3.44344e+01	2.65989e+01	-8.60544e+01	-6.76899e-03	1.20632e+01	4.54040e+00	-6.02000e+00	1.40000e+00	
monocrop	Wed Nov 05 16:59:48 CET 2025	21/3/1995	21	3	1995	80	1995	-3.75724e+00	2.12231e+01	1.80000e+01	6.30000e+01	0.00000e+00	0.00000e+00	0.00000e+00	0.00000e+00	0.00000e+00	0.00000e+00	0.00000e+00	0.00000e+00	2.25652e+00	4.35982e+01	1.97100e+01	1.07518e+01	3.28463e+01	2.68757e+01	-8.27740e+01	1.28135e-04	1.21159e+01	4.56213e+00	-6.03000e+00	9.00000e-01	
monocrop	Wed Nov 05 16:59:48 CET 2025	22/3/1995	22	3	1995	81	1995	-4.98160e-01	2.01784e+01	2.00000e+01	7.50000e+01	0.00000e+00	0.00000e+00	0.00000e+00	0.00000e+00	0.00000e+00	0.00000e+00	0.00000e+00	0.00000e+00	2.30433e+00	4.08332e+01	1.84600e+01	1.29098e+01	2.79234e+01	2.71519e+01	-7.65294e+01	7.02133e-03	1.21686e+01	5.76505e+00	-6.04000e+00	1.00000e+00	
monocrop	Wed Nov 05 16:59:48 CET 2025	23/3/1995	23	3	1995	82	1995	-1.18948e+00	1.68354e+01	2.60000e+01	8.30000e+01	0.00000e+00	0.00000e+00	0.00000e+00	0.00000e+00	0.00000e+00	0.00000e+00	0.00000e+00	0.00000e+00	2.25239e+00	4.19613e+01	1.89700e+01	1.26248e+01	2.93365e+01	2.74275e+01	-7.53678e+01	1.39089e-02	1.22213e+01	5.77123e+00	-6.05000e+00	1.40000e+00	
monocrop	Wed Nov 05 16:59:48 CET 2025	24/3/1995	24	3	1995	83	1995	8.88404e+00	2.04918e+01	4.30000e+01	8.70000e+01	0.00000e+00	0.00000e+00	0.00000e+00	0.00000e+00	0.00000e+00	0.00000e+00	0.00000e+00	0.00000e+00	2.80932e+00	4.21382e+01	1.90500e+01	1.28957e+01	2.92425e+01	2.77024e+01	-8.11518e+01	2.07889e-02	1.22739e+01	1.08538e+01	-6.06000e+00	1.60000e+00	
monocrop	Wed Nov 05 16:59:48 CET 2025	25/3/1995	25	3	1995	84	1995	6.86960e-01	2.17455e+01	3.00000e+01	5.80000e+01	0.00000e+00	0.00000e+00	0.00000e+00	0.00000e+00	0.00000e+00	0.00000e+00	0.00000e+00	0.00000e+00	2.42588e+00	4.25143e+01	1.92200e+01	1.30473e+01	2.94670e+01	2.79765e+01	-7.89241e+01	2.76599e-02	1.23265e+01	5.85372e+00	-6.07000e+00	7.00000e-01	
monocrop	Wed Nov 05 16:59:48 CET 2025	26/3/1995	26	3	1995	85	1995	5.88200e-01	2.05963e+01	2.20000e+01	8.00000e+01	0.00000e+00	0.00000e+00	0.00000e+00	0.00000e+00	0.00000e+00	0.00000e+00	0.00000e+00	0.00000e+00	2.48333e+00	4.49475e+01	2.03200e+01	1.19070e+01	3.30405e+01	2.82496e+01	-8.21176e+01	3.45199e-02	1.23790e+01	6.50916e+00	-6.07000e+00	9.00000e-01	
monocrop	Wed Nov 05 16:59:48 CET 2025	27/3/1995	27	3	1995	86	1995	1.77332e+00	2.31036e+01	2.90000e+01	6.10000e+01	0.00000e+00	0.00000e+00	0.00000e+00	0.00000e+00	0.00000e+00	0.00000e+00	0.00000e+00	0.00000e+00	1.93235e+00	1.24092e+01	5.61000e+00	1.17180e+01	6.91175e-01	2.85219e+01	-1.66215e+01	4.13673e-02	1.24315e+01	6.48997e+00	-6.08000e+00	8.00000e-01	
monocrop	Wed Nov 05 16:59:48 CET 2025	28/3/1995	28	3	1995	87	1995	4.53860e+00	2.65511e+01	1.20000e+01	5.50000e+01	0.00000e+00	0.00000e+00	0.00000e+00	0.00000e+00	0.00000e+00	0.00000e+00	0.00000e+00	0.00000e+00	3.51118e+00	4.56774e+01	2.06500e+01	1.22259e+01	3.34516e+01	2.87930e+01	-8.79630e+01	4.82004e-02	1.24839e+01	5.91098e+00	-6.09000e+00	1.60000e+00	
monocrop	Wed Nov 05 16:59:48 CET 2025	29/3/1995	29	3	1995	88	1995	-1.48576e+00	1.86114e+01	2.30000e+01	5.80000e+01	0.00000e+00	0.00000e+00	0.00000e+00	0.00000e+00	0.00000e+00	0.00000e+00	0.00000e+00	0.00000e+00	2.45905e+00	3.50599e+01	1.58500e+01	1.72153e+01	1.78446e+01	2.90631e+01	-5.85278e+01	5.50175e-02	1.25363e+01	4.50988e+00	-6.10000e+00	1.30000e+00	
monocrop	Wed Nov 05 16:59:48 CET 2025	30/3/1995	30	3	1995	89	1995	3.05720e+00	2.01784e+01	1.20000e+01	3.30000e+01	0.00000e+00	0.00000e+00	0.00000e+00	0.00000e+00	0.00000e+00	0.00000e+00	0.00000e+00	0.00000e+00	3.28203e+00	4.93051e+01	2.22900e+01	1.04576e+01	3.88474e+01	2.93319e+01	-8.78561e+01	6.18167e-02	1.25886e+01	3.07409e+00	-6.10000e+00	1.50000e+00	
monocrop	Wed Nov 05 16:59:48 CET 2025	31/3/1995	31	3	1995	90	1995	2.06960e+00	1.75667e+01	1.20000e+01	5.00000e+01	0.00000e+00	0.00000e+00	0.00000e+00	0.00000e+00	0.00000e+00	0.00000e+00	0.00000e+00	0.00000e+00	2.72521e+00	4.06341e+01	1.83700e+01	1.59772e+01	2.46569e+01	2.95995e+01	-6.82004e+01	6.85966e-02	1.26408e+01	3.75691e+00	-6.11000e+00	1.10000e+00	
monocrop	Wed Nov 05 16:59:48 CET 2025	1/4/1995	1	4	1995	91	1995	3.90680e-01	2.02829e+01	2.90000e+01	5.60000e+01	0.00000e+00	0.00000e+00	0.00000e+00	0.00000e+00	0.00000e+00	0.00000e+00	0.00000e+00	0.00000e+00	2.67411e+00	4.65180e+01	2.10300e+01	1.32391e+01	3.32788e+01	2.98657e+01	-7.98065e+01	7.53552e-02	1.26930e+01	5.33259e+00	-6.12000e+00	8.00000e-01	
monocrop	Wed Nov 05 16:59:48 CET 2025	2/4/1995	2	4	1995	92	1995	1.87208e+00	1.81935e+01	2.20000e+01	8.50000e+01	0.00000e+00	0.00000e+00	0.00000e+00	0.00000e+00	0.00000e+00	0.00000e+00	0.00000e+00	0.00000e+00	2.63794e+00	4.71594e+01	2.13200e+01	1.32110e+01	3.39484e+01	3.01305e+01	-7.92668e+01	8.20910e-02	1.27451e+01	6.57766e+00	-6.12000e+00	9.00000e-01	
monocrop	Wed Nov 05 16:59:48 CET 2025	3/4/1995	3	4	1995	93	1995	2.26712e+00	2.64466e+01	5.20000e+01	9.20000e+01	2.00000e-01	2.00000e-01	0.00000e+00	0.00000e+00	0.00000e+00	0.00000e+00	0.00000e+00	2.00000e-01	2.23144e+00	2.88000e+01	1.30200e+01	1.85216e+01	1.02784e+01	3.03938e+01	-4.81025e+01	8.88023e-02	1.27970e+01	1.17680e+01	-6.13000e+00	1.10000e+00	
monocrop	Wed Nov 05 16:59:48 CET 2025	4/4/1995	4	4	1995	94	1995	3.84728e+00	2.10142e+01	4.60000e+01	8.70000e+01	0.00000e+00	0.00000e+00	0.00000e+00	0.00000e+00	0.00000e+00	0.00000e+00	0.00000e+00	0.00000e+00	2.50771e+00	3.76700e+01	1.70300e+01	1.79993e+01	1.96708e+01	3.06555e+01	-6.25442e+01	9.54873e-02	1.28489e+01	9.58587e+00	-6.14000e+00	1.10000e+00	
monocrop	Wed Nov 05 16:59:48 CET 2025	5/4/1995	5	4	1995	95	1995	9.83240e-01	2.36259e+01	5.00000e+01	8.90000e+01	0.00000e+00	0.00000e+00	0.00000e+00	0.00000e+00	0.00000e+00	0.00000e+00	0.00000e+00	0.00000e+00	2.41449e+00	3.61659e+01	1.63500e+01	1.85344e+01	1.76315e+01	3.09156e+01	-5.96852e+01	1.02144e-01	1.29007e+01	9.93556e+00	-6.14000e+00	1.10000e+00	
monocrop	Wed Nov 05 16:59:48 CET 2025	6/4/1995	6	4	1995	96	1995	2.56340e+00	2.48796e+01	3.30000e+01	9.20000e+01	0.00000e+00	0.00000e+00	0.00000e+00	0.00000e+00	0.00000e+00	0.00000e+00	0.00000e+00	0.00000e+00	2.96517e+00	4.10765e+01	1.85700e+01	1.74823e+01	2.35942e+01	3.11740e+01	-6.96160e+01	1.08772e-01	1.29524e+01	9.80266e+00	-6.15000e+00	1.50000e+00	
monocrop	Wed Nov 05 16:59:48 CET 2025	7/4/1995	7	4	1995	97	1995	1.07605e+01	2.16410e+01	2.60000e+01	7.60000e+01	0.00000e+00	0.00000e+00	0.00000e+00	0.00000e+00	0.00000e+00	0.00000e+00	0.00000e+00	0.00000e+00	3.66563e+00	4.65622e+01	2.10500e+01	1.53353e+01	3.12269e+01	3.14306e+01	-8.01889e+01	1.15368e-01	1.30039e+01	9.38443e+00	-6.16000e+00	1.60000e+00	
monocrop	Wed Nov 05 16:59:48 CET 2025	8/4/1995	8	4	1995	98	1995	2.36588e+00	1.71488e+01	1.50000e+01	8.30000e+01	0.00000e+00	0.00000e+00	0.00000e+00	0.00000e+00	0.00000e+00	0.00000e+00	0.00000e+00	0.00000e+00	3.03651e+00	5.07429e+01	2.29400e+01	1.31326e+01	3.76103e+01	3.16853e+01	-8.06412e+01	1.21932e-01	1.30553e+01	5.91416e+00	-6.16000e+00	1.30000e+00	
monocrop	Wed Nov 05 16:59:48 CET 2025	9/4/1995	9	4	1995	99	1995	2.14700e+00	1.64800e+01	1.50000e+01	5.70000e+01	0.00000e+00	0.00000e+00	0.00000e+00	0.00000e+00	0.00000e+00	0.00000e+00	0.00000e+00	0.00000e+00	3.04781e+00	5.23797e+01	2.36800e+01	1.23687e+01	4.00110e+01	3.19381e+01	-8.21784e+01	1.28461e-01	1.31066e+01	4.21734e+00	-6.17000e+00	1.00000e+00	
monocrop	Wed Nov 05 16:59:48 CET 2025	10/4/1995	10	4	1995	100	1995	-8.26000e-01	2.10500e+01	1.90000e+01	7.80000e+01	0.00000e+00	0.00000e+00	0.00000e+00	0.00000e+00	0.00000e+00	0.00000e+00	0.00000e+00	0.00000e+00	2.99185e+00	4.76461e+01	2.15400e+01	1.57268e+01	3.19193e+01	3.21890e+01	-7.53598e+01	1.34953e-01	1.31577e+01	5.99464e+00	-6.17000e+00	1.20000e+00	
monocrop	Wed Nov 05 16:59:48 CET 2025	11/4/1995	11	4	1995	101	1995	1.67800e+00	2.35700e+01	2.60000e+01	8.30000e+01	0.00000e+00	0.00000e+00	0.00000e+00	0.00000e+00	0.00000e+00	0.00000e+00	0.00000e+00	0.00000e+00	3.06736e+00	4.84645e+01	2.19100e+01	1.56016e+01	3.28629e+01	3.24378e+01	-7.88108e+01	1.41408e-01	1.32087e+01	7.95643e+00	-6.18000e+00	8.00000e-01	
monocrop	Wed Nov 05 16:59:48 CET 2025	12/4/1995	12	4	1995	102	1995	5.90400e+00	2.25600e+01	1.70000e+01	8.70000e+01	0.00000e+00	0.00000e+00	0.00000e+00	0.00000e+00	0.00000e+00	0.00000e+00	0.00000e+00	0.00000e+00	3.65930e+00	5.12074e+01	2.31500e+01	1.42985e+01	3.69089e+01	3.26845e+01	-8.40086e+01	1.47823e-01	1.32595e+01	8.43068e+00	-6.19000e+00	1.50000e+00	
monocrop	Wed Nov 05 16:59:48 CET 2025	13/4/1995	13	4	1995	103	1995	5.57000e-01	2.15600e+01	2.10000e+01	6.20000e+01	0.00000e+00	0.00000e+00	0.00000e+00	0.00000e+00	0.00000e+00	0.00000e+00	0.00000e+00	0.00000e+00	2.88358e+00	3.74710e+01	1.69400e+01	1.99056e+01	1.75653e+01	3.29290e+01	-5.65643e+01	1.54197e-01	1.33102e+01	5.46361e+00	-6.19000e+00	1.10000e+00	
monocrop	Wed Nov 05 16:59:48 CET 2025	14/4/1995	14	4	1995	104	1995	-4.31000e-01	2.28000e+01	1.50000e+01	8.30000e+01	0.00000e+00	0.00000e+00	0.00000e+00	0.00000e+00	0.00000e+00	0.00000e+00	0.00000e+00	0.00000e+00	3.26565e+00	5.20258e+01	2.35200e+01	1.44757e+01	3.75501e+01	3.31713e+01	-8.17088e+01	1.60529e-01	1.33606e+01	6.50521e+00	-6.20000e+00	1.10000e+00	
monocrop	Wed Nov 05 16:59:48 CET 2025	15/4/1995	15	4	1995	105	1995	1.47200e+00	2.45100e+01	1.50000e+01	8.60000e+01	0.00000e+00	0.00000e+00	0.00000e+00	0.00000e+00	0.00000e+00	0.00000e+00	0.00000e+00	0.00000e+00	3.28292e+00	4.80442e+01	2.17200e+01	1.70508e+01	3.09934e+01	3.34114e+01	-7.60034e+01	1.66815e-01	1.34109e+01	7.55192e+00	-6.20000e+00	1.00000e+00	
monocrop	Wed Nov 05 16:59:48 CET 2025	16/4/1995	16	4	1995	106	1995	1.19700e+00	2.34100e+01	1.50000e+01	4.20000e+01	0.00000e+00	0.00000e+00	0.00000e+00	0.00000e+00	0.00000e+00	0.00000e+00	0.00000e+00	0.00000e+00	3.65620e+00	4.34876e+01	1.96600e+01	1.91543e+01	2.43333e+01	3.36490e+01	-6.66467e+01	1.73056e-01	1.34610e+01	4.07401e+00	-6.21000e+00	1.60000e+00	
monocrop	Wed Nov 05 16:59:48 CET 2025	17/4/1995	17	4	1995	107	1995	3.98900e+00	1.35200e+01	2.30000e+01	5.50000e+01	1.80000e+00	1.80000e+00	0.00000e+00	0.00000e+00	0.00000e+00	0.00000e+00	0.00000e+00	1.80000e+00	3.25708e+00	5.02783e+01	2.27300e+01	1.64885e+01	3.37898e+01	3.38843e+01	-7.22156e+01	1.79249e-01	1.35109e+01	4.39958e+00	-6.21000e+00	1.40000e+00	
monocrop	Wed Nov 05 16:59:48 CET 2025	18/4/1995	18	4	1995	108	1995	1.35000e+00	1.64000e+01	2.30000e+01	8.60000e+01	2.00000e-01	2.00000e-01	0.00000e+00	0.00000e+00	0.00000e+00	0.00000e+00	0.00000e+00	2.00000e-01	3.07815e+00	5.41936e+01	2.45000e+01	1.44400e+01	3.97536e+01	3.41171e+01	-7.88637e+01	1.85393e-01	1.35605e+01	6.19844e+00	-6.22000e+00	1.00000e+00	
monocrop	Wed Nov 05 16:59:48 CET 2025	19/4/1995	19	4	1995	109	1995	6.11000e+00	1.26000e+01	4.80000e+01	9.20000e+01	9.60000e+00	9.60000e+00	0.00000e+00	0.00000e+00	0.00000e+00	0.00000e+00	0.00000e+00	9.60000e+00	1.56292e+00	1.77622e+01	8.03000e+00	1.59163e+01	1.84591e+00	3.43475e+01	-2.00703e+01	1.91486e-01	1.36100e+01	8.22333e+00	-6.22000e+00	6.00000e-01	
monocrop	Wed Nov 05 16:59:48 CET 2025	20/4/1995	20	4	1995	110	1995	6.82100e+00	1.75000e+01	1.90000e+01	6.90000e+01	6.00000e-01	6.00000e-01	0.00000e+00	0.00000e+00	0.00000e+00	0.00000e+00	0.00000e+00	6.00000e-01	3.33634e+00	3.65641e+01	1.65300e+01	2.11518e+01	1.54123e+01	3.45752e+01	-5.16251e+01	1.97526e-01	1.36592e+01	6.23077e+00	-6.23000e+00	1.80000e+00	
monocrop	Wed Nov 05 16:59:48 CET 2025	21/4/1995	21	4	1995	111	1995	1.55300e+00	1.98400e+01	5.00000e+01	9.00000e+01	0.00000e+00	0.00000e+00	0.00000e+00	0.00000e+00	0.00000e+00	0.00000e+00	0.00000e+00	0.00000e+00	1.82885e+00	1.71650e+01	7.76000e+00	1.56222e+01	1.54282e+00	3.48004e+01	-1.94493e+01	2.03512e-01	1.37081e+01	8.99644e+00	-6.23000e+00	1.50000e+00	
monocrop	Wed Nov 05 16:59:48 CET 2025	22/4/1995	22	4	1995	112	1995	-1.55100e+00	2.06900e+01	2.90000e+01	9.20000e+01	0.00000e+00	0.00000e+00	0.00000e+00	0.00000e+00	0.00000e+00	0.00000e+00	0.00000e+00	0.00000e+00	3.24183e+00	5.58304e+01	2.52400e+01	1.46904e+01	4.11400e+01	3.50228e+01	-8.10395e+01	2.09442e-01	1.37568e+01	7.21062e+00	-6.24000e+00	1.10000e+00	
monocrop	Wed Nov 05 16:59:48 CET 2025	23/4/1995	23	4	1995	113	1995	1.48900e+00	1.97700e+01	5.00000e+01	8.90000e+01	0.00000e+00	0.00000e+00	0.00000e+00	0.00000e+00	0.00000e+00	0.00000e+00	0.00000e+00	0.00000e+00	2.10748e+00	2.56147e+01	1.15800e+01	1.97963e+01	5.81849e+00	3.52426e+01	-3.26168e+01	2.15315e-01	1.38052e+01	8.89239e+00	-6.24000e+00	1.20000e+00	
monocrop	Wed Nov 05 16:59:48 CET 2025	24/4/1995	24	4	1995	114	1995	1.09500e+00	1.79300e+01	7.00000e+01	8.90000e+01	0.00000e+00	0.00000e+00	0.00000e+00	0.00000e+00	0.00000e+00	0.00000e+00	0.00000e+00	0.00000e+00	1.01017e+00	5.50783e+00	2.49000e+00	5.45276e+00	5.50785e-02	3.54595e+01	-4.17151e-01	2.21129e-01	1.38533e+01	9.43887e+00	-6.24000e+00	1.00000e+00	
monocrop	Wed Nov 05 16:59:48 CET 2025	25/4/1995	25	4	1995	115	1995	7.96000e+00	1.87400e+01	5.30000e+01	7.40000e+01	0.00000e+00	0.00000e+00	0.00000e+00	0.00000e+00	0.00000e+00	0.00000e+00	0.00000e+00	0.00000e+00	1.72714e+00	1.03521e+01	4.68000e+00	1.02486e+01	1.03520e-01	3.56737e+01	-8.05875e+00	2.26882e-01	1.39012e+01	9.72135e+00	-6.25000e+00	1.00000e+00	
monocrop	Wed Nov 05 16:59:48 CET 2025	26/4/1995	26	4	1995	116	1995	7.81000e+00	2.10500e+01	4.20000e+01	6.30000e+01	6.00000e-01	6.00000e-01	0.00000e+00	0.00000e+00	0.00000e+00	0.00000e+00	0.00000e+00	6.00000e-01	2.99713e+00	3.45512e+01	1.56200e+01	2.19102e+01	1.26410e+01	3.58850e+01	-4.78496e+01	2.32574e-01	1.39487e+01	8.62156e+00	-6.25000e+00	9.00000e-01	
monocrop	Wed Nov 05 16:59:48 CET 2025	27/4/1995	27	4	1995	117	1995	1.05100e+01	2.27500e+01	3.50000e+01	8.60000e+01	1.60000e+00	1.60000e+00	0.00000e+00	0.00000e+00	0.00000e+00	0.00000e+00	0.00000e+00	1.60000e+00	4.68283e+00	5.52332e+01	2.49700e+01	1.66052e+01	3.86280e+01	3.60934e+01	-8.36627e+01	2.38201e-01	1.39959e+01	1.14411e+01	-6.26000e+00	2.60000e+00	
monocrop	Wed Nov 05 16:59:48 CET 2025	28/4/1995	28	4	1995	118	1995	1.01900e+01	2.48500e+01	3.70000e+01	9.10000e+01	0.00000e+00	0.00000e+00	0.00000e+00	0.00000e+00	0.00000e+00	0.00000e+00	0.00000e+00	0.00000e+00	3.97805e+00	3.95060e+01	1.78600e+01	2.21378e+01	1.73682e+01	3.62988e+01	-5.77132e+01	2.43763e-01	1.40427e+01	1.28053e+01	-6.26000e+00	2.70000e+00	
monocrop	Wed Nov 05 16:59:48 CET 2025	29/4/1995	29	4	1995	119	1995	1.27000e+01	2.17400e+01	4.20000e+01	8.80000e+01	0.00000e+00	0.00000e+00	0.00000e+00	0.00000e+00	0.00000e+00	0.00000e+00	0.00000e+00	0.00000e+00	4.02883e+00	3.83558e+01	1.73400e+01	2.23396e+01	1.60162e+01	3.65012e+01	-5.46072e+01	2.49258e-01	1.40892e+01	1.27610e+01	-6.27000e+00	3.20000e+00	
monocrop	Wed Nov 05 16:59:48 CET 2025	30/4/1995	30	4	1995	120	1995	1.25300e+01	2.29100e+01	3.50000e+01	7.00000e+01	0.00000e+00	0.00000e+00	0.00000e+00	0.00000e+00	0.00000e+00	0.00000e+00	0.00000e+00	0.00000e+00	4.02878e+00	4.26249e+01	1.92700e+01	2.20551e+01	2.05698e+01	3.67006e+01	-6.19015e+01	2.54685e-01	1.41353e+01	1.06378e+01	-6.27000e+00	1.60000e+00	
monocrop	Wed Nov 05 16:59:48 CET 2025	1/5/1995	1	5	1995	121	1995	7.99000e+00	2.46200e+01	3.40000e+01	8.20000e+01	0.00000e+00	0.00000e+00	0.00000e+00	0.00000e+00	0.00000e+00	0.00000e+00	0.00000e+00	0.00000e+00	4.46704e+00	5.89935e+01	2.66700e+01	1.53576e+01	4.36359e+01	3.68969e+01	-8.81162e+01	2.60042e-01	1.41811e+01	1.07437e+01	-6.27000e+00	1.40000e+00	
monocrop	Wed Nov 05 16:59:48 CET 2025	2/5/1995	2	5	1995	122	1995	5.22200e+00	2.33300e+01	2.80000e+01	9.00000e+01	0.00000e+00	0.00000e+00	0.00000e+00	0.00000e+00	0.00000e+00	0.00000e+00	0.00000e+00	0.00000e+00	4.07940e+00	5.87060e+01	2.65400e+01	1.58375e+01	4.28685e+01	3.70900e+01	-8.49687e+01	2.65327e-01	1.42264e+01	9.59288e+00	-6.28000e+00	1.10000e+00	
monocrop	Wed Nov 05 16:59:48 CET 2025	3/5/1995	3	5	1995	123	1995	5.76200e+00	2.25600e+01	2.90000e+01	8.60000e+01	0.00000e+00	0.00000e+00	0.00000e+00	0.00000e+00	0.00000e+00	0.00000e+00	0.00000e+00	0.00000e+00	4.05818e+00	5.87281e+01	2.65500e+01	1.61014e+01	4.26267e+01	3.72800e+01	-8.41745e+01	2.70540e-01	1.42713e+01	9.27958e+00	-6.28000e+00	1.00000e+00	
monocrop	Wed Nov 05 16:59:48 CET 2025	4/5/1995	4	5	1995	124	1995	1.11100e+01	2.36700e+01	2.70000e+01	9.00000e+01	0.00000e+00	0.00000e+00	0.00000e+00	0.00000e+00	0.00000e+00	0.00000e+00	0.00000e+00	0.00000e+00	4.51963e+00	6.02765e+01	2.72500e+01	1.53401e+01	4.49364e+01	3.74668e+01	-8.93397e+01	2.75677e-01	1.43158e+01	1.16091e+01	-6.28000e+00	9.00000e-01	
monocrop	Wed Nov 05 16:59:48 CET 2025	5/5/1995	5	5	1995	125	1995	1.49100e+01	1.94500e+01	1.70000e+01	8.50000e+01	1.80000e+01	1.80000e+01	0.00000e+00	0.00000e+00	0.00000e+00	0.00000e+00	0.00000e+00	1.80000e+01	5.08121e+00	6.16922e+01	2.78900e+01	1.46214e+01	4.70708e+01	3.76503e+01	-8.95850e+01	2.80739e-01	1.43599e+01	9.98717e+00	-6.29000e+00	1.90000e+00	
monocrop	Wed Nov 05 16:59:48 CET 2025	6/5/1995	6	5	1995	126	1995	9.62000e+00	1.95600e+01	1.80000e+01	8.20000e+01	1.80000e+00	1.80000e+00	0.00000e+00	0.00000e+00	0.00000e+00	0.00000e+00	0.00000e+00	1.80000e+00	5.33125e+00	6.10949e+01	2.76200e+01	1.53269e+01	4.57680e+01	3.78305e+01	-8.59154e+01	2.85723e-01	1.44034e+01	8.29640e+00	-6.29000e+00	3.30000e+00	
monocrop	Wed Nov 05 16:59:48 CET 2025	7/5/1995	7	5	1995	127	1995	6.75500e+00	1.52500e+01	2.70000e+01	8.50000e+01	4.80000e+00	4.80000e+00	0.00000e+00	0.00000e+00	0.00000e+00	0.00000e+00	0.00000e+00	4.80000e+00	3.79576e+00	5.23355e+01	2.36600e+01	2.04493e+01	3.18862e+01	3.80073e+01	-6.82988e+01	2.90628e-01	1.44465e+01	7.34521e+00	-6.30000e+00	1.90000e+00	
monocrop	Wed Nov 05 16:59:48 CET 2025	8/5/1995	8	5	1995	128	1995	4.73700e+00	1.77300e+01	2.80000e+01	8.80000e+01	0.00000e+00	0.00000e+00	0.00000e+00	0.00000e+00	0.00000e+00	0.00000e+00	0.00000e+00	0.00000e+00	4.42378e+00	5.95465e+01	2.69200e+01	1.68763e+01	4.26702e+01	3.81808e+01	-7.93404e+01	2.95452e-01	1.44891e+01	7.72513e+00	-6.30000e+00	2.90000e+00	
monocrop	Wed Nov 05 16:59:48 CET 2025	9/5/1995	9	5	1995	129	1995	6.59200e+00	1.96400e+01	1.80000e+01	9.10000e+01	0.00000e+00	0.00000e+00	0.00000e+00	0.00000e+00	0.00000e+00	0.00000e+00	0.00000e+00	0.00000e+00	4.16076e+00	5.90157e+01	2.66800e+01	1.74459e+01	4.15698e+01	3.83509e+01	-8.02340e+01	3.00195e-01	1.45312e+01	8.21699e+00	-6.30000e+00	1.30000e+00	
monocrop	Wed Nov 05 16:59:48 CET 2025	10/5/1995	10	5	1995	130	1995	4.70700e+00	2.04600e+01	3.00000e+01	6.50000e+01	0.00000e+00	0.00000e+00	0.00000e+00	0.00000e+00	0.00000e+00	0.00000e+00	0.00000e+00	0.00000e+00	3.98811e+00	5.62065e+01	2.54100e+01	1.92446e+01	3.69619e+01	3.85176e+01	-7.54358e+01	3.04853e-01	1.45727e+01	6.91610e+00	-6.31000e+00	1.10000e+00	
monocrop	Wed Nov 05 16:59:48 CET 2025	11/5/1995	11	5	1995	131	1995	7.05000e+00	1.75200e+01	3.60000e+01	8.60000e+01	0.00000e+00	0.00000e+00	0.00000e+00	0.00000e+00	0.00000e+00	0.00000e+00	0.00000e+00	0.00000e+00	2.68315e+00	3.04811e+01	1.37800e+01	2.24608e+01	8.02033e+00	3.86807e+01	-3.62751e+01	3.09427e-01	1.46137e+01	8.70920e+00	-6.31000e+00	1.10000e+00	
monocrop	Wed Nov 05 16:59:48 CET 2025	12/5/1995	12	5	1995	132	1995	1.28800e+01	1.68500e+01	4.90000e+01	9.30000e+01	4.00000e+00	4.00000e+00	0.00000e+00	0.00000e+00	0.00000e+00	0.00000e+00	0.00000e+00	4.00000e+00	1.77010e+00	1.52184e+01	6.88000e+00	1.47577e+01	4.60752e-01	3.88404e+01	-1.40119e+01	3.13915e-01	1.46541e+01	1.19919e+01	-6.31000e+00	5.00000e-01	
monocrop	Wed Nov 05 16:59:48 CET 2025	13/5/1995	13	5	1995	133	1995	1.06500e+01	2.22900e+01	2.50000e+01	5.10000e+01	2.60000e+00	2.60000e+00	0.00000e+00	0.00000e+00	0.00000e+00	0.00000e+00	0.00000e+00	2.60000e+00	4.19411e+00	5.80645e+01	2.62500e+01	1.88664e+01	3.91982e+01	3.89965e+01	-8.07509e+01	3.18314e-01	1.46939e+01	7.11337e+00	-6.32000e+00	3.00000e-01	
monocrop	Wed Nov 05 16:59:48 CET 2025	14/5/1995	14	5	1995	134	1995	9.66000e+00	2.44600e+01	2.10000e+01	5.40000e+01	0.00000e+00	0.00000e+00	0.00000e+00	0.00000e+00	0.00000e+00	0.00000e+00	0.00000e+00	0.00000e+00	4.65607e+00	6.29309e+01	2.84500e+01	1.60647e+01	4.68662e+01	3.91490e+01	-8.91089e+01	3.22625e-01	1.47330e+01	7.28789e+00	-6.32000e+00	6.00000e-01	
monocrop	Wed Nov 05 16:59:48 CET 2025	15/5/1995	15	5	1995	135	1995	8.67000e+00	2.70800e+01	2.90000e+01	8.60000e+01	0.00000e+00	0.00000e+00	0.00000e+00	0.00000e+00	0.00000e+00	0.00000e+00	0.00000e+00	0.00000e+00	2.75977e+00	2.43539e+01	1.10100e+01	2.03546e+01	3.99936e+00	3.92979e+01	-2.89556e+01	3.26845e-01	1.47716e+01	1.17653e+01	-6.32000e+00	7.00000e-01	
monocrop	Wed Nov 05 16:59:48 CET 2025	16/5/1995	16	5	1995	136	1995	1.17100e+01	2.22400e+01	6.60000e+01	9.70000e+01	4.00000e-01	4.00000e-01	0.00000e+00	0.00000e+00	0.00000e+00	0.00000e+00	0.00000e+00	4.00000e-01	1.86713e+00	1.86470e+01	8.43000e+00	1.71955e+01	1.45154e+00	3.94431e+01	-1.93581e+01	3.30973e-01	1.48095e+01	1.57539e+01	-6.33000e+00	5.00000e-01	
monocrop	Wed Nov 05 16:59:48 CET 2025	17/5/1995	17	5	1995	137	1995	9.88000e+00	1.80200e+01	3.50000e+01	9.70000e+01	8.80000e+00	8.80000e+00	0.00000e+00	0.00000e+00	0.00000e+00	0.00000e+00	0.00000e+00	8.80000e+00	3.56899e+00	4.96811e+01	2.24600e+01	2.29721e+01	2.67090e+01	3.95847e+01	-6.39669e+01	3.35008e-01	1.48467e+01	1.05065e+01	-6.33000e+00	7.00000e-01	
monocrop	Wed Nov 05 16:59:48 CET 2025	18/5/1995	18	5	1995	138	1995	1.28300e+01	2.08900e+01	5.30000e+01	8.90000e+01	2.00000e-01	2.00000e-01	0.00000e+00	0.00000e+00	0.00000e+00	0.00000e+00	0.00000e+00	2.00000e-01	2.61807e+00	2.41106e+01	1.09000e+01	2.03319e+01	3.77872e+00	3.97226e+01	-2.73716e+01	3.38948e-01	1.48832e+01	1.36244e+01	-6.33000e+00	1.40000e+00	
monocrop	Wed Nov 05 16:59:48 CET 2025	19/5/1995	19	5	1995	139	1995	1.54200e+01	1.97100e+01	2.60000e+01	8.50000e+01	0.00000e+00	0.00000e+00	0.00000e+00	0.00000e+00	0.00000e+00	0.00000e+00	0.00000e+00	0.00000e+00	4.93684e+00	5.18267e+01	2.34300e+01	2.25854e+01	2.92413e+01	3.98567e+01	-6.94733e+01	3.42792e-01	1.49189e+01	1.11362e+01	-6.34000e+00	2.40000e+00	
monocrop	Wed Nov 05 16:59:48 CET 2025	20/5/1995	20	5	1995	140	1995	1.10000e+01	2.40700e+01	2.00000e+01	6.00000e+01	1.20000e+00	1.20000e+00	0.00000e+00	0.00000e+00	0.00000e+00	0.00000e+00	0.00000e+00	1.20000e+00	4.95877e+00	6.29751e+01	2.84700e+01	1.72819e+01	4.56932e+01	3.99870e+01	-8.73617e+01	3.46540e-01	1.49540e+01	8.01091e+00	-6.34000e+00	9.00000e-01	
monocrop	Wed Nov 05 16:59:48 CET 2025	21/5/1995	21	5	1995	141	1995	8.48000e+00	2.36900e+01	2.00000e+01	6.60000e+01	0.00000e+00	0.00000e+00	0.00000e+00	0.00000e+00	0.00000e+00	0.00000e+00	0.00000e+00	0.00000e+00	5.50440e+00	6.42138e+01	2.90300e+01	1.66440e+01	4.75698e+01	4.01136e+01	-8.75206e+01	3.50189e-01	1.49882e+01	7.85412e+00	-6.34000e+00	2.20000e+00	
monocrop	Wed Nov 05 16:59:48 CET 2025	22/5/1995	22	5	1995	142	1995	7.29000e+00	2.58300e+01	2.50000e+01	8.10000e+01	0.00000e+00	0.00000e+00	0.00000e+00	0.00000e+00	0.00000e+00	0.00000e+00	0.00000e+00	0.00000e+00	4.94327e+00	6.35945e+01	2.87500e+01	1.72413e+01	4.63532e+01	4.02363e+01	-8.73319e+01	3.53738e-01	1.50217e+01	9.97828e+00	-6.34000e+00	1.20000e+00	
monocrop	Wed Nov 05 16:59:48 CET 2025	23/5/1995	23	5	1995	143	1995	7.90000e+00	2.32900e+01	2.10000e+01	8.70000e+01	0.00000e+00	0.00000e+00	0.00000e+00	0.00000e+00	0.00000e+00	0.00000e+00	0.00000e+00	0.00000e+00	4.72808e+00	6.19797e+01	2.80200e+01	1.84306e+01	4.35491e+01	4.03552e+01	-8.30428e+01	3.57186e-01	1.50544e+01	9.55885e+00	-6.35000e+00	1.20000e+00	
monocrop	Wed Nov 05 16:59:48 CET 2025	24/5/1995	24	5	1995	144	1995	1.15000e+01	2.26800e+01	3.30000e+01	8.50000e+01	0.00000e+00	0.00000e+00	0.00000e+00	0.00000e+00	0.00000e+00	0.00000e+00	0.00000e+00	0.00000e+00	4.34441e+00	5.31097e+01	2.40100e+01	2.27703e+01	3.03394e+01	4.04702e+01	-7.05360e+01	3.60533e-01	1.50863e+01	1.14881e+01	-6.35000e+00	1.00000e+00	
monocrop	Wed Nov 05 16:59:48 CET 2025	25/5/1995	25	5	1995	145	1995	1.08000e+01	2.27800e+01	3.20000e+01	9.10000e+01	2.00000e-01	2.00000e-01	0.00000e+00	0.00000e+00	0.00000e+00	0.00000e+00	0.00000e+00	2.00000e-01	2.65350e+00	2.72959e+01	1.23400e+01	2.19648e+01	5.33103e+00	4.05813e+01	-3.14850e+01	3.63776e-01	1.51173e+01	1.17491e+01	-6.35000e+00	3.00000e-01	
monocrop	Wed Nov 05 16:59:48 CET 2025	26/5/1995	26	5	1995	146	1995	1.26000e+01	2.85500e+01	5.60000e+01	9.60000e+01	0.00000e+00	0.00000e+00	0.00000e+00	0.00000e+00	0.00000e+00	0.00000e+00	0.00000e+00	0.00000e+00	2.62313e+00	2.33806e+01	1.05700e+01	2.01608e+01	3.21981e+00	4.06884e+01	-2.68620e+01	3.66915e-01	1.51474e+01	1.84010e+01	-6.35000e+00	1.00000e+00	
monocrop	Wed Nov 05 16:59:48 CET 2025	27/5/1995	27	5	1995	147	1995	1.10900e+01	3.08700e+01	4.40000e+01	9.90000e+01	0.00000e+00	0.00000e+00	0.00000e+00	0.00000e+00	0.00000e+00	0.00000e+00	0.00000e+00	0.00000e+00	4.86491e+00	5.57641e+01	2.52100e+01	2.21147e+01	3.36494e+01	4.07917e+01	-7.88970e+01	3.69949e-01	1.51767e+01	1.77487e+01	-6.36000e+00	9.00000e-01	
monocrop	Wed Nov 05 16:59:48 CET 2025	28/5/1995	28	5	1995	148	1995	1.07200e+01	3.27500e+01	5.00000e+01	9.90000e+01	0.00000e+00	0.00000e+00	0.00000e+00	0.00000e+00	0.00000e+00	0.00000e+00	0.00000e+00	0.00000e+00	4.55009e+00	4.76240e+01	2.15300e+01	2.45511e+01	2.30729e+01	4.08909e+01	-6.65590e+01	3.72876e-01	1.52050e+01	1.93697e+01	-6.36000e+00	1.50000e+00	
monocrop	Wed Nov 05 16:59:48 CET 2025	29/5/1995	29	5	1995	149	1995	9.83000e+00	2.59200e+01	3.70000e+01	9.90000e+01	0.00000e+00	0.00000e+00	0.00000e+00	0.00000e+00	0.00000e+00	0.00000e+00	0.00000e+00	0.00000e+00	4.25526e+00	4.86636e+01	2.20000e+01	2.44390e+01	2.42246e+01	4.09861e+01	-6.40637e+01	3.75695e-01	1.52324e+01	1.39137e+01	-6.36000e+00	1.50000e+00	
monocrop	Wed Nov 05 16:59:48 CET 2025	30/5/1995	30	5	1995	150	1995	7.76000e+00	2.95100e+01	2.60000e+01	7.70000e+01	0.00000e+00	0.00000e+00	0.00000e+00	0.00000e+00	0.00000e+00	0.00000e+00	0.00000e+00	0.00000e+00	3.43031e+00	2.83355e+01	1.28100e+01	2.25152e+01	5.82027e+00	4.10774e+01	-3.37594e+01	3.78407e-01	1.52588e+01	1.10528e+01	-6.37000e+00	1.20000e+00	
monocrop	Wed Nov 05 16:59:48 CET 2025	31/5/1995	31	5	1995	151	1995	1.02400e+01	2.51000e+01	3.20000e+01	5.50000e+01	4.00000e-01	4.00000e-01	0.00000e+00	0.00000e+00	0.00000e+00	0.00000e+00	0.00000e+00	4.00000e-01	2.94305e+00	1.74968e+01	7.91000e+00	1.66254e+01	8.71382e-01	4.11645e+01	-1.66586e+01	3.81009e-01	1.52843e+01	8.78642e+00	-6.37000e+00	1.10000e+00	
monocrop	Wed Nov 05 16:59:48 CET 2025	1/6/1995	1	6	1995	152	1995	1.42300e+01	1.76800e+01	2.20000e+01	4.40000e+01	4.66000e+01	4.66000e+01	0.00000e+00	0.00000e+00	0.00000e+00	0.00000e+00	0.00000e+00	4.66000e+01	4.26516e+00	3.83558e+01	1.73400e+01	2.50653e+01	1.32904e+01	4.12477e+01	-4.59637e+01	3.83500e-01	1.53088e+01	5.97772e+00	-6.37000e+00	1.60000e+00	
monocrop	Wed Nov 05 16:59:48 CET 2025	2/6/1995	2	6	1995	153	1995	1.31600e+01	1.76400e+01	2.40000e+01	5.60000e+01	1.38000e+01	1.38000e+01	0.00000e+00	0.00000e+00	0.00000e+00	0.00000e+00	0.00000e+00	1.38000e+01	4.56351e+00	5.91705e+01	2.67500e+01	2.12147e+01	3.79559e+01	4.13267e+01	-7.51857e+01	3.85881e-01	1.53322e+01	6.99259e+00	-6.37000e+00	8.00000e-01	
monocrop	Wed Nov 05 16:59:48 CET 2025	3/6/1995	3	6	1995	154	1995	1.34700e+01	2.33800e+01	2.80000e+01	7.80000e+01	9.20000e+00	9.20000e+00	0.00000e+00	0.00000e+00	0.00000e+00	0.00000e+00	0.00000e+00	9.20000e+00	4.83930e+00	6.11392e+01	2.76400e+01	2.03050e+01	4.08341e+01	4.14016e+01	-8.18072e+01	3.88149e-01	1.53547e+01	1.12260e+01	-6.38000e+00	5.00000e-01	
monocrop	Wed Nov 05 16:59:48 CET 2025	4/6/1995	4	6	1995	155	1995	1.25300e+01	2.19300e+01	2.50000e+01	6.60000e+01	0.00000e+00	0.00000e+00	0.00000e+00	0.00000e+00	0.00000e+00	0.00000e+00	0.00000e+00	0.00000e+00	5.09591e+00	6.47668e+01	2.92800e+01	1.82763e+01	4.64905e+01	4.14725e+01	-8.55898e+01	3.90304e-01	1.53761e+01	8.93837e+00	-6.38000e+00	9.00000e-01	
monocrop	Wed Nov 05 16:59:48 CET 2025	5/6/1995	5	6	1995	156	1995	1.40900e+01	1.84400e+01	2.00000e+01	5.80000e+01	0.00000e+00	0.00000e+00	0.00000e+00	0.00000e+00	0.00000e+00	0.00000e+00	0.00000e+00	0.00000e+00	4.96964e+00	6.40811e+01	2.89700e+01	1.87990e+01	4.52821e+01	4.15392e+01	-8.26531e+01	3.92346e-01	1.53964e+01	7.20581e+00	-6.38000e+00	9.00000e-01	
monocrop	Wed Nov 05 16:59:48 CET 2025	6/6/1995	6	6	1995	157	1995	1.34600e+01	2.49200e+01	2.30000e+01	5.70000e+01	0.00000e+00	0.00000e+00	0.00000e+00	0.00000e+00	0.00000e+00	0.00000e+00	0.00000e+00	0.00000e+00	5.50049e+00	6.57180e+01	2.97100e+01	1.78491e+01	4.78689e+01	4.16017e+01	-8.93106e+01	3.94273e-01	1.54156e+01	8.88758e+00	-6.38000e+00	1.00000e+00	
monocrop	Wed Nov 05 16:59:48 CET 2025	7/6/1995	7	6	1995	158	1995	1.52000e+01	2.27800e+01	1.90000e+01	5.60000e+01	2.00000e-01	2.00000e-01	0.00000e+00	0.00000e+00	0.00000e+00	0.00000e+00	0.00000e+00	2.00000e-01	5.76819e+00	6.52092e+01	2.94800e+01	1.82638e+01	4.69454e+01	4.16601e+01	-8.76231e+01	3.96086e-01	1.54338e+01	8.22877e+00	-6.39000e+00	1.50000e+00	
monocrop	Wed Nov 05 16:59:48 CET 2025	8/6/1995	8	6	1995	159	1995	1.57300e+01	2.82200e+01	2.90000e+01	8.30000e+01	2.00000e-01	2.00000e-01	0.00000e+00	0.00000e+00	0.00000e+00	0.00000e+00	0.00000e+00	2.00000e-01	5.53204e+00	6.10728e+01	2.76100e+01	2.07375e+01	4.03353e+01	4.17144e+01	-8.53088e+01	3.97782e-01	1.54508e+01	1.47748e+01	-6.39000e+00	9.00000e-01	
monocrop	Wed Nov 05 16:59:48 CET 2025	9/6/1995	9	6	1995	160	1995	1.47300e+01	2.77200e+01	2.90000e+01	8.50000e+01	2.00000e-01	2.00000e-01	0.00000e+00	0.00000e+00	0.00000e+00	0.00000e+00	0.00000e+00	2.00000e-01	5.13451e+00	5.49899e+01	2.48600e+01	2.34358e+01	3.15541e+01	4.17644e+01	-7.49769e+01	3.99362e-01	1.54667e+01	1.43639e+01	-6.39000e+00	1.10000e+00	
monocrop	Wed Nov 05 16:59:48 CET 2025	10/6/1995	10	6	1995	161	1995	1.42900e+01	2.66900e+01	3.70000e+01	7.50000e+01	0.00000e+00	0.00000e+00	0.00000e+00	0.00000e+00	0.00000e+00	0.00000e+00	0.00000e+00	0.00000e+00	3.90061e+00	3.64535e+01	1.64800e+01	2.50650e+01	1.13884e+01	4.18103e+01	-4.57062e+01	4.00825e-01	1.54814e+01	1.34877e+01	-6.39000e+00	1.00000e+00	
monocrop	Wed Nov 05 16:59:48 CET 2025	11/6/1995	11	6	1995	162	1995	1.58600e+01	2.78900e+01	2.60000e+01	8.30000e+01	0.00000e+00	0.00000e+00	0.00000e+00	0.00000e+00	0.00000e+00	0.00000e+00	0.00000e+00	0.00000e+00	4.90910e+00	5.01235e+01	2.26600e+01	2.48682e+01	2.52553e+01	4.18519e+01	-6.77453e+01	4.02171e-01	1.54950e+01	1.42915e+01	-6.39000e+00	1.00000e+00	
monocrop	Wed Nov 05 16:59:48 CET 2025	12/6/1995	12	6	1995	163	1995	1.71000e+01	3.08200e+01	3.30000e+01	6.20000e+01	0.00000e+00	0.00000e+00	0.00000e+00	0.00000e+00	0.00000e+00	0.00000e+00	0.00000e+00	0.00000e+00	4.92731e+00	4.58101e+01	2.07100e+01	2.55292e+01	2.02809e+01	4.18894e+01	-6.27939e+01	4.03399e-01	1.55075e+01	1.41332e+01	-6.40000e+00	9.00000e-01	
monocrop	Wed Nov 05 16:59:48 CET 2025	13/6/1995	13	6	1995	164	1995	1.85900e+01	2.82700e+01	2.30000e+01	8.20000e+01	4.00000e-01	4.00000e-01	0.00000e+00	0.00000e+00	0.00000e+00	0.00000e+00	0.00000e+00	4.00000e-01	5.04447e+00	5.19594e+01	2.34900e+01	2.45034e+01	2.74561e+01	4.19226e+01	-7.16685e+01	4.04508e-01	1.55187e+01	1.51301e+01	-6.40000e+00	6.00000e-01	
monocrop	Wed Nov 05 16:59:48 CET 2025	14/6/1995	14	6	1995	165	1995	1.46100e+01	2.75600e+01	1.50000e+01	8.00000e+01	1.60000e+00	1.60000e+00	0.00000e+00	0.00000e+00	0.00000e+00	0.00000e+00	0.00000e+00	1.60000e+00	5.59253e+00	6.53198e+01	2.95300e+01	1.86111e+01	4.67087e+01	4.19516e+01	-9.03481e+01	4.05498e-01	1.55288e+01	1.18674e+01	-6.40000e+00	7.00000e-01	
monocrop	Wed Nov 05 16:59:48 CET 2025	15/6/1995	15	6	1995	166	1995	1.07000e+01	2.88100e+01	2.00000e+01	7.80000e+01	0.00000e+00	0.00000e+00	0.00000e+00	0.00000e+00	0.00000e+00	0.00000e+00	0.00000e+00	0.00000e+00	5.54580e+00	6.60940e+01	2.98800e+01	1.81510e+01	4.79431e+01	4.19764e+01	-9.05765e+01	4.06370e-01	1.55376e+01	1.12768e+01	-6.40000e+00	9.00000e-01	
monocrop	Wed Nov 05 16:59:48 CET 2025	16/6/1995	16	6	1995	167	1995	1.35200e+01	2.67800e+01	1.80000e+01	6.70000e+01	0.00000e+00	0.00000e+00	0.00000e+00	0.00000e+00	0.00000e+00	0.00000e+00	0.00000e+00	0.00000e+00	5.34169e+00	6.08074e+01	2.74900e+01	2.12253e+01	3.95821e+01	4.19970e+01	-8.22973e+01	4.07122e-01	1.55453e+01	1.00233e+01	-6.41000e+00	9.00000e-01	
monocrop	Wed Nov 05 16:59:48 CET 2025	17/6/1995	17	6	1995	168	1995	1.27900e+01	2.82000e+01	2.10000e+01	7.40000e+01	1.96000e+01	1.96000e+01	0.00000e+00	0.00000e+00	0.00000e+00	0.00000e+00	0.00000e+00	1.96000e+01	5.58110e+00	6.46341e+01	2.92200e+01	1.91225e+01	4.55116e+01	4.20133e+01	-8.87737e+01	4.07754e-01	1.55518e+01	1.14440e+01	-6.41000e+00	9.00000e-01	
monocrop	Wed Nov 05 16:59:48 CET 2025	18/6/1995	18	6	1995	169	1995	1.58200e+01	2.96500e+01	2.50000e+01	5.80000e+01	1.40000e+01	1.40000e+01	0.00000e+00	0.00000e+00	0.00000e+00	0.00000e+00	0.00000e+00	1.40000e+01	5.14845e+00	5.10525e+01	2.30800e+01	2.48141e+01	2.62384e+01	4.20254e+01	-6.98285e+01	4.08266e-01	1.55570e+01	1.14674e+01	-6.41000e+00	9.00000e-01	
monocrop	Wed Nov 05 16:59:48 CET 2025	19/6/1995	19	6	1995	170	1995	1.69500e+01	2.73700e+01	2.90000e+01	9.30000e+01	0.00000e+00	0.00000e+00	0.00000e+00	0.00000e+00	0.00000e+00	0.00000e+00	0.00000e+00	0.00000e+00	6.34840e+00	6.56516e+01	2.96800e+01	1.85176e+01	4.71340e+01	4.20332e+01	-9.16148e+01	4.08659e-01	1.55610e+01	1.62765e+01	-6.41000e+00	2.10000e+00	
monocrop	Wed Nov 05 16:59:48 CET 2025	20/6/1995	20	6	1995	171	1995	1.37900e+01	2.66000e+01	3.70000e+01	9.90000e+01	0.00000e+00	0.00000e+00	0.00000e+00	0.00000e+00	0.00000e+00	0.00000e+00	0.00000e+00	0.00000e+00	5.57786e+00	6.19797e+01	2.80200e+01	2.06686e+01	4.13111e+01	4.20368e+01	-8.39768e+01	4.08931e-01	1.55638e+01	1.60820e+01	-6.41000e+00	1.90000e+00	
monocrop	Wed Nov 05 16:59:48 CET 2025	21/6/1995	21	6	1995	172	1995	1.32400e+01	2.43300e+01	4.10000e+01	9.30000e+01	4.00000e-01	4.00000e-01	0.00000e+00	0.00000e+00	0.00000e+00	0.00000e+00	0.00000e+00	4.00000e-01	3.58176e+00	3.66747e+01	1.65800e+01	2.52047e+01	1.14699e+01	4.20362e+01	-4.46566e+01	4.09083e-01	1.55653e+01	1.45149e+01	-6.42000e+00	1.10000e+00	
monocrop	Wed Nov 05 16:59:48 CET 2025	22/6/1995	22	6	1995	173	1995	1.37600e+01	2.40500e+01	2.90000e+01	8.00000e+01	4.80000e+00	4.80000e+00	0.00000e+00	0.00000e+00	0.00000e+00	0.00000e+00	0.00000e+00	4.80000e+00	4.78067e+00	4.62747e+01	2.09200e+01	2.55880e+01	2.06866e+01	4.20314e+01	-5.89213e+01	4.09114e-01	1.55656e+01	1.18958e+01	-6.42000e+00	2.00000e+00	
monocrop	Wed Nov 05 16:59:48 CET 2025	23/6/1995	23	6	1995	174	1995	1.34400e+01	2.51400e+01	1.40000e+01	6.00000e+01	6.00000e-01	6.00000e-01	0.00000e+00	0.00000e+00	0.00000e+00	0.00000e+00	0.00000e+00	6.00000e-01	6.78242e+00	6.76645e+01	3.05900e+01	1.71644e+01	5.05001e+01	4.20223e+01	-9.13515e+01	4.09026e-01	1.55647e+01	8.27241e+00	-6.42000e+00	2.80000e+00	
monocrop	Wed Nov 05 16:59:48 CET 2025	24/6/1995	24	6	1995	175	1995	1.34300e+01	2.67500e+01	1.70000e+01	5.30000e+01	2.00000e-01	2.00000e-01	0.00000e+00	0.00000e+00	0.00000e+00	0.00000e+00	0.00000e+00	2.00000e-01	5.79353e+00	5.75779e+01	2.60300e+01	2.27135e+01	3.48644e+01	4.20090e+01	-7.73091e+01	4.08817e-01	1.55626e+01	8.22389e+00	-6.42000e+00	1.80000e+00	
monocrop	Wed Nov 05 16:59:48 CET 2025	25/6/1995	25	6	1995	176	1995	8.76000e+00	2.26000e+01	1.70000e+01	5.80000e+01	0.00000e+00	0.00000e+00	0.00000e+00	0.00000e+00	0.00000e+00	0.00000e+00	0.00000e+00	0.00000e+00	4.98894e+00	6.52977e+01	2.95200e+01	1.86818e+01	4.66159e+01	4.19916e+01	-8.39539e+01	4.08488e-01	1.55593e+01	6.67435e+00	-6.42000e+00	9.00000e-01	
monocrop	Wed Nov 05 16:59:48 CET 2025	26/6/1995	26	6	1995	177	1995	1.52700e+01	2.15900e+01	1.80000e+01	5.90000e+01	8.00000e-01	8.00000e-01	0.00000e+00	0.00000e+00	0.00000e+00	0.00000e+00	0.00000e+00	8.00000e-01	5.49597e+00	6.21567e+01	2.81000e+01	2.04877e+01	4.16690e+01	4.19699e+01	-8.15860e+01	4.08040e-01	1.55547e+01	8.15727e+00	-6.42000e+00	1.40000e+00	
monocrop	Wed Nov 05 16:59:48 CET 2025	27/6/1995	27	6	1995	178	1995	1.04000e+01	2.29700e+01	2.90000e+01	5.70000e+01	8.80000e+00	8.80000e+00	0.00000e+00	0.00000e+00	0.00000e+00	0.00000e+00	0.00000e+00	8.80000e+00	4.77361e+00	5.20037e+01	2.35100e+01	2.45113e+01	2.74924e+01	4.19440e+01	-6.58350e+01	4.07472e-01	1.55489e+01	8.16020e+00	-6.43000e+00	1.50000e+00	
monocrop	Wed Nov 05 16:59:48 CET 2025	28/6/1995	28	6	1995	179	1995	7.38000e+00	2.26900e+01	2.60000e+01	7.40000e+01	1.56000e+01	1.56000e+01	0.00000e+00	0.00000e+00	0.00000e+00	0.00000e+00	0.00000e+00	1.56000e+01	4.08682e+00	5.08977e+01	2.30100e+01	2.47528e+01	2.61449e+01	4.19140e+01	-6.31469e+01	4.06784e-01	1.55419e+01	8.53799e+00	-6.43000e+00	8.00000e-01	
monocrop	Wed Nov 05 16:59:48 CET 2025	29/6/1995	29	6	1995	180	1995	1.33300e+01	2.19200e+01	2.80000e+01	8.30000e+01	6.00000e-01	6.00000e-01	0.00000e+00	0.00000e+00	0.00000e+00	0.00000e+00	0.00000e+00	6.00000e-01	5.18013e+00	6.03650e+01	2.72900e+01	2.13018e+01	3.90631e+01	4.18797e+01	-7.85713e+01	4.05978e-01	1.55337e+01	1.11785e+01	-6.43000e+00	1.60000e+00	
monocrop	Wed Nov 05 16:59:48 CET 2025	30/6/1995	30	6	1995	181	1995	1.03300e+01	2.20800e+01	3.20000e+01	9.30000e+01	2.60000e+00	2.60000e+00	0.00000e+00	0.00000e+00	0.00000e+00	0.00000e+00	0.00000e+00	2.60000e+00	4.78282e+00	6.14488e+01	2.77800e+01	2.07011e+01	4.07478e+01	4.18414e+01	-7.90920e+01	4.05053e-01	1.55243e+01	1.15037e+01	-6.43000e+00	1.20000e+00	
monocrop	Wed Nov 05 16:59:48 CET 2025	1/7/1995	1	7	1995	182	1995	1.66500e+01	2.41300e+01	3.80000e+01	9.90000e+01	0.00000e+00	0.00000e+00	0.00000e+00	0.00000e+00	0.00000e+00	0.00000e+00	0.00000e+00	0.00000e+00	5.23034e+00	5.89493e+01	2.66500e+01	2.18790e+01	3.70703e+01	4.17989e+01	-7.94496e+01	4.04009e-01	1.55137e+01	1.63967e+01	-6.43000e+00	1.40000e+00	
monocrop	Wed Nov 05 16:59:48 CET 2025	2/7/1995	2	7	1995	183	1995	1.57900e+01	2.13600e+01	3.90000e+01	9.50000e+01	4.40000e+00	4.40000e+00	0.00000e+00	0.00000e+00	0.00000e+00	0.00000e+00	0.00000e+00	4.40000e+00	5.20303e+00	6.10507e+01	2.76000e+01	2.07966e+01	4.02541e+01	4.17523e+01	-8.04998e+01	4.02848e-01	1.55019e+01	1.43254e+01	-6.44000e+00	1.70000e+00	
monocrop	Wed Nov 05 16:59:48 CET 2025	3/7/1995	3	7	1995	184	1995	1.39400e+01	2.22500e+01	2.70000e+01	9.70000e+01	6.00000e-01	6.00000e-01	0.00000e+00	0.00000e+00	0.00000e+00	0.00000e+00	0.00000e+00	6.00000e-01	4.67172e+00	5.73788e+01	2.59400e+01	2.24551e+01	3.49237e+01	4.17015e+01	-7.50227e+01	4.01569e-01	1.54890e+01	1.28629e+01	-6.44000e+00	8.00000e-01	
monocrop	Wed Nov 05 16:59:48 CET 2025	4/7/1995	4	7	1995	185	1995	1.26300e+01	2.57100e+01	2.60000e+01	8.60000e+01	1.20000e+00	1.20000e+00	0.00000e+00	0.00000e+00	0.00000e+00	0.00000e+00	0.00000e+00	1.20000e+00	4.68905e+00	5.04332e+01	2.28000e+01	2.46265e+01	2.58067e+01	4.16467e+01	-6.63118e+01	4.00174e-01	1.54749e+01	1.24271e+01	-6.44000e+00	1.30000e+00	
monocrop	Wed Nov 05 16:59:48 CET 2025	5/7/1995	5	7	1995	186	1995	1.41000e+01	2.48800e+01	3.60000e+01	9.30000e+01	4.80000e+00	4.80000e+00	0.00000e+00	0.00000e+00	0.00000e+00	0.00000e+00	0.00000e+00	4.80000e+00	4.38965e+00	3.77143e+01	1.70500e+01	2.51566e+01	1.25577e+01	4.15878e+01	-4.72185e+01	3.98662e-01	1.54596e+01	1.46015e+01	-6.44000e+00	2.90000e+00	
monocrop	Wed Nov 05 16:59:48 CET 2025	6/7/1995	6	7	1995	187	1995	1.40000e+01	2.72900e+01	2.20000e+01	7.50000e+01	6.60000e+00	6.60000e+00	0.00000e+00	0.00000e+00	0.00000e+00	0.00000e+00	0.00000e+00	6.60000e+00	5.75951e+00	6.24221e+01	2.82200e+01	1.97585e+01	4.26637e+01	4.15249e+01	-8.64277e+01	3.97035e-01	1.54433e+01	1.17935e+01	-6.44000e+00	1.50000e+00	
monocrop	Wed Nov 05 16:59:48 CET 2025	7/7/1995	7	7	1995	188	1995	1.05700e+01	2.82300e+01	3.00000e+01	8.30000e+01	4.00000e-01	4.00000e-01	0.00000e+00	0.00000e+00	0.00000e+00	0.00000e+00	0.00000e+00	4.00000e-01	5.20676e+00	5.92811e+01	2.68000e+01	2.13193e+01	3.79618e+01	4.14579e+01	-8.09192e+01	3.95293e-01	1.54258e+01	1.27190e+01	-6.44000e+00	1.30000e+00	
monocrop	Wed Nov 05 16:59:48 CET 2025	8/7/1995	8	7	1995	189	1995	1.16200e+01	3.08600e+01	2.90000e+01	9.90000e+01	0.00000e+00	0.00000e+00	0.00000e+00	0.00000e+00	0.00000e+00	0.00000e+00	0.00000e+00	0.00000e+00	5.22614e+00	5.85733e+01	2.64800e+01	2.15690e+01	3.70042e+01	4.13870e+01	-8.21871e+01	3.93437e-01	1.54073e+01	1.61427e+01	-6.45000e+00	1.00000e+00	
monocrop	Wed Nov 05 16:59:48 CET 2025	9/7/1995	9	7	1995	190	1995	1.17000e+01	2.86600e+01	3.20000e+01	7.80000e+01	0.00000e+00	0.00000e+00	0.00000e+00	0.00000e+00	0.00000e+00	0.00000e+00	0.00000e+00	0.00000e+00	4.90085e+00	5.50783e+01	2.49000e+01	2.29374e+01	3.21409e+01	4.13120e+01	-7.54807e+01	3.91467e-01	1.53876e+01	1.29954e+01	-6.45000e+00	9.00000e-01	
monocrop	Wed Nov 05 16:59:48 CET 2025	10/7/1995	10	7	1995	191	1995	1.64800e+01	2.61200e+01	3.30000e+01	8.60000e+01	0.00000e+00	0.00000e+00	0.00000e+00	0.00000e+00	0.00000e+00	0.00000e+00	0.00000e+00	0.00000e+00	4.98719e+00	5.54323e+01	2.50600e+01	2.27221e+01	3.27102e+01	4.12331e+01	-7.64640e+01	3.89385e-01	1.53669e+01	1.50630e+01	-6.45000e+00	8.00000e-01	
monocrop	Wed Nov 05 16:59:48 CET 2025	11/7/1995	11	7	1995	192	1995	1.64600e+01	3.11800e+01	2.90000e+01	7.30000e+01	0.00000e+00	0.00000e+00	0.00000e+00	0.00000e+00	0.00000e+00	0.00000e+00	0.00000e+00	0.00000e+00	4.89447e+00	4.50138e+01	2.03500e+01	2.50777e+01	1.99361e+01	4.11503e+01	-6.28227e+01	3.87190e-01	1.53452e+01	1.50473e+01	-6.45000e+00	1.10000e+00	
monocrop	Wed Nov 05 16:59:48 CET 2025	12/7/1995	12	7	1995	193	1995	1.54400e+01	3.05800e+01	2.80000e+01	9.00000e+01	0.00000e+00	0.00000e+00	0.00000e+00	0.00000e+00	0.00000e+00	0.00000e+00	0.00000e+00	0.00000e+00	5.96911e+00	6.27760e+01	2.83800e+01	1.89293e+01	4.38467e+01	4.10635e+01	-9.11941e+01	3.84885e-01	1.53224e+01	1.65771e+01	-6.45000e+00	1.40000e+00	
monocrop	Wed Nov 05 16:59:48 CET 2025	13/7/1995	13	7	1995	194	1995	1.31100e+01	2.95400e+01	3.90000e+01	8.50000e+01	0.00000e+00	0.00000e+00	0.00000e+00	0.00000e+00	0.00000e+00	0.00000e+00	0.00000e+00	0.00000e+00	4.71793e+00	5.10083e+01	2.30600e+01	2.38895e+01	2.71188e+01	4.09729e+01	-7.08373e+01	3.82470e-01	1.52986e+01	1.57200e+01	-6.45000e+00	9.00000e-01	
monocrop	Wed Nov 05 16:59:48 CET 2025	14/7/1995	14	7	1995	195	1995	1.59200e+01	3.24800e+01	3.50000e+01	9.00000e+01	0.00000e+00	0.00000e+00	0.00000e+00	0.00000e+00	0.00000e+00	0.00000e+00	0.00000e+00	0.00000e+00	5.72976e+00	5.88829e+01	2.66200e+01	2.08116e+01	3.80714e+01	4.08784e+01	-8.68702e+01	3.79945e-01	1.52739e+01	1.88662e+01	-6.46000e+00	1.10000e+00	
monocrop	Wed Nov 05 16:59:48 CET 2025	15/7/1995	15	7	1995	196	1995	1.63200e+01	3.47200e+01	2.10000e+01	7.30000e+01	0.00000e+00	0.00000e+00	0.00000e+00	0.00000e+00	0.00000e+00	0.00000e+00	0.00000e+00	0.00000e+00	6.04574e+00	6.12719e+01	2.77000e+01	1.94213e+01	4.18506e+01	4.07800e+01	-9.29665e+01	3.77313e-01	1.52481e+01	1.53506e+01	-6.46000e+00	9.00000e-01	
monocrop	Wed Nov 05 16:59:48 CET 2025	16/7/1995	16	7	1995	197	1995	1.65700e+01	3.01900e+01	2.50000e+01	5.50000e+01	0.00000e+00	0.00000e+00	0.00000e+00	0.00000e+00	0.00000e+00	0.00000e+00	0.00000e+00	0.00000e+00	5.89481e+00	6.33512e+01	2.86400e+01	1.80368e+01	4.53143e+01	4.06779e+01	-9.33641e+01	3.74573e-01	1.52215e+01	1.14930e+01	-6.46000e+00	1.00000e+00	
monocrop	Wed Nov 05 16:59:48 CET 2025	17/7/1995	17	7	1995	198	1995	1.50000e+01	2.33700e+01	1.80000e+01	7.00000e+01	8.00000e-01	8.00000e-01	0.00000e+00	0.00000e+00	0.00000e+00	0.00000e+00	0.00000e+00	8.00000e-01	5.17832e+00	6.00995e+01	2.71700e+01	1.97982e+01	4.03013e+01	4.05720e+01	-8.27573e+01	3.71727e-01	1.51938e+01	9.77329e+00	-6.46000e+00	1.10000e+00	
monocrop	Wed Nov 05 16:59:48 CET 2025	18/7/1995	18	7	1995	199	1995	1.75900e+01	2.76900e+01	1.80000e+01	6.10000e+01	5.80000e+00	5.80000e+00	0.00000e+00	0.00000e+00	0.00000e+00	0.00000e+00	0.00000e+00	5.80000e+00	7.04767e+00	5.66267e+01	2.56000e+01	2.13770e+01	3.52498e+01	4.04623e+01	-8.15515e+01	3.68775e-01	1.51653e+01	1.08520e+01	-6.46000e+00	3.50000e+00	
monocrop	Wed Nov 05 16:59:48 CET 2025	19/7/1995	19	7	1995	200	1995	1.42100e+01	2.76600e+01	2.50000e+01	6.10000e+01	0.00000e+00	0.00000e+00	0.00000e+00	0.00000e+00	0.00000e+00	0.00000e+00	0.00000e+00	0.00000e+00	5.56056e+00	6.07853e+01	2.74800e+01	1.91245e+01	4.16607e+01	4.03490e+01	-8.70676e+01	3.65720e-01	1.51359e+01	1.06445e+01	-6.46000e+00	1.30000e+00	
monocrop	Wed Nov 05 16:59:48 CET 2025	20/7/1995	20	7	1995	201	1995	1.59000e+01	3.08800e+01	3.00000e+01	7.90000e+01	2.80000e+00	2.80000e+00	0.00000e+00	0.00000e+00	0.00000e+00	0.00000e+00	0.00000e+00	2.80000e+00	5.54492e+00	5.84848e+01	2.64400e+01	2.02155e+01	3.82693e+01	4.02319e+01	-8.66608e+01	3.62562e-01	1.51057e+01	1.56686e+01	-6.46000e+00	1.00000e+00	
monocrop	Wed Nov 05 16:59:48 CET 2025	21/7/1995	21	7	1995	202	1995	1.32000e+01	3.13600e+01	3.20000e+01	9.20000e+01	3.20000e+00	3.20000e+00	0.00000e+00	0.00000e+00	0.00000e+00	0.00000e+00	0.00000e+00	3.20000e+00	5.24758e+00	5.79982e+01	2.62200e+01	2.03117e+01	3.76865e+01	4.01112e+01	-8.53271e+01	3.59302e-01	1.50745e+01	1.66647e+01	-6.47000e+00	9.00000e-01	
monocrop	Wed Nov 05 16:59:48 CET 2025	22/7/1995	22	7	1995	203	1995	1.25400e+01	2.84000e+01	3.10000e+01	7.60000e+01	4.00000e-01	4.00000e-01	0.00000e+00	0.00000e+00	0.00000e+00	0.00000e+00	0.00000e+00	4.00000e-01	4.94795e+00	5.64498e+01	2.55200e+01	2.09049e+01	3.55448e+01	3.99869e+01	-8.07829e+01	3.55941e-01	1.50426e+01	1.28696e+01	-6.47000e+00	9.00000e-01	
monocrop	Wed Nov 05 16:59:48 CET 2025	23/7/1995	23	7	1995	204	1995	1.32600e+01	3.22100e+01	1.60000e+01	5.30000e+01	0.00000e+00	0.00000e+00	0.00000e+00	0.00000e+00	0.00000e+00	0.00000e+00	0.00000e+00	0.00000e+00	5.47306e+00	6.26876e+01	2.83400e+01	1.72824e+01	4.54052e+01	3.98590e+01	-9.44579e+01	3.52481e-01	1.50099e+01	9.53315e+00	-6.47000e+00	7.00000e-01	
monocrop	Wed Nov 05 16:59:48 CET 2025	24/7/1995	24	7	1995	205	1995	2.22000e+01	3.42500e+01	3.10000e+01	6.90000e+01	0.00000e+00	0.00000e+00	0.00000e+00	0.00000e+00	0.00000e+00	0.00000e+00	0.00000e+00	0.00000e+00	6.84744e+00	5.87060e+01	2.65400e+01	1.94630e+01	3.92430e+01	3.97275e+01	-9.36673e+01	3.48923e-01	1.49763e+01	1.91456e+01	-6.47000e+00	1.90000e+00	
monocrop	Wed Nov 05 16:59:48 CET 2025	25/7/1995	25	7	1995	206	1995	2.00100e+01	2.78400e+01	3.60000e+01	8.20000e+01	0.00000e+00	0.00000e+00	0.00000e+00	0.00000e+00	0.00000e+00	0.00000e+00	0.00000e+00	0.00000e+00	6.58525e+00	5.74009e+01	2.59500e+01	1.99723e+01	3.74286e+01	3.95925e+01	-8.60386e+01	3.45268e-01	1.49421e+01	1.75180e+01	-6.47000e+00	3.40000e+00	
monocrop	Wed Nov 05 16:59:48 CET 2025	26/7/1995	26	7	1995	207	1995	1.98100e+01	3.42200e+01	4.80000e+01	9.10000e+01	0.00000e+00	0.00000e+00	0.00000e+00	0.00000e+00	0.00000e+00	0.00000e+00	0.00000e+00	0.00000e+00	5.73739e+00	4.94820e+01	2.23700e+01	2.29059e+01	2.65761e+01	3.94540e+01	-7.68110e+01	3.41517e-01	1.49070e+01	2.47949e+01	-6.47000e+00	2.20000e+00	
monocrop	Wed Nov 05 16:59:48 CET 2025	27/7/1995	27	7	1995	208	1995	1.45500e+01	3.40300e+01	2.80000e+01	9.70000e+01	0.00000e+00	0.00000e+00	0.00000e+00	0.00000e+00	0.00000e+00	0.00000e+00	0.00000e+00	0.00000e+00	5.06773e+00	5.33972e+01	2.41400e+01	2.14508e+01	3.19465e+01	3.93120e+01	-8.18840e+01	3.37671e-01	1.48713e+01	1.89684e+01	-6.47000e+00	6.00000e-01	
monocrop	Wed Nov 05 16:59:48 CET 2025	28/7/1995	28	7	1995	209	1995	1.52600e+01	3.53200e+01	2.00000e+01	5.40000e+01	0.00000e+00	0.00000e+00	0.00000e+00	0.00000e+00	0.00000e+00	0.00000e+00	0.00000e+00	0.00000e+00	5.71006e+00	5.87945e+01	2.65800e+01	1.86831e+01	4.01113e+01	3.91667e+01	-9.29844e+01	3.33733e-01	1.48349e+01	1.19204e+01	-6.48000e+00	9.00000e-01	
monocrop	Wed Nov 05 16:59:48 CET 2025	29/7/1995	29	7	1995	210	1995	1.60000e+01	3.38000e+01	2.20000e+01	5.70000e+01	0.00000e+00	0.00000e+00	0.00000e+00	0.00000e+00	0.00000e+00	0.00000e+00	0.00000e+00	0.00000e+00	5.82103e+00	5.93253e+01	2.68200e+01	1.81779e+01	4.11474e+01	3.90179e+01	-9.35045e+01	3.29703e-01	1.47978e+01	1.24335e+01	-6.48000e+00	1.10000e+00	
monocrop	Wed Nov 05 16:59:48 CET 2025	30/7/1995	30	7	1995	211	1995	1.70800e+01	3.35000e+01	2.10000e+01	6.30000e+01	0.00000e+00	0.00000e+00	0.00000e+00	0.00000e+00	0.00000e+00	0.00000e+00	0.00000e+00	0.00000e+00	5.70652e+00	5.64940e+01	2.55400e+01	1.95315e+01	3.69625e+01	3.88658e+01	-8.91614e+01	3.25582e-01	1.47600e+01	1.35313e+01	-6.48000e+00	1.10000e+00	
monocrop	Wed Nov 05 16:59:48 CET 2025	31/7/1995	31	7	1995	212	1995	1.64400e+01	3.35100e+01	3.40000e+01	8.00000e+01	0.00000e+00	0.00000e+00	0.00000e+00	0.00000e+00	0.00000e+00	0.00000e+00	0.00000e+00	0.00000e+00	3.93370e+00	3.28037e+01	1.48300e+01	2.30271e+01	9.77655e+00	3.87104e+01	-4.71546e+01	3.21372e-01	1.47216e+01	1.80225e+01	-6.48000e+00	9.00000e-01	
monocrop	Wed Nov 05 16:59:48 CET 2025	1/8/1995	1	8	1995	213	1995	1.32295e+01	3.46988e+01	3.60000e+01	9.50000e+01	0.00000e+00	0.00000e+00	0.00000e+00	0.00000e+00	0.00000e+00	0.00000e+00	0.00000e+00	0.00000e+00	5.18770e+00	5.49677e+01	2.48500e+01	1.99002e+01	3.50676e+01	3.85517e+01	-8.64884e+01	3.17075e-01	1.46826e+01	1.94938e+01	-6.48000e+00	9.00000e-01	
monocrop	Wed Nov 05 16:59:48 CET 2025	2/8/1995	2	8	1995	214	1995	1.51059e+01	3.45944e+01	3.00000e+01	9.40000e+01	0.00000e+00	0.00000e+00	0.00000e+00	0.00000e+00	0.00000e+00	0.00000e+00	0.00000e+00	0.00000e+00	5.45058e+00	5.47465e+01	2.47500e+01	1.98119e+01	3.49346e+01	3.83897e+01	-8.72426e+01	3.12691e-01	1.46430e+01	1.94579e+01	-6.48000e+00	1.20000e+00	
monocrop	Wed Nov 05 16:59:48 CET 2025	3/8/1995	3	8	1995	215	1995	1.61923e+01	3.25050e+01	3.30000e+01	9.80000e+01	0.00000e+00	0.00000e+00	0.00000e+00	0.00000e+00	0.00000e+00	0.00000e+00	0.00000e+00	0.00000e+00	5.19023e+00	5.32866e+01	2.40900e+01	2.02867e+01	3.29999e+01	3.82245e+01	-8.40296e+01	3.08222e-01	1.46029e+01	1.99488e+01	-6.48000e+00	1.10000e+00	
monocrop	Wed Nov 05 16:59:48 CET 2025	4/8/1995	4	8	1995	216	1995	2.01100e+01	2.95100e+01	4.30000e+01	9.50000e+01	0.00000e+00	0.00000e+00	0.00000e+00	0.00000e+00	0.00000e+00	0.00000e+00	0.00000e+00	0.00000e+00	4.38750e+00	4.21825e+01	1.90700e+01	2.31400e+01	1.90425e+01	3.80562e+01	-6.41936e+01	3.03669e-01	1.45621e+01	2.16029e+01	-6.48000e+00	1.00000e+00	
monocrop	Wed Nov 05 16:59:48 CET 2025	5/8/1995	5	8	1995	217	1995	2.03500e+01	2.57300e+01	5.10000e+01	9.90000e+01	0.00000e+00	0.00000e+00	0.00000e+00	0.00000e+00	0.00000e+00	0.00000e+00	0.00000e+00	0.00000e+00	4.34153e+00	4.76461e+01	2.15400e+01	2.19583e+01	2.56878e+01	3.78847e+01	-7.21097e+01	2.99035e-01	1.45209e+01	2.11109e+01	-6.49000e+00	6.00000e-01	
monocrop	Wed Nov 05 16:59:48 CET 2025	6/8/1995	6	8	1995	218	1995	2.02200e+01	3.00100e+01	5.40000e+01	9.90000e+01	0.00000e+00	0.00000e+00	0.00000e+00	0.00000e+00	0.00000e+00	0.00000e+00	0.00000e+00	0.00000e+00	4.54956e+00	4.61198e+01	2.08500e+01	2.21941e+01	2.39257e+01	3.77101e+01	-7.23093e+01	2.94320e-01	1.44791e+01	2.43908e+01	-6.49000e+00	8.00000e-01	
monocrop	Wed Nov 05 16:59:48 CET 2025	7/8/1995	7	8	1995	219	1995	1.96300e+01	2.80700e+01	3.10000e+01	9.90000e+01	0.00000e+00	0.00000e+00	0.00000e+00	0.00000e+00	0.00000e+00	0.00000e+00	0.00000e+00	0.00000e+00	4.73343e+00	4.75134e+01	2.14800e+01	2.16663e+01	2.58470e+01	3.75325e+01	-7.38294e+01	2.89525e-01	1.44368e+01	1.92126e+01	-6.49000e+00	1.20000e+00	
monocrop	Wed Nov 05 16:59:48 CET 2025	8/8/1995	8	8	1995	220	1995	1.80100e+01	3.05800e+01	3.00000e+01	9.00000e+01	0.00000e+00	0.00000e+00	0.00000e+00	0.00000e+00	0.00000e+00	0.00000e+00	0.00000e+00	0.00000e+00	4.78894e+00	4.93714e+01	2.23200e+01	2.08926e+01	2.84789e+01	3.73519e+01	-7.85858e+01	2.84653e-01	1.43941e+01	1.82151e+01	-6.49000e+00	8.00000e-01	
monocrop	Wed Nov 05 16:59:48 CET 2025	9/8/1995	9	8	1995	221	1995	1.61600e+01	3.43200e+01	3.00000e+01	9.70000e+01	0.00000e+00	0.00000e+00	0.00000e+00	0.00000e+00	0.00000e+00	0.00000e+00	0.00000e+00	0.00000e+00	5.42968e+00	5.66046e+01	2.55900e+01	1.72622e+01	3.93424e+01	3.71682e+01	-9.43020e+01	2.79704e-01	1.43508e+01	2.03973e+01	-6.49000e+00	9.00000e-01	
monocrop	Wed Nov 05 16:59:48 CET 2025	10/8/1995	10	8	1995	222	1995	1.64800e+01	3.29100e+01	3.60000e+01	7.80000e+01	0.00000e+00	0.00000e+00	0.00000e+00	0.00000e+00	0.00000e+00	0.00000e+00	0.00000e+00	0.00000e+00	4.19432e+00	3.84221e+01	1.73700e+01	2.26460e+01	1.57761e+01	3.69817e+01	-6.01440e+01	2.74681e-01	1.43072e+01	1.77237e+01	-6.49000e+00	9.00000e-01	
monocrop	Wed Nov 05 16:59:48 CET 2025	11/8/1995	11	8	1995	223	1995	1.67400e+01	2.44100e+01	4.30000e+01	9.40000e+01	2.76000e+01	2.76000e+01	0.00000e+00	0.00000e+00	0.00000e+00	0.00000e+00	0.00000e+00	2.76000e+01	3.06025e+00	3.09456e+01	1.39900e+01	2.18378e+01	9.10782e+00	3.67922e+01	-4.35548e+01	2.69584e-01	1.42631e+01	1.65851e+01	-6.49000e+00	7.00000e-01	
monocrop	Wed Nov 05 16:59:48 CET 2025	12/8/1995	12	8	1995	224	1995	1.49300e+01	3.05000e+01	2.70000e+01	9.90000e+01	0.00000e+00	0.00000e+00	0.00000e+00	0.00000e+00	0.00000e+00	0.00000e+00	0.00000e+00	0.00000e+00	4.03192e+00	4.16516e+01	1.88300e+01	2.21242e+01	1.95274e+01	3.65998e+01	-6.51608e+01	2.64416e-01	1.42186e+01	1.73872e+01	-6.49000e+00	8.00000e-01	
monocrop	Wed Nov 05 16:59:48 CET 2025	13/8/1995	13	8	1995	225	1995	1.50000e+01	3.14600e+01	3.00000e+01	6.10000e+01	2.00000e-01	2.00000e-01	0.00000e+00	0.00000e+00	0.00000e+00	0.00000e+00	0.00000e+00	2.00000e-01	4.35222e+00	4.23816e+01	1.91600e+01	2.18605e+01	2.05210e+01	3.64047e+01	-6.74708e+01	2.59177e-01	1.41737e+01	1.29553e+01	-6.50000e+00	9.00000e-01	
monocrop	Wed Nov 05 16:59:48 CET 2025	14/8/1995	14	8	1995	226	1995	1.77600e+01	3.34000e+01	2.10000e+01	5.50000e+01	0.00000e+00	0.00000e+00	0.00000e+00	0.00000e+00	0.00000e+00	0.00000e+00	0.00000e+00	0.00000e+00	4.79428e+00	4.51465e+01	2.04100e+01	2.10916e+01	2.40549e+01	3.62068e+01	-7.52148e+01	2.53869e-01	1.41284e+01	1.24555e+01	-6.50000e+00	9.00000e-01	
monocrop	Wed Nov 05 16:59:48 CET 2025	15/8/1995	15	8	1995	227	1995	1.83100e+01	3.32900e+01	2.40000e+01	6.30000e+01	0.00000e+00	0.00000e+00	0.00000e+00	0.00000e+00	0.00000e+00	0.00000e+00	0.00000e+00	0.00000e+00	5.03208e+00	5.19373e+01	2.34800e+01	1.82952e+01	3.36422e+01	3.60061e+01	-8.89511e+01	2.48494e-01	1.40827e+01	1.44455e+01	-6.50000e+00	7.00000e-01	
monocrop	Wed Nov 05 16:59:48 CET 2025	16/8/1995	16	8	1995	228	1995	1.74700e+01	3.07000e+01	2.10000e+01	5.90000e+01	2.20000e+00	2.20000e+00	0.00000e+00	0.00000e+00	0.00000e+00	0.00000e+00	0.00000e+00	2.20000e+00	4.69428e+00	5.42157e+01	2.45100e+01	1.68090e+01	3.74066e+01	3.58027e+01	-9.15602e+01	2.43053e-01	1.40367e+01	1.19913e+01	-6.50000e+00	4.00000e-01	
monocrop	Wed Nov 05 16:59:48 CET 2025	17/8/1995	17	8	1995	229	1995	1.49900e+01	3.16500e+01	2.00000e+01	9.20000e+01	2.00000e-01	2.00000e-01	0.00000e+00	0.00000e+00	0.00000e+00	0.00000e+00	0.00000e+00	2.00000e-01	4.47362e+00	4.85751e+01	2.19600e+01	1.93337e+01	2.92414e+01	3.55967e+01	-8.11256e+01	2.37547e-01	1.39904e+01	1.60319e+01	-6.50000e+00	7.00000e-01	
monocrop	Wed Nov 05 16:59:48 CET 2025	18/8/1995	18	8	1995	230	1995	1.73300e+01	3.17900e+01	3.40000e+01	9.90000e+01	7.00000e+00	7.00000e+00	0.00000e+00	0.00000e+00	0.00000e+00	0.00000e+00	0.00000e+00	7.00000e+00	4.44893e+00	4.66286e+01	2.10800e+01	1.98459e+01	2.67827e+01	3.53881e+01	-7.89348e+01	2.31979e-01	1.39437e+01	2.05114e+01	-6.50000e+00	7.00000e-01	
monocrop	Wed Nov 05 16:59:48 CET 2025	19/8/1995	19	8	1995	231	1995	1.60900e+01	3.07200e+01	2.30000e+01	9.90000e+01	4.00000e-01	4.00000e-01	0.00000e+00	0.00000e+00	0.00000e+00	0.00000e+00	0.00000e+00	4.00000e-01	4.39676e+00	5.01014e+01	2.26500e+01	1.81841e+01	3.19173e+01	3.51769e+01	-8.49515e+01	2.26349e-01	1.38967e+01	1.75532e+01	-6.50000e+00	4.00000e-01	
monocrop	Wed Nov 05 16:59:48 CET 2025	20/8/1995	20	8	1995	232	1995	2.04300e+01	3.07900e+01	2.20000e+01	7.30000e+01	0.00000e+00	0.00000e+00	0.00000e+00	0.00000e+00	0.00000e+00	0.00000e+00	0.00000e+00	0.00000e+00	4.39859e+00	4.13198e+01	1.86800e+01	2.08848e+01	2.04350e+01	3.49632e+01	-7.01058e+01	2.20660e-01	1.38494e+01	1.55971e+01	-6.50000e+00	8.00000e-01	
monocrop	Wed Nov 05 16:59:48 CET 2025	21/8/1995	21	8	1995	233	1995	1.90400e+01	2.92500e+01	2.70000e+01	9.50000e+01	8.00000e-01	8.00000e-01	0.00000e+00	0.00000e+00	0.00000e+00	0.00000e+00	0.00000e+00	8.00000e-01	3.67289e+00	3.64535e+01	1.64800e+01	2.12680e+01	1.51854e+01	3.47471e+01	-5.98264e+01	2.14913e-01	1.38019e+01	1.83528e+01	-6.50000e+00	5.00000e-01	
monocrop	Wed Nov 05 16:59:48 CET 2025	22/8/1995	22	8	1995	234	1995	1.68700e+01	3.21700e+01	5.70000e+01	9.90000e+01	0.00000e+00	0.00000e+00	0.00000e+00	0.00000e+00	0.00000e+00	0.00000e+00	0.00000e+00	0.00000e+00	3.85320e+00	4.02138e+01	1.81800e+01	2.07311e+01	1.94827e+01	3.45285e+01	-6.85903e+01	2.09109e-01	1.37541e+01	2.40009e+01	-6.51000e+00	7.00000e-01	
monocrop	Wed Nov 05 16:59:48 CET 2025	23/8/1995	23	8	1995	235	1995	1.74600e+01	3.02900e+01	4.80000e+01	9.90000e+01	0.00000e+00	0.00000e+00	0.00000e+00	0.00000e+00	0.00000e+00	0.00000e+00	0.00000e+00	0.00000e+00	4.12868e+00	4.35982e+01	1.97100e+01	1.97559e+01	2.38422e+01	3.43075e+01	-7.48804e+01	2.03249e-01	1.37060e+01	2.17577e+01	-6.51000e+00	1.00000e+00	
monocrop	Wed Nov 05 16:59:48 CET 2025	24/8/1995	24	8	1995	236	1995	1.55600e+01	2.99700e+01	2.80000e+01	9.90000e+01	0.00000e+00	0.00000e+00	0.00000e+00	0.00000e+00	0.00000e+00	0.00000e+00	0.00000e+00	0.00000e+00	3.63270e+00	3.71834e+01	1.68100e+01	2.07800e+01	1.64034e+01	3.40842e+01	-6.20310e+01	1.97336e-01	1.36576e+01	1.75785e+01	-6.51000e+00	8.00000e-01	
monocrop	Wed Nov 05 16:59:48 CET 2025	25/8/1995	25	8	1995	237	1995	1.29332e+01	3.18790e+01	2.30000e+01	5.20000e+01	0.00000e+00	0.00000e+00	0.00000e+00	0.00000e+00	0.00000e+00	0.00000e+00	0.00000e+00	0.00000e+00	5.15573e+00	5.08535e+01	2.29900e+01	1.61358e+01	3.47177e+01	3.38586e+01	-8.97959e+01	1.91371e-01	1.36090e+01	1.01571e+01	-6.51000e+00	1.90000e+00	
monocrop	Wed Nov 05 16:59:48 CET 2025	26/8/1995	26	8	1995	238	1995	1.88588e+01	3.24014e+01	2.70000e+01	5.50000e+01	0.00000e+00	0.00000e+00	0.00000e+00	0.00000e+00	0.00000e+00	0.00000e+00	0.00000e+00	0.00000e+00	5.82536e+00	4.81327e+01	2.17600e+01	1.72732e+01	3.08595e+01	3.36308e+01	-8.78648e+01	1.85356e-01	1.35602e+01	1.34788e+01	-6.51000e+00	2.50000e+00	
monocrop	Wed Nov 05 16:59:48 CET 2025	27/8/1995	27	8	1995	239	1995	1.49084e+01	3.19835e+01	2.50000e+01	5.50000e+01	0.00000e+00	0.00000e+00	0.00000e+00	0.00000e+00	0.00000e+00	0.00000e+00	0.00000e+00	0.00000e+00	5.80254e+00	5.19152e+01	2.34700e+01	1.48746e+01	3.70406e+01	3.34007e+01	-9.42953e+01	1.79291e-01	1.35112e+01	1.15388e+01	-6.51000e+00	2.70000e+00	
monocrop	Wed Nov 05 16:59:48 CET 2025	28/8/1995	28	8	1995	240	1995	1.82662e+01	2.17455e+01	1.70000e+01	5.30000e+01	0.00000e+00	0.00000e+00	0.00000e+00	0.00000e+00	0.00000e+00	0.00000e+00	0.00000e+00	0.00000e+00	3.98214e+00	4.62525e+01	2.09100e+01	1.75972e+01	2.86553e+01	3.31686e+01	-7.76691e+01	1.73180e-01	1.34620e+01	8.18114e+00	-6.51000e+00	9.00000e-01	
monocrop	Wed Nov 05 16:59:48 CET 2025	29/8/1995	29	8	1995	241	1995	1.15506e+01	2.77003e+01	1.50000e+01	4.30000e+01	0.00000e+00	0.00000e+00	0.00000e+00	0.00000e+00	0.00000e+00	0.00000e+00	0.00000e+00	0.00000e+00	4.47003e+00	5.22470e+01	2.36200e+01	1.39845e+01	3.82625e+01	3.29344e+01	-9.15211e+01	1.67022e-01	1.34126e+01	6.62051e+00	-6.51000e+00	1.40000e+00	
monocrop	Wed Nov 05 16:59:48 CET 2025	30/8/1995	30	8	1995	242	1995	8.88404e+00	2.66556e+01	2.30000e+01	5.80000e+01	0.00000e+00	0.00000e+00	0.00000e+00	0.00000e+00	0.00000e+00	0.00000e+00	0.00000e+00	0.00000e+00	3.87804e+00	4.85088e+01	2.19300e+01	1.59164e+01	3.25924e+01	3.26981e+01	-8.31156e+01	1.60820e-01	1.33629e+01	8.23210e+00	-6.51000e+00	1.10000e+00	
monocrop	Wed Nov 05 16:59:48 CET 2025	31/8/1995	31	8	1995	243	1995	1.07605e+01	2.67600e+01	1.50000e+01	4.00000e+01	0.00000e+00	0.00000e+00	0.00000e+00	0.00000e+00	0.00000e+00	0.00000e+00	0.00000e+00	0.00000e+00	4.16036e+00	5.14949e+01	2.32800e+01	1.37825e+01	3.77124e+01	3.24598e+01	-9.04614e+01	1.54575e-01	1.33132e+01	5.94840e+00	-6.52000e+00	1.20000e+00	
monocrop	Wed Nov 05 16:59:48 CET 2025	1/9/1995	1	9	1995	244	1995	8.58776e+00	2.60287e+01	1.80000e+01	6.10000e+01	0.00000e+00	0.00000e+00	0.00000e+00	0.00000e+00	0.00000e+00	0.00000e+00	0.00000e+00	0.00000e+00	3.78523e+00	5.01235e+01	2.26600e+01	1.43209e+01	3.58026e+01	3.22196e+01	-8.70598e+01	1.48289e-01	1.32632e+01	7.79820e+00	-6.52000e+00	1.00000e+00	
monocrop	Wed Nov 05 16:59:48 CET 2025	2/9/1995	2	9	1995	245	1995	6.11876e+00	2.68645e+01	1.70000e+01	6.40000e+01	0.00000e+00	0.00000e+00	0.00000e+00	0.00000e+00	0.00000e+00	0.00000e+00	0.00000e+00	0.00000e+00	3.62779e+00	5.05217e+01	2.28400e+01	1.37154e+01	3.68063e+01	3.19776e+01	-8.81946e+01	1.41964e-01	1.32131e+01	7.59180e+00	-6.52000e+00	9.00000e-01	
monocrop	Wed Nov 05 16:59:48 CET 2025	3/9/1995	3	9	1995	246	1995	8.68652e+00	2.91628e+01	2.20000e+01	7.30000e+01	0.00000e+00	0.00000e+00	0.00000e+00	0.00000e+00	0.00000e+00	0.00000e+00	0.00000e+00	0.00000e+00	4.27733e+00	4.55889e+01	2.06100e+01	1.62157e+01	2.93733e+01	3.17337e+01	-8.19327e+01	1.35600e-01	1.31628e+01	1.03807e+01	-6.52000e+00	2.10000e+00	
monocrop	Wed Nov 05 16:59:48 CET 2025	4/9/1995	4	9	1995	247	1995	1.40196e+01	2.68645e+01	1.90000e+01	5.00000e+01	0.00000e+00	0.00000e+00	0.00000e+00	0.00000e+00	0.00000e+00	0.00000e+00	0.00000e+00	0.00000e+00	4.47216e+00	4.42618e+01	2.00100e+01	1.65485e+01	2.77133e+01	3.14881e+01	-8.03580e+01	1.29200e-01	1.31124e+01	8.28479e+00	-6.52000e+00	1.90000e+00	
monocrop	Wed Nov 05 16:59:48 CET 2025	5/9/1995	5	9	1995	248	1995	8.58776e+00	2.57153e+01	2.20000e+01	6.70000e+01	0.00000e+00	0.00000e+00	0.00000e+00	0.00000e+00	0.00000e+00	0.00000e+00	0.00000e+00	0.00000e+00	3.49649e+00	4.08774e+01	1.84800e+01	1.76183e+01	2.32591e+01	3.12407e+01	-7.15371e+01	1.22765e-01	1.30618e+01	8.69860e+00	-6.52000e+00	1.30000e+00	
monocrop	Wed Nov 05 16:59:48 CET 2025	6/9/1995	6	9	1995	249	1995	8.29148e+00	2.47751e+01	3.90000e+01	9.00000e+01	0.00000e+00	0.00000e+00	0.00000e+00	0.00000e+00	0.00000e+00	0.00000e+00	0.00000e+00	0.00000e+00	3.10706e+00	4.11207e+01	1.85900e+01	1.72794e+01	2.38413e+01	3.09917e+01	-7.19921e+01	1.16296e-01	1.30112e+01	1.21228e+01	-6.52000e+00	1.20000e+00	
monocrop	Wed Nov 05 16:59:48 CET 2025	7/9/1995	7	9	1995	250	1995	1.70811e+01	2.92673e+01	4.10000e+01	9.90000e+01	9.60000e+00	9.60000e+00	0.00000e+00	0.00000e+00	0.00000e+00	0.00000e+00	0.00000e+00	9.60000e+00	3.73869e+00	3.98820e+01	1.80300e+01	1.74498e+01	2.24322e+01	3.07411e+01	-7.60082e+01	1.09796e-01	1.29603e+01	1.98641e+01	-6.52000e+00	1.30000e+00	
monocrop	Wed Nov 05 16:59:48 CET 2025	8/9/1995	8	9	1995	251	1995	1.16493e+01	2.56108e+01	3.60000e+01	8.70000e+01	2.00000e-01	2.00000e-01	0.00000e+00	0.00000e+00	0.00000e+00	0.00000e+00	0.00000e+00	2.00000e-01	3.63158e+00	3.21622e+01	1.45400e+01	1.86553e+01	1.35069e+01	3.04890e+01	-5.65604e+01	1.03266e-01	1.29094e+01	1.31949e+01	-6.52000e+00	3.00000e+00	
monocrop	Wed Nov 05 16:59:48 CET 2025	9/9/1995	9	9	1995	252	1995	1.17481e+01	2.67600e+01	2.80000e+01	8.30000e+01	0.00000e+00	0.00000e+00	0.00000e+00	0.00000e+00	0.00000e+00	0.00000e+00	0.00000e+00	0.00000e+00	3.96004e+00	4.69825e+01	2.12400e+01	1.34730e+01	3.35094e+01	3.02354e+01	-8.89358e+01	9.67068e-02	1.28584e+01	1.23808e+01	-6.52000e+00	1.80000e+00	
monocrop	Wed Nov 05 16:59:48 CET 2025	10/9/1995	10	9	1995	253	1995	1.16493e+01	2.49840e+01	5.90000e+01	9.10000e+01	1.04000e+01	1.04000e+01	0.00000e+00	0.00000e+00	0.00000e+00	0.00000e+00	0.00000e+00	1.04000e+01	2.91210e+00	3.20959e+01	1.45100e+01	1.83211e+01	1.37748e+01	2.99805e+01	-5.72531e+01	9.01207e-02	1.28073e+01	1.57782e+01	-6.53000e+00	2.30000e+00	
monocrop	Wed Nov 05 16:59:48 CET 2025	11/9/1995	11	9	1995	254	1995	1.49084e+01	2.36259e+01	5.40000e+01	9.90000e+01	5.40000e+00	5.40000e+00	0.00000e+00	0.00000e+00	0.00000e+00	0.00000e+00	0.00000e+00	5.40000e+00	2.51826e+00	3.00830e+01	1.36000e+01	1.82061e+01	1.18768e+01	2.97241e+01	-5.37588e+01	8.35092e-02	1.27560e+01	1.70794e+01	-6.53000e+00	9.00000e-01	
monocrop	Wed Nov 05 16:59:48 CET 2025	12/9/1995	12	9	1995	255	1995	1.61923e+01	2.00739e+01	8.10000e+01	9.90000e+01	4.34000e+01	4.34000e+01	0.00000e+00	0.00000e+00	0.00000e+00	0.00000e+00	0.00000e+00	4.34000e+01	1.11616e+00	1.00424e+01	4.54000e+00	1.00394e+01	2.96593e-03	2.94665e+01	-1.13825e+01	7.68738e-02	1.27047e+01	1.87168e+01	-6.53000e+00	8.00000e-01	
monocrop	Wed Nov 05 16:59:48 CET 2025	13/9/1995	13	9	1995	256	1995	1.25382e+01	2.43572e+01	3.00000e+01	9.90000e+01	0.00000e+00	0.00000e+00	0.00000e+00	0.00000e+00	0.00000e+00	0.00000e+00	0.00000e+00	0.00000e+00	3.28367e+00	3.53917e+01	1.60000e+01	1.72661e+01	1.81256e+01	2.92076e+01	-6.60247e+01	7.02161e-02	1.26533e+01	1.36812e+01	-6.53000e+00	2.20000e+00	
monocrop	Wed Nov 05 16:59:48 CET 2025	14/9/1995	14	9	1995	257	1995	1.28344e+01	2.57153e+01	2.80000e+01	6.20000e+01	0.00000e+00	0.00000e+00	0.00000e+00	0.00000e+00	0.00000e+00	0.00000e+00	0.00000e+00	0.00000e+00	4.31693e+00	4.41069e+01	1.99400e+01	1.34315e+01	3.06754e+01	2.89476e+01	-8.67059e+01	6.35377e-02	1.26019e+01	1.00516e+01	-6.53000e+00	2.60000e+00	
monocrop	Wed Nov 05 16:59:48 CET 2025	15/9/1995	15	9	1995	258	1995	1.21431e+01	2.42527e+01	3.20000e+01	7.30000e+01	0.00000e+00	0.00000e+00	0.00000e+00	0.00000e+00	0.00000e+00	0.00000e+00	0.00000e+00	0.00000e+00	3.12262e+00	3.06138e+01	1.38400e+01	1.75358e+01	1.30780e+01	2.86866e+01	-5.68431e+01	5.68402e-02	1.25503e+01	1.09627e+01	-6.53000e+00	1.70000e+00	
monocrop	Wed Nov 05 16:59:48 CET 2025	16/9/1995	16	9	1995	259	1995	7.89644e+00	2.41483e+01	3.30000e+01	9.50000e+01	0.00000e+00	0.00000e+00	0.00000e+00	0.00000e+00	0.00000e+00	0.00000e+00	0.00000e+00	0.00000e+00	2.79968e+00	4.22046e+01	1.90800e+01	1.38166e+01	2.83881e+01	2.84244e+01	-8.12249e+01	5.01253e-02	1.24987e+01	1.16432e+01	-6.53000e+00	9.00000e-01	
monocrop	Wed Nov 05 16:59:48 CET 2025	17/9/1995	17	9	1995	260	1995	9.87164e+00	2.10142e+01	4.80000e+01	9.90000e+01	1.14000e+01	1.14000e+01	0.00000e+00	0.00000e+00	0.00000e+00	0.00000e+00	0.00000e+00	1.14000e+01	1.68193e+00	1.70986e+01	7.73000e+00	1.44169e+01	2.68168e+00	2.81614e+01	-2.71715e+01	4.33944e-02	1.24470e+01	1.28843e+01	-6.53000e+00	9.00000e-01	
monocrop	Wed Nov 05 16:59:48 CET 2025	18/9/1995	18	9	1995	261	1995	1.43158e+01	2.31036e+01	6.20000e+01	9.90000e+01	3.12000e+01	3.12000e+01	0.00000e+00	0.00000e+00	0.00000e+00	0.00000e+00	0.00000e+00	3.12000e+01	2.34464e+00	2.64111e+01	1.19400e+01	1.69983e+01	9.41278e+00	2.78974e+01	-4.93294e+01	3.66493e-02	1.23953e+01	1.73576e+01	-6.53000e+00	2.00000e+00	
monocrop	Wed Nov 05 16:59:48 CET 2025	19/9/1995	19	9	1995	262	1995	1.27357e+01	1.97605e+01	5.20000e+01	9.90000e+01	3.40000e+00	3.40000e+00	0.00000e+00	0.00000e+00	0.00000e+00	0.00000e+00	0.00000e+00	3.40000e+00	1.90223e+00	2.03281e+01	9.19000e+00	1.56049e+01	4.72325e+00	2.76327e+01	-3.49313e+01	2.98916e-02	1.23435e+01	1.39347e+01	-6.53000e+00	1.40000e+00	
monocrop	Wed Nov 05 16:59:48 CET 2025	20/9/1995	20	9	1995	263	1995	1.19456e+01	1.85069e+01	6.80000e+01	9.90000e+01	3.40000e+00	3.40000e+00	0.00000e+00	0.00000e+00	0.00000e+00	0.00000e+00	0.00000e+00	3.40000e+00	1.17893e+00	1.24092e+01	5.61000e+00	1.15842e+01	8.25054e-01	2.73672e+01	-1.77835e+01	2.31228e-02	1.22917e+01	1.44350e+01	-6.53000e+00	4.00000e-01	
monocrop	Wed Nov 05 16:59:48 CET 2025	21/9/1995	21	9	1995	264	1995	7.20512e+00	2.29991e+01	3.50000e+01	9.90000e+01	0.00000e+00	0.00000e+00	0.00000e+00	0.00000e+00	0.00000e+00	0.00000e+00	0.00000e+00	0.00000e+00	2.16580e+00	3.16977e+01	1.43300e+01	1.62485e+01	1.54492e+01	2.71010e+01	-6.12081e+01	1.63446e-02	1.22399e+01	1.14904e+01	-6.54000e+00	7.00000e-01	
monocrop	Wed Nov 05 16:59:48 CET 2025	22/9/1995	22	9	1995	265	1995	6.90884e+00	2.38349e+01	3.00000e+01	9.00000e+01	0.00000e+00	0.00000e+00	0.00000e+00	0.00000e+00	0.00000e+00	0.00000e+00	0.00000e+00	0.00000e+00	2.31752e+00	3.40645e+01	1.54000e+01	1.54632e+01	1.86014e+01	2.68342e+01	-6.76468e+01	9.55863e-03	1.21880e+01	1.04699e+01	-6.54000e+00	7.00000e-01	
monocrop	Wed Nov 05 16:59:48 CET 2025	23/9/1995	23	9	1995	266	1995	6.41504e+00	2.48796e+01	3.30000e+01	8.30000e+01	0.00000e+00	0.00000e+00	0.00000e+00	0.00000e+00	0.00000e+00	0.00000e+00	0.00000e+00	0.00000e+00	2.47568e+00	3.90857e+01	1.76700e+01	1.31075e+01	2.59782e+01	2.65669e+01	-8.04745e+01	2.76656e-03	1.21361e+01	1.03014e+01	-6.54000e+00	7.00000e-01	
monocrop	Wed Nov 05 16:59:48 CET 2025	24/9/1995	24	9	1995	267	1995	1.14518e+01	2.42527e+01	3.50000e+01	8.60000e+01	0.00000e+00	0.00000e+00	0.00000e+00	0.00000e+00	0.00000e+00	0.00000e+00	0.00000e+00	0.00000e+00	2.70123e+00	3.27594e+01	1.48100e+01	1.53289e+01	1.74305e+01	2.62992e+01	-6.78396e+01	-4.03000e-03	1.20842e+01	1.23614e+01	-6.54000e+00	1.40000e+00	
monocrop	Wed Nov 05 16:59:48 CET 2025	25/9/1995	25	9	1995	268	1995	1.32295e+01	2.05963e+01	2.60000e+01	6.30000e+01	0.00000e+00	0.00000e+00	0.00000e+00	0.00000e+00	0.00000e+00	0.00000e+00	0.00000e+00	0.00000e+00	2.99232e+00	3.23613e+01	1.46300e+01	1.51895e+01	1.71718e+01	2.60310e+01	-6.60440e+01	-1.08294e-02	1.20322e+01	8.56798e+00	-6.54000e+00	1.70000e+00	
monocrop	Wed Nov 05 16:59:48 CET 2025	26/9/1995	26	9	1995	269	1995	7.30388e+00	2.41483e+01	3.30000e+01	9.40000e+01	0.00000e+00	0.00000e+00	0.00000e+00	0.00000e+00	0.00000e+00	0.00000e+00	0.00000e+00	0.00000e+00	2.40313e+00	3.93512e+01	1.77900e+01	1.18960e+01	2.74552e+01	2.57626e+01	-8.37390e+01	-1.76299e-02	1.19803e+01	1.13353e+01	-6.54000e+00	8.00000e-01	
monocrop	Wed Nov 05 16:59:48 CET 2025	27/9/1995	27	9	1995	270	1995	5.52620e+00	2.68645e+01	2.80000e+01	9.90000e+01	1.00000e+00	1.00000e+00	0.00000e+00	0.00000e+00	0.00000e+00	0.00000e+00	0.00000e+00	1.00000e+00	2.67865e+00	3.90194e+01	1.76400e+01	1.17250e+01	2.72943e+01	2.54939e+01	-8.53461e+01	-2.44300e-02	1.19283e+01	1.16805e+01	-6.54000e+00	1.60000e+00	
monocrop	Wed Nov 05 16:59:48 CET 2025	28/9/1995	28	9	1995	271	1995	1.40196e+01	2.64466e+01	1.90000e+01	7.00000e+01	0.00000e+00	0.00000e+00	0.00000e+00	0.00000e+00	0.00000e+00	0.00000e+00	0.00000e+00	0.00000e+00	3.25987e+00	3.64756e+01	1.64900e+01	1.27728e+01	2.37028e+01	2.52252e+01	-8.28952e+01	-3.12279e-02	1.18764e+01	1.05491e+01	-6.54000e+00	1.60000e+00	
monocrop	Wed Nov 05 16:59:48 CET 2025	29/9/1995	29	9	1995	272	1995	4.93364e+00	2.25812e+01	2.10000e+01	5.80000e+01	0.00000e+00	0.00000e+00	0.00000e+00	0.00000e+00	0.00000e+00	0.00000e+00	0.00000e+00	0.00000e+00	2.38128e+00	3.65198e+01	1.65100e+01	1.24159e+01	2.41039e+01	2.49563e+01	-7.79007e+01	-3.80219e-02	1.18244e+01	6.20978e+00	-6.54000e+00	1.00000e+00	
monocrop	Wed Nov 05 16:59:48 CET 2025	30/9/1995	30	9	1995	273	1995	5.62496e+00	2.23723e+01	2.50000e+01	7.60000e+01	0.00000e+00	0.00000e+00	0.00000e+00	0.00000e+00	0.00000e+00	0.00000e+00	0.00000e+00	0.00000e+00	2.24007e+00	3.70728e+01	1.67600e+01	1.17686e+01	2.53042e+01	2.46874e+01	-8.02901e+01	-4.48104e-02	1.17725e+01	8.06449e+00	-6.54000e+00	9.00000e-01	
monocrop	Wed Nov 05 16:59:48 CET 2025	1/10/1995	1	10	1995	274	1995	7.89644e+00	2.71779e+01	4.10000e+01	9.50000e+01	0.00000e+00	0.00000e+00	0.00000e+00	0.00000e+00	0.00000e+00	0.00000e+00	0.00000e+00	0.00000e+00	2.09259e+00	2.70968e+01	1.22500e+01	1.48446e+01	1.22522e+01	2.44187e+01	-6.00486e+01	-5.15916e-02	1.17206e+01	1.36204e+01	-6.54000e+00	1.00000e+00	
monocrop	Wed Nov 05 16:59:48 CET 2025	2/10/1995	2	10	1995	275	1995	8.48900e+00	2.19544e+01	5.40000e+01	9.90000e+01	2.00000e-01	2.00000e-01	0.00000e+00	0.00000e+00	0.00000e+00	0.00000e+00	0.00000e+00	2.00000e-01	1.89018e+00	2.99060e+01	1.35200e+01	1.41222e+01	1.57838e+01	2.41501e+01	-6.52132e+01	-5.83639e-02	1.16687e+01	1.32210e+01	-6.54000e+00	1.20000e+00	
monocrop	Wed Nov 05 16:59:48 CET 2025	3/10/1995	3	10	1995	276	1995	1.62910e+01	1.97605e+01	8.20000e+01	9.90000e+01	1.74000e+01	1.74000e+01	0.00000e+00	0.00000e+00	0.00000e+00	0.00000e+00	0.00000e+00	1.74000e+01	1.05122e+00	8.33917e+00	3.77000e+00	8.29565e+00	4.35219e-02	2.38818e+01	-1.18818e+01	-6.51256e-02	1.16168e+01	1.86941e+01	-6.54000e+00	2.20000e+00	
monocrop	Wed Nov 05 16:59:48 CET 2025	4/10/1995	4	10	1995	277	1995	1.66861e+01	1.98650e+01	8.90000e+01	9.90000e+01	3.14000e+01	3.14000e+01	0.00000e+00	0.00000e+00	0.00000e+00	0.00000e+00	0.00000e+00	3.14000e+01	1.29321e+00	1.60811e+01	7.27000e+00	1.28612e+01	3.21994e+00	2.36138e+01	-3.22259e+01	-7.18748e-02	1.15650e+01	1.97243e+01	-6.55000e+00	2.80000e+00	
monocrop	Wed Nov 05 16:59:48 CET 2025	5/10/1995	5	10	1995	278	1995	1.60935e+01	2.34170e+01	6.70000e+01	9.90000e+01	0.00000e+00	0.00000e+00	0.00000e+00	0.00000e+00	0.00000e+00	0.00000e+00	0.00000e+00	0.00000e+00	1.47879e+00	1.43115e+01	6.47000e+00	1.20178e+01	2.29373e+00	2.33463e+01	-2.88204e+01	-7.86100e-02	1.15132e+01	1.91018e+01	-6.55000e+00	1.30000e+00	
monocrop	Wed Nov 05 16:59:48 CET 2025	6/10/1995	6	10	1995	279	1995	1.37233e+01	1.82980e+01	8.00000e+01	9.90000e+01	1.16000e+01	1.16000e+01	0.00000e+00	0.00000e+00	0.00000e+00	0.00000e+00	0.00000e+00	1.16000e+01	8.54994e-01	7.89677e+00	3.57000e+00	7.88817e+00	8.60500e-03	2.30793e+01	-1.12649e+01	-8.53292e-02	1.14615e+01	1.62700e+01	-6.55000e+00	7.00000e-01	
monocrop	Wed Nov 05 16:59:48 CET 2025	7/10/1995	7	10	1995	280	1995	1.39208e+01	2.45662e+01	5.40000e+01	9.90000e+01	2.00000e-01	2.00000e-01	0.00000e+00	0.00000e+00	0.00000e+00	0.00000e+00	0.00000e+00	2.00000e-01	1.83889e+00	2.64995e+01	1.19800e+01	1.37086e+01	1.27910e+01	2.28128e+01	-6.35554e+01	-9.20309e-02	1.14098e+01	1.70543e+01	-6.55000e+00	5.00000e-01	
monocrop	Wed Nov 05 16:59:48 CET 2025	8/10/1995	8	10	1995	281	1995	9.67412e+00	2.46706e+01	5.40000e+01	9.90000e+01	4.00000e-01	4.00000e-01	0.00000e+00	0.00000e+00	0.00000e+00	0.00000e+00	0.00000e+00	4.00000e-01	1.79592e+00	3.12332e+01	1.41200e+01	1.20523e+01	1.91809e+01	2.25470e+01	-7.63583e+01	-9.87132e-02	1.13582e+01	1.49735e+01	-6.55000e+00	5.00000e-01	
monocrop	Wed Nov 05 16:59:48 CET 2025	9/10/1995	9	10	1995	282	1995	1.02667e+01	2.70734e+01	4.30000e+01	9.90000e+01	0.00000e+00	0.00000e+00	0.00000e+00	0.00000e+00	0.00000e+00	0.00000e+00	0.00000e+00	0.00000e+00	2.06926e+00	3.27594e+01	1.48100e+01	1.10052e+01	2.17542e+01	2.22820e+01	-8.36704e+01	-1.05374e-01	1.13066e+01	1.52713e+01	-6.55000e+00	8.00000e-01	
monocrop	Wed Nov 05 16:59:48 CET 2025	10/10/1995	10	10	1995	283	1995	1.06617e+01	2.62377e+01	4.40000e+01	9.90000e+01	2.00000e-01	2.00000e-01	0.00000e+00	0.00000e+00	0.00000e+00	0.00000e+00	0.00000e+00	2.00000e-01	1.74476e+00	2.58359e+01	1.16800e+01	1.31861e+01	1.26498e+01	2.20179e+01	-6.43874e+01	-1.12013e-01	1.12552e+01	1.51679e+01	-6.55000e+00	5.00000e-01	
monocrop	Wed Nov 05 16:59:48 CET 2025	11/10/1995	11	10	1995	284	1995	1.16493e+01	2.43572e+01	4.70000e+01	9.90000e+01	2.00000e-01	2.00000e-01	0.00000e+00	0.00000e+00	0.00000e+00	0.00000e+00	0.00000e+00	2.00000e-01	1.88418e+00	3.08793e+01	1.39600e+01	1.12953e+01	1.95840e+01	2.17547e+01	-7.89650e+01	-1.18626e-01	1.12038e+01	1.50579e+01	-6.55000e+00	8.00000e-01	
monocrop	Wed Nov 05 16:59:48 CET 2025	12/10/1995	12	10	1995	285	1995	9.97040e+00	2.43572e+01	4.80000e+01	9.90000e+01	2.00000e-01	2.00000e-01	0.00000e+00	0.00000e+00	0.00000e+00	0.00000e+00	0.00000e+00	2.00000e-01	1.74306e+00	2.82691e+01	1.27800e+01	1.20705e+01	1.61986e+01	2.14925e+01	-7.19413e+01	-1.25213e-01	1.11525e+01	1.43785e+01	-6.55000e+00	9.00000e-01	
monocrop	Wed Nov 05 16:59:48 CET 2025	13/10/1995	13	10	1995	286	1995	1.07605e+01	1.93426e+01	6.50000e+01	9.90000e+01	1.76000e+01	1.76000e+01	0.00000e+00	0.00000e+00	0.00000e+00	0.00000e+00	0.00000e+00	1.76000e+01	1.03442e+00	8.00737e+00	3.62000e+00	7.83399e+00	1.73382e-01	2.12314e+01	-1.33173e+01	-1.31772e-01	1.11014e+01	1.40172e+01	-6.55000e+00	1.20000e+00	
monocrop	Wed Nov 05 16:59:48 CET 2025	14/10/1995	14	10	1995	287	1995	1.49084e+01	1.95516e+01	9.40000e+01	9.90000e+01	4.04000e+01	4.04000e+01	0.00000e+00	0.00000e+00	0.00000e+00	0.00000e+00	0.00000e+00	4.04000e+01	6.06470e-01	5.37512e+00	2.43000e+00	5.32136e+00	5.37510e-02	2.09715e+01	-6.19374e+00	-1.38300e-01	1.10503e+01	1.89572e+01	-6.24000e+00	1.20000e+00	
monocrop	Wed Nov 05 16:59:48 CET 2025	15/10/1995	15	10	1995	288	1995	1.20444e+01	2.42527e+01	5.40000e+01	9.90000e+01	1.40000e+00	1.40000e+00	0.00000e+00	0.00000e+00	0.00000e+00	0.00000e+00	0.00000e+00	1.40000e+00	1.40465e+00	1.97309e+01	8.92000e+00	1.26308e+01	7.10003e+00	2.07129e+01	-4.98404e+01	-1.44797e-01	1.09993e+01	1.59247e+01	-5.58000e+00	5.00000e-01	
monocrop	Wed Nov 05 16:59:48 CET 2025	16/10/1995	16	10	1995	289	1995	9.67412e+00	2.36259e+01	5.50000e+01	9.90000e+01	4.00000e-01	4.00000e-01	0.00000e+00	0.00000e+00	0.00000e+00	0.00000e+00	0.00000e+00	4.00000e-01	1.56335e+00	2.96184e+01	1.33900e+01	1.03380e+01	1.92804e+01	2.04557e+01	-7.95717e+01	-1.51260e-01	1.09485e+01	1.45800e+01	-5.57000e+00	8.00000e-01	
monocrop	Wed Nov 05 16:59:48 CET 2025	17/10/1995	17	10	1995	290	1995	8.29148e+00	2.52974e+01	4.40000e+01	9.90000e+01	2.00000e-01	2.00000e-01	0.00000e+00	0.00000e+00	0.00000e+00	0.00000e+00	0.00000e+00	2.00000e-01	1.51827e+00	2.94194e+01	1.33000e+01	1.01220e+01	1.92974e+01	2.02000e+01	-8.08644e+01	-1.57687e-01	1.08979e+01	1.36634e+01	-5.59000e+00	5.00000e-01	
monocrop	Wed Nov 05 16:59:48 CET 2025	18/10/1995	18	10	1995	291	1995	6.81008e+00	2.86405e+01	3.00000e+01	9.90000e+01	4.00000e-01	4.00000e-01	0.00000e+00	0.00000e+00	0.00000e+00	0.00000e+00	0.00000e+00	4.00000e-01	1.50170e+00	2.68535e+01	1.21400e+01	1.09765e+01	1.58770e+01	1.99458e+01	-7.58481e+01	-1.64077e-01	1.08473e+01	1.30736e+01	-5.60000e+00	3.00000e-01	
monocrop	Wed Nov 05 16:59:48 CET 2025	19/10/1995	19	10	1995	292	1995	1.20444e+01	2.72824e+01	4.40000e+01	9.90000e+01	2.00000e-01	2.00000e-01	0.00000e+00	0.00000e+00	0.00000e+00	0.00000e+00	0.00000e+00	2.00000e-01	1.71152e+00	2.86230e+01	1.29400e+01	9.89778e+00	1.87253e+01	1.96932e+01	-8.35148e+01	-1.70427e-01	1.07970e+01	1.63615e+01	-5.61000e+00	6.00000e-01	
monocrop	Wed Nov 05 16:59:48 CET 2025	20/10/1995	20	10	1995	293	1995	8.39024e+00	2.46706e+01	4.20000e+01	9.90000e+01	0.00000e+00	0.00000e+00	0.00000e+00	0.00000e+00	0.00000e+00	0.00000e+00	0.00000e+00	0.00000e+00	1.39663e+00	2.80479e+01	1.26800e+01	9.87743e+00	1.81705e+01	1.94424e+01	-7.96152e+01	-1.76736e-01	1.07468e+01	1.32480e+01	-5.63000e+00	5.00000e-01	
monocrop	Wed Nov 05 16:59:48 CET 2025	21/10/1995	21	10	1995	294	1995	4.43984e+00	2.13276e+01	3.60000e+01	9.90000e+01	2.00000e-01	2.00000e-01	0.00000e+00	0.00000e+00	0.00000e+00	0.00000e+00	0.00000e+00	2.00000e-01	1.15780e+00	2.93530e+01	1.32700e+01	8.84118e+00	2.05118e+01	1.91934e+01	-8.09896e+01	-1.83002e-01	1.06967e+01	1.00235e+01	-5.65000e+00	5.00000e-01	
monocrop	Wed Nov 05 16:59:48 CET 2025	22/10/1995	22	10	1995	295	1995	4.43984e+00	2.00739e+01	5.50000e+01	9.90000e+01	2.08000e+01	2.08000e+01	0.00000e+00	0.00000e+00	0.00000e+00	0.00000e+00	0.00000e+00	2.08000e+01	1.00181e+00	2.15447e+01	9.74000e+00	1.14551e+01	1.00896e+01	1.89463e+01	-5.72715e+01	-1.89222e-01	1.06469e+01	1.09733e+01	-5.67000e+00	7.00000e-01	
monocrop	Wed Nov 05 16:59:48 CET 2025	23/10/1995	23	10	1995	296	1995	1.08592e+01	1.84024e+01	9.10000e+01	9.90000e+01	1.42000e+01	1.42000e+01	0.00000e+00	0.00000e+00	0.00000e+00	0.00000e+00	0.00000e+00	1.42000e+01	6.48906e-01	9.73272e+00	4.40000e+00	8.70239e+00	1.03033e+00	1.87012e+01	-2.16732e+01	-1.95396e-01	1.05973e+01	1.58048e+01	-5.32000e+00	1.10000e+00	
monocrop	Wed Nov 05 16:59:48 CET 2025	24/10/1995	24	10	1995	297	1995	1.28344e+01	1.96561e+01	7.40000e+01	9.90000e+01	5.00000e+00	5.00000e+00	0.00000e+00	0.00000e+00	0.00000e+00	0.00000e+00	0.00000e+00	5.00000e+00	1.16272e+00	1.46433e+01	6.62000e+00	1.07446e+01	3.89867e+00	1.84582e+01	-3.84551e+01	-2.01521e-01	1.05479e+01	1.59620e+01	-5.09000e+00	2.60000e+00	
monocrop	Wed Nov 05 16:59:48 CET 2025	25/10/1995	25	10	1995	298	1995	1.36245e+01	1.80890e+01	8.40000e+01	9.90000e+01	1.00000e+00	1.00000e+00	0.00000e+00	0.00000e+00	0.00000e+00	0.00000e+00	0.00000e+00	1.00000e+00	6.54325e-01	5.59631e+00	2.53000e+00	5.54035e+00	5.59630e-02	1.82174e+01	-9.17631e+00	-2.07595e-01	1.04987e+01	1.64708e+01	-5.04000e+00	9.00000e-01	
monocrop	Wed Nov 05 16:59:48 CET 2025	26/10/1995	26	10	1995	299	1995	1.48096e+01	2.03874e+01	8.10000e+01	9.90000e+01	1.20000e+00	1.20000e+00	0.00000e+00	0.00000e+00	0.00000e+00	0.00000e+00	0.00000e+00	1.20000e+00	1.02537e+00	1.66341e+01	7.52000e+00	1.09161e+01	5.71800e+00	1.79788e+01	-4.70711e+01	-2.13617e-01	1.04498e+01	1.80970e+01	-5.07000e+00	1.60000e+00	
monocrop	Wed Nov 05 16:59:48 CET 2025	27/10/1995	27	10	1995	300	1995	1.52047e+01	2.45662e+01	6.30000e+01	9.90000e+01	2.00000e-01	2.00000e-01	0.00000e+00	0.00000e+00	0.00000e+00	0.00000e+00	0.00000e+00	2.00000e-01	1.35728e+00	2.31152e+01	1.04500e+01	1.00396e+01	1.30756e+01	1.77426e+01	-7.30149e+01	-2.19584e-01	1.04011e+01	1.87927e+01	-5.09000e+00	8.00000e-01	
monocrop	Wed Nov 05 16:59:48 CET 2025	28/10/1995	28	10	1995	301	1995	1.06617e+01	2.31036e+01	5.80000e+01	9.90000e+01	4.00000e-01	4.00000e-01	0.00000e+00	0.00000e+00	0.00000e+00	0.00000e+00	0.00000e+00	4.00000e-01	1.10717e+00	2.43539e+01	1.10100e+01	9.31595e+00	1.50380e+01	1.75088e+01	-7.61225e+01	-2.25494e-01	1.03528e+01	1.50853e+01	-5.13000e+00	6.00000e-01	
monocrop	Wed Nov 05 16:59:48 CET 2025	29/10/1995	29	10	1995	302	1995	1.40196e+01	2.32080e+01	5.60000e+01	9.90000e+01	0.00000e+00	0.00000e+00	0.00000e+00	0.00000e+00	0.00000e+00	0.00000e+00	0.00000e+00	0.00000e+00	1.16603e+00	1.85806e+01	8.40000e+00	1.05531e+01	8.02751e+00	1.72775e+01	-5.75320e+01	-2.31346e-01	1.03046e+01	1.66107e+01	-5.16000e+00	7.00000e-01	
monocrop	Wed Nov 05 16:59:48 CET 2025	30/10/1995	30	10	1995	303	1995	1.19456e+01	2.36259e+01	4.70000e+01	9.90000e+01	2.00000e-01	2.00000e-01	0.00000e+00	0.00000e+00	0.00000e+00	0.00000e+00	0.00000e+00	2.00000e-01	1.31756e+00	2.43097e+01	1.09900e+01	8.79998e+00	1.55097e+01	1.70488e+01	-7.90960e+01	-2.37137e-01	1.02568e+01	1.48531e+01	-5.21000e+00	1.20000e+00	
monocrop	Wed Nov 05 16:59:48 CET 2025	31/10/1995	31	10	1995	304	1995	6.51380e+00	2.32080e+01	4.60000e+01	9.40000e+01	2.00000e-01	2.00000e-01	0.00000e+00	0.00000e+00	0.00000e+00	0.00000e+00	0.00000e+00	2.00000e-01	8.82341e-01	2.49069e+01	1.12600e+01	8.21613e+00	1.66908e+01	1.68228e+01	-8.03341e+01	-2.42866e-01	1.02094e+01	1.18199e+01	-5.24000e+00	3.00000e-01	
monocrop	Wed Nov 05 16:59:48 CET 2025	1/11/1995	1	11	1995	305	1995	6.71132e+00	2.01784e+01	5.60000e+01	9.00000e+01	4.00000e-01	4.00000e-01	0.00000e+00	0.00000e+00	0.00000e+00	0.00000e+00	0.00000e+00	4.00000e-01	8.30500e-01	1.89567e+01	8.57000e+00	1.00251e+01	8.93162e+00	1.65996e+01	-5.82320e+01	-2.48530e-01	1.01622e+01	1.12451e+01	-5.28000e+00	5.00000e-01	
monocrop	Wed Nov 05 16:59:48 CET 2025	2/11/1995	2	11	1995	306	1995	6.02000e+00	1.82980e+01	3.20000e+01	7.60000e+01	0.00000e+00	0.00000e+00	0.00000e+00	0.00000e+00	0.00000e+00	0.00000e+00	0.00000e+00	0.00000e+00	9.38371e-01	2.15005e+01	9.72000e+00	9.21376e+00	1.22867e+01	1.63793e+01	-6.68847e+01	-2.54128e-01	1.01154e+01	7.64609e+00	-5.30000e+00	6.00000e-01	
monocrop	Wed Nov 05 16:59:48 CET 2025	3/11/1995	3	11	1995	307	1995	8.84480e-01	1.78801e+01	3.40000e+01	6.30000e+01	0.00000e+00	0.00000e+00	0.00000e+00	0.00000e+00	0.00000e+00	0.00000e+00	0.00000e+00	0.00000e+00	9.46902e-01	2.53935e+01	1.14800e+01	7.02366e+00	1.83699e+01	1.61619e+01	-7.96805e+01	-2.59658e-01	1.00690e+01	5.70807e+00	-5.34000e+00	1.10000e+00	
monocrop	Wed Nov 05 16:59:48 CET 2025	4/11/1995	4	11	1995	308	1995	2.16836e+00	1.31789e+01	1.80000e+01	5.20000e+01	0.00000e+00	0.00000e+00	0.00000e+00	0.00000e+00	0.00000e+00	0.00000e+00	0.00000e+00	0.00000e+00	1.20930e+00	1.92221e+01	8.69000e+00	9.44983e+00	9.77228e+00	1.59475e+01	-5.69156e+01	-2.65117e-01	1.00229e+01	3.66875e+00	-5.37000e+00	1.20000e+00	
monocrop	Wed Nov 05 16:59:48 CET 2025	5/11/1995	5	11	1995	309	1995	-5.53492e+00	1.21342e+01	1.80000e+01	5.80000e+01	0.00000e+00	0.00000e+00	0.00000e+00	0.00000e+00	0.00000e+00	0.00000e+00	0.00000e+00	0.00000e+00	8.58426e-01	2.62562e+01	1.18700e+01	5.76048e+00	2.04957e+01	1.57362e+01	-7.83000e+01	-2.70504e-01	9.97731e+00	2.93961e+00	-5.41000e+00	1.40000e+00	
monocrop	Wed Nov 05 16:59:48 CET 2025	6/11/1995	6	11	1995	310	1995	-3.95476e+00	1.45370e+01	2.00000e+01	9.50000e+01	0.00000e+00	0.00000e+00	0.00000e+00	0.00000e+00	0.00000e+00	0.00000e+00	0.00000e+00	0.00000e+00	4.83837e-01	2.47963e+01	1.12100e+01	6.48443e+00	1.83119e+01	1.55281e+01	-7.69425e+01	-2.75817e-01	9.93211e+00	5.11476e+00	-5.44000e+00	6.00000e-01	
monocrop	Wed Nov 05 16:59:48 CET 2025	7/11/1995	7	11	1995	311	1995	-3.16468e+00	2.51930e+01	1.60000e+01	9.90000e+01	0.00000e+00	0.00000e+00	0.00000e+00	0.00000e+00	0.00000e+00	0.00000e+00	0.00000e+00	0.00000e+00	6.39439e-01	2.29825e+01	1.03900e+01	7.32060e+00	1.56619e+01	1.53233e+01	-7.98409e+01	-2.81054e-01	9.88735e+00	7.54779e+00	-5.47000e+00	5.00000e-01	
monocrop	Wed Nov 05 16:59:48 CET 2025	8/11/1995	8	11	1995	312	1995	-6.95680e-01	2.08052e+01	1.50000e+01	7.20000e+01	0.00000e+00	0.00000e+00	0.00000e+00	0.00000e+00	0.00000e+00	0.00000e+00	0.00000e+00	0.00000e+00	6.31283e-01	2.37788e+01	1.07500e+01	6.55901e+00	1.72198e+01	1.51217e+01	-8.15420e+01	-2.86212e-01	9.84305e+00	5.35607e+00	-5.50000e+00	5.00000e-01	
monocrop	Wed Nov 05 16:59:48 CET 2025	9/11/1995	9	11	1995	313	1995	-2.01880e-01	1.61041e+01	4.60000e+01	9.90000e+01	1.00000e+00	1.00000e+00	0.00000e+00	0.00000e+00	0.00000e+00	0.00000e+00	0.00000e+00	1.00000e+00	5.54712e-01	1.50857e+01	6.82000e+00	9.14058e+00	5.94514e+00	1.49237e+01	-4.73239e+01	-2.91291e-01	9.79925e+00	7.74465e+00	-5.52000e+00	7.00000e-01	
monocrop	Wed Nov 05 16:59:48 CET 2025	10/11/1995	10	11	1995	314	1995	1.00692e+01	1.66264e+01	7.00000e+01	9.90000e+01	2.40000e+00	2.40000e+00	0.00000e+00	0.00000e+00	0.00000e+00	0.00000e+00	0.00000e+00	2.40000e+00	7.92953e-01	7.18894e+00	3.25000e+00	6.56459e+00	6.24347e-01	1.47290e+01	-1.94552e+01	-2.96287e-01	9.75595e+00	1.29344e+01	-5.52000e+00	2.00000e+00	
monocrop	Wed Nov 05 16:59:48 CET 2025	11/11/1995	11	11	1995	315	1995	1.42171e+01	1.91337e+01	6.10000e+01	9.90000e+01	0.00000e+00	0.00000e+00	0.00000e+00	0.00000e+00	0.00000e+00	0.00000e+00	0.00000e+00	0.00000e+00	1.33977e+00	1.16571e+01	5.27000e+00	8.49517e+00	3.16197e+00	1.45380e+01	-3.90308e+01	-3.01199e-01	9.71317e+00	1.51725e+01	-5.50000e+00	3.80000e+00	
monocrop	Wed Nov 05 16:59:48 CET 2025	12/11/1995	12	11	1995	316	1995	1.11555e+01	1.94471e+01	6.40000e+01	9.90000e+01	7.60000e+00	7.60000e+00	0.00000e+00	0.00000e+00	0.00000e+00	0.00000e+00	0.00000e+00	7.60000e+00	9.57542e-01	1.08608e+01	4.91000e+00	8.20220e+00	2.65863e+00	1.43506e+01	-3.59949e+01	-3.06025e-01	9.67096e+00	1.41574e+01	-5.52000e+00	2.40000e+00	
monocrop	Wed Nov 05 16:59:48 CET 2025	13/11/1995	13	11	1995	317	1995	5.52620e+00	1.79845e+01	3.90000e+01	9.90000e+01	0.00000e+00	0.00000e+00	0.00000e+00	0.00000e+00	0.00000e+00	0.00000e+00	0.00000e+00	0.00000e+00	8.26269e-01	2.16553e+01	9.79000e+00	6.53203e+00	1.51233e+01	1.41669e+01	-7.89909e+01	-3.10764e-01	9.62931e+00	9.51332e+00	-5.40000e+00	2.10000e+00	
monocrop	Wed Nov 05 16:59:48 CET 2025	14/11/1995	14	11	1995	318	1995	6.41504e+00	1.97605e+01	3.70000e+01	9.90000e+01	2.00000e-01	2.00000e-01	0.00000e+00	0.00000e+00	0.00000e+00	0.00000e+00	0.00000e+00	2.00000e-01	5.58366e-01	2.08811e+01	9.44000e+00	6.73644e+00	1.41447e+01	1.39869e+01	-7.85655e+01	-3.15412e-01	9.58827e+00	1.02335e+01	-5.43000e+00	8.00000e-01	
monocrop	Wed Nov 05 16:59:48 CET 2025	15/11/1995	15	11	1995	319	1995	1.67456e+00	1.42236e+01	5.70000e+01	9.30000e+01	0.00000e+00	0.00000e+00	0.00000e+00	0.00000e+00	0.00000e+00	0.00000e+00	0.00000e+00	0.00000e+00	4.36608e-01	1.52627e+01	6.90000e+00	8.40225e+00	6.86042e+00	1.38108e+01	-5.19904e+01	-3.19969e-01	9.54784e+00	8.01061e+00	-5.46000e+00	9.00000e-01	
monocrop	Wed Nov 05 16:59:48 CET 2025	16/11/1995	16	11	1995	320	1995	1.10568e+01	1.92382e+01	6.30000e+01	9.90000e+01	2.00000e-01	2.00000e-01	0.00000e+00	0.00000e+00	0.00000e+00	0.00000e+00	0.00000e+00	2.00000e-01	5.84202e-01	1.09714e+01	4.96000e+00	7.97870e+00	2.99273e+00	1.36386e+01	-3.87535e+01	-3.24432e-01	9.50806e+00	1.39320e+01	-5.48000e+00	5.00000e-01	
monocrop	Wed Nov 05 16:59:48 CET 2025	17/11/1995	17	11	1995	321	1995	7.99520e+00	1.88203e+01	4.80000e+01	9.90000e+01	0.00000e+00	0.00000e+00	0.00000e+00	0.00000e+00	0.00000e+00	0.00000e+00	0.00000e+00	0.00000e+00	8.80943e-01	1.47982e+01	6.69000e+00	8.20354e+00	6.59462e+00	1.34704e+01	-5.53434e+01	-3.28799e-01	9.46896e+00	1.12947e+01	-5.51000e+00	2.10000e+00	
monocrop	Wed Nov 05 16:59:48 CET 2025	18/11/1995	18	11	1995	322	1995	1.57580e+00	1.12985e+01	2.60000e+01	6.40000e+01	0.00000e+00	0.00000e+00	0.00000e+00	0.00000e+00	0.00000e+00	0.00000e+00	0.00000e+00	0.00000e+00	5.07490e-01	1.91558e+01	8.66000e+00	6.77977e+00	1.23760e+01	1.33062e+01	-6.81352e+01	-3.33069e-01	9.43054e+00	4.33343e+00	-5.53000e+00	8.00000e-01	
monocrop	Wed Nov 05 16:59:48 CET 2025	19/11/1995	19	11	1995	323	1995	-6.32500e+00	1.31789e+01	2.20000e+01	9.90000e+01	2.00000e-01	2.00000e-01	0.00000e+00	0.00000e+00	0.00000e+00	0.00000e+00	0.00000e+00	2.00000e-01	1.29424e-01	2.13235e+01	9.64000e+00	5.26080e+00	1.60627e+01	1.31461e+01	-7.65895e+01	-3.37240e-01	9.39285e+00	4.72246e+00	-5.56000e+00	5.00000e-01	
monocrop	Wed Nov 05 16:59:48 CET 2025	20/11/1995	20	11	1995	324	1995	-4.25104e+00	1.74622e+01	2.30000e+01	7.80000e+01	0.00000e+00	0.00000e+00	0.00000e+00	0.00000e+00	0.00000e+00	0.00000e+00	0.00000e+00	0.00000e+00	4.56684e-01	2.02839e+01	9.17000e+00	5.72623e+00	1.45576e+01	1.29902e+01	-7.73052e+01	-3.41310e-01	9.35590e+00	4.91982e+00	-5.58000e+00	1.10000e+00	
monocrop	Wed Nov 05 16:59:48 CET 2025	21/11/1995	21	11	1995	325	1995	1.97084e+00	1.29700e+01	4.50000e+01	7.60000e+01	2.12000e+01	2.12000e+01	0.00000e+00	0.00000e+00	0.00000e+00	0.00000e+00	0.00000e+00	2.12000e+01	9.82975e-01	4.11429e+00	1.86000e+00	4.07314e+00	4.11429e-02	1.28384e+01	-9.38162e+00	-3.45277e-01	9.31972e+00	6.25427e+00	-5.60000e+00	1.00000e+00	
monocrop	Wed Nov 05 16:59:48 CET 2025	22/11/1995	22	11	1995	326	1995	5.03240e+00	7.53754e+00	5.80000e+01	9.90000e+01	2.74000e+01	2.74000e+01	0.00000e+00	0.00000e+00	0.00000e+00	0.00000e+00	0.00000e+00	2.74000e+01	7.06576e-01	1.43779e+00	6.50000e-01	1.42341e+00	1.43778e-02	1.26909e+01	1.49508e+00	-3.49140e-01	9.28433e+00	7.48052e+00	-5.25000e+00	1.10000e+00	
monocrop	Wed Nov 05 16:59:48 CET 2025	23/11/1995	23	11	1995	327	1995	5.13116e+00	1.49549e+01	5.10000e+01	9.90000e+01	2.00000e-01	2.00000e-01	0.00000e+00	0.00000e+00	0.00000e+00	0.00000e+00	0.00000e+00	2.00000e-01	2.36717e-01	1.53069e+01	6.92000e+00	7.39416e+00	7.91276e+00	1.25478e+01	-5.94967e+01	-3.52896e-01	9.24977e+00	9.22735e+00	-4.82000e+00	4.00000e-01	
monocrop	Wed Nov 05 16:59:48 CET 2025	24/11/1995	24	11	1995	328	1995	2.06960e+00	1.29700e+01	5.10000e+01	9.90000e+01	4.00000e+00	4.00000e+00	0.00000e+00	0.00000e+00	0.00000e+00	0.00000e+00	0.00000e+00	4.00000e+00	6.62135e-01	2.49954e+00	1.13000e+00	2.47454e+00	2.49953e-02	1.24090e+01	-2.99825e+00	-3.56544e-01	9.21606e+00	7.77944e+00	-4.88000e+00	5.00000e-01	
monocrop	Wed Nov 05 16:59:48 CET 2025	25/11/1995	25	11	1995	329	1995	8.09396e+00	1.32834e+01	7.60000e+01	9.90000e+01	9.80000e+00	9.80000e+00	0.00000e+00	0.00000e+00	0.00000e+00	0.00000e+00	0.00000e+00	9.80000e+00	6.80358e-01	2.80922e+00	1.27000e+00	2.78112e+00	2.80921e-02	1.22746e+01	-4.48814e+00	-3.60082e-01	9.18322e+00	1.12397e+01	-4.86000e+00	2.50000e+00	
monocrop	Wed Nov 05 16:59:48 CET 2025	26/11/1995	26	11	1995	330	1995	7.00760e+00	1.24476e+01	6.90000e+01	9.90000e+01	1.42000e+01	1.42000e+01	0.00000e+00	0.00000e+00	0.00000e+00	0.00000e+00	0.00000e+00	1.42000e+01	7.91618e-01	1.57051e+00	7.10000e-01	1.55480e+00	1.57051e-02	1.21447e+01	9.48732e-01	-3.63508e-01	9.15128e+00	1.01184e+01	-4.73000e+00	2.30000e+00	
monocrop	Wed Nov 05 16:59:48 CET 2025	27/11/1995	27	11	1995	331	1995	3.64976e+00	1.38057e+01	5.10000e+01	9.90000e+01	0.00000e+00	0.00000e+00	0.00000e+00	0.00000e+00	0.00000e+00	0.00000e+00	0.00000e+00	0.00000e+00	6.65300e-03	1.77622e+01	8.03000e+00	5.88787e+00	1.18743e+01	1.20193e+01	-7.25568e+01	-3.66822e-01	9.12027e+00	8.44543e+00	-4.54000e+00	3.00000e-01	
monocrop	Wed Nov 05 16:59:48 CET 2025	28/11/1995	28	11	1995	332	1995	-1.38700e+00	1.22387e+01	4.90000e+01	9.90000e+01	4.00000e-01	4.00000e-01	0.00000e+00	0.00000e+00	0.00000e+00	0.00000e+00	0.00000e+00	4.00000e-01	0.00000e+00	1.78507e+01	8.07000e+00	5.68175e+00	1.21689e+01	1.18985e+01	-7.11490e+01	-3.70021e-01	9.09021e+00	6.64441e+00	-4.63000e+00	4.00000e-01	
monocrop	Wed Nov 05 16:59:48 CET 2025	29/11/1995	29	11	1995	333	1995	-3.99400e-01	1.07761e+01	5.90000e+01	9.90000e+01	1.20000e+00	1.20000e+00	0.00000e+00	0.00000e+00	0.00000e+00	0.00000e+00	0.00000e+00	1.20000e+00	2.97737e-01	7.65346e+00	3.46000e+00	6.26237e+00	1.39109e+00	1.17823e+01	-2.62772e+01	-3.73104e-01	9.06112e+00	6.97715e+00	-4.70000e+00	3.00000e-01	
monocrop	Wed Nov 05 16:59:48 CET 2025	30/11/1995	30	11	1995	334	1995	2.95844e+00	1.46415e+01	5.40000e+01	9.90000e+01	0.00000e+00	0.00000e+00	0.00000e+00	0.00000e+00	0.00000e+00	0.00000e+00	0.00000e+00	0.00000e+00	1.32212e-02	1.67447e+01	7.57000e+00	5.97415e+00	1.07705e+01	1.16707e+01	-7.05981e+01	-3.76069e-01	9.03304e+00	8.65653e+00	-4.75000e+00	5.00000e-01	
monocrop	Wed Nov 05 16:59:48 CET 2025	1/12/1995	1	12	1995	335	1995	2.16836e+00	1.24476e+01	5.80000e+01	9.90000e+01	2.00000e-01	2.00000e-01	0.00000e+00	0.00000e+00	0.00000e+00	0.00000e+00	0.00000e+00	2.00000e-01	2.43003e-01	9.09124e+00	4.11000e+00	6.70894e+00	2.38231e+00	1.15638e+01	-3.42319e+01	-3.78915e-01	9.00599e+00	8.02539e+00	-4.82000e+00	2.00000e-01	
monocrop	Wed Nov 05 16:59:48 CET 2025	2/12/1995	2	12	1995	336	1995	1.27952e+00	1.29700e+01	6.20000e+01	9.00000e+01	5.40000e+00	5.40000e+00	0.00000e+00	0.00000e+00	0.00000e+00	0.00000e+00	0.00000e+00	5.40000e+00	2.23468e-01	9.82120e+00	4.44000e+00	6.83956e+00	2.98164e+00	1.14617e+01	-3.80632e+01	-3.81640e-01	8.97999e+00	7.67289e+00	-4.88000e+00	2.00000e-01	
monocrop	Wed Nov 05 16:59:48 CET 2025	3/12/1995	3	12	1995	337	1995	4.24232e+00	1.51638e+01	5.30000e+01	8.90000e+01	2.00000e-01	2.00000e-01	0.00000e+00	0.00000e+00	0.00000e+00	0.00000e+00	0.00000e+00	2.00000e-01	2.88733e-02	1.53733e+01	6.95000e+00	6.22561e+00	9.14766e+00	1.13643e+01	-6.67986e+01	-3.84244e-01	8.95506e+00	8.53834e+00	-4.83000e+00	2.00000e-01	
monocrop	Wed Nov 05 16:59:48 CET 2025	4/12/1995	4	12	1995	338	1995	2.06960e+00	1.31789e+01	5.30000e+01	9.90000e+01	4.00000e-01	4.00000e-01	0.00000e+00	0.00000e+00	0.00000e+00	0.00000e+00	0.00000e+00	4.00000e-01	1.49494e-01	1.28074e+01	5.79000e+00	6.81631e+00	5.99106e+00	1.12716e+01	-5.32900e+01	-3.86724e-01	8.93124e+00	7.93961e+00	-4.89000e+00	7.00000e-01	
monocrop	Wed Nov 05 16:59:48 CET 2025	5/12/1995	5	12	1995	339	1995	2.66216e+00	7.01519e+00	4.80000e+01	7.00000e+01	0.00000e+00	0.00000e+00	0.00000e+00	0.00000e+00	0.00000e+00	0.00000e+00	0.00000e+00	0.00000e+00	7.31401e-01	5.77327e+00	2.61000e+00	5.17641e+00	5.96865e-01	1.11838e+01	-1.89562e+01	-3.89080e-01	8.90854e+00	5.08528e+00	-4.94000e+00	9.00000e-01	
monocrop	Wed Nov 05 16:59:48 CET 2025	6/12/1995	6	12	1995	340	1995	9.44000e-02	7.01519e+00	4.10000e+01	9.80000e+01	0.00000e+00	0.00000e+00	0.00000e+00	0.00000e+00	0.00000e+00	0.00000e+00	0.00000e+00	0.00000e+00	2.86451e-01	8.44977e+00	3.82000e+00	6.35971e+00	2.09006e+00	1.11009e+01	-3.10291e+01	-3.91309e-01	8.88698e+00	5.47415e+00	-5.00000e+00	3.00000e-01	
monocrop	Wed Nov 05 16:59:48 CET 2025	7/12/1995	7	12	1995	341	1995	-2.86840e+00	9.52247e+00	6.40000e+01	9.90000e+01	2.78000e+01	2.78000e+01	0.00000e+00	0.00000e+00	0.00000e+00	0.00000e+00	0.00000e+00	2.78000e+01	4.44024e-01	2.78710e+00	1.26000e+00	2.75923e+00	2.78709e-02	1.10228e+01	-5.64606e+00	-3.93412e-01	8.86660e+00	6.31691e+00	-5.05000e+00	6.00000e-01	
monocrop	Wed Nov 05 16:59:48 CET 2025	8/12/1995	8	12	1995	342	1995	3.74852e+00	1.19253e+01	8.40000e+01	9.90000e+01	1.30000e+01	1.30000e+01	0.00000e+00	0.00000e+00	0.00000e+00	0.00000e+00	0.00000e+00	1.30000e+01	4.36753e-01	3.51705e+00	1.59000e+00	3.48188e+00	3.51706e-02	1.09497e+01	-9.40801e+00	-3.95387e-01	8.84740e+00	9.69854e+00	-4.63000e+00	2.60000e+00	
monocrop	Wed Nov 05 16:59:48 CET 2025	9/12/1995	9	12	1995	343	1995	6.71132e+00	1.58951e+01	5.50000e+01	9.90000e+01	4.00000e-01	4.00000e-01	0.00000e+00	0.00000e+00	0.00000e+00	0.00000e+00	0.00000e+00	4.00000e-01	1.19849e-01	1.28737e+01	5.82000e+00	6.49725e+00	6.37648e+00	1.08815e+01	-5.83826e+01	-3.97233e-01	8.82941e+00	1.03033e+01	-4.47000e+00	5.00000e-01	
monocrop	Wed Nov 05 16:59:48 CET 2025	10/12/1995	10	12	1995	344	1995	2.46464e+00	1.44326e+01	4.60000e+01	9.90000e+01	2.00000e-01	2.00000e-01	0.00000e+00	0.00000e+00	0.00000e+00	0.00000e+00	0.00000e+00	2.00000e-01	0.00000e+00	1.51521e+01	6.85000e+00	5.71010e+00	9.44197e+00	1.08182e+01	-6.84755e+01	-3.98948e-01	8.81264e+00	8.01097e+00	-4.55000e+00	6.00000e-01	
monocrop	Wed Nov 05 16:59:48 CET 2025	11/12/1995	11	12	1995	345	1995	3.90680e-01	1.33879e+01	4.70000e+01	9.90000e+01	0.00000e+00	0.00000e+00	0.00000e+00	0.00000e+00	0.00000e+00	0.00000e+00	0.00000e+00	0.00000e+00	0.00000e+00	1.57272e+01	7.11000e+00	5.36270e+00	1.03645e+01	1.07600e+01	-7.04744e+01	-4.00533e-01	8.79712e+00	7.25190e+00	-4.63000e+00	6.00000e-01	
monocrop	Wed Nov 05 16:59:48 CET 2025	12/12/1995	12	12	1995	346	1995	-2.47336e+00	1.22387e+01	4.90000e+01	9.90000e+01	2.00000e-01	2.00000e-01	0.00000e+00	0.00000e+00	0.00000e+00	0.00000e+00	0.00000e+00	2.00000e-01	0.00000e+00	1.45548e+01	6.58000e+00	5.83738e+00	8.71745e+00	1.07067e+01	-6.35219e+01	-4.01986e-01	8.78286e+00	6.39777e+00	-4.71000e+00	5.00000e-01	
monocrop	Wed Nov 05 16:59:48 CET 2025	13/12/1995	13	12	1995	347	1995	-3.46096e+00	8.47777e+00	2.40000e+01	6.40000e+01	0.00000e+00	0.00000e+00	0.00000e+00	0.00000e+00	0.00000e+00	0.00000e+00	0.00000e+00	0.00000e+00	1.05168e-01	1.66562e+01	7.53000e+00	4.68997e+00	1.19663e+01	1.06585e+01	-7.11021e+01	-4.03306e-01	8.76988e+00	3.21802e+00	-4.78000e+00	8.00000e-01	
monocrop	Wed Nov 05 16:59:48 CET 2025	14/12/1995	14	12	1995	348	1995	-6.02872e+00	4.40344e+00	3.60000e+01	8.00000e+01	0.00000e+00	0.00000e+00	0.00000e+00	0.00000e+00	0.00000e+00	0.00000e+00	0.00000e+00	0.00000e+00	3.76171e-01	7.18894e+00	3.25000e+00	5.76544e+00	1.42350e+00	1.06153e+01	-2.55890e+01	-4.04492e-01	8.75819e+00	3.33840e+00	-4.85000e+00	4.00000e-01	
monocrop	Wed Nov 05 16:59:48 CET 2025	15/12/1995	15	12	1995	349	1995	-2.27584e+00	8.05989e+00	6.10000e+01	9.90000e+01	1.60000e+01	1.60000e+01	0.00000e+00	0.00000e+00	0.00000e+00	0.00000e+00	0.00000e+00	1.60000e+01	5.34010e-01	1.48203e+00	6.70000e-01	1.46721e+00	1.48202e-02	1.05771e+01	1.89381e-02	-4.05544e-01	8.74781e+00	6.01259e+00	-4.91000e+00	8.00000e-01	
monocrop	Wed Nov 05 16:59:48 CET 2025	16/12/1995	16	12	1995	350	1995	3.45224e+00	1.20297e+01	7.10000e+01	9.90000e+01	5.44000e+01	5.44000e+01	0.00000e+00	0.00000e+00	0.00000e+00	0.00000e+00	0.00000e+00	5.44000e+01	4.83260e-01	2.07926e+00	9.40000e-01	2.05847e+00	2.07927e-02	1.05440e+01	-2.77436e+00	-4.06462e-01	8.73874e+00	8.95085e+00	-4.68000e+00	6.00000e-01	
monocrop	Wed Nov 05 16:59:48 CET 2025	17/12/1995	17	12	1995	351	1995	8.29148e+00	1.07761e+01	9.90000e+01	9.90000e+01	2.42000e+01	2.42000e+01	0.00000e+00	0.00000e+00	0.00000e+00	0.00000e+00	0.00000e+00	2.42000e+01	2.48320e-01	2.16774e+00	9.80000e-01	2.14606e+00	2.16775e-02	1.05160e+01	-3.24798e+00	-4.07245e-01	8.73100e+00	1.17709e+01	-3.90000e+00	1.10000e+00	
monocrop	Wed Nov 05 16:59:48 CET 2025	18/12/1995	18	12	1995	352	1995	1.97084e+00	1.40147e+01	4.60000e+01	9.90000e+01	2.00000e-01	2.00000e-01	0.00000e+00	0.00000e+00	0.00000e+00	0.00000e+00	0.00000e+00	2.00000e-01	8.89038e-02	1.16571e+01	5.27000e+00	6.37759e+00	5.27955e+00	1.04931e+01	-5.23483e+01	-4.07891e-01	8.72459e+00	7.76665e+00	-3.63000e+00	4.00000e-01	
monocrop	Wed Nov 05 16:59:48 CET 2025	19/12/1995	19	12	1995	353	1995	-1.58452e+00	1.25521e+01	4.10000e+01	9.90000e+01	2.00000e-01	2.00000e-01	0.00000e+00	0.00000e+00	0.00000e+00	0.00000e+00	0.00000e+00	2.00000e-01	0.00000e+00	1.57051e+01	7.10000e+00	5.00810e+00	1.06970e+01	1.04754e+01	-7.13199e+01	-4.08402e-01	8.71953e+00	6.31061e+00	-3.80000e+00	5.00000e-01	
monocrop	Wed Nov 05 16:59:48 CET 2025	20/12/1995	20	12	1995	354	1995	-2.07832e+00	1.17163e+01	5.70000e+01	9.90000e+01	2.00000e-01	2.00000e-01	0.00000e+00	0.00000e+00	0.00000e+00	0.00000e+00	0.00000e+00	2.00000e-01	0.00000e+00	1.56608e+01	7.08000e+00	5.01619e+00	1.06446e+01	1.04627e+01	-7.04589e+01	-4.08776e-01	8.71582e+00	6.71369e+00	-3.95000e+00	4.00000e-01	
monocrop	Wed Nov 05 16:59:48 CET 2025	21/12/1995	21	12	1995	355	1995	-1.18948e+00	1.42236e+01	5.50000e+01	9.70000e+01	2.00000e-01	2.00000e-01	0.00000e+00	0.00000e+00	0.00000e+00	0.00000e+00	0.00000e+00	2.00000e-01	0.00000e+00	1.37364e+01	6.21000e+00	5.87702e+00	7.85938e+00	1.04551e+01	-6.26866e+01	-4.09013e-01	8.71346e+00	7.35911e+00	-4.09000e+00	3.00000e-01	
monocrop	Wed Nov 05 16:59:48 CET 2025	22/12/1995	22	12	1995	356	1995	7.85720e-01	1.34923e+01	9.20000e+01	9.90000e+01	4.00000e-01	4.00000e-01	0.00000e+00	0.00000e+00	0.00000e+00	0.00000e+00	0.00000e+00	4.00000e-01	2.73801e-01	2.78710e+00	1.26000e+00	2.75923e+00	2.78709e-02	1.04527e+01	-6.49938e+00	-4.09114e-01	8.71246e+00	9.65103e+00	-4.21000e+00	1.10000e+00	
monocrop	Wed Nov 05 16:59:48 CET 2025	23/12/1995	23	12	1995	357	1995	4.73612e+00	1.77756e+01	4.40000e+01	9.30000e+01	2.00000e-01	2.00000e-01	0.00000e+00	0.00000e+00	0.00000e+00	0.00000e+00	0.00000e+00	2.00000e-01	3.82561e-01	1.32940e+01	6.01000e+00	6.01861e+00	7.27540e+00	1.04554e+01	-6.40448e+01	-4.09078e-01	8.71283e+00	9.13718e+00	-4.32000e+00	1.60000e+00	
monocrop	Wed Nov 05 16:59:48 CET 2025	24/12/1995	24	12	1995	358	1995	2.16836e+00	1.55817e+01	6.00000e+01	9.90000e+01	1.80000e+00	1.80000e+00	0.00000e+00	0.00000e+00	0.00000e+00	0.00000e+00	0.00000e+00	1.80000e+00	5.70475e-02	1.13696e+01	5.14000e+00	6.38270e+00	4.98688e+00	1.04633e+01	-5.18473e+01	-4.08904e-01	8.71455e+00	9.04179e+00	-4.42000e+00	5.00000e-01	
monocrop	Wed Nov 05 16:59:48 CET 2025	25/12/1995	25	12	1995	359	1995	8.29148e+00	1.88203e+01	5.90000e+01	9.90000e+01	2.00000e-01	2.00000e-01	0.00000e+00	0.00000e+00	0.00000e+00	0.00000e+00	0.00000e+00	2.00000e-01	3.06055e-01	1.02857e+01	4.65000e+00	6.40779e+00	3.87792e+00	1.04762e+01	-4.86374e+01	-4.08594e-01	8.71763e+00	1.22577e+01	-4.47000e+00	9.00000e-01	
monocrop	Wed Nov 05 16:59:48 CET 2025	26/12/1995	26	12	1995	360	1995	6.61256e+00	1.45370e+01	6.50000e+01	9.90000e+01	3.00000e+00	3.00000e+00	0.00000e+00	0.00000e+00	0.00000e+00	0.00000e+00	0.00000e+00	3.00000e+00	5.24550e-01	2.89770e+00	1.31000e+00	2.86872e+00	2.89769e-02	1.04944e+01	-7.12260e+00	-4.08146e-01	8.72206e+00	1.04535e+01	-4.56000e+00	5.00000e-01	
monocrop	Wed Nov 05 16:59:48 CET 2025	27/12/1995	27	12	1995	361	1995	3.90680e-01	7.22413e+00	2.90000e+01	9.60000e+01	0.00000e+00	0.00000e+00	0.00000e+00	0.00000e+00	0.00000e+00	0.00000e+00	0.00000e+00	0.00000e+00	1.74500e-01	1.43779e+01	6.50000e+00	5.70206e+00	8.67582e+00	1.05176e+01	-6.15282e+01	-4.07563e-01	8.72785e+00	5.01122e+00	-4.58000e+00	1.30000e+00	
monocrop	Wed Nov 05 16:59:48 CET 2025	28/12/1995	28	12	1995	362	1995	-2.01880e-01	4.71685e+00	5.00000e+01	9.90000e+01	4.00000e-01	4.00000e-01	0.00000e+00	0.00000e+00	0.00000e+00	0.00000e+00	0.00000e+00	4.00000e-01	3.59615e-01	4.80000e+00	2.17000e+00	4.47603e+00	3.23974e-01	1.05460e+01	-1.54243e+01	-4.06842e-01	8.73498e+00	5.35219e+00	-4.66000e+00	3.00000e-01	
monocrop	Wed Nov 05 16:59:48 CET 2025	29/12/1995	29	12	1995	363	1995	1.93160e-01	1.02538e+01	6.20000e+01	9.90000e+01	1.00000e+00	1.00000e+00	0.00000e+00	0.00000e+00	0.00000e+00	0.00000e+00	0.00000e+00	1.00000e+00	9.73633e-03	1.21217e+01	5.48000e+00	6.38356e+00	5.73810e+00	1.05795e+01	-5.19110e+01	-4.05986e-01	8.74345e+00	7.12702e+00	-4.73000e+00	8.00000e-01	
monocrop	Wed Nov 05 16:59:48 CET 2025	30/12/1995	30	12	1995	364	1995	6.90884e+00	9.52247e+00	8.60000e+01	9.90000e+01	3.88000e+01	3.88000e+01	0.00000e+00	0.00000e+00	0.00000e+00	0.00000e+00	0.00000e+00	3.88000e+01	4.66681e-01	1.03963e+00	4.70000e-01	1.02924e+00	1.03964e-02	1.06182e+01	2.46507e+00	-4.04994e-01	8.75324e+00	1.00605e+01	-4.78000e+00	1.70000e+00	
monocrop	Wed Nov 05 16:59:48 CET 2025	31/12/1995	31	12	1995	365	1995	4.34108e+00	1.53728e+01	5.30000e+01	8.50000e+01	8.00000e-01	8.00000e-01	0.00000e+00	0.00000e+00	0.00000e+00	0.00000e+00	0.00000e+00	8.00000e-01	3.15444e-01	1.45106e+01	6.56000e+00	5.80636e+00	8.70424e+00	1.06619e+01	-6.74397e+01	-4.03866e-01	8.76436e+00	8.38394e+00	-4.21000e+00	1.70000e+00	
monocrop	Wed Nov 05 16:59:48 CET 2025	1/1/1996	1	1	1996	1	1996	3.35348e+00	1.40147e+01	5.20000e+01	9.90000e+01	1.40000e+00	1.40000e+00	0.00000e+00	0.00000e+00	0.00000e+00	0.00000e+00	0.00000e+00	1.40000e+00	2.00745e-01	1.18341e+01	5.35000e+00	6.52638e+00	5.30772e+00	1.07246e+01	-5.22243e+01	-4.02256e-01	8.78021e+00	8.47664e+00	-4.31000e+00	1.00000e+00	
monocrop	Wed Nov 05 16:59:48 CET 2025	2/1/1996	2	1	1996	2	1996	6.81008e+00	1.34923e+01	4.90000e+01	8.00000e+01	0.00000e+00	0.00000e+00	0.00000e+00	0.00000e+00	0.00000e+00	0.00000e+00	0.00000e+00	0.00000e+00	1.77723e+00	3.51705e+00	1.59000e+00	3.48188e+00	3.51706e-02	1.07798e+01	-9.85360e+00	-4.00825e-01	8.79425e+00	7.99319e+00	-4.38000e+00	4.10000e+00	
monocrop	Wed Nov 05 16:59:48 CET 2025	3/1/1996	3	1	1996	3	1996	-1.03120e-01	1.65220e+01	3.90000e+01	9.80000e+01	0.00000e+00	0.00000e+00	0.00000e+00	0.00000e+00	0.00000e+00	0.00000e+00	0.00000e+00	0.00000e+00	0.00000e+00	1.72535e+01	7.80000e+00	4.56498e+00	1.26885e+01	1.08401e+01	-7.97155e+01	-3.99262e-01	8.80958e+00	7.44708e+00	-4.48000e+00	4.00000e-01	
monocrop	Wed Nov 05 16:59:48 CET 2025	4/1/1996	4	1	1996	4	1996	-7.94440e-01	9.83588e+00	5.50000e+01	9.90000e+01	0.00000e+00	0.00000e+00	0.00000e+00	0.00000e+00	0.00000e+00	0.00000e+00	0.00000e+00	0.00000e+00	1.90183e-01	8.98065e+00	4.06000e+00	6.43035e+00	2.55030e+00	1.09055e+01	-3.49500e+01	-3.97565e-01	8.82616e+00	6.49084e+00	-4.57000e+00	4.00000e-01	
monocrop	Wed Nov 05 16:59:48 CET 2025	5/1/1996	5	1	1996	5	1996	3.25472e+00	8.26883e+00	7.50000e+01	9.90000e+01	2.82000e+01	2.82000e+01	0.00000e+00	0.00000e+00	0.00000e+00	0.00000e+00	0.00000e+00	2.82000e+01	4.61521e-01	8.40553e-01	3.80000e-01	8.32147e-01	8.40551e-03	1.09759e+01	3.38154e+00	-3.95738e-01	8.84398e+00	7.99591e+00	-4.66000e+00	3.00000e-01	
monocrop	Wed Nov 05 16:59:48 CET 2025	6/1/1996	6	1	1996	6	1996	1.08200e+00	1.21342e+01	6.60000e+01	9.90000e+01	3.28000e+01	3.28000e+01	0.00000e+00	0.00000e+00	0.00000e+00	0.00000e+00	0.00000e+00	3.28000e+01	1.56642e-01	1.19668e+01	5.41000e+00	6.74459e+00	5.22223e+00	1.10514e+01	-4.97184e+01	-3.93779e-01	8.86303e+00	8.03874e+00	-4.26000e+00	1.50000e+00	
monocrop	Wed Nov 05 16:59:48 CET 2025	7/1/1996	7	1	1996	7	1996	7.79768e+00	1.32834e+01	5.40000e+01	9.90000e+01	6.60000e+00	6.60000e+00	0.00000e+00	0.00000e+00	0.00000e+00	0.00000e+00	0.00000e+00	6.60000e+00	4.88007e-01	1.07724e+01	4.87000e+00	6.80027e+00	3.97208e+00	1.11318e+01	-4.52823e+01	-3.91691e-01	8.88329e+00	9.73013e+00	-3.82000e+00	1.80000e+00	
monocrop	Wed Nov 05 16:59:48 CET 2025	8/1/1996	8	1	1996	8	1996	1.18076e+00	1.54773e+01	4.30000e+01	9.90000e+01	0.00000e+00	0.00000e+00	0.00000e+00	0.00000e+00	0.00000e+00	0.00000e+00	0.00000e+00	0.00000e+00	1.62051e-02	1.74083e+01	7.87000e+00	5.01234e+00	1.23960e+01	1.12173e+01	-7.71135e+01	-3.89475e-01	8.90473e+00	7.78182e+00	-3.84000e+00	9.00000e-01	
monocrop	Wed Nov 05 16:59:48 CET 2025	9/1/1996	9	1	1996	9	1996	3.25472e+00	1.32834e+01	6.50000e+01	9.70000e+01	1.30000e+01	1.30000e+01	0.00000e+00	0.00000e+00	0.00000e+00	0.00000e+00	0.00000e+00	1.30000e+01	8.18111e-01	2.25622e+00	1.02000e+00	2.23366e+00	2.25623e-02	1.13078e+01	-2.88767e+00	-3.87130e-01	8.92733e+00	8.84178e+00	-4.00000e+00	2.40000e+00	
monocrop	Wed Nov 05 16:59:48 CET 2025	10/1/1996	10	1	1996	10	1996	6.81008e+00	1.21342e+01	7.30000e+01	9.90000e+01	2.00000e+01	2.00000e+01	0.00000e+00	0.00000e+00	0.00000e+00	0.00000e+00	0.00000e+00	2.00000e+01	4.28318e-01	6.10507e+00	2.76000e+00	5.40513e+00	6.99943e-01	1.14032e+01	-2.11290e+01	-3.84659e-01	8.95108e+00	1.01829e+01	-3.89000e+00	1.40000e+00	
monocrop	Wed Nov 05 16:59:48 CET 2025	11/1/1996	11	1	1996	11	1996	-4.36000e-03	1.39102e+01	7.50000e+01	9.90000e+01	1.00000e+00	1.00000e+00	0.00000e+00	0.00000e+00	0.00000e+00	0.00000e+00	0.00000e+00	1.00000e+00	5.91811e-02	1.28074e+01	5.79000e+00	6.98868e+00	5.81869e+00	1.15035e+01	-5.19864e+01	-3.82063e-01	8.97595e+00	8.68053e+00	-3.69000e+00	1.00000e+00	
monocrop	Wed Nov 05 16:59:48 CET 2025	12/1/1996	12	1	1996	12	1996	9.08156e+00	1.21342e+01	7.80000e+01	9.90000e+01	8.80000e+01	8.80000e+01	0.00000e+00	0.00000e+00	0.00000e+00	0.00000e+00	0.00000e+00	8.80000e+01	6.21211e-01	1.01751e+00	4.60000e-01	1.00734e+00	1.01751e-02	1.16087e+01	3.26297e+00	-3.79343e-01	9.00191e+00	1.13071e+01	-3.84000e+00	1.70000e+00	
monocrop	Wed Nov 05 16:59:48 CET 2025	13/1/1996	13	1	1996	13	1996	7.30388e+00	1.50594e+01	7.70000e+01	9.90000e+01	2.00000e+00	2.00000e+00	0.00000e+00	0.00000e+00	0.00000e+00	0.00000e+00	0.00000e+00	2.00000e+00	3.05012e-01	7.41014e+00	3.35000e+00	6.13837e+00	1.27177e+00	1.17188e+01	-2.71348e+01	-3.76500e-01	9.02895e+00	1.16806e+01	-2.68000e+00	5.00000e-01	
monocrop	Wed Nov 05 16:59:48 CET 2025	14/1/1996	14	1	1996	14	1996	8.88404e+00	1.31789e+01	7.80000e+01	9.90000e+01	5.00000e+00	5.00000e+00	0.00000e+00	0.00000e+00	0.00000e+00	0.00000e+00	0.00000e+00	5.00000e+00	4.22907e-01	7.34378e+00	3.32000e+00	6.13410e+00	1.20968e+00	1.18337e+01	-2.61932e+01	-3.73536e-01	9.05704e+00	1.16304e+01	-2.94000e+00	1.80000e+00	
monocrop	Wed Nov 05 16:59:48 CET 2025	15/1/1996	15	1	1996	15	1996	9.47660e+00	1.37013e+01	7.60000e+01	9.90000e+01	0.00000e+00	0.00000e+00	0.00000e+00	0.00000e+00	0.00000e+00	0.00000e+00	0.00000e+00	0.00000e+00	3.31247e-01	9.75484e+00	4.41000e+00	7.02726e+00	2.72758e+00	1.19534e+01	-3.72883e+01	-3.70452e-01	9.08615e+00	1.19320e+01	-3.11000e+00	1.20000e+00	
monocrop	Wed Nov 05 16:59:48 CET 2025	16/1/1996	16	1	1996	16	1996	8.58776e+00	1.19253e+01	8.20000e+01	9.90000e+01	0.00000e+00	0.00000e+00	0.00000e+00	0.00000e+00	0.00000e+00	0.00000e+00	0.00000e+00	0.00000e+00	3.59262e-01	4.97696e+00	2.25000e+00	4.76704e+00	2.09924e-01	1.20778e+01	-1.44880e+01	-3.67249e-01	9.11626e+00	1.12945e+01	-3.36000e+00	6.00000e-01	
monocrop	Wed Nov 05 16:59:48 CET 2025	17/1/1996	17	1	1996	17	1996	4.14356e+00	1.17163e+01	6.20000e+01	9.90000e+01	0.00000e+00	0.00000e+00	0.00000e+00	0.00000e+00	0.00000e+00	0.00000e+00	0.00000e+00	0.00000e+00	6.98249e-02	1.72535e+01	7.80000e+00	6.37222e+00	1.08812e+01	1.22070e+01	-6.77813e+01	-3.63930e-01	9.14735e+00	8.58686e+00	-3.57000e+00	8.00000e-01	
monocrop	Wed Nov 05 16:59:48 CET 2025	18/1/1996	18	1	1996	18	1996	1.08200e+00	1.20297e+01	6.00000e+01	9.90000e+01	0.00000e+00	0.00000e+00	0.00000e+00	0.00000e+00	0.00000e+00	0.00000e+00	0.00000e+00	0.00000e+00	1.70701e-01	1.34710e+01	6.09000e+00	7.52318e+00	5.94779e+00	1.23409e+01	-5.01027e+01	-3.60494e-01	9.17938e+00	7.71861e+00	-3.75000e+00	5.00000e-01	
monocrop	Wed Nov 05 16:59:48 CET 2025	19/1/1996	19	1	1996	19	1996	2.06960e+00	8.47777e+00	7.00000e+01	9.90000e+01	0.00000e+00	0.00000e+00	0.00000e+00	0.00000e+00	0.00000e+00	0.00000e+00	0.00000e+00	0.00000e+00	3.31124e-01	5.81751e+00	2.63000e+00	5.38718e+00	4.30334e-01	1.24794e+01	-1.65867e+01	-3.56945e-01	9.21234e+00	7.50735e+00	-3.92000e+00	2.00000e-01	
monocrop	Wed Nov 05 16:59:48 CET 2025	20/1/1996	20	1	1996	20	1996	1.77332e+00	1.07761e+01	7.50000e+01	9.90000e+01	4.14000e+01	4.14000e+01	0.00000e+00	0.00000e+00	0.00000e+00	0.00000e+00	0.00000e+00	4.14000e+01	4.05418e-01	3.91521e+00	1.77000e+00	3.87606e+00	3.91521e-02	1.26225e+01	-8.71271e+00	-3.53284e-01	9.24619e+00	8.28464e+00	-4.06000e+00	5.00000e-01	
monocrop	Wed Nov 05 16:59:48 CET 2025	21/1/1996	21	1	1996	21	1996	6.51380e+00	1.19253e+01	8.30000e+01	9.90000e+01	3.12000e+01	3.12000e+01	0.00000e+00	0.00000e+00	0.00000e+00	0.00000e+00	0.00000e+00	3.12000e+01	4.97653e-01	6.06083e+00	2.74000e+00	5.58243e+00	4.78400e-01	1.27701e+01	-1.77751e+01	-3.49512e-01	9.28091e+00	1.05932e+01	-3.52000e+00	3.00000e+00	
monocrop	Wed Nov 05 16:59:48 CET 2025	22/1/1996	22	1	1996	22	1996	8.48900e+00	1.26566e+01	6.90000e+01	8.60000e+01	1.58000e+01	1.58000e+01	0.00000e+00	0.00000e+00	0.00000e+00	0.00000e+00	0.00000e+00	1.58000e+01	1.45734e+00	1.52627e+00	6.90000e-01	1.51100e+00	1.52627e-02	1.29222e+01	1.60632e+00	-3.45631e-01	9.31648e+00	9.87854e+00	-3.19000e+00	4.70000e+00	
monocrop	Wed Nov 05 16:59:48 CET 2025	23/1/1996	23	1	1996	23	1996	1.02667e+01	1.26566e+01	7.30000e+01	9.90000e+01	3.82000e+01	3.82000e+01	0.00000e+00	0.00000e+00	0.00000e+00	0.00000e+00	0.00000e+00	3.82000e+01	9.21628e-01	2.47742e+00	1.12000e+00	2.45265e+00	2.47741e-02	1.30788e+01	-2.30351e+00	-3.41643e-01	9.35287e+00	1.16290e+01	-3.14000e+00	3.80000e+00	
monocrop	Wed Nov 05 16:59:48 CET 2025	24/1/1996	24	1	1996	24	1996	7.30388e+00	1.17163e+01	7.90000e+01	9.90000e+01	5.80000e+01	5.80000e+01	0.00000e+00	0.00000e+00	0.00000e+00	0.00000e+00	0.00000e+00	5.80000e+01	4.91234e-01	7.41014e+00	3.35000e+00	6.45472e+00	9.55419e-01	1.32397e+01	-2.24021e+01	-3.37549e-01	9.39005e+00	1.05651e+01	-2.75000e+00	2.10000e+00	
monocrop	Wed Nov 05 16:59:48 CET 2025	25/1/1996	25	1	1996	25	1996	5.13116e+00	1.28655e+01	7.20000e+01	9.90000e+01	1.00000e+01	1.00000e+01	0.00000e+00	0.00000e+00	0.00000e+00	0.00000e+00	0.00000e+00	1.00000e+01	3.01853e-01	1.34267e+01	6.07000e+00	8.20830e+00	5.21843e+00	1.34050e+01	-4.64429e+01	-3.33352e-01	9.42799e+00	9.80552e+00	-2.14000e+00	8.00000e-01	
monocrop	Wed Nov 05 16:59:48 CET 2025	26/1/1996	26	1	1996	26	1996	2.66216e+00	1.25521e+01	7.40000e+01	9.90000e+01	1.60000e+00	1.60000e+00	0.00000e+00	0.00000e+00	0.00000e+00	0.00000e+00	0.00000e+00	1.60000e+00	1.77572e-01	1.55281e+01	7.02000e+00	8.19442e+00	7.33369e+00	1.35746e+01	-5.34584e+01	-3.29053e-01	9.46668e+00	9.02597e+00	-2.35000e+00	3.00000e-01	
monocrop	Wed Nov 05 16:59:48 CET 2025	27/1/1996	27	1	1996	27	1996	2.76092e+00	1.25521e+01	7.80000e+01	9.90000e+01	5.40000e+00	5.40000e+00	0.00000e+00	0.00000e+00	0.00000e+00	0.00000e+00	0.00000e+00	5.40000e+00	3.01802e-01	1.22986e+01	5.56000e+00	8.29253e+00	4.00608e+00	1.37484e+01	-4.01217e+01	-3.24654e-01	9.50608e+00	9.26585e+00	-2.68000e+00	1.00000e+00	
monocrop	Wed Nov 05 16:59:48 CET 2025	28/1/1996	28	1	1996	28	1996	6.90884e+00	9.52247e+00	8.10000e+01	9.70000e+01	2.00000e+01	2.00000e+01	0.00000e+00	0.00000e+00	0.00000e+00	0.00000e+00	0.00000e+00	2.00000e+01	5.85004e-01	2.12350e+00	9.60000e-01	2.10227e+00	2.12350e-02	1.39263e+01	-4.22332e-01	-3.20157e-01	9.54617e+00	9.67986e+00	-2.88000e+00	1.90000e+00	
monocrop	Wed Nov 05 16:59:48 CET 2025	29/1/1996	29	1	1996	29	1996	7.10636e+00	1.01493e+01	7.80000e+01	9.80000e+01	2.00000e+00	2.00000e+00	0.00000e+00	0.00000e+00	0.00000e+00	0.00000e+00	0.00000e+00	2.00000e+00	5.11871e-01	2.96406e+00	1.34000e+00	2.93441e+00	2.96404e-02	1.41084e+01	-3.46570e+00	-3.15563e-01	9.58693e+00	9.84250e+00	-2.81000e+00	8.00000e-01	
monocrop	Wed Nov 05 16:59:48 CET 2025	30/1/1996	30	1	1996	30	1996	5.42744e+00	1.70443e+01	5.30000e+01	9.40000e+01	1.60000e+00	1.60000e+00	0.00000e+00	0.00000e+00	0.00000e+00	0.00000e+00	0.00000e+00	1.60000e+00	4.51155e-01	2.18544e+01	9.88000e+00	6.58838e+00	1.52660e+01	1.42944e+01	-7.82618e+01	-3.10875e-01	9.62833e+00	9.79114e+00	-3.05000e+00	8.00000e-01	
monocrop	Wed Nov 05 16:59:48 CET 2025	31/1/1996	31	1	1996	31	1996	3.90680e-01	7.85095e+00	7.20000e+01	9.40000e+01	5.40000e+00	5.40000e+00	0.00000e+00	0.00000e+00	0.00000e+00	0.00000e+00	0.00000e+00	5.40000e+00	5.16586e-01	2.52166e+00	1.14000e+00	2.49644e+00	2.52166e-02	1.44844e+01	-1.66457e+00	-3.06094e-01	9.67035e+00	6.80318e+00	-3.27000e+00	6.00000e-01	
monocrop	Wed Nov 05 16:59:48 CET 2025	1/2/1996	1	2	1996	32	1996	3.25472e+00	7.32860e+00	7.10000e+01	9.80000e+01	1.48000e+01	1.48000e+01	0.00000e+00	0.00000e+00	0.00000e+00	0.00000e+00	0.00000e+00	1.48000e+01	5.56089e-01	1.41567e+00	6.40000e-01	1.40151e+00	1.41567e-02	1.46783e+01	2.29723e+00	-3.01223e-01	9.71296e+00	7.51675e+00	-3.38000e+00	8.00000e-01	
monocrop	Wed Nov 05 16:59:48 CET 2025	2/2/1996	2	2	1996	33	1996	4.34108e+00	8.47777e+00	9.90000e+01	9.90000e+01	2.40000e+01	2.40000e+01	0.00000e+00	0.00000e+00	0.00000e+00	0.00000e+00	0.00000e+00	2.40000e+01	3.04035e-01	1.59263e+00	7.20000e-01	1.57670e+00	1.59262e-02	1.48761e+01	1.85097e+00	-2.96264e-01	9.75615e+00	9.51536e+00	-3.32000e+00	2.00000e-01	
monocrop	Wed Nov 05 16:59:48 CET 2025	3/2/1996	3	2	1996	34	1996	3.74852e+00	1.37013e+01	6.80000e+01	9.90000e+01	2.00000e-01	2.00000e-01	0.00000e+00	0.00000e+00	0.00000e+00	0.00000e+00	0.00000e+00	2.00000e-01	3.15802e-01	2.19207e+01	9.91000e+00	7.57470e+00	1.43460e+01	1.50775e+01	-7.11271e+01	-2.91218e-01	9.79988e+00	9.40077e+00	-3.12000e+00	4.00000e-01	
monocrop	Wed Nov 05 16:59:48 CET 2025	4/2/1996	4	2	1996	35	1996	-7.94440e-01	1.23432e+01	5.30000e+01	8.70000e+01	0.00000e+00	0.00000e+00	0.00000e+00	0.00000e+00	0.00000e+00	0.00000e+00	0.00000e+00	0.00000e+00	5.27136e-01	2.31816e+01	1.04800e+01	7.15227e+00	1.60293e+01	1.52827e+01	-7.21513e+01	-2.86087e-01	9.84414e+00	6.43910e+00	-3.36000e+00	1.30000e+00	
monocrop	Wed Nov 05 16:59:48 CET 2025	5/2/1996	5	2	1996	36	1996	-3.06592e+00	8.16436e+00	4.00000e+01	6.80000e+01	0.00000e+00	0.00000e+00	0.00000e+00	0.00000e+00	0.00000e+00	0.00000e+00	0.00000e+00	0.00000e+00	5.46844e-01	2.49069e+01	1.12600e+01	6.35346e+00	1.85535e+01	1.54914e+01	-7.30858e+01	-2.80873e-01	9.88890e+00	3.96087e+00	-3.57000e+00	1.00000e+00	
monocrop	Wed Nov 05 16:59:48 CET 2025	6/2/1996	6	2	1996	37	1996	-4.94236e+00	5.55261e+00	7.10000e+01	9.90000e+01	4.40000e+00	4.40000e+00	0.00000e+00	0.00000e+00	0.00000e+00	0.00000e+00	0.00000e+00	4.40000e+00	4.10053e-01	3.29585e+00	1.49000e+00	3.26289e+00	3.29585e-02	1.57036e+01	-3.47671e+00	-2.75579e-01	9.93414e+00	5.30712e+00	-3.76000e+00	4.00000e-01	
monocrop	Wed Nov 05 16:59:48 CET 2025	7/2/1996	7	2	1996	38	1996	-8.93200e-01	6.59731e+00	6.30000e+01	9.90000e+01	1.86000e+01	1.86000e+01	0.00000e+00	0.00000e+00	0.00000e+00	0.00000e+00	0.00000e+00	1.86000e+01	5.75997e-01	8.07373e+00	3.65000e+00	7.28198e+00	7.91756e-01	1.59193e+01	-1.81812e+01	-2.70206e-01	9.97985e+00	6.07051e+00	-3.83000e+00	1.50000e+00	
monocrop	Wed Nov 05 16:59:48 CET 2025	8/2/1996	8	2	1996	39	1996	-3.99400e-01	9.83588e+00	3.60000e+01	8.70000e+01	0.00000e+00	0.00000e+00	0.00000e+00	0.00000e+00	0.00000e+00	0.00000e+00	0.00000e+00	0.00000e+00	1.05199e+00	2.48184e+01	1.12200e+01	7.35096e+00	1.74675e+01	1.61383e+01	-7.15700e+01	-2.64756e-01	1.00260e+01	5.25636e+00	-3.65000e+00	2.80000e+00	
monocrop	Wed Nov 05 16:59:48 CET 2025	9/2/1996	9	2	1996	40	1996	-3.85600e+00	1.08806e+01	3.90000e+01	7.90000e+01	0.00000e+00	0.00000e+00	0.00000e+00	0.00000e+00	0.00000e+00	0.00000e+00	0.00000e+00	0.00000e+00	6.06438e-01	2.52829e+01	1.14300e+01	7.37715e+00	1.79058e+01	1.63606e+01	-7.16014e+01	-2.59232e-01	1.00726e+01	4.63320e+00	-3.83000e+00	9.00000e-01	
monocrop	Wed Nov 05 16:59:48 CET 2025	10/2/1996	10	2	1996	41	1996	-1.48576e+00	1.34923e+01	4.40000e+01	8.10000e+01	0.00000e+00	0.00000e+00	0.00000e+00	0.00000e+00	0.00000e+00	0.00000e+00	0.00000e+00	0.00000e+00	7.81726e-01	1.95539e+01	8.84000e+00	9.91641e+00	9.63751e+00	1.65861e+01	-5.47955e+01	-2.53635e-01	1.01195e+01	5.84104e+00	-3.98000e+00	1.00000e+00	
monocrop	Wed Nov 05 16:59:48 CET 2025	11/2/1996	11	2	1996	42	1996	8.84480e-01	1.22387e+01	4.70000e+01	8.50000e+01	0.00000e+00	0.00000e+00	0.00000e+00	0.00000e+00	0.00000e+00	0.00000e+00	0.00000e+00	0.00000e+00	8.87261e-01	2.58802e+01	1.17000e+01	7.64590e+00	1.82343e+01	1.68147e+01	-7.37301e+01	-2.47968e-01	1.01669e+01	6.41042e+00	-4.12000e+00	1.80000e+00	
monocrop	Wed Nov 05 16:59:48 CET 2025	12/2/1996	12	2	1996	43	1996	-1.09072e+00	1.33879e+01	5.40000e+01	9.90000e+01	1.20000e+00	1.20000e+00	0.00000e+00	0.00000e+00	0.00000e+00	0.00000e+00	0.00000e+00	1.20000e+00	7.16417e-01	1.55502e+01	7.03000e+00	1.03234e+01	5.22687e+00	1.70463e+01	-4.06838e+01	-2.42232e-01	1.02146e+01	7.22160e+00	-4.25000e+00	1.30000e+00	
monocrop	Wed Nov 05 16:59:48 CET 2025	13/2/1996	13	2	1996	44	1996	6.81008e+00	1.34923e+01	4.00000e+01	7.40000e+01	0.00000e+00	0.00000e+00	0.00000e+00	0.00000e+00	0.00000e+00	0.00000e+00	0.00000e+00	0.00000e+00	1.68947e+00	2.73180e+01	1.23500e+01	7.40139e+00	1.99166e+01	1.72808e+01	-7.88548e+01	-2.36429e-01	1.02627e+01	7.06375e+00	-4.33000e+00	3.10000e+00	
monocrop	Wed Nov 05 16:59:48 CET 2025	14/2/1996	14	2	1996	45	1996	-1.88080e+00	1.11940e+01	4.30000e+01	7.70000e+01	0.00000e+00	0.00000e+00	0.00000e+00	0.00000e+00	0.00000e+00	0.00000e+00	0.00000e+00	0.00000e+00	7.24364e-01	2.75170e+01	1.24400e+01	7.61794e+00	1.98991e+01	1.75182e+01	-7.37155e+01	-2.30562e-01	1.03111e+01	5.10610e+00	-4.44000e+00	8.00000e-01	
monocrop	Wed Nov 05 16:59:48 CET 2025	15/2/1996	15	2	1996	46	1996	-2.67088e+00	1.00448e+01	4.10000e+01	5.30000e+01	0.00000e+00	0.00000e+00	0.00000e+00	0.00000e+00	0.00000e+00	0.00000e+00	0.00000e+00	0.00000e+00	8.02423e-01	2.77161e+01	1.25300e+01	7.83638e+00	1.98797e+01	1.77583e+01	-7.21192e+01	-2.24632e-01	1.03598e+01	3.73660e+00	-4.53000e+00	7.00000e-01	
monocrop	Wed Nov 05 16:59:48 CET 2025	16/2/1996	16	2	1996	47	1996	-5.33740e+00	1.32834e+01	3.40000e+01	7.30000e+01	0.00000e+00	0.00000e+00	0.00000e+00	0.00000e+00	0.00000e+00	0.00000e+00	0.00000e+00	0.00000e+00	8.14172e-01	2.80479e+01	1.26800e+01	7.97331e+00	2.00746e+01	1.80010e+01	-7.34183e+01	-2.18642e-01	1.04088e+01	4.33987e+00	-4.62000e+00	8.00000e-01	
monocrop	Wed Nov 05 16:59:48 CET 2025	17/2/1996	17	2	1996	48	1996	2.46464e+00	1.33879e+01	4.00000e+01	8.20000e+01	0.00000e+00	0.00000e+00	0.00000e+00	0.00000e+00	0.00000e+00	0.00000e+00	0.00000e+00	0.00000e+00	1.55052e+00	2.95963e+01	1.33800e+01	7.30179e+00	2.22945e+01	1.82463e+01	-7.94918e+01	-2.12594e-01	1.04581e+01	6.50517e+00	-4.70000e+00	3.10000e+00	
monocrop	Wed Nov 05 16:59:48 CET 2025	18/2/1996	18	2	1996	49	1996	-5.96920e-01	1.48504e+01	4.70000e+01	9.90000e+01	0.00000e+00	0.00000e+00	0.00000e+00	0.00000e+00	0.00000e+00	0.00000e+00	0.00000e+00	0.00000e+00	9.29314e-01	3.04369e+01	1.37600e+01	7.08490e+00	2.33520e+01	1.84941e+01	-8.08124e+01	-2.06488e-01	1.05077e+01	7.37103e+00	-4.78000e+00	1.50000e+00	
monocrop	Wed Nov 05 16:59:48 CET 2025	19/2/1996	19	2	1996	50	1996	3.25472e+00	1.18208e+01	4.70000e+01	7.80000e+01	0.00000e+00	0.00000e+00	0.00000e+00	0.00000e+00	0.00000e+00	0.00000e+00	0.00000e+00	0.00000e+00	1.41883e+00	2.31816e+01	1.04800e+01	1.09687e+01	1.22129e+01	1.87443e+01	-5.80641e+01	-2.00329e-01	1.05575e+01	6.49083e+00	-4.85000e+00	2.50000e+00	
monocrop	Wed Nov 05 16:59:48 CET 2025	20/2/1996	20	2	1996	51	1996	-9.91960e-01	7.64201e+00	2.40000e+01	7.60000e+01	0.00000e+00	0.00000e+00	0.00000e+00	0.00000e+00	0.00000e+00	0.00000e+00	0.00000e+00	0.00000e+00	1.11745e+00	3.18304e+01	1.43900e+01	6.85152e+00	2.49789e+01	1.89967e+01	-7.66718e+01	-1.94116e-01	1.06076e+01	3.87486e+00	-4.91000e+00	1.50000e+00	
monocrop	Wed Nov 05 16:59:48 CET 2025	21/2/1996	21	2	1996	52	1996	-5.63368e+00	6.28390e+00	4.10000e+01	6.30000e+01	0.00000e+00	0.00000e+00	0.00000e+00	0.00000e+00	0.00000e+00	0.00000e+00	0.00000e+00	0.00000e+00	1.12366e+00	1.93327e+01	8.74000e+00	1.17892e+01	7.54349e+00	1.92513e+01	-4.17341e+01	-1.87854e-01	1.06579e+01	3.25141e+00	-4.97000e+00	1.80000e+00	
monocrop	Wed Nov 05 16:59:48 CET 2025	22/2/1996	22	2	1996	53	1996	-3.85600e+00	6.59731e+00	2.60000e+01	5.20000e+01	0.00000e+00	0.00000e+00	0.00000e+00	0.00000e+00	0.00000e+00	0.00000e+00	0.00000e+00	0.00000e+00	1.51052e+00	3.21843e+01	1.45500e+01	7.41528e+00	2.47691e+01	1.95080e+01	-7.36381e+01	-1.81543e-01	1.07084e+01	2.62955e+00	-5.03000e+00	2.40000e+00	
monocrop	Wed Nov 05 16:59:48 CET 2025	23/2/1996	23	2	1996	54	1996	-4.74484e+00	1.00448e+01	4.10000e+01	7.50000e+01	0.00000e+00	0.00000e+00	0.00000e+00	0.00000e+00	0.00000e+00	0.00000e+00	0.00000e+00	0.00000e+00	1.12694e+00	3.02157e+01	1.36600e+01	9.11373e+00	2.11019e+01	1.97668e+01	-6.97655e+01	-1.75185e-01	1.07591e+01	4.28486e+00	-5.08000e+00	1.70000e+00	
monocrop	Wed Nov 05 16:59:48 CET 2025	24/2/1996	24	2	1996	55	1996	-5.53492e+00	1.12985e+01	3.60000e+01	9.30000e+01	2.00000e-01	2.00000e-01	0.00000e+00	0.00000e+00	0.00000e+00	0.00000e+00	0.00000e+00	2.00000e-01	8.85480e-01	3.21843e+01	1.45500e+01	8.22444e+00	2.39599e+01	2.00274e+01	-7.43363e+01	-1.68783e-01	1.08100e+01	4.84412e+00	-5.13000e+00	8.00000e-01	
monocrop	Wed Nov 05 16:59:48 CET 2025	25/2/1996	25	2	1996	56	1996	-2.47336e+00	1.39102e+01	6.40000e+01	9.30000e+01	3.00000e+00	3.00000e+00	0.00000e+00	0.00000e+00	0.00000e+00	0.00000e+00	0.00000e+00	3.00000e+00	9.89758e-01	2.48627e+01	1.12400e+01	1.19299e+01	1.29327e+01	2.02898e+01	-5.71196e+01	-1.62338e-01	1.08611e+01	7.19306e+00	-5.17000e+00	1.80000e+00	
monocrop	Wed Nov 05 16:59:48 CET 2025	26/2/1996	26	2	1996	57	1996	6.31628e+00	1.08806e+01	7.20000e+01	9.30000e+01	3.52000e+01	3.52000e+01	0.00000e+00	0.00000e+00	0.00000e+00	0.00000e+00	0.00000e+00	3.52000e+01	9.85924e-01	6.25991e+00	2.83000e+00	6.19731e+00	6.25992e-02	2.05539e+01	-8.51067e+00	-1.55853e-01	1.09123e+01	9.20899e+00	-5.14000e+00	2.70000e+00	
monocrop	Wed Nov 05 16:59:48 CET 2025	27/2/1996	27	2	1996	58	1996	5.03240e+00	7.53754e+00	8.30000e+01	9.90000e+01	1.76000e+01	1.76000e+01	0.00000e+00	0.00000e+00	0.00000e+00	0.00000e+00	0.00000e+00	1.76000e+01	5.37428e-01	3.91521e+00	1.77000e+00	3.87606e+00	3.91521e-02	2.08196e+01	-2.34576e+00	-1.49329e-01	1.09637e+01	8.67168e+00	-4.61000e+00	1.10000e+00	
monocrop	Wed Nov 05 16:59:48 CET 2025	28/2/1996	28	2	1996	59	1996	3.45224e+00	1.72533e+01	6.20000e+01	9.90000e+01	0.00000e+00	0.00000e+00	0.00000e+00	0.00000e+00	0.00000e+00	0.00000e+00	0.00000e+00	0.00000e+00	1.18442e+00	3.23834e+01	1.46400e+01	9.63224e+00	2.27512e+01	2.10868e+01	-7.78952e+01	-1.42768e-01	1.10153e+01	1.01113e+01	-4.37000e+00	7.00000e-01	
monocrop	Wed Nov 05 16:59:48 CET 2025	29/2/1996	29	2	1996	60	1996	-7.94440e-01	1.68354e+01	5.00000e+01	9.90000e+01	4.00000e-01	4.00000e-01	0.00000e+00	0.00000e+00	0.00000e+00	0.00000e+00	0.00000e+00	4.00000e-01	1.12983e+00	3.30470e+01	1.49400e+01	9.60128e+00	2.34457e+01	2.13554e+01	-7.67657e+01	-1.36173e-01	1.10669e+01	7.99597e+00	-4.47000e+00	6.00000e-01	
monocrop	Wed Nov 05 16:59:48 CET 2025	1/3/1996	1	3	1996	61	1996	-1.97956e+00	1.76711e+01	3.70000e+01	9.00000e+01	0.00000e+00	0.00000e+00	0.00000e+00	0.00000e+00	0.00000e+00	0.00000e+00	0.00000e+00	0.00000e+00	1.48595e+00	3.44184e+01	1.55600e+01	9.10765e+00	2.53108e+01	2.16253e+01	-7.93764e+01	-1.29544e-01	1.11188e+01	6.73476e+00	-4.56000e+00	1.50000e+00	
monocrop	Wed Nov 05 16:59:48 CET 2025	2/3/1996	2	3	1996	62	1996	-1.78204e+00	1.33879e+01	3.80000e+01	5.50000e+01	0.00000e+00	0.00000e+00	0.00000e+00	0.00000e+00	0.00000e+00	0.00000e+00	0.00000e+00	0.00000e+00	1.51784e+00	3.49051e+01	1.57800e+01	9.18481e+00	2.57203e+01	2.18965e+01	-7.63889e+01	-1.22885e-01	1.11707e+01	4.28587e+00	-4.64000e+00	1.20000e+00	
monocrop	Wed Nov 05 16:59:48 CET 2025	3/3/1996	3	3	1996	63	1996	-4.34980e+00	1.23432e+01	2.70000e+01	5.80000e+01	0.00000e+00	0.00000e+00	0.00000e+00	0.00000e+00	0.00000e+00	0.00000e+00	0.00000e+00	0.00000e+00	1.30938e+00	3.23392e+01	1.46200e+01	1.10816e+01	2.12576e+01	2.21687e+01	-6.77666e+01	-1.16197e-01	1.12227e+01	3.45330e+00	-4.72000e+00	7.00000e-01	
monocrop	Wed Nov 05 16:59:48 CET 2025	4/3/1996	4	3	1996	64	1996	-4.15228e+00	1.27610e+01	2.40000e+01	6.80000e+01	0.00000e+00	0.00000e+00	0.00000e+00	0.00000e+00	0.00000e+00	0.00000e+00	0.00000e+00	0.00000e+00	1.37351e+00	3.75152e+01	1.69600e+01	8.16172e+00	2.93535e+01	2.24420e+01	-7.91030e+01	-1.09482e-01	1.12748e+01	3.81932e+00	-4.79000e+00	8.00000e-01	
monocrop	Wed Nov 05 16:59:48 CET 2025	5/3/1996	5	3	1996	65	1996	3.45224e+00	1.18208e+01	3.10000e+01	8.40000e+01	0.00000e+00	0.00000e+00	0.00000e+00	0.00000e+00	0.00000e+00	0.00000e+00	0.00000e+00	0.00000e+00	1.45299e+00	3.62986e+01	1.64100e+01	9.47003e+00	2.68286e+01	2.27162e+01	-7.72473e+01	-1.02741e-01	1.13270e+01	6.01197e+00	-4.86000e+00	7.00000e-01	
monocrop	Wed Nov 05 16:59:48 CET 2025	6/3/1996	6	3	1996	66	1996	-1.38700e+00	1.20297e+01	3.70000e+01	9.00000e+01	0.00000e+00	0.00000e+00	0.00000e+00	0.00000e+00	0.00000e+00	0.00000e+00	0.00000e+00	0.00000e+00	1.29160e+00	3.05032e+01	1.37900e+01	1.28196e+01	1.76837e+01	2.29913e+01	-6.15825e+01	-9.59776e-02	1.13793e+01	5.66037e+00	-4.93000e+00	9.00000e-01	
monocrop	Wed Nov 05 16:59:48 CET 2025	7/3/1996	7	3	1996	67	1996	-3.85600e+00	1.21342e+01	5.40000e+01	8.40000e+01	1.20000e+00	1.20000e+00	0.00000e+00	0.00000e+00	0.00000e+00	0.00000e+00	0.00000e+00	1.20000e+00	1.26486e+00	3.54802e+01	1.60400e+01	1.07788e+01	2.47014e+01	2.32670e+01	-7.11444e+01	-8.91925e-02	1.14317e+01	5.66292e+00	-4.98000e+00	1.00000e+00	
monocrop	Wed Nov 05 16:59:48 CET 2025	8/3/1996	8	3	1996	68	1996	3.64976e+00	1.32834e+01	4.40000e+01	7.30000e+01	8.00000e-01	8.00000e-01	0.00000e+00	0.00000e+00	0.00000e+00	0.00000e+00	0.00000e+00	8.00000e-01	1.76250e+00	2.64995e+01	1.19800e+01	1.42700e+01	1.22295e+01	2.35434e+01	-5.28787e+01	-8.23877e-02	1.14841e+01	6.47191e+00	-5.01000e+00	1.70000e+00	
monocrop	Wed Nov 05 16:59:48 CET 2025	9/3/1996	9	3	1996	69	1996	4.43984e+00	1.15074e+01	4.80000e+01	6.90000e+01	2.00000e-01	2.00000e-01	0.00000e+00	0.00000e+00	0.00000e+00	0.00000e+00	0.00000e+00	2.00000e-01	1.26268e+00	1.08387e+01	4.90000e+00	1.01080e+01	7.30724e-01	2.38204e+01	-1.65039e+01	-7.55652e-02	1.15366e+01	6.25872e+00	-5.04000e+00	7.00000e-01	
monocrop	Wed Nov 05 16:59:48 CET 2025	10/3/1996	10	3	1996	70	1996	3.55100e+00	1.53728e+01	4.70000e+01	9.50000e+01	2.00000e-01	2.00000e-01	0.00000e+00	0.00000e+00	0.00000e+00	0.00000e+00	0.00000e+00	2.00000e-01	1.58508e+00	2.92645e+01	1.32300e+01	1.42308e+01	1.50337e+01	2.40978e+01	-5.87624e+01	-6.87269e-02	1.15892e+01	8.40104e+00	-5.09000e+00	1.30000e+00	
monocrop	Wed Nov 05 16:59:48 CET 2025	11/3/1996	11	3	1996	71	1996	9.44000e-02	1.49549e+01	4.10000e+01	9.90000e+01	4.00000e-01	4.00000e-01	0.00000e+00	0.00000e+00	0.00000e+00	0.00000e+00	0.00000e+00	4.00000e-01	1.53741e+00	3.62765e+01	1.64000e+01	1.18026e+01	2.44739e+01	2.43755e+01	-7.23899e+01	-6.18745e-02	1.16418e+01	7.26322e+00	-5.13000e+00	9.00000e-01	
monocrop	Wed Nov 05 16:59:48 CET 2025	12/3/1996	12	3	1996	72	1996	-4.25104e+00	1.38057e+01	3.30000e+01	7.70000e+01	0.00000e+00	0.00000e+00	0.00000e+00	0.00000e+00	0.00000e+00	0.00000e+00	0.00000e+00	0.00000e+00	1.59094e+00	3.93954e+01	1.78100e+01	1.02768e+01	2.91186e+01	2.46535e+01	-7.59027e+01	-5.50100e-02	1.16944e+01	4.72026e+00	-5.16000e+00	9.00000e-01	
monocrop	Wed Nov 05 16:59:48 CET 2025	13/3/1996	13	3	1996	73	1996	-9.91960e-01	1.49549e+01	5.10000e+01	8.00000e+01	1.08000e+01	1.08000e+01	0.00000e+00	0.00000e+00	0.00000e+00	0.00000e+00	0.00000e+00	1.08000e+01	1.56248e+00	2.24295e+01	1.01400e+01	1.50563e+01	7.37314e+00	2.49317e+01	-4.04415e+01	-4.81351e-02	1.17470e+01	6.54816e+00	-5.21000e+00	1.70000e+00	
monocrop	Wed Nov 05 16:59:48 CET 2025	14/3/1996	14	3	1996	74	1996	5.52620e+00	1.08806e+01	7.30000e+01	9.90000e+01	4.22000e+01	4.22000e+01	0.00000e+00	0.00000e+00	0.00000e+00	0.00000e+00	0.00000e+00	4.22000e+01	8.12568e-01	5.22028e+00	2.36000e+00	5.16807e+00	5.22027e-02	2.52099e+01	-3.30579e+00	-4.12516e-02	1.17997e+01	9.34578e+00	-5.05000e+00	1.70000e+00	
monocrop	Wed Nov 05 16:59:48 CET 2025	15/3/1996	15	3	1996	75	1996	6.31628e+00	7.95542e+00	9.90000e+01	9.90000e+01	4.78000e+01	4.78000e+01	0.00000e+00	0.00000e+00	0.00000e+00	0.00000e+00	0.00000e+00	4.78000e+01	4.23780e-01	3.84885e+00	1.74000e+00	3.81036e+00	3.84884e-02	2.54881e+01	-4.11145e-01	-3.43614e-02	1.18524e+01	1.00026e+01	-4.41000e+00	3.00000e-01	
monocrop	Wed Nov 05 16:59:48 CET 2025	16/3/1996	16	3	1996	76	1996	5.03240e+00	1.26566e+01	5.50000e+01	9.90000e+01	6.00000e-01	6.00000e-01	0.00000e+00	0.00000e+00	0.00000e+00	0.00000e+00	0.00000e+00	6.00000e-01	1.43799e+00	1.66783e+01	7.54000e+00	1.36692e+01	3.00912e+00	2.57662e+01	-2.70562e+01	-2.74663e-02	1.19051e+01	8.73938e+00	-3.74000e+00	2.30000e+00	
monocrop	Wed Nov 05 16:59:48 CET 2025	17/3/1996	17	3	1996	77	1996	7.79768e+00	1.47460e+01	5.10000e+01	6.80000e+01	0.00000e+00	0.00000e+00	0.00000e+00	0.00000e+00	0.00000e+00	0.00000e+00	0.00000e+00	0.00000e+00	1.88240e+00	1.73641e+01	7.85000e+00	1.40330e+01	3.33104e+00	2.60441e+01	-2.89405e+01	-2.05680e-02	1.19578e+01	7.94509e+00	-3.89000e+00	1.60000e+00	
monocrop	Wed Nov 05 16:59:48 CET 2025	18/3/1996	18	3	1996	78	1996	-3.00640e-01	1.70443e+01	4.80000e+01	9.20000e+01	0.00000e+00	0.00000e+00	0.00000e+00	0.00000e+00	0.00000e+00	0.00000e+00	0.00000e+00	0.00000e+00	1.72416e+00	3.78912e+01	1.71300e+01	1.34123e+01	2.44789e+01	2.63217e+01	-7.09253e+01	-1.36683e-02	1.20105e+01	7.69455e+00	-4.04000e+00	6.00000e-01	
monocrop	Wed Nov 05 16:59:48 CET 2025	19/3/1996	19	3	1996	79	1996	-8.93200e-01	1.62085e+01	5.10000e+01	9.90000e+01	6.00000e-01	6.00000e-01	0.00000e+00	0.00000e+00	0.00000e+00	0.00000e+00	0.00000e+00	6.00000e-01	1.71594e+00	3.84664e+01	1.73900e+01	1.34663e+01	2.50001e+01	2.65989e+01	-7.05311e+01	-6.76899e-03	1.20632e+01	7.85303e+00	-4.18000e+00	9.00000e-01	
monocrop	Wed Nov 05 16:59:48 CET 2025	20/3/1996	20	3	1996	80	1996	4.43984e+00	1.52683e+01	7.10000e+01	9.90000e+01	0.00000e+00	0.00000e+00	0.00000e+00	0.00000e+00	0.00000e+00	0.00000e+00	0.00000e+00	0.00000e+00	1.40592e+00	2.62120e+01	1.18500e+01	1.64298e+01	9.78215e+00	2.68757e+01	-4.56816e+01	1.28135e-04	1.21159e+01	1.03261e+01	-4.28000e+00	8.00000e-01	
monocrop	Wed Nov 05 16:59:48 CET 2025	21/3/1996	21	3	1996	81	1996	4.83488e+00	1.55817e+01	6.70000e+01	9.90000e+01	0.00000e+00	0.00000e+00	0.00000e+00	0.00000e+00	0.00000e+00	0.00000e+00	0.00000e+00	0.00000e+00	1.51696e+00	2.95742e+01	1.33700e+01	1.65575e+01	1.30167e+01	2.71519e+01	-5.22032e+01	7.02133e-03	1.21686e+01	1.03252e+01	-4.39000e+00	4.00000e-01	
monocrop	Wed Nov 05 16:59:48 CET 2025	22/3/1996	22	3	1996	82	1996	1.57580e+00	1.85069e+01	7.30000e+01	9.90000e+01	2.00000e-01	2.00000e-01	0.00000e+00	0.00000e+00	0.00000e+00	0.00000e+00	0.00000e+00	2.00000e-01	1.81646e+00	3.88866e+01	1.75800e+01	1.42617e+01	2.46250e+01	2.74275e+01	-7.12457e+01	1.39089e-02	1.22213e+01	1.05795e+01	-4.49000e+00	8.00000e-01	
monocrop	Wed Nov 05 16:59:48 CET 2025	23/3/1996	23	3	1996	83	1996	3.25472e+00	1.35968e+01	7.60000e+01	9.90000e+01	2.00000e-01	2.00000e-01	0.00000e+00	0.00000e+00	0.00000e+00	0.00000e+00	0.00000e+00	2.00000e-01	9.09722e-01	1.25641e+01	5.68000e+00	1.17280e+01	8.36104e-01	2.77024e+01	-1.65964e+01	2.07889e-02	1.22739e+01	9.65345e+00	-4.58000e+00	5.00000e-01	
monocrop	Wed Nov 05 16:59:48 CET 2025	24/3/1996	24	3	1996	84	1996	7.69892e+00	1.55817e+01	6.60000e+01	9.90000e+01	0.00000e+00	0.00000e+00	0.00000e+00	0.00000e+00	0.00000e+00	0.00000e+00	0.00000e+00	0.00000e+00	1.26694e+00	1.74304e+01	7.88000e+00	1.45341e+01	2.89632e+00	2.79765e+01	-2.66621e+01	2.76599e-02	1.23265e+01	1.12884e+01	-4.65000e+00	5.00000e-01	
monocrop	Wed Nov 05 16:59:48 CET 2025	25/3/1996	25	3	1996	85	1996	7.69892e+00	1.82980e+01	6.00000e+01	9.90000e+01	6.00000e-01	6.00000e-01	0.00000e+00	0.00000e+00	0.00000e+00	0.00000e+00	0.00000e+00	6.00000e-01	2.17187e+00	3.83115e+01	1.73200e+01	1.54381e+01	2.28734e+01	2.82496e+01	-6.95752e+01	3.45199e-02	1.23790e+01	1.18944e+01	-4.73000e+00	8.00000e-01	
monocrop	Wed Nov 05 16:59:48 CET 2025	26/3/1996	26	3	1996	86	1996	6.51380e+00	1.51638e+01	8.90000e+01	9.90000e+01	2.20000e+00	2.20000e+00	0.00000e+00	0.00000e+00	0.00000e+00	0.00000e+00	0.00000e+00	2.20000e+00	7.50019e-01	7.76406e+00	3.51000e+00	7.68641e+00	7.76405e-02	2.85219e+01	-6.90526e+00	4.13673e-02	1.24315e+01	1.21960e+01	-4.79000e+00	1.10000e+00	
monocrop	Wed Nov 05 16:59:48 CET 2025	27/3/1996	27	3	1996	87	1996	1.08592e+01	1.86114e+01	4.70000e+01	9.70000e+01	0.00000e+00	0.00000e+00	0.00000e+00	0.00000e+00	0.00000e+00	0.00000e+00	0.00000e+00	0.00000e+00	2.62921e+00	3.16977e+01	1.43300e+01	1.75289e+01	1.41688e+01	2.87930e+01	-5.57805e+01	4.82004e-02	1.24839e+01	1.20594e+01	-4.81000e+00	2.50000e+00	
monocrop	Wed Nov 05 16:59:48 CET 2025	28/3/1996	28	3	1996	88	1996	-3.99400e-01	2.05963e+01	3.40000e+01	8.60000e+01	0.00000e+00	0.00000e+00	0.00000e+00	0.00000e+00	0.00000e+00	0.00000e+00	0.00000e+00	0.00000e+00	2.61946e+00	4.85751e+01	2.19600e+01	1.05759e+01	3.79992e+01	2.90631e+01	-8.62338e+01	5.50175e-02	1.25363e+01	7.40932e+00	-4.87000e+00	1.20000e+00	
monocrop	Wed Nov 05 16:59:48 CET 2025	29/3/1996	29	3	1996	89	1996	-2.07832e+00	1.56862e+01	3.20000e+01	9.40000e+01	0.00000e+00	0.00000e+00	0.00000e+00	0.00000e+00	0.00000e+00	0.00000e+00	0.00000e+00	0.00000e+00	2.19998e+00	4.70267e+01	2.12600e+01	1.21212e+01	3.49056e+01	2.93319e+01	-7.80898e+01	6.18167e-02	1.25886e+01	6.22191e+00	-4.94000e+00	9.00000e-01	
monocrop	Wed Nov 05 16:59:48 CET 2025	30/3/1996	30	3	1996	90	1996	-1.48576e+00	1.62085e+01	3.30000e+01	7.30000e+01	0.00000e+00	0.00000e+00	0.00000e+00	0.00000e+00	0.00000e+00	0.00000e+00	0.00000e+00	0.00000e+00	2.37745e+00	4.62083e+01	2.08900e+01	1.30547e+01	3.31536e+01	2.95995e+01	-7.64020e+01	6.85966e-02	1.26408e+01	5.43825e+00	-4.99000e+00	1.00000e+00	
monocrop	Wed Nov 05 16:59:48 CET 2025	31/3/1996	31	3	1996	91	1996	-3.26344e+00	1.44326e+01	2.60000e+01	8.90000e+01	0.00000e+00	0.00000e+00	0.00000e+00	0.00000e+00	0.00000e+00	0.00000e+00	0.00000e+00	0.00000e+00	2.06073e+00	4.11207e+01	1.85900e+01	1.60705e+01	2.50503e+01	2.98657e+01	-6.48145e+01	7.53552e-02	1.26930e+01	5.22010e+00	-5.05000e+00	9.00000e-01	
monocrop	Wed Nov 05 16:59:48 CET 2025	1/4/1996	1	4	1996	92	1996	2.66216e+00	1.04627e+01	5.30000e+01	9.00000e+01	6.80000e+00	6.80000e+00	0.00000e+00	0.00000e+00	0.00000e+00	0.00000e+00	0.00000e+00	6.80000e+00	1.01136e+00	6.52535e+00	2.95000e+00	6.46009e+00	6.52533e-02	3.01305e+01	-3.81020e+00	8.20910e-02	1.27451e+01	6.94503e+00	-5.10000e+00	7.00000e-01	
monocrop	Wed Nov 05 16:59:48 CET 2025	2/4/1996	2	4	1996	93	1996	5.22992e+00	1.65220e+01	3.10000e+01	9.20000e+01	4.00000e-01	4.00000e-01	0.00000e+00	0.00000e+00	0.00000e+00	0.00000e+00	0.00000e+00	4.00000e-01	2.51188e+00	3.73161e+01	1.68700e+01	1.78535e+01	1.94627e+01	3.03938e+01	-6.04277e+01	8.88023e-02	1.27970e+01	7.99901e+00	-5.01000e+00	1.40000e+00	
monocrop	Wed Nov 05 16:59:48 CET 2025	3/4/1996	3	4	1996	94	1996	1.87208e+00	1.22387e+01	2.30000e+01	4.00000e+01	4.00000e-01	4.00000e-01	0.00000e+00	0.00000e+00	0.00000e+00	0.00000e+00	0.00000e+00	4.00000e-01	3.13001e+00	4.26028e+01	1.92600e+01	1.63274e+01	2.62754e+01	3.06555e+01	-6.57647e+01	9.54873e-02	1.28489e+01	3.16512e+00	-5.05000e+00	2.20000e+00	
monocrop	Wed Nov 05 16:59:48 CET 2025	4/4/1996	4	4	1996	95	1996	-1.18948e+00	1.59996e+01	2.30000e+01	6.10000e+01	0.00000e+00	0.00000e+00	0.00000e+00	0.00000e+00	0.00000e+00	0.00000e+00	0.00000e+00	0.00000e+00	2.83870e+00	4.98581e+01	2.25400e+01	1.25739e+01	3.72842e+01	3.09156e+01	-7.90769e+01	1.02144e-01	1.29007e+01	4.32245e+00	-5.09000e+00	1.40000e+00	
monocrop	Wed Nov 05 16:59:48 CET 2025	5/4/1996	5	4	1996	96	1996	-2.27584e+00	1.52683e+01	3.00000e+01	8.30000e+01	0.00000e+00	0.00000e+00	0.00000e+00	0.00000e+00	0.00000e+00	0.00000e+00	0.00000e+00	0.00000e+00	2.49288e+00	5.03005e+01	2.27400e+01	1.26611e+01	3.76394e+01	3.11740e+01	-7.81615e+01	1.08772e-01	1.29524e+01	5.46307e+00	-5.14000e+00	1.00000e+00	
monocrop	Wed Nov 05 16:59:48 CET 2025	6/4/1996	6	4	1996	97	1996	2.26712e+00	1.65220e+01	4.90000e+01	8.60000e+01	0.00000e+00	0.00000e+00	0.00000e+00	0.00000e+00	0.00000e+00	0.00000e+00	0.00000e+00	0.00000e+00	2.45610e+00	4.37309e+01	1.97700e+01	1.67180e+01	2.70129e+01	3.14306e+01	-6.85725e+01	1.15368e-01	1.30039e+01	7.95078e+00	-5.19000e+00	1.00000e+00	
monocrop	Wed Nov 05 16:59:48 CET 2025	7/4/1996	7	4	1996	98	1996	2.91920e-01	2.10142e+01	3.00000e+01	9.20000e+01	0.00000e+00	0.00000e+00	0.00000e+00	0.00000e+00	0.00000e+00	0.00000e+00	0.00000e+00	0.00000e+00	2.83032e+00	4.88184e+01	2.20700e+01	1.43771e+01	3.44413e+01	3.16853e+01	-7.92230e+01	1.21932e-01	1.30553e+01	7.81709e+00	-5.23000e+00	1.00000e+00	
monocrop	Wed Nov 05 16:59:48 CET 2025	8/4/1996	8	4	1996	99	1996	3.64976e+00	2.43572e+01	3.40000e+01	7.70000e+01	0.00000e+00	0.00000e+00	0.00000e+00	0.00000e+00	0.00000e+00	0.00000e+00	0.00000e+00	0.00000e+00	2.91388e+00	4.15631e+01	1.87900e+01	1.80873e+01	2.34758e+01	3.19381e+01	-6.86325e+01	1.28461e-01	1.31066e+01	8.86575e+00	-5.27000e+00	8.00000e-01	
monocrop	Wed Nov 05 16:59:48 CET 2025	9/4/1996	9	4	1996	100	1996	1.37828e+00	2.16410e+01	2.70000e+01	7.80000e+01	0.00000e+00	0.00000e+00	0.00000e+00	0.00000e+00	0.00000e+00	0.00000e+00	0.00000e+00	0.00000e+00	3.02745e+00	4.95263e+01	2.23900e+01	1.46472e+01	3.48791e+01	3.21890e+01	-7.99340e+01	1.34953e-01	1.31577e+01	7.12171e+00	-5.31000e+00	9.00000e-01	
monocrop	Wed Nov 05 16:59:48 CET 2025	10/4/1996	10	4	1996	101	1996	2.26712e+00	2.36259e+01	2.70000e+01	8.80000e+01	0.00000e+00	0.00000e+00	0.00000e+00	0.00000e+00	0.00000e+00	0.00000e+00	0.00000e+00	0.00000e+00	3.07820e+00	4.25585e+01	1.92400e+01	1.82544e+01	2.43042e+01	3.24378e+01	-6.83449e+01	1.41408e-01	1.32087e+01	8.57372e+00	-5.34000e+00	1.40000e+00	
monocrop	Wed Nov 05 16:59:48 CET 2025	11/4/1996	11	4	1996	102	1996	1.15506e+01	2.42527e+01	2.50000e+01	7.30000e+01	0.00000e+00	0.00000e+00	0.00000e+00	0.00000e+00	0.00000e+00	0.00000e+00	0.00000e+00	0.00000e+00	3.78742e+00	4.49917e+01	2.03400e+01	1.75914e+01	2.74003e+01	3.26845e+01	-7.58057e+01	1.47823e-01	1.32595e+01	1.00429e+01	-5.38000e+00	1.30000e+00	
monocrop	Wed Nov 05 16:59:48 CET 2025	12/4/1996	12	4	1996	103	1996	3.74852e+00	2.24767e+01	1.50000e+01	8.00000e+01	0.00000e+00	0.00000e+00	0.00000e+00	0.00000e+00	0.00000e+00	0.00000e+00	0.00000e+00	0.00000e+00	3.32908e+00	4.79779e+01	2.16900e+01	1.64902e+01	3.14877e+01	3.29290e+01	-7.66218e+01	1.54197e-01	1.33102e+01	7.16002e+00	-5.41000e+00	1.10000e+00	
monocrop	Wed Nov 05 16:59:48 CET 2025	13/4/1996	13	4	1996	104	1996	4.63736e+00	2.27902e+01	2.30000e+01	8.00000e+01	0.00000e+00	0.00000e+00	0.00000e+00	0.00000e+00	0.00000e+00	0.00000e+00	0.00000e+00	0.00000e+00	3.10171e+00	4.04793e+01	1.83000e+01	1.95440e+01	2.09353e+01	3.31713e+01	-6.31527e+01	1.60529e-01	1.33606e+01	8.07333e+00	-5.44000e+00	1.10000e+00	
monocrop	Wed Nov 05 16:59:48 CET 2025	14/4/1996	14	4	1996	105	1996	4.73612e+00	2.23723e+01	3.60000e+01	5.70000e+01	0.00000e+00	0.00000e+00	0.00000e+00	0.00000e+00	0.00000e+00	0.00000e+00	0.00000e+00	0.00000e+00	3.40615e+00	4.20719e+01	1.90200e+01	1.93511e+01	2.27208e+01	3.34114e+01	-6.52333e+01	1.66815e-01	1.34109e+01	7.21419e+00	-5.47000e+00	1.50000e+00	
monocrop	Wed Nov 05 16:59:48 CET 2025	15/4/1996	15	4	1996	106	1996	6.31628e+00	2.28946e+01	1.50000e+01	6.70000e+01	0.00000e+00	0.00000e+00	0.00000e+00	0.00000e+00	0.00000e+00	0.00000e+00	0.00000e+00	0.00000e+00	3.71566e+00	5.44147e+01	2.46000e+01	1.35820e+01	4.08328e+01	3.36490e+01	-8.73787e+01	1.73056e-01	1.34610e+01	6.80984e+00	-5.50000e+00	9.00000e-01	
monocrop	Wed Nov 05 16:59:48 CET 2025	16/4/1996	16	4	1996	107	1996	-4.36000e-03	2.05963e+01	2.40000e+01	9.90000e+01	1.20000e+01	1.20000e+01	0.00000e+00	0.00000e+00	0.00000e+00	0.00000e+00	0.00000e+00	1.20000e+01	3.18615e+00	5.13401e+01	2.32100e+01	1.58913e+01	3.54488e+01	3.38843e+01	-7.72184e+01	1.79249e-01	1.35109e+01	7.69556e+00	-5.53000e+00	1.50000e+00	
monocrop	Wed Nov 05 16:59:48 CET 2025	17/4/1996	17	4	1996	108	1996	8.58776e+00	1.26566e+01	6.90000e+01	9.90000e+01	1.88000e+01	1.88000e+01	0.00000e+00	0.00000e+00	0.00000e+00	0.00000e+00	0.00000e+00	1.88000e+01	1.00878e+00	8.60461e+00	3.89000e+00	8.51856e+00	8.60462e-02	3.41171e+01	-5.76373e+00	1.85393e-01	1.35605e+01	1.07424e+01	-5.33000e+00	6.00000e-01	
monocrop	Wed Nov 05 16:59:48 CET 2025	18/4/1996	18	4	1996	109	1996	4.83488e+00	2.19544e+01	3.60000e+01	9.20000e+01	0.00000e+00	0.00000e+00	0.00000e+00	0.00000e+00	0.00000e+00	0.00000e+00	0.00000e+00	0.00000e+00	3.48796e+00	5.48571e+01	2.48000e+01	1.43373e+01	4.05198e+01	3.43475e+01	-8.48118e+01	1.91486e-01	1.36100e+01	9.82647e+00	-5.03000e+00	9.00000e-01	
monocrop	Wed Nov 05 16:59:48 CET 2025	19/4/1996	19	4	1996	110	1996	3.25472e+00	1.86114e+01	4.20000e+01	9.70000e+01	0.00000e+00	0.00000e+00	0.00000e+00	0.00000e+00	0.00000e+00	0.00000e+00	0.00000e+00	0.00000e+00	3.22848e+00	5.56756e+01	2.51700e+01	1.41209e+01	4.15547e+01	3.45752e+01	-8.24153e+01	1.97526e-01	1.36592e+01	9.07393e+00	-5.08000e+00	1.00000e+00	
monocrop	Wed Nov 05 16:59:48 CET 2025	20/4/1996	20	4	1996	111	1996	4.24232e+00	1.93426e+01	4.10000e+01	9.90000e+01	0.00000e+00	0.00000e+00	0.00000e+00	0.00000e+00	0.00000e+00	0.00000e+00	0.00000e+00	0.00000e+00	3.06861e+00	4.84866e+01	2.19200e+01	1.84811e+01	3.00056e+01	3.48004e+01	-7.09647e+01	2.03512e-01	1.37081e+01	9.67488e+00	-5.13000e+00	1.10000e+00	
monocrop	Wed Nov 05 16:59:48 CET 2025	21/4/1996	21	4	1996	112	1996	7.40264e+00	1.94471e+01	4.30000e+01	9.90000e+01	2.00000e-01	2.00000e-01	0.00000e+00	0.00000e+00	0.00000e+00	0.00000e+00	0.00000e+00	2.00000e-01	2.38070e+00	2.66101e+01	1.20300e+01	2.00497e+01	6.56040e+00	3.50228e+01	-3.53449e+01	2.09442e-01	1.37568e+01	1.09228e+01	-5.17000e+00	1.50000e+00	
monocrop	Wed Nov 05 16:59:48 CET 2025	22/4/1996	22	4	1996	113	1996	1.10568e+01	1.61041e+01	6.00000e+01	9.90000e+01	3.30000e+01	3.30000e+01	0.00000e+00	0.00000e+00	0.00000e+00	0.00000e+00	0.00000e+00	3.30000e+01	1.32484e+00	6.43687e+00	2.91000e+00	6.37250e+00	6.43687e-02	3.52426e+01	-1.85653e+00	2.15315e-01	1.38052e+01	1.23550e+01	-5.21000e+00	1.90000e+00	
monocrop	Wed Nov 05 16:59:48 CET 2025	23/4/1996	23	4	1996	114	1996	1.06617e+01	1.53728e+01	7.50000e+01	9.40000e+01	8.80000e+00	8.80000e+00	0.00000e+00	0.00000e+00	0.00000e+00	0.00000e+00	0.00000e+00	8.80000e+00	1.62887e+00	1.74525e+01	7.89000e+00	1.58947e+01	1.55780e+00	3.54595e+01	-1.94749e+01	2.21129e-01	1.38533e+01	1.26581e+01	-4.70000e+00	1.60000e+00	
monocrop	Wed Nov 05 16:59:48 CET 2025	24/4/1996	24	4	1996	115	1996	2.85968e+00	2.29991e+01	3.00000e+01	9.60000e+01	2.00000e-01	2.00000e-01	0.00000e+00	0.00000e+00	0.00000e+00	0.00000e+00	0.00000e+00	2.00000e-01	3.48910e+00	5.35963e+01	2.42300e+01	1.69914e+01	3.66050e+01	3.56737e+01	-7.91262e+01	2.26882e-01	1.39012e+01	9.38329e+00	-4.61000e+00	9.00000e-01	
monocrop	Wed Nov 05 16:59:48 CET 2025	25/4/1996	25	4	1996	116	1996	4.04480e+00	2.36259e+01	3.10000e+01	5.70000e+01	0.00000e+00	0.00000e+00	0.00000e+00	0.00000e+00	0.00000e+00	0.00000e+00	0.00000e+00	0.00000e+00	3.80846e+00	5.57419e+01	2.52000e+01	1.60026e+01	3.97393e+01	3.58850e+01	-8.30342e+01	2.32574e-01	1.39487e+01	6.95236e+00	-4.68000e+00	8.00000e-01	
monocrop	Wed Nov 05 16:59:48 CET 2025	26/4/1996	26	4	1996	117	1996	5.72372e+00	1.76711e+01	5.40000e+01	9.90000e+01	3.80000e+00	3.80000e+00	0.00000e+00	0.00000e+00	0.00000e+00	0.00000e+00	0.00000e+00	3.80000e+00	1.62127e+00	1.80719e+01	8.17000e+00	1.63684e+01	1.70354e+00	3.60934e+01	-1.98822e+01	2.38201e-01	1.39959e+01	1.05071e+01	-4.76000e+00	6.00000e-01	
monocrop	Wed Nov 05 16:59:48 CET 2025	27/4/1996	27	4	1996	118	1996	1.07605e+01	1.91337e+01	6.00000e+01	9.90000e+01	2.80000e+00	2.80000e+00	0.00000e+00	0.00000e+00	0.00000e+00	0.00000e+00	0.00000e+00	2.80000e+00	1.61736e+00	1.68995e+01	7.64000e+00	1.56554e+01	1.24411e+00	3.62988e+01	-1.84593e+01	2.43763e-01	1.40427e+01	1.34988e+01	-4.75000e+00	3.00000e-01	
monocrop	Wed Nov 05 16:59:48 CET 2025	28/4/1996	28	4	1996	119	1996	1.11555e+01	1.53728e+01	8.10000e+01	9.90000e+01	7.80000e+00	7.80000e+00	0.00000e+00	0.00000e+00	0.00000e+00	0.00000e+00	0.00000e+00	7.80000e+00	1.16254e+00	1.23429e+01	5.58000e+00	1.22194e+01	1.23428e-01	3.65012e+01	-1.07331e+01	2.49258e-01	1.40892e+01	1.37013e+01	-4.76000e+00	5.00000e-01	
monocrop	Wed Nov 05 16:59:48 CET 2025	29/4/1996	29	4	1996	120	1996	1.09580e+01	1.81935e+01	6.90000e+01	9.90000e+01	1.00000e+01	1.00000e+01	0.00000e+00	0.00000e+00	0.00000e+00	0.00000e+00	0.00000e+00	1.00000e+01	1.90042e+00	2.32037e+01	1.04900e+01	1.92225e+01	3.98116e+00	3.67006e+01	-2.80872e+01	2.54685e-01	1.41353e+01	1.39251e+01	-4.67000e+00	6.00000e-01	
monocrop	Wed Nov 05 16:59:48 CET 2025	30/4/1996	30	4	1996	121	1996	1.06617e+01	2.16410e+01	4.50000e+01	9.90000e+01	2.00000e-01	2.00000e-01	0.00000e+00	0.00000e+00	0.00000e+00	0.00000e+00	0.00000e+00	2.00000e-01	3.09370e+00	3.87539e+01	1.75200e+01	2.25824e+01	1.61715e+01	3.68969e+01	-5.39896e+01	2.60042e-01	1.41811e+01	1.32069e+01	-4.56000e+00	9.00000e-01	
monocrop	Wed Nov 05 16:59:48 CET 2025	1/5/1996	1	5	1996	122	1996	6.11876e+00	1.91337e+01	5.30000e+01	9.80000e+01	6.00000e-01	6.00000e-01	0.00000e+00	0.00000e+00	0.00000e+00	0.00000e+00	0.00000e+00	6.00000e-01	2.75225e+00	3.98599e+01	1.80200e+01	2.26564e+01	1.72035e+01	3.70900e+01	-5.30924e+01	2.65327e-01	1.42264e+01	1.10238e+01	-4.64000e+00	8.00000e-01	
monocrop	Wed Nov 05 16:59:48 CET 2025	2/5/1996	2	5	1996	123	1996	5.32868e+00	1.81935e+01	4.50000e+01	9.90000e+01	0.00000e+00	0.00000e+00	0.00000e+00	0.00000e+00	0.00000e+00	0.00000e+00	0.00000e+00	0.00000e+00	2.62285e+00	3.42857e+01	1.55000e+01	2.26113e+01	1.16744e+01	3.72800e+01	-4.36695e+01	2.70540e-01	1.42713e+01	9.93068e+00	-4.70000e+00	1.40000e+00	
monocrop	Wed Nov 05 16:59:48 CET 2025	3/5/1996	3	5	1996	124	1996	4.43984e+00	1.87158e+01	4.60000e+01	9.80000e+01	8.00000e-01	8.00000e-01	0.00000e+00	0.00000e+00	0.00000e+00	0.00000e+00	0.00000e+00	8.00000e-01	3.17095e+00	4.43945e+01	2.00700e+01	2.23581e+01	2.20364e+01	3.74668e+01	-5.87039e+01	2.75677e-01	1.43158e+01	9.81110e+00	-4.78000e+00	1.90000e+00	
monocrop	Wed Nov 05 16:59:48 CET 2025	4/5/1996	4	5	1996	125	1996	6.21752e+00	2.04918e+01	4.30000e+01	9.90000e+01	0.00000e+00	0.00000e+00	0.00000e+00	0.00000e+00	0.00000e+00	0.00000e+00	0.00000e+00	0.00000e+00	3.90192e+00	5.99889e+01	2.71200e+01	1.58126e+01	4.41763e+01	3.76503e+01	-8.38852e+01	2.80739e-01	1.43599e+01	1.08729e+01	-4.82000e+00	1.00000e+00	
monocrop	Wed Nov 05 16:59:48 CET 2025	5/5/1996	5	5	1996	126	1996	5.32868e+00	2.01784e+01	4.50000e+01	9.90000e+01	0.00000e+00	0.00000e+00	0.00000e+00	0.00000e+00	0.00000e+00	0.00000e+00	0.00000e+00	0.00000e+00	3.72232e+00	5.77548e+01	2.61100e+01	1.74859e+01	4.02690e+01	3.78305e+01	-7.94218e+01	2.85723e-01	1.44034e+01	1.06009e+01	-4.89000e+00	1.00000e+00	
monocrop	Wed Nov 05 16:59:48 CET 2025	6/5/1996	6	5	1996	127	1996	7.60016e+00	1.93426e+01	6.70000e+01	9.80000e+01	1.40000e+00	1.40000e+00	0.00000e+00	0.00000e+00	0.00000e+00	0.00000e+00	0.00000e+00	1.40000e+00	2.70368e+00	3.71834e+01	1.68100e+01	2.32408e+01	1.39426e+01	3.80073e+01	-4.79612e+01	2.90628e-01	1.44465e+01	1.27305e+01	-4.95000e+00	1.30000e+00	
monocrop	Wed Nov 05 16:59:48 CET 2025	7/5/1996	7	5	1996	128	1996	1.33282e+01	1.70443e+01	8.20000e+01	9.60000e+01	4.20000e+00	4.20000e+00	0.00000e+00	0.00000e+00	0.00000e+00	0.00000e+00	0.00000e+00	4.20000e+00	1.84038e+00	2.03724e+01	9.21000e+00	1.80583e+01	2.31403e+00	3.81808e+01	-2.23516e+01	2.95452e-01	1.44891e+01	1.53463e+01	-4.97000e+00	1.80000e+00	
monocrop	Wed Nov 05 16:59:48 CET 2025	8/5/1996	8	5	1996	129	1996	1.18468e+01	1.97605e+01	6.20000e+01	9.90000e+01	6.00000e-01	6.00000e-01	0.00000e+00	0.00000e+00	0.00000e+00	0.00000e+00	0.00000e+00	6.00000e-01	3.30845e+00	4.46599e+01	2.01900e+01	2.30271e+01	2.16328e+01	3.83509e+01	-6.02121e+01	3.00195e-01	1.45312e+01	1.44415e+01	-4.94000e+00	9.00000e-01	
monocrop	Wed Nov 05 16:59:48 CET 2025	9/5/1996	9	5	1996	130	1996	7.10636e+00	2.18499e+01	4.80000e+01	9.90000e+01	1.04000e+01	1.04000e+01	0.00000e+00	0.00000e+00	0.00000e+00	0.00000e+00	0.00000e+00	1.04000e+01	2.80600e+00	3.75816e+01	1.69900e+01	2.35476e+01	1.40340e+01	3.85176e+01	-4.86872e+01	3.04853e-01	1.45727e+01	1.21078e+01	-4.98000e+00	4.00000e-01	
monocrop	Wed Nov 05 16:59:48 CET 2025	10/5/1996	10	5	1996	131	1996	9.27908e+00	2.16410e+01	5.10000e+01	9.60000e+01	1.52000e+01	1.52000e+01	0.00000e+00	0.00000e+00	0.00000e+00	0.00000e+00	0.00000e+00	1.52000e+01	3.62090e+00	4.90396e+01	2.21700e+01	2.23081e+01	2.67315e+01	3.86807e+01	-6.65579e+01	3.09427e-01	1.46137e+01	1.28985e+01	-4.84000e+00	9.00000e-01	
monocrop	Wed Nov 05 16:59:48 CET 2025	11/5/1996	11	5	1996	132	1996	7.69892e+00	2.19544e+01	4.80000e+01	9.40000e+01	7.40000e+00	7.40000e+00	0.00000e+00	0.00000e+00	0.00000e+00	0.00000e+00	0.00000e+00	7.40000e+00	3.67897e+00	5.02783e+01	2.27300e+01	2.20832e+01	2.81951e+01	3.88404e+01	-6.77850e+01	3.13915e-01	1.46541e+01	1.19623e+01	-4.63000e+00	1.00000e+00	
monocrop	Wed Nov 05 16:59:48 CET 2025	12/5/1996	12	5	1996	133	1996	9.47660e+00	1.89248e+01	4.30000e+01	8.70000e+01	0.00000e+00	0.00000e+00	0.00000e+00	0.00000e+00	0.00000e+00	0.00000e+00	0.00000e+00	0.00000e+00	3.70056e+00	3.77364e+01	1.70600e+01	2.38223e+01	1.39141e+01	3.89965e+01	-4.75922e+01	3.18314e-01	1.46939e+01	1.05170e+01	-4.56000e+00	3.00000e+00	
monocrop	Wed Nov 05 16:59:48 CET 2025	13/5/1996	13	5	1996	134	1996	1.01679e+01	2.02829e+01	4.50000e+01	7.30000e+01	0.00000e+00	0.00000e+00	0.00000e+00	0.00000e+00	0.00000e+00	0.00000e+00	0.00000e+00	0.00000e+00	4.47749e+00	5.38396e+01	2.43400e+01	2.10919e+01	3.27477e+01	3.91490e+01	-7.24370e+01	3.22625e-01	1.47330e+01	1.01990e+01	-4.65000e+00	2.10000e+00	
monocrop	Wed Nov 05 16:59:48 CET 2025	14/5/1996	14	5	1996	135	1996	4.53860e+00	2.32080e+01	4.50000e+01	9.50000e+01	1.20000e+00	1.20000e+00	0.00000e+00	0.00000e+00	0.00000e+00	0.00000e+00	0.00000e+00	1.20000e+00	3.92945e+00	5.73346e+01	2.59200e+01	1.96399e+01	3.76947e+01	3.92979e+01	-7.71066e+01	3.26845e-01	1.47716e+01	1.10879e+01	-4.72000e+00	9.00000e-01	
monocrop	Wed Nov 05 16:59:48 CET 2025	15/5/1996	15	5	1996	136	1996	6.41504e+00	2.17455e+01	4.90000e+01	9.70000e+01	0.00000e+00	0.00000e+00	0.00000e+00	0.00000e+00	0.00000e+00	0.00000e+00	0.00000e+00	0.00000e+00	4.22655e+00	6.22673e+01	2.81500e+01	1.69497e+01	4.53176e+01	3.94431e+01	-8.39098e+01	3.30973e-01	1.48095e+01	1.17195e+01	-4.77000e+00	1.10000e+00	
monocrop	Wed Nov 05 16:59:48 CET 2025	16/5/1996	16	5	1996	137	1996	9.08156e+00	1.90292e+01	6.10000e+01	9.80000e+01	7.00000e+00	7.00000e+00	0.00000e+00	0.00000e+00	0.00000e+00	0.00000e+00	0.00000e+00	7.00000e+00	2.63253e+00	3.12111e+01	1.41100e+01	2.29905e+01	8.22056e+00	3.95847e+01	-3.70928e+01	3.35008e-01	1.48467e+01	1.27425e+01	-4.84000e+00	1.70000e+00	
monocrop	Wed Nov 05 16:59:48 CET 2025	17/5/1996	17	5	1996	138	1996	1.07605e+01	1.81935e+01	7.20000e+01	9.90000e+01	4.20000e+00	4.20000e+00	0.00000e+00	0.00000e+00	0.00000e+00	0.00000e+00	0.00000e+00	4.20000e+00	2.06989e+00	2.30710e+01	1.04300e+01	1.98101e+01	3.26091e+00	3.97226e+01	-2.50345e+01	3.38948e-01	1.48832e+01	1.40836e+01	-4.76000e+00	1.70000e+00	
monocrop	Wed Nov 05 16:59:48 CET 2025	18/5/1996	18	5	1996	139	1996	1.39208e+01	1.78801e+01	8.10000e+01	9.90000e+01	2.00000e-01	2.00000e-01	0.00000e+00	0.00000e+00	0.00000e+00	0.00000e+00	0.00000e+00	2.00000e-01	2.83735e+00	3.45512e+01	1.56200e+01	2.38584e+01	1.06927e+01	3.98567e+01	-4.22550e+01	3.42792e-01	1.49189e+01	1.62461e+01	-4.74000e+00	3.10000e+00	
monocrop	Wed Nov 05 16:59:48 CET 2025	19/5/1996	19	5	1996	140	1996	1.14518e+01	2.26857e+01	4.10000e+01	9.50000e+01	0.00000e+00	0.00000e+00	0.00000e+00	0.00000e+00	0.00000e+00	0.00000e+00	0.00000e+00	0.00000e+00	4.28444e+00	5.24018e+01	2.36900e+01	2.25236e+01	2.98782e+01	3.99870e+01	-7.04307e+01	3.46540e-01	1.49540e+01	1.32227e+01	-4.81000e+00	1.40000e+00	
monocrop	Wed Nov 05 16:59:48 CET 2025	20/5/1996	20	5	1996	141	1996	5.72372e+00	2.34170e+01	3.20000e+01	9.60000e+01	0.00000e+00	0.00000e+00	0.00000e+00	0.00000e+00	0.00000e+00	0.00000e+00	0.00000e+00	0.00000e+00	4.06639e+00	5.28442e+01	2.38900e+01	2.24997e+01	3.03446e+01	4.01136e+01	-6.92341e+01	3.50189e-01	1.49882e+01	1.06059e+01	-4.88000e+00	1.40000e+00	
monocrop	Wed Nov 05 16:59:48 CET 2025	21/5/1996	21	5	1996	142	1996	4.53860e+00	2.26857e+01	3.30000e+01	7.60000e+01	0.00000e+00	0.00000e+00	0.00000e+00	0.00000e+00	0.00000e+00	0.00000e+00	0.00000e+00	0.00000e+00	4.70288e+00	6.16258e+01	2.78600e+01	1.84796e+01	4.31462e+01	4.02363e+01	-8.09520e+01	3.53738e-01	1.50217e+01	8.48731e+00	-4.94000e+00	1.90000e+00	
monocrop	Wed Nov 05 16:59:48 CET 2025	22/5/1996	22	5	1996	143	1996	5.82248e+00	2.38349e+01	3.00000e+01	8.00000e+01	0.00000e+00	0.00000e+00	0.00000e+00	0.00000e+00	0.00000e+00	0.00000e+00	0.00000e+00	0.00000e+00	4.60439e+00	6.18028e+01	2.79400e+01	1.85373e+01	4.32655e+01	4.03552e+01	-8.22770e+01	3.57186e-01	1.50544e+01	9.26773e+00	-5.00000e+00	1.20000e+00	
monocrop	Wed Nov 05 16:59:48 CET 2025	23/5/1996	23	5	1996	144	1996	9.77288e+00	2.68645e+01	3.60000e+01	9.20000e+01	0.00000e+00	0.00000e+00	0.00000e+00	0.00000e+00	0.00000e+00	0.00000e+00	0.00000e+00	0.00000e+00	5.03762e+00	6.23779e+01	2.82000e+01	1.83483e+01	4.40295e+01	4.04702e+01	-8.67522e+01	3.60533e-01	1.50863e+01	1.34658e+01	-5.05000e+00	1.20000e+00	
monocrop	Wed Nov 05 16:59:48 CET 2025	24/5/1996	24	5	1996	145	1996	8.78528e+00	2.13276e+01	5.90000e+01	9.90000e+01	1.60000e+00	1.60000e+00	0.00000e+00	0.00000e+00	0.00000e+00	0.00000e+00	0.00000e+00	1.60000e+00	4.28381e+00	6.06083e+01	2.74000e+01	1.95314e+01	4.10769e+01	4.05813e+01	-7.95165e+01	3.63776e-01	1.51173e+01	1.35086e+01	-5.10000e+00	1.20000e+00	
monocrop	Wed Nov 05 16:59:48 CET 2025	25/5/1996	25	5	1996	146	1996	1.17481e+01	2.49840e+01	5.50000e+01	9.50000e+01	0.00000e+00	0.00000e+00	0.00000e+00	0.00000e+00	0.00000e+00	0.00000e+00	0.00000e+00	0.00000e+00	4.07156e+00	4.87300e+01	2.20300e+01	2.41768e+01	2.45531e+01	4.06884e+01	-6.48478e+01	3.66915e-01	1.51474e+01	1.58272e+01	-5.11000e+00	1.10000e+00	
monocrop	Wed Nov 05 16:59:48 CET 2025	26/5/1996	26	5	1996	147	1996	1.52047e+01	2.66556e+01	3.70000e+01	7.10000e+01	0.00000e+00	0.00000e+00	0.00000e+00	0.00000e+00	0.00000e+00	0.00000e+00	0.00000e+00	0.00000e+00	6.57099e+00	6.27097e+01	2.83500e+01	1.85938e+01	4.41158e+01	4.07917e+01	-8.87553e+01	3.69949e-01	1.51767e+01	1.33635e+01	-5.16000e+00	3.30000e+00	
monocrop	Wed Nov 05 16:59:48 CET 2025	27/5/1996	27	5	1996	148	1996	1.51059e+01	2.46706e+01	4.00000e+01	7.00000e+01	0.00000e+00	0.00000e+00	0.00000e+00	0.00000e+00	0.00000e+00	0.00000e+00	0.00000e+00	0.00000e+00	5.63075e+00	4.73806e+01	2.14200e+01	2.45914e+01	2.27893e+01	4.08909e+01	-6.33161e+01	3.72876e-01	1.52050e+01	1.27627e+01	-5.20000e+00	3.60000e+00	
monocrop	Wed Nov 05 16:59:48 CET 2025	28/5/1996	28	5	1996	149	1996	1.31307e+01	2.63421e+01	3.20000e+01	6.50000e+01	0.00000e+00	0.00000e+00	0.00000e+00	0.00000e+00	0.00000e+00	0.00000e+00	0.00000e+00	0.00000e+00	5.82345e+00	6.39484e+01	2.89100e+01	1.80994e+01	4.58490e+01	4.09861e+01	-8.90325e+01	3.75695e-01	1.52324e+01	1.11489e+01	-5.24000e+00	1.80000e+00	
monocrop	Wed Nov 05 16:59:48 CET 2025	29/5/1996	29	5	1996	150	1996	6.02000e+00	2.95807e+01	2.30000e+01	8.10000e+01	0.00000e+00	0.00000e+00	0.00000e+00	0.00000e+00	0.00000e+00	0.00000e+00	0.00000e+00	0.00000e+00	5.27959e+00	6.70894e+01	3.03300e+01	1.61101e+01	5.09793e+01	4.10774e+01	-9.27731e+01	3.78407e-01	1.52588e+01	1.05900e+01	-5.28000e+00	1.00000e+00	
monocrop	Wed Nov 05 16:59:48 CET 2025	30/5/1996	30	5	1996	151	1996	7.50140e+00	2.43572e+01	2.70000e+01	8.90000e+01	0.00000e+00	0.00000e+00	0.00000e+00	0.00000e+00	0.00000e+00	0.00000e+00	0.00000e+00	0.00000e+00	4.99084e+00	6.67576e+01	3.01800e+01	1.64823e+01	5.02753e+01	4.11645e+01	-8.87536e+01	3.81009e-01	1.52843e+01	1.04890e+01	-5.32000e+00	1.10000e+00	
monocrop	Wed Nov 05 16:59:48 CET 2025	31/5/1996	31	5	1996	152	1996	6.71132e+00	2.64466e+01	2.40000e+01	9.40000e+01	0.00000e+00	0.00000e+00	0.00000e+00	0.00000e+00	0.00000e+00	0.00000e+00	0.00000e+00	0.00000e+00	5.07762e+00	6.66470e+01	3.01300e+01	1.66880e+01	4.99590e+01	4.12477e+01	-8.95907e+01	3.83500e-01	1.53088e+01	1.11213e+01	-5.36000e+00	1.10000e+00	
monocrop	Wed Nov 05 16:59:48 CET 2025	1/6/1996	1	6	1996	153	1996	9.67412e+00	2.65511e+01	4.90000e+01	9.90000e+01	1.70000e+01	1.70000e+01	0.00000e+00	0.00000e+00	0.00000e+00	0.00000e+00	0.00000e+00	1.70000e+01	3.61409e+00	4.18064e+01	1.89000e+01	2.53125e+01	1.64939e+01	4.13267e+01	-5.33656e+01	3.85881e-01	1.53322e+01	1.53695e+01	-5.39000e+00	9.00000e-01	
monocrop	Wed Nov 05 16:59:48 CET 2025	2/6/1996	2	6	1996	154	1996	1.20444e+01	1.59996e+01	8.40000e+01	9.90000e+01	2.92000e+01	2.92000e+01	0.00000e+00	0.00000e+00	0.00000e+00	0.00000e+00	0.00000e+00	2.92000e+01	1.23001e+00	1.23871e+01	5.60000e+00	1.22632e+01	1.23871e-01	4.14016e+01	-8.55557e+00	3.88149e-01	1.53547e+01	1.46341e+01	-5.42000e+00	7.00000e-01	
monocrop	Wed Nov 05 16:59:48 CET 2025	3/6/1996	3	6	1996	155	1996	1.15506e+01	2.52974e+01	4.70000e+01	9.80000e+01	0.00000e+00	0.00000e+00	0.00000e+00	0.00000e+00	0.00000e+00	0.00000e+00	0.00000e+00	0.00000e+00	3.90541e+00	4.51023e+01	2.03900e+01	2.52958e+01	1.98065e+01	4.14725e+01	-5.80490e+01	3.90304e-01	1.53761e+01	1.53553e+01	-4.96000e+00	1.00000e+00	
monocrop	Wed Nov 05 16:59:48 CET 2025	4/6/1996	4	6	1996	156	1996	9.27908e+00	2.96852e+01	4.60000e+01	9.00000e+01	0.00000e+00	0.00000e+00	0.00000e+00	0.00000e+00	0.00000e+00	0.00000e+00	0.00000e+00	0.00000e+00	4.97026e+00	5.96571e+01	2.69700e+01	2.12352e+01	3.84220e+01	4.15392e+01	-8.17675e+01	3.92346e-01	1.53964e+01	1.53863e+01	-5.02000e+00	9.00000e-01	
monocrop	Wed Nov 05 16:59:48 CET 2025	5/6/1996	5	6	1996	157	1996	1.14518e+01	2.94762e+01	4.00000e+01	8.40000e+01	0.00000e+00	0.00000e+00	0.00000e+00	0.00000e+00	0.00000e+00	0.00000e+00	0.00000e+00	0.00000e+00	5.57253e+00	6.48995e+01	2.93400e+01	1.83772e+01	4.65224e+01	4.16017e+01	-9.05348e+01	3.94273e-01	1.54156e+01	1.49088e+01	-5.07000e+00	1.10000e+00	
monocrop	Wed Nov 05 16:59:48 CET 2025	6/6/1996	6	6	1996	158	1996	1.20444e+01	2.98941e+01	4.30000e+01	9.60000e+01	0.00000e+00	0.00000e+00	0.00000e+00	0.00000e+00	0.00000e+00	0.00000e+00	0.00000e+00	0.00000e+00	5.27834e+00	6.15594e+01	2.78300e+01	2.04111e+01	4.11483e+01	4.16601e+01	-8.57639e+01	3.96086e-01	1.54338e+01	1.72408e+01	-5.12000e+00	8.00000e-01	
monocrop	Wed Nov 05 16:59:48 CET 2025	7/6/1996	7	6	1996	159	1996	1.30320e+01	2.67600e+01	5.10000e+01	9.90000e+01	0.00000e+00	0.00000e+00	0.00000e+00	0.00000e+00	0.00000e+00	0.00000e+00	0.00000e+00	0.00000e+00	5.24138e+00	6.33954e+01	2.86600e+01	1.94517e+01	4.39437e+01	4.17144e+01	-8.66687e+01	3.97782e-01	1.54508e+01	1.74120e+01	-5.16000e+00	1.00000e+00	
monocrop	Wed Nov 05 16:59:48 CET 2025	8/6/1996	8	6	1996	160	1996	1.38220e+01	2.48796e+01	5.80000e+01	9.90000e+01	2.00000e-01	2.00000e-01	0.00000e+00	0.00000e+00	0.00000e+00	0.00000e+00	0.00000e+00	2.00000e-01	4.53615e+00	5.44590e+01	2.46200e+01	2.36164e+01	3.08426e+01	4.17644e+01	-7.21089e+01	3.99362e-01	1.54667e+01	1.76175e+01	-5.21000e+00	1.00000e+00	
monocrop	Wed Nov 05 16:59:48 CET 2025	9/6/1996	9	6	1996	161	1996	1.18468e+01	2.75958e+01	5.30000e+01	9.90000e+01	0.00000e+00	0.00000e+00	0.00000e+00	0.00000e+00	0.00000e+00	0.00000e+00	0.00000e+00	0.00000e+00	5.14269e+00	6.31300e+01	2.85400e+01	1.97351e+01	4.33949e+01	4.18103e+01	-8.61050e+01	4.00825e-01	1.54814e+01	1.74540e+01	-5.25000e+00	8.00000e-01	
monocrop	Wed Nov 05 16:59:48 CET 2025	10/6/1996	10	6	1996	162	1996	1.11555e+01	2.94762e+01	4.80000e+01	9.90000e+01	0.00000e+00	0.00000e+00	0.00000e+00	0.00000e+00	0.00000e+00	0.00000e+00	0.00000e+00	0.00000e+00	5.32795e+00	6.41696e+01	2.90100e+01	1.91800e+01	4.49896e+01	4.18519e+01	-8.86447e+01	4.02171e-01	1.54950e+01	1.75132e+01	-5.29000e+00	8.00000e-01	
monocrop	Wed Nov 05 16:59:48 CET 2025	11/6/1996	11	6	1996	163	1996	1.22419e+01	3.24014e+01	4.20000e+01	9.80000e+01	0.00000e+00	0.00000e+00	0.00000e+00	0.00000e+00	0.00000e+00	0.00000e+00	0.00000e+00	0.00000e+00	5.28249e+00	5.83963e+01	2.64000e+01	2.22314e+01	3.61649e+01	4.18894e+01	-8.20533e+01	4.03399e-01	1.55075e+01	1.88628e+01	-5.33000e+00	8.00000e-01	
monocrop	Wed Nov 05 16:59:48 CET 2025	12/6/1996	12	6	1996	164	1996	1.61923e+01	3.61623e+01	3.20000e+01	8.70000e+01	0.00000e+00	0.00000e+00	0.00000e+00	0.00000e+00	0.00000e+00	0.00000e+00	0.00000e+00	0.00000e+00	5.94883e+00	5.89493e+01	2.66500e+01	2.20233e+01	3.69260e+01	4.19226e+01	-8.71470e+01	4.04508e-01	1.55187e+01	2.02050e+01	-5.36000e+00	7.00000e-01	
monocrop	Wed Nov 05 16:59:48 CET 2025	13/6/1996	13	6	1996	165	1996	1.41183e+01	3.24014e+01	3.70000e+01	8.50000e+01	0.00000e+00	0.00000e+00	0.00000e+00	0.00000e+00	0.00000e+00	0.00000e+00	0.00000e+00	0.00000e+00	6.18666e+00	6.54968e+01	2.96100e+01	1.84991e+01	4.69976e+01	4.19516e+01	-9.40660e+01	4.05498e-01	1.55288e+01	1.74000e+01	-5.40000e+00	1.30000e+00	
monocrop	Wed Nov 05 16:59:48 CET 2025	14/6/1996	14	6	1996	166	1996	1.34270e+01	3.04165e+01	3.80000e+01	9.10000e+01	0.00000e+00	0.00000e+00	0.00000e+00	0.00000e+00	0.00000e+00	0.00000e+00	0.00000e+00	0.00000e+00	5.74975e+00	6.33733e+01	2.86500e+01	1.98178e+01	4.35554e+01	4.19764e+01	-8.88254e+01	4.06370e-01	1.55376e+01	1.69621e+01	-5.43000e+00	1.20000e+00	
monocrop	Wed Nov 05 16:59:48 CET 2025	15/6/1996	15	6	1996	167	1996	1.24394e+01	2.96852e+01	4.00000e+01	9.70000e+01	0.00000e+00	0.00000e+00	0.00000e+00	0.00000e+00	0.00000e+00	0.00000e+00	0.00000e+00	0.00000e+00	5.53994e+00	6.24221e+01	2.82200e+01	2.03784e+01	4.20437e+01	4.19970e+01	-8.63219e+01	4.07122e-01	1.55453e+01	1.70902e+01	-5.46000e+00	1.30000e+00	
monocrop	Wed Nov 05 16:59:48 CET 2025	16/6/1996	16	6	1996	168	1996	1.31307e+01	3.03120e+01	3.60000e+01	9.90000e+01	0.00000e+00	0.00000e+00	0.00000e+00	0.00000e+00	0.00000e+00	0.00000e+00	0.00000e+00	0.00000e+00	5.46727e+00	6.16037e+01	2.78500e+01	2.08374e+01	4.07663e+01	4.20133e+01	-8.57587e+01	4.07754e-01	1.55518e+01	1.75351e+01	-5.49000e+00	9.00000e-01	
monocrop	Wed Nov 05 16:59:48 CET 2025	17/6/1996	17	6	1996	169	1996	1.31307e+01	2.63421e+01	5.30000e+01	9.90000e+01	0.00000e+00	0.00000e+00	0.00000e+00	0.00000e+00	0.00000e+00	0.00000e+00	0.00000e+00	0.00000e+00	5.17802e+00	6.19797e+01	2.80200e+01	2.06540e+01	4.13257e+01	4.20254e+01	-8.35394e+01	4.08266e-01	1.55570e+01	1.74704e+01	-5.51000e+00	1.20000e+00	
monocrop	Wed Nov 05 16:59:48 CET 2025	18/6/1996	18	6	1996	170	1996	1.46121e+01	2.60287e+01	6.30000e+01	9.90000e+01	0.00000e+00	0.00000e+00	0.00000e+00	0.00000e+00	0.00000e+00	0.00000e+00	0.00000e+00	0.00000e+00	4.56615e+00	5.35300e+01	2.42000e+01	2.41711e+01	2.93588e+01	4.20332e+01	-7.11330e+01	4.08659e-01	1.55610e+01	1.93057e+01	-5.54000e+00	9.00000e-01	
monocrop	Wed Nov 05 16:59:48 CET 2025	19/6/1996	19	6	1996	171	1996	1.54022e+01	3.14612e+01	2.80000e+01	9.90000e+01	0.00000e+00	0.00000e+00	0.00000e+00	0.00000e+00	0.00000e+00	0.00000e+00	0.00000e+00	0.00000e+00	5.72558e+00	5.92147e+01	2.67700e+01	2.20356e+01	3.71791e+01	4.20368e+01	-8.37106e+01	4.08931e-01	1.55638e+01	1.83021e+01	-5.57000e+00	1.20000e+00	
monocrop	Wed Nov 05 16:59:48 CET 2025	20/6/1996	20	6	1996	172	1996	1.38220e+01	3.16701e+01	3.60000e+01	9.00000e+01	0.00000e+00	0.00000e+00	0.00000e+00	0.00000e+00	0.00000e+00	0.00000e+00	0.00000e+00	0.00000e+00	5.77267e+00	5.96571e+01	2.69700e+01	2.18305e+01	3.78266e+01	4.20362e+01	-8.38820e+01	4.09083e-01	1.55653e+01	1.74201e+01	-5.59000e+00	1.50000e+00	
monocrop	Wed Nov 05 16:59:48 CET 2025	21/6/1996	21	6	1996	173	1996	1.69824e+01	2.63421e+01	4.90000e+01	9.70000e+01	1.02000e+01	1.02000e+01	0.00000e+00	0.00000e+00	0.00000e+00	0.00000e+00	0.00000e+00	1.02000e+01	4.36943e+00	4.11429e+01	1.86000e+01	2.57026e+01	1.54403e+01	4.20314e+01	-5.31075e+01	4.09114e-01	1.55656e+01	1.88954e+01	-5.61000e+00	2.20000e+00	
monocrop	Wed Nov 05 16:59:48 CET 2025	22/6/1996	22	6	1996	174	1996	1.44146e+01	2.33125e+01	2.70000e+01	6.70000e+01	0.00000e+00	0.00000e+00	0.00000e+00	0.00000e+00	0.00000e+00	0.00000e+00	0.00000e+00	0.00000e+00	5.61549e+00	6.07631e+01	2.74700e+01	2.12786e+01	3.94845e+01	4.20223e+01	-8.02175e+01	4.09026e-01	1.55647e+01	1.02322e+01	-5.64000e+00	1.80000e+00	
monocrop	Wed Nov 05 16:59:48 CET 2025	23/6/1996	23	6	1996	175	1996	6.61256e+00	2.39393e+01	3.50000e+01	7.30000e+01	0.00000e+00	0.00000e+00	0.00000e+00	0.00000e+00	0.00000e+00	0.00000e+00	0.00000e+00	0.00000e+00	4.58766e+00	5.62065e+01	2.54100e+01	2.32509e+01	3.29556e+01	4.20090e+01	-7.09493e+01	4.08817e-01	1.55626e+01	9.36507e+00	-5.66000e+00	1.40000e+00	
monocrop	Wed Nov 05 16:59:48 CET 2025	24/6/1996	24	6	1996	176	1996	9.37784e+00	2.45662e+01	3.00000e+01	5.80000e+01	0.00000e+00	0.00000e+00	0.00000e+00	0.00000e+00	0.00000e+00	0.00000e+00	0.00000e+00	0.00000e+00	4.64284e+00	5.31539e+01	2.40300e+01	2.42416e+01	2.89123e+01	4.19916e+01	-6.79438e+01	4.08488e-01	1.55593e+01	8.50354e+00	-5.68000e+00	1.10000e+00	
monocrop	Wed Nov 05 16:59:48 CET 2025	25/6/1996	25	6	1996	177	1996	8.78528e+00	2.47751e+01	3.60000e+01	6.60000e+01	0.00000e+00	0.00000e+00	0.00000e+00	0.00000e+00	0.00000e+00	0.00000e+00	0.00000e+00	0.00000e+00	4.40818e+00	5.24903e+01	2.37300e+01	2.44066e+01	2.80837e+01	4.19699e+01	-6.69282e+01	4.08040e-01	1.55547e+01	9.73710e+00	-5.70000e+00	9.00000e-01	
monocrop	Wed Nov 05 16:59:48 CET 2025	26/6/1996	26	6	1996	178	1996	1.21431e+01	2.65511e+01	3.10000e+01	5.70000e+01	0.00000e+00	0.00000e+00	0.00000e+00	0.00000e+00	0.00000e+00	0.00000e+00	0.00000e+00	0.00000e+00	4.86007e+00	5.17382e+01	2.33900e+01	2.45786e+01	2.71596e+01	4.19440e+01	-6.80137e+01	4.07472e-01	1.55489e+01	9.87251e+00	-5.72000e+00	1.10000e+00	
monocrop	Wed Nov 05 16:59:48 CET 2025	27/6/1996	27	6	1996	179	1996	1.03654e+01	3.01031e+01	3.00000e+01	7.20000e+01	0.00000e+00	0.00000e+00	0.00000e+00	0.00000e+00	0.00000e+00	0.00000e+00	0.00000e+00	0.00000e+00	5.48908e+00	6.22894e+01	2.81600e+01	2.03432e+01	4.19462e+01	4.19140e+01	-8.56852e+01	4.06784e-01	1.55419e+01	1.20908e+01	-5.73000e+00	1.10000e+00	
monocrop	Wed Nov 05 16:59:48 CET 2025	28/6/1996	28	6	1996	180	1996	1.02667e+01	2.81181e+01	3.70000e+01	8.50000e+01	0.00000e+00	0.00000e+00	0.00000e+00	0.00000e+00	0.00000e+00	0.00000e+00	0.00000e+00	0.00000e+00	5.46133e+00	6.39705e+01	2.89200e+01	1.93374e+01	4.46331e+01	4.18797e+01	-8.68728e+01	4.05978e-01	1.55337e+01	1.35556e+01	-5.75000e+00	1.40000e+00	
monocrop	Wed Nov 05 16:59:48 CET 2025	29/6/1996	29	6	1996	181	1996	1.22419e+01	2.99986e+01	3.40000e+01	9.90000e+01	0.00000e+00	0.00000e+00	0.00000e+00	0.00000e+00	0.00000e+00	0.00000e+00	0.00000e+00	0.00000e+00	6.29137e+00	6.66028e+01	3.01100e+01	1.76158e+01	4.89870e+01	4.18414e+01	-9.33319e+01	4.05053e-01	1.55243e+01	1.66504e+01	-5.77000e+00	2.60000e+00	
monocrop	Wed Nov 05 16:59:48 CET 2025	30/6/1996	30	6	1996	182	1996	1.21431e+01	3.09388e+01	3.40000e+01	7.20000e+01	0.00000e+00	0.00000e+00	0.00000e+00	0.00000e+00	0.00000e+00	0.00000e+00	0.00000e+00	0.00000e+00	6.39334e+00	6.70452e+01	3.03100e+01	1.72520e+01	4.97932e+01	4.17989e+01	-9.48158e+01	4.04009e-01	1.55137e+01	1.36171e+01	-5.79000e+00	2.00000e+00	
monocrop	Wed Nov 05 16:59:48 CET 2025	1/7/1996	1	7	1996	183	1996	1.16493e+01	2.97896e+01	2.70000e+01	8.30000e+01	8.00000e-01	8.00000e-01	0.00000e+00	0.00000e+00	0.00000e+00	0.00000e+00	0.00000e+00	8.00000e-01	6.12867e+00	6.07853e+01	2.74800e+01	2.09333e+01	3.98519e+01	4.17523e+01	-8.40822e+01	4.02848e-01	1.55019e+01	1.34356e+01	-5.80000e+00	2.60000e+00	
monocrop	Wed Nov 05 16:59:48 CET 2025	2/7/1996	2	7	1996	184	1996	1.25382e+01	2.42527e+01	4.40000e+01	9.70000e+01	1.08000e+01	1.08000e+01	0.00000e+00	0.00000e+00	0.00000e+00	0.00000e+00	0.00000e+00	1.08000e+01	3.24358e+00	3.16313e+01	1.43000e+01	2.38568e+01	7.77457e+00	4.17015e+01	-3.74105e+01	4.01569e-01	1.54890e+01	1.49050e+01	-5.82000e+00	1.40000e+00	
monocrop	Wed Nov 05 16:59:48 CET 2025	3/7/1996	3	7	1996	185	1996	8.58776e+00	2.82226e+01	3.60000e+01	9.40000e+01	1.60000e+00	1.60000e+00	0.00000e+00	0.00000e+00	0.00000e+00	0.00000e+00	0.00000e+00	1.60000e+00	5.44232e+00	6.74212e+01	3.04800e+01	1.67588e+01	5.06624e+01	4.16467e+01	-9.19619e+01	4.00174e-01	1.54749e+01	1.37506e+01	-5.83000e+00	1.30000e+00	
monocrop	Wed Nov 05 16:59:48 CET 2025	4/7/1996	4	7	1996	186	1996	1.32295e+01	2.59243e+01	6.80000e+01	9.60000e+01	1.30000e+01	1.30000e+01	0.00000e+00	0.00000e+00	0.00000e+00	0.00000e+00	0.00000e+00	1.30000e+01	2.79383e+00	2.90876e+01	1.31500e+01	2.29484e+01	6.13916e+00	4.15878e+01	-3.42936e+01	3.98662e-01	1.54596e+01	1.86637e+01	-5.85000e+00	9.00000e-01	
monocrop	Wed Nov 05 16:59:48 CET 2025	5/7/1996	5	7	1996	187	1996	1.67848e+01	2.32080e+01	8.00000e+01	9.90000e+01	3.00000e+00	3.00000e+00	0.00000e+00	0.00000e+00	0.00000e+00	0.00000e+00	0.00000e+00	3.00000e+00	1.84633e+00	1.68995e+01	7.64000e+00	1.62374e+01	6.62155e-01	4.15249e+01	-1.57543e+01	3.97035e-01	1.54433e+01	2.09081e+01	-5.86000e+00	1.30000e+00	
monocrop	Wed Nov 05 16:59:48 CET 2025	6/7/1996	6	7	1996	188	1996	1.25382e+01	2.67600e+01	3.60000e+01	9.20000e+01	0.00000e+00	0.00000e+00	0.00000e+00	0.00000e+00	0.00000e+00	0.00000e+00	0.00000e+00	0.00000e+00	4.81687e+00	5.20037e+01	2.35100e+01	2.40670e+01	2.79367e+01	4.14579e+01	-6.96155e+01	3.95293e-01	1.54258e+01	1.46323e+01	-5.87000e+00	1.60000e+00	
monocrop	Wed Nov 05 16:59:48 CET 2025	7/7/1996	7	7	1996	189	1996	1.13530e+01	2.14321e+01	6.70000e+01	9.90000e+01	2.00000e+01	2.00000e+01	0.00000e+00	0.00000e+00	0.00000e+00	0.00000e+00	0.00000e+00	2.00000e+01	1.93761e+00	1.63023e+01	7.37000e+00	1.57888e+01	5.13491e-01	4.13870e+01	-1.44564e+01	3.93437e-01	1.54073e+01	1.54606e+01	-5.89000e+00	2.00000e+00	
monocrop	Wed Nov 05 16:59:48 CET 2025	8/7/1996	8	7	1996	190	1996	1.39208e+01	2.40438e+01	3.10000e+01	6.50000e+01	0.00000e+00	0.00000e+00	0.00000e+00	0.00000e+00	0.00000e+00	0.00000e+00	0.00000e+00	0.00000e+00	6.39877e+00	6.08516e+01	2.75100e+01	2.03439e+01	4.05077e+01	4.13120e+01	-8.22136e+01	3.91467e-01	1.53876e+01	1.05278e+01	-5.90000e+00	3.40000e+00	
monocrop	Wed Nov 05 16:59:48 CET 2025	9/7/1996	9	7	1996	191	1996	1.10568e+01	2.72824e+01	2.80000e+01	7.30000e+01	0.00000e+00	0.00000e+00	0.00000e+00	0.00000e+00	0.00000e+00	0.00000e+00	0.00000e+00	0.00000e+00	6.01576e+00	6.74654e+01	3.05000e+01	1.60834e+01	5.13821e+01	4.12331e+01	-9.35497e+01	3.89385e-01	1.53669e+01	1.12063e+01	-5.91000e+00	2.00000e+00	
monocrop	Wed Nov 05 16:59:48 CET 2025	10/7/1996	10	7	1996	192	1996	9.67412e+00	2.92673e+01	3.40000e+01	8.00000e+01	0.00000e+00	0.00000e+00	0.00000e+00	0.00000e+00	0.00000e+00	0.00000e+00	0.00000e+00	0.00000e+00	5.16913e+00	5.81309e+01	2.62800e+01	2.14953e+01	3.66356e+01	4.11503e+01	-8.01648e+01	3.87190e-01	1.53452e+01	1.28882e+01	-5.92000e+00	1.40000e+00	
monocrop	Wed Nov 05 16:59:48 CET 2025	11/7/1996	11	7	1996	193	1996	1.43158e+01	2.97896e+01	3.80000e+01	7.20000e+01	0.00000e+00	0.00000e+00	0.00000e+00	0.00000e+00	0.00000e+00	0.00000e+00	0.00000e+00	0.00000e+00	5.83138e+00	6.40147e+01	2.89400e+01	1.81680e+01	4.58468e+01	4.10635e+01	-9.20691e+01	3.84885e-01	1.53224e+01	1.45799e+01	-5.94000e+00	1.20000e+00	
monocrop	Wed Nov 05 16:59:48 CET 2025	12/7/1996	12	7	1996	194	1996	1.04642e+01	3.16701e+01	3.10000e+01	7.80000e+01	0.00000e+00	0.00000e+00	0.00000e+00	0.00000e+00	0.00000e+00	0.00000e+00	0.00000e+00	0.00000e+00	5.48091e+00	6.39705e+01	2.89200e+01	1.80664e+01	4.59042e+01	4.09729e+01	-9.18560e+01	3.82470e-01	1.52986e+01	1.36014e+01	-5.95000e+00	8.00000e-01	
monocrop	Wed Nov 05 16:59:48 CET 2025	13/7/1996	13	7	1996	195	1996	1.40196e+01	2.94762e+01	4.20000e+01	8.80000e+01	0.00000e+00	0.00000e+00	0.00000e+00	0.00000e+00	0.00000e+00	0.00000e+00	0.00000e+00	0.00000e+00	5.19532e+00	5.75115e+01	2.60000e+01	2.14608e+01	3.60507e+01	4.08784e+01	-8.17437e+01	3.79945e-01	1.52739e+01	1.69130e+01	-5.96000e+00	1.00000e+00	
monocrop	Wed Nov 05 16:59:48 CET 2025	14/7/1996	14	7	1996	196	1996	1.29332e+01	3.22969e+01	3.70000e+01	9.20000e+01	0.00000e+00	0.00000e+00	0.00000e+00	0.00000e+00	0.00000e+00	0.00000e+00	0.00000e+00	0.00000e+00	4.76780e+00	5.03005e+01	2.27400e+01	2.38971e+01	2.64034e+01	4.07800e+01	-7.16309e+01	3.77313e-01	1.52481e+01	1.76936e+01	-5.97000e+00	8.00000e-01	
monocrop	Wed Nov 05 16:59:48 CET 2025	15/7/1996	15	7	1996	197	1996	1.57972e+01	3.37595e+01	3.80000e+01	9.30000e+01	0.00000e+00	0.00000e+00	0.00000e+00	0.00000e+00	0.00000e+00	0.00000e+00	0.00000e+00	0.00000e+00	5.41226e+00	5.47465e+01	2.47500e+01	2.23930e+01	3.23536e+01	4.06779e+01	-8.12507e+01	3.74573e-01	1.52215e+01	2.04684e+01	-5.98000e+00	9.00000e-01	
monocrop	Wed Nov 05 16:59:48 CET 2025	16/7/1996	16	7	1996	198	1996	1.71799e+01	3.50131e+01	3.60000e+01	9.20000e+01	0.00000e+00	0.00000e+00	0.00000e+00	0.00000e+00	0.00000e+00	0.00000e+00	0.00000e+00	0.00000e+00	6.04220e+00	5.97677e+01	2.70200e+01	1.99762e+01	3.97916e+01	4.05720e+01	-9.15558e+01	3.71727e-01	1.51938e+01	2.16296e+01	-5.99000e+00	1.00000e+00	
monocrop	Wed Nov 05 16:59:48 CET 2025	17/7/1996	17	7	1996	199	1996	1.67848e+01	3.28193e+01	4.30000e+01	9.30000e+01	0.00000e+00	0.00000e+00	0.00000e+00	0.00000e+00	0.00000e+00	0.00000e+00	0.00000e+00	0.00000e+00	5.13278e+00	5.18046e+01	2.34200e+01	2.31850e+01	2.86196e+01	4.04623e+01	-7.65561e+01	3.68775e-01	1.51653e+01	2.12798e+01	-6.00000e+00	8.00000e-01	
monocrop	Wed Nov 05 16:59:48 CET 2025	18/7/1996	18	7	1996	200	1996	1.66861e+01	3.32372e+01	3.70000e+01	9.30000e+01	0.00000e+00	0.00000e+00	0.00000e+00	0.00000e+00	0.00000e+00	0.00000e+00	0.00000e+00	0.00000e+00	5.76977e+00	5.94802e+01	2.68900e+01	1.98446e+01	3.96356e+01	4.03490e+01	-9.01011e+01	3.65720e-01	1.51359e+01	2.05356e+01	-6.01000e+00	9.00000e-01	
monocrop	Wed Nov 05 16:59:48 CET 2025	19/7/1996	19	7	1996	201	1996	1.47109e+01	3.49087e+01	1.90000e+01	7.80000e+01	0.00000e+00	0.00000e+00	0.00000e+00	0.00000e+00	0.00000e+00	0.00000e+00	0.00000e+00	0.00000e+00	6.00764e+00	6.39705e+01	2.89200e+01	1.69853e+01	4.69852e+01	4.02319e+01	-9.84524e+01	3.62562e-01	1.51057e+01	1.51845e+01	-6.02000e+00	8.00000e-01	
monocrop	Wed Nov 05 16:59:48 CET 2025	20/7/1996	20	7	1996	202	1996	1.09580e+01	3.31327e+01	1.90000e+01	6.60000e+01	0.00000e+00	0.00000e+00	0.00000e+00	0.00000e+00	0.00000e+00	0.00000e+00	0.00000e+00	0.00000e+00	5.54281e+00	6.35060e+01	2.87100e+01	1.71156e+01	4.63904e+01	4.01112e+01	-9.47630e+01	3.59302e-01	1.50745e+01	1.12612e+01	-6.03000e+00	8.00000e-01	
monocrop	Wed Nov 05 16:59:48 CET 2025	21/7/1996	21	7	1996	203	1996	1.26369e+01	3.08344e+01	4.50000e+01	9.50000e+01	0.00000e+00	0.00000e+00	0.00000e+00	0.00000e+00	0.00000e+00	0.00000e+00	0.00000e+00	0.00000e+00	5.48313e+00	6.24000e+01	2.82100e+01	1.76514e+01	4.47486e+01	3.99869e+01	-9.22740e+01	3.55941e-01	1.50426e+01	1.82004e+01	-6.04000e+00	1.20000e+00	
monocrop	Wed Nov 05 16:59:48 CET 2025	22/7/1996	22	7	1996	204	1996	1.34270e+01	2.80137e+01	3.20000e+01	9.70000e+01	0.00000e+00	0.00000e+00	0.00000e+00	0.00000e+00	0.00000e+00	0.00000e+00	0.00000e+00	0.00000e+00	5.20262e+00	6.03871e+01	2.73000e+01	1.86965e+01	4.16906e+01	3.98590e+01	-8.75604e+01	3.52481e-01	1.50099e+01	1.57572e+01	-6.04000e+00	1.10000e+00	
monocrop	Wed Nov 05 16:59:48 CET 2025	23/7/1996	23	7	1996	205	1996	1.50072e+01	2.64466e+01	5.40000e+01	9.00000e+01	0.00000e+00	0.00000e+00	0.00000e+00	0.00000e+00	0.00000e+00	0.00000e+00	0.00000e+00	0.00000e+00	4.42812e+00	4.87078e+01	2.20200e+01	2.33525e+01	2.53553e+01	3.97275e+01	-6.85684e+01	3.48923e-01	1.49763e+01	1.75965e+01	-6.05000e+00	1.30000e+00	
monocrop	Wed Nov 05 16:59:48 CET 2025	24/7/1996	24	7	1996	206	1996	2.03402e+01	2.94762e+01	5.50000e+01	9.70000e+01	0.00000e+00	0.00000e+00	0.00000e+00	0.00000e+00	0.00000e+00	0.00000e+00	0.00000e+00	0.00000e+00	5.41178e+00	5.45032e+01	2.46400e+01	2.13085e+01	3.31948e+01	3.95925e+01	-8.23909e+01	3.45268e-01	1.49421e+01	2.39345e+01	-6.06000e+00	1.40000e+00	
monocrop	Wed Nov 05 16:59:48 CET 2025	25/7/1996	25	7	1996	207	1996	1.80687e+01	3.25059e+01	3.60000e+01	9.50000e+01	0.00000e+00	0.00000e+00	0.00000e+00	0.00000e+00	0.00000e+00	0.00000e+00	0.00000e+00	0.00000e+00	4.89033e+00	4.67834e+01	2.11500e+01	2.35373e+01	2.32461e+01	3.94540e+01	-7.03997e+01	3.41517e-01	1.49070e+01	2.10990e+01	-6.07000e+00	1.00000e+00	
monocrop	Wed Nov 05 16:59:48 CET 2025	26/7/1996	26	7	1996	208	1996	1.65873e+01	3.44908e+01	3.00000e+01	8.70000e+01	0.00000e+00	0.00000e+00	0.00000e+00	0.00000e+00	0.00000e+00	0.00000e+00	0.00000e+00	0.00000e+00	5.68189e+00	5.39281e+01	2.43800e+01	2.12360e+01	3.26921e+01	3.93120e+01	-8.39600e+01	3.37671e-01	1.48713e+01	1.91283e+01	-6.08000e+00	1.40000e+00	
monocrop	Wed Nov 05 16:59:48 CET 2025	27/7/1996	27	7	1996	209	1996	1.67848e+01	2.91628e+01	4.90000e+01	9.00000e+01	4.00000e+00	4.00000e+00	0.00000e+00	0.00000e+00	0.00000e+00	0.00000e+00	0.00000e+00	4.00000e+00	3.48717e+00	3.07687e+01	1.39100e+01	2.27167e+01	8.05196e+00	3.91667e+01	-4.15180e+01	3.33733e-01	1.48349e+01	1.94845e+01	-6.09000e+00	1.20000e+00	
monocrop	Wed Nov 05 16:59:48 CET 2025	28/7/1996	28	7	1996	210	1996	1.73774e+01	3.33416e+01	3.50000e+01	9.80000e+01	0.00000e+00	0.00000e+00	0.00000e+00	0.00000e+00	0.00000e+00	0.00000e+00	0.00000e+00	0.00000e+00	4.51149e+00	4.03023e+01	1.82200e+01	2.38971e+01	1.64052e+01	3.90179e+01	-6.01040e+01	3.29703e-01	1.47978e+01	2.15133e+01	-6.09000e+00	1.30000e+00	
monocrop	Wed Nov 05 16:59:48 CET 2025	29/7/1996	29	7	1996	211	1996	1.55997e+01	3.27148e+01	3.70000e+01	8.00000e+01	0.00000e+00	0.00000e+00	0.00000e+00	0.00000e+00	0.00000e+00	0.00000e+00	0.00000e+00	0.00000e+00	6.04288e+00	5.81530e+01	2.62900e+01	1.86462e+01	3.95068e+01	3.88658e+01	-9.08473e+01	3.25582e-01	1.47600e+01	1.76136e+01	-6.10000e+00	2.10000e+00	
monocrop	Wed Nov 05 16:59:48 CET 2025	30/7/1996	30	7	1996	212	1996	1.93526e+01	3.11478e+01	3.20000e+01	6.60000e+01	0.00000e+00	0.00000e+00	0.00000e+00	0.00000e+00	0.00000e+00	0.00000e+00	0.00000e+00	0.00000e+00	7.06154e+00	6.19355e+01	2.80000e+01	1.60836e+01	4.58519e+01	3.87104e+01	-9.84638e+01	3.21372e-01	1.47216e+01	1.57492e+01	-6.11000e+00	2.90000e+00	
monocrop	Wed Nov 05 16:59:48 CET 2025	31/7/1996	31	7	1996	213	1996	1.54022e+01	3.44908e+01	2.90000e+01	7.70000e+01	0.00000e+00	0.00000e+00	0.00000e+00	0.00000e+00	0.00000e+00	0.00000e+00	0.00000e+00	0.00000e+00	5.90024e+00	6.03429e+01	2.72800e+01	1.69015e+01	4.34414e+01	3.85517e+01	-9.68981e+01	3.17075e-01	1.46826e+01	1.67293e+01	-6.11000e+00	1.20000e+00	
monocrop	Wed Nov 05 16:59:48 CET 2025	1/8/1996	1	8	1996	214	1996	1.46121e+01	3.21925e+01	4.60000e+01	8.70000e+01	0.00000e+00	0.00000e+00	0.00000e+00	0.00000e+00	0.00000e+00	0.00000e+00	0.00000e+00	0.00000e+00	5.43089e+00	5.95687e+01	2.69300e+01	1.71595e+01	4.24092e+01	3.83897e+01	-9.37889e+01	3.12691e-01	1.46430e+01	1.91328e+01	-6.12000e+00	1.00000e+00	
monocrop	Wed Nov 05 16:59:48 CET 2025	2/8/1996	2	8	1996	215	1996	1.65873e+01	3.09388e+01	6.30000e+01	9.60000e+01	2.00000e+00	2.00000e+00	0.00000e+00	0.00000e+00	0.00000e+00	0.00000e+00	0.00000e+00	2.00000e+00	4.26779e+00	4.47263e+01	2.02200e+01	2.29144e+01	2.18118e+01	3.82245e+01	-6.80074e+01	3.08222e-01	1.46029e+01	2.33759e+01	-6.13000e+00	9.00000e-01	
monocrop	Wed Nov 05 16:59:48 CET 2025	3/8/1996	3	8	1996	216	1996	1.53034e+01	3.25059e+01	3.50000e+01	9.00000e+01	0.00000e+00	0.00000e+00	0.00000e+00	0.00000e+00	0.00000e+00	0.00000e+00	0.00000e+00	0.00000e+00	5.15595e+00	5.60516e+01	2.53400e+01	1.87428e+01	3.73088e+01	3.80562e+01	-8.90297e+01	3.03669e-01	1.45621e+01	1.85345e+01	-6.13000e+00	7.00000e-01	
monocrop	Wed Nov 05 16:59:48 CET 2025	4/8/1996	4	8	1996	217	1996	1.13530e+01	3.17746e+01	2.00000e+01	8.90000e+01	1.40000e+01	1.40000e+01	0.00000e+00	0.00000e+00	0.00000e+00	0.00000e+00	0.00000e+00	1.40000e+01	5.29184e+00	5.99889e+01	2.71200e+01	1.61602e+01	4.38287e+01	3.78847e+01	-9.41114e+01	2.99035e-01	1.45209e+01	1.40221e+01	-6.14000e+00	1.20000e+00	
monocrop	Wed Nov 05 16:59:48 CET 2025	5/8/1996	5	8	1996	218	1996	1.54022e+01	2.66556e+01	6.90000e+01	9.90000e+01	0.00000e+00	0.00000e+00	0.00000e+00	0.00000e+00	0.00000e+00	0.00000e+00	0.00000e+00	0.00000e+00	3.46772e+00	3.88866e+01	1.75800e+01	2.30970e+01	1.57897e+01	3.77101e+01	-5.63241e+01	2.94320e-01	1.44791e+01	2.09144e+01	-6.15000e+00	1.10000e+00	
monocrop	Wed Nov 05 16:59:48 CET 2025	6/8/1996	6	8	1996	219	1996	1.81675e+01	2.71779e+01	7.00000e+01	9.20000e+01	2.00000e+00	2.00000e+00	0.00000e+00	0.00000e+00	0.00000e+00	0.00000e+00	0.00000e+00	2.00000e+00	3.71970e+00	3.94396e+01	1.78300e+01	2.29708e+01	1.64689e+01	3.75325e+01	-5.86157e+01	2.89525e-01	1.44368e+01	2.22977e+01	-6.15000e+00	1.00000e+00	
monocrop	Wed Nov 05 16:59:48 CET 2025	7/8/1996	7	8	1996	220	1996	1.84638e+01	3.06254e+01	6.20000e+01	9.50000e+01	0.00000e+00	0.00000e+00	0.00000e+00	0.00000e+00	0.00000e+00	0.00000e+00	0.00000e+00	0.00000e+00	3.69117e+00	3.59668e+01	1.62600e+01	2.28060e+01	1.31608e+01	3.73519e+01	-5.44131e+01	2.84653e-01	1.43941e+01	2.41904e+01	-6.16000e+00	9.00000e-01	
monocrop	Wed Nov 05 16:59:48 CET 2025	8/8/1996	8	8	1996	221	1996	1.70811e+01	3.01031e+01	6.10000e+01	9.20000e+01	0.00000e+00	0.00000e+00	0.00000e+00	0.00000e+00	0.00000e+00	0.00000e+00	0.00000e+00	0.00000e+00	3.98425e+00	4.14968e+01	1.87600e+01	2.25679e+01	1.89288e+01	3.71682e+01	-6.41460e+01	2.79704e-01	1.43508e+01	2.22633e+01	-6.17000e+00	8.00000e-01	
monocrop	Wed Nov 05 16:59:48 CET 2025	9/8/1996	9	8	1996	222	1996	1.54022e+01	3.09388e+01	5.30000e+01	9.30000e+01	0.00000e+00	0.00000e+00	0.00000e+00	0.00000e+00	0.00000e+00	0.00000e+00	0.00000e+00	0.00000e+00	5.08047e+00	5.73124e+01	2.59100e+01	1.65746e+01	4.07379e+01	3.69817e+01	-9.31404e+01	2.74681e-01	1.43072e+01	2.07108e+01	-6.17000e+00	9.00000e-01	
monocrop	Wed Nov 05 16:59:48 CET 2025	10/8/1996	10	8	1996	223	1996	1.63898e+01	2.83271e+01	7.30000e+01	9.50000e+01	5.00000e+00	5.00000e+00	0.00000e+00	0.00000e+00	0.00000e+00	0.00000e+00	0.00000e+00	5.00000e+00	3.31375e+00	3.48608e+01	1.57600e+01	2.24205e+01	1.24403e+01	3.67922e+01	-5.18884e+01	2.69584e-01	1.42631e+01	2.26861e+01	-6.18000e+00	1.20000e+00	
monocrop	Wed Nov 05 16:59:48 CET 2025	11/8/1996	11	8	1996	224	1996	1.59948e+01	2.62377e+01	6.10000e+01	9.50000e+01	2.00000e+00	2.00000e+00	0.00000e+00	0.00000e+00	0.00000e+00	0.00000e+00	0.00000e+00	2.00000e+00	2.87122e+00	2.70525e+01	1.22300e+01	2.07114e+01	6.34113e+00	3.65998e+01	-3.74750e+01	2.64416e-01	1.42186e+01	1.95250e+01	-6.18000e+00	1.50000e+00	
monocrop	Wed Nov 05 16:59:48 CET 2025	12/8/1996	12	8	1996	225	1996	1.47109e+01	2.61332e+01	4.00000e+01	7.80000e+01	0.00000e+00	0.00000e+00	0.00000e+00	0.00000e+00	0.00000e+00	0.00000e+00	0.00000e+00	0.00000e+00	5.06146e+00	5.30654e+01	2.39900e+01	1.82187e+01	3.48468e+01	3.64047e+01	-8.32466e+01	2.59177e-01	1.41737e+01	1.41507e+01	-6.19000e+00	2.30000e+00	
monocrop	Wed Nov 05 16:59:48 CET 2025	13/8/1996	13	8	1996	226	1996	1.30320e+01	2.82226e+01	3.70000e+01	8.80000e+01	0.00000e+00	0.00000e+00	0.00000e+00	0.00000e+00	0.00000e+00	0.00000e+00	0.00000e+00	0.00000e+00	4.75018e+00	5.82415e+01	2.63300e+01	1.48297e+01	4.34118e+01	3.62068e+01	-9.38256e+01	2.53869e-01	1.41284e+01	1.51812e+01	-6.19000e+00	9.00000e-01	
monocrop	Wed Nov 05 16:59:48 CET 2025	14/8/1996	14	8	1996	227	1996	1.11555e+01	2.98941e+01	4.50000e+01	8.50000e+01	0.00000e+00	0.00000e+00	0.00000e+00	0.00000e+00	0.00000e+00	0.00000e+00	0.00000e+00	0.00000e+00	4.19787e+00	4.99244e+01	2.25700e+01	1.92264e+01	3.06980e+01	3.60061e+01	-7.98765e+01	2.48494e-01	1.40827e+01	1.56890e+01	-6.20000e+00	8.00000e-01	
monocrop	Wed Nov 05 16:59:48 CET 2025	15/8/1996	15	8	1996	228	1996	1.23406e+01	3.12522e+01	4.30000e+01	8.20000e+01	0.00000e+00	0.00000e+00	0.00000e+00	0.00000e+00	0.00000e+00	0.00000e+00	0.00000e+00	0.00000e+00	4.59650e+00	5.44811e+01	2.46300e+01	1.66540e+01	3.78272e+01	3.58027e+01	-9.02339e+01	2.43053e-01	1.40367e+01	1.63109e+01	-6.20000e+00	7.00000e-01	
monocrop	Wed Nov 05 16:59:48 CET 2025	16/8/1996	16	8	1996	229	1996	1.06617e+01	3.27148e+01	3.50000e+01	8.80000e+01	0.00000e+00	0.00000e+00	0.00000e+00	0.00000e+00	0.00000e+00	0.00000e+00	0.00000e+00	0.00000e+00	4.80729e+00	5.64940e+01	2.55400e+01	1.50994e+01	4.13946e+01	3.55967e+01	-9.49940e+01	2.37547e-01	1.39904e+01	1.59441e+01	-6.21000e+00	1.00000e+00	
monocrop	Wed Nov 05 16:59:48 CET 2025	17/8/1996	17	8	1996	230	1996	1.27357e+01	3.04165e+01	4.50000e+01	8.90000e+01	0.00000e+00	0.00000e+00	0.00000e+00	0.00000e+00	0.00000e+00	0.00000e+00	0.00000e+00	0.00000e+00	4.63477e+00	5.47023e+01	2.47300e+01	1.59474e+01	3.87549e+01	3.53881e+01	-9.13827e+01	2.31979e-01	1.39437e+01	1.72512e+01	-6.21000e+00	1.00000e+00	
monocrop	Wed Nov 05 16:59:48 CET 2025	18/8/1996	18	8	1996	231	1996	1.42171e+01	3.11478e+01	4.40000e+01	9.00000e+01	0.00000e+00	0.00000e+00	0.00000e+00	0.00000e+00	0.00000e+00	0.00000e+00	0.00000e+00	0.00000e+00	4.71315e+00	5.35078e+01	2.41900e+01	1.63752e+01	3.71326e+01	3.51769e+01	-9.09771e+01	2.26349e-01	1.38967e+01	1.84547e+01	-6.22000e+00	1.00000e+00	
monocrop	Wed Nov 05 16:59:48 CET 2025	19/8/1996	19	8	1996	232	1996	1.29332e+01	2.82226e+01	6.00000e+01	9.40000e+01	0.00000e+00	0.00000e+00	0.00000e+00	0.00000e+00	0.00000e+00	0.00000e+00	0.00000e+00	0.00000e+00	4.22248e+00	5.26230e+01	2.37900e+01	1.65995e+01	3.60235e+01	3.49632e+01	-8.71608e+01	2.20660e-01	1.38494e+01	1.86464e+01	-6.22000e+00	9.00000e-01	
monocrop	Wed Nov 05 16:59:48 CET 2025	20/8/1996	20	8	1996	233	1996	1.63898e+01	2.79092e+01	6.20000e+01	9.50000e+01	0.00000e+00	0.00000e+00	0.00000e+00	0.00000e+00	0.00000e+00	0.00000e+00	0.00000e+00	0.00000e+00	3.95873e+00	4.58101e+01	2.07100e+01	1.94772e+01	2.63329e+01	3.47471e+01	-7.61293e+01	2.14913e-01	1.38019e+01	2.09326e+01	-6.23000e+00	8.00000e-01	
monocrop	Wed Nov 05 16:59:48 CET 2025	21/8/1996	21	8	1996	234	1996	1.55010e+01	2.73868e+01	5.80000e+01	9.70000e+01	6.00000e+00	6.00000e+00	0.00000e+00	0.00000e+00	0.00000e+00	0.00000e+00	0.00000e+00	6.00000e+00	2.48196e+00	2.31152e+01	1.04500e+01	1.86437e+01	4.47148e+00	3.45285e+01	-3.32337e+01	2.09109e-01	1.37541e+01	1.97938e+01	-6.23000e+00	1.00000e+00	
monocrop	Wed Nov 05 16:59:48 CET 2025	22/8/1996	22	8	1996	235	1996	1.41183e+01	2.97896e+01	3.30000e+01	9.40000e+01	0.00000e+00	0.00000e+00	0.00000e+00	0.00000e+00	0.00000e+00	0.00000e+00	0.00000e+00	0.00000e+00	4.12154e+00	4.29788e+01	1.94300e+01	1.99313e+01	2.30475e+01	3.43075e+01	-7.22080e+01	2.03249e-01	1.37060e+01	1.67321e+01	-6.24000e+00	1.40000e+00	
monocrop	Wed Nov 05 16:59:48 CET 2025	23/8/1996	23	8	1996	236	1996	1.08592e+01	3.07299e+01	3.40000e+01	9.50000e+01	3.20000e+00	3.20000e+00	0.00000e+00	0.00000e+00	0.00000e+00	0.00000e+00	0.00000e+00	3.20000e+00	4.50937e+00	5.18931e+01	2.34600e+01	1.58386e+01	3.60545e+01	3.40842e+01	-8.93753e+01	1.97336e-01	1.36576e+01	1.58294e+01	-6.24000e+00	1.60000e+00	
monocrop	Wed Nov 05 16:59:48 CET 2025	24/8/1996	24	8	1996	237	1996	1.48096e+01	2.68645e+01	3.90000e+01	9.60000e+01	3.60000e+00	3.60000e+00	0.00000e+00	0.00000e+00	0.00000e+00	0.00000e+00	0.00000e+00	3.60000e+00	3.40749e+00	3.25161e+01	1.47000e+01	2.06671e+01	1.18491e+01	3.38586e+01	-5.17973e+01	1.91371e-01	1.36090e+01	1.66090e+01	-6.25000e+00	1.70000e+00	
monocrop	Wed Nov 05 16:59:48 CET 2025	25/8/1996	25	8	1996	238	1996	1.25382e+01	2.78047e+01	3.20000e+01	7.90000e+01	0.00000e+00	0.00000e+00	0.00000e+00	0.00000e+00	0.00000e+00	0.00000e+00	0.00000e+00	0.00000e+00	4.37353e+00	5.00571e+01	2.26300e+01	1.62804e+01	3.37768e+01	3.36308e+01	-8.56849e+01	1.85356e-01	1.35602e+01	1.31066e+01	-6.25000e+00	1.50000e+00	
monocrop	Wed Nov 05 16:59:48 CET 2025	26/8/1996	26	8	1996	239	1996	1.30320e+01	2.56108e+01	5.00000e+01	8.30000e+01	4.00000e-01	4.00000e-01	0.00000e+00	0.00000e+00	0.00000e+00	0.00000e+00	0.00000e+00	4.00000e-01	2.66444e+00	2.74065e+01	1.23900e+01	1.96714e+01	7.73505e+00	3.34007e+01	-4.20002e+01	1.79291e-01	1.35112e+01	1.48971e+01	-6.26000e+00	7.00000e-01	
monocrop	Wed Nov 05 16:59:48 CET 2025	27/8/1996	27	8	1996	240	1996	1.44146e+01	2.11186e+01	8.10000e+01	9.90000e+01	5.80000e+00	5.80000e+00	0.00000e+00	0.00000e+00	0.00000e+00	0.00000e+00	0.00000e+00	5.80000e+00	1.17926e+00	1.11041e+01	5.02000e+00	1.09931e+01	1.11041e-01	3.31686e+01	-1.10140e+01	1.73180e-01	1.34620e+01	1.82899e+01	-6.26000e+00	4.00000e-01	
monocrop	Wed Nov 05 16:59:48 CET 2025	28/8/1996	28	8	1996	241	1996	1.05630e+01	2.48796e+01	3.20000e+01	8.10000e+01	0.00000e+00	0.00000e+00	0.00000e+00	0.00000e+00	0.00000e+00	0.00000e+00	0.00000e+00	0.00000e+00	4.35287e+00	5.36184e+01	2.42400e+01	1.30393e+01	4.05791e+01	3.29344e+01	-9.14572e+01	1.67022e-01	1.34126e+01	1.14492e+01	-6.26000e+00	2.00000e+00	
monocrop	Wed Nov 05 16:59:48 CET 2025	29/8/1996	29	8	1996	242	1996	8.39024e+00	2.61332e+01	3.40000e+01	7.40000e+01	0.00000e+00	0.00000e+00	0.00000e+00	0.00000e+00	0.00000e+00	0.00000e+00	0.00000e+00	0.00000e+00	3.87652e+00	5.04553e+01	2.28100e+01	1.47898e+01	3.56655e+01	3.26981e+01	-8.62434e+01	1.60820e-01	1.33629e+01	1.06295e+01	-6.27000e+00	1.30000e+00	
monocrop	Wed Nov 05 16:59:48 CET 2025	30/8/1996	30	8	1996	243	1996	9.18032e+00	2.52974e+01	3.50000e+01	7.70000e+01	0.00000e+00	0.00000e+00	0.00000e+00	0.00000e+00	0.00000e+00	0.00000e+00	0.00000e+00	0.00000e+00	3.02189e+00	3.28037e+01	1.48300e+01	1.98812e+01	1.29225e+01	3.24598e+01	-5.29652e+01	1.54575e-01	1.33132e+01	1.10073e+01	-6.27000e+00	1.10000e+00	
monocrop	Wed Nov 05 16:59:48 CET 2025	31/8/1996	31	8	1996	244	1996	1.06617e+01	2.84315e+01	3.20000e+01	5.50000e+01	0.00000e+00	0.00000e+00	0.00000e+00	0.00000e+00	0.00000e+00	0.00000e+00	0.00000e+00	0.00000e+00	4.02339e+00	5.03226e+01	2.27500e+01	1.41951e+01	3.61275e+01	3.22196e+01	-9.01881e+01	1.48289e-01	1.32632e+01	9.88226e+00	-6.28000e+00	1.00000e+00	
monocrop	Wed Nov 05 16:59:48 CET 2025	1/9/1996	1	9	1996	245	1996	1.08592e+01	2.68645e+01	2.90000e+01	5.40000e+01	0.00000e+00	0.00000e+00	0.00000e+00	0.00000e+00	0.00000e+00	0.00000e+00	0.00000e+00	0.00000e+00	3.94359e+00	4.91060e+01	2.22000e+01	1.46087e+01	3.44973e+01	3.19776e+01	-8.73954e+01	1.41964e-01	1.32131e+01	9.03390e+00	-6.28000e+00	1.10000e+00	
monocrop	Wed Nov 05 16:59:48 CET 2025	2/9/1996	2	9	1996	246	1996	7.89644e+00	2.47751e+01	3.50000e+01	7.10000e+01	0.00000e+00	0.00000e+00	0.00000e+00	0.00000e+00	0.00000e+00	0.00000e+00	0.00000e+00	0.00000e+00	3.59787e+00	4.90839e+01	2.21900e+01	1.42818e+01	3.48021e+01	3.17337e+01	-8.53007e+01	1.35600e-01	1.31628e+01	9.83679e+00	-6.28000e+00	1.20000e+00	
monocrop	Wed Nov 05 16:59:48 CET 2025	3/9/1996	3	9	1996	247	1996	8.19272e+00	2.26857e+01	4.50000e+01	9.60000e+01	1.20000e+00	1.20000e+00	0.00000e+00	0.00000e+00	0.00000e+00	0.00000e+00	0.00000e+00	1.20000e+00	2.42733e+00	3.08571e+01	1.39500e+01	1.92569e+01	1.16002e+01	3.14881e+01	-4.97457e+01	1.29200e-01	1.31124e+01	1.23555e+01	-6.29000e+00	9.00000e-01	
monocrop	Wed Nov 05 16:59:48 CET 2025	4/9/1996	4	9	1996	248	1996	7.99520e+00	2.58198e+01	3.80000e+01	9.90000e+01	0.00000e+00	0.00000e+00	0.00000e+00	0.00000e+00	0.00000e+00	0.00000e+00	0.00000e+00	0.00000e+00	3.31266e+00	4.78894e+01	2.16500e+01	1.43234e+01	3.35660e+01	3.12407e+01	-8.53058e+01	1.22765e-01	1.30618e+01	1.31844e+01	-6.29000e+00	9.00000e-01	
monocrop	Wed Nov 05 16:59:48 CET 2025	5/9/1996	5	9	1996	249	1996	9.18032e+00	2.69690e+01	4.10000e+01	9.70000e+01	0.00000e+00	0.00000e+00	0.00000e+00	0.00000e+00	0.00000e+00	0.00000e+00	0.00000e+00	0.00000e+00	3.43703e+00	4.68276e+01	2.11700e+01	1.46097e+01	3.22179e+01	3.09917e+01	-8.52906e+01	1.16296e-01	1.30112e+01	1.42969e+01	-6.29000e+00	1.10000e+00	
monocrop	Wed Nov 05 16:59:48 CET 2025	6/9/1996	6	9	1996	250	1996	1.20444e+01	3.18790e+01	2.40000e+01	7.50000e+01	0.00000e+00	0.00000e+00	0.00000e+00	0.00000e+00	0.00000e+00	0.00000e+00	0.00000e+00	0.00000e+00	3.95873e+00	4.83097e+01	2.18400e+01	1.33536e+01	3.49561e+01	3.07411e+01	-9.42895e+01	1.09796e-01	1.29603e+01	1.30492e+01	-6.30000e+00	8.00000e-01	
monocrop	Wed Nov 05 16:59:48 CET 2025	7/9/1996	7	9	1996	251	1996	5.42744e+00	2.93718e+01	2.00000e+01	6.40000e+01	0.00000e+00	0.00000e+00	0.00000e+00	0.00000e+00	0.00000e+00	0.00000e+00	0.00000e+00	0.00000e+00	3.63774e+00	4.93935e+01	2.23300e+01	1.22440e+01	3.71495e+01	3.04890e+01	-9.25324e+01	1.03266e-01	1.29094e+01	8.33981e+00	-6.30000e+00	1.10000e+00	
monocrop	Wed Nov 05 16:59:48 CET 2025	8/9/1996	8	9	1996	252	1996	7.99520e+00	2.82226e+01	1.60000e+01	4.40000e+01	0.00000e+00	0.00000e+00	0.00000e+00	0.00000e+00	0.00000e+00	0.00000e+00	0.00000e+00	0.00000e+00	3.82765e+00	4.85972e+01	2.19700e+01	1.24108e+01	3.61865e+01	3.02354e+01	-9.19151e+01	9.67068e-02	1.28584e+01	6.22943e+00	-6.30000e+00	1.30000e+00	
monocrop	Wed Nov 05 16:59:48 CET 2025	9/9/1996	9	9	1996	253	1996	4.93364e+00	2.39393e+01	3.40000e+01	9.30000e+01	4.20000e+00	4.20000e+00	0.00000e+00	0.00000e+00	0.00000e+00	0.00000e+00	0.00000e+00	4.20000e+00	3.03084e+00	4.75134e+01	2.14800e+01	1.27618e+01	3.47516e+01	2.99805e+01	-8.58774e+01	9.01207e-02	1.28073e+01	1.04324e+01	-6.31000e+00	1.10000e+00	
monocrop	Wed Nov 05 16:59:48 CET 2025	10/9/1996	10	9	1996	254	1996	7.00760e+00	2.64466e+01	2.90000e+01	9.40000e+01	0.00000e+00	0.00000e+00	0.00000e+00	0.00000e+00	0.00000e+00	0.00000e+00	0.00000e+00	0.00000e+00	3.11756e+00	4.61198e+01	2.08500e+01	1.32878e+01	3.28321e+01	2.97241e+01	-8.66384e+01	8.35092e-02	1.27560e+01	1.17023e+01	-6.31000e+00	8.00000e-01	
monocrop	Wed Nov 05 16:59:48 CET 2025	11/9/1996	11	9	1996	255	1996	8.39024e+00	2.63421e+01	2.90000e+01	8.10000e+01	0.00000e+00	0.00000e+00	0.00000e+00	0.00000e+00	0.00000e+00	0.00000e+00	0.00000e+00	0.00000e+00	3.06507e+00	4.09438e+01	1.85100e+01	1.56969e+01	2.52469e+01	2.94665e+01	-7.70120e+01	7.68738e-02	1.27047e+01	1.08981e+01	-6.31000e+00	9.00000e-01	
monocrop	Wed Nov 05 16:59:48 CET 2025	12/9/1996	12	9	1996	256	1996	9.77288e+00	2.72824e+01	3.10000e+01	7.50000e+01	0.00000e+00	0.00000e+00	0.00000e+00	0.00000e+00	0.00000e+00	0.00000e+00	0.00000e+00	0.00000e+00	3.05474e+00	3.75152e+01	1.69600e+01	1.66991e+01	2.08161e+01	2.92076e+01	-7.14984e+01	7.02161e-02	1.26533e+01	1.12984e+01	-6.32000e+00	9.00000e-01	
monocrop	Wed Nov 05 16:59:48 CET 2025	13/9/1996	13	9	1996	257	1996	1.41183e+01	2.46706e+01	2.70000e+01	5.30000e+01	0.00000e+00	0.00000e+00	0.00000e+00	0.00000e+00	0.00000e+00	0.00000e+00	0.00000e+00	0.00000e+00	3.94805e+00	4.39521e+01	1.98700e+01	1.35225e+01	3.04296e+01	2.89476e+01	-8.60773e+01	6.35377e-02	1.26019e+01	9.00152e+00	-6.32000e+00	1.80000e+00	
monocrop	Wed Nov 05 16:59:48 CET 2025	14/9/1996	14	9	1996	258	1996	4.73612e+00	2.61332e+01	2.40000e+01	6.10000e+01	0.00000e+00	0.00000e+00	0.00000e+00	0.00000e+00	0.00000e+00	0.00000e+00	0.00000e+00	0.00000e+00	3.06952e+00	4.70931e+01	2.12900e+01	1.10759e+01	3.60171e+01	2.86866e+01	-9.10731e+01	5.68402e-02	1.25503e+01	7.44618e+00	-6.32000e+00	9.00000e-01	
monocrop	Wed Nov 05 16:59:48 CET 2025	15/9/1996	15	9	1996	259	1996	4.14356e+00	2.62377e+01	2.40000e+01	8.00000e+01	0.00000e+00	0.00000e+00	0.00000e+00	0.00000e+00	0.00000e+00	0.00000e+00	0.00000e+00	0.00000e+00	2.89134e+00	4.59207e+01	2.07600e+01	1.15048e+01	3.44160e+01	2.84244e+01	-8.93312e+01	5.01253e-02	1.24987e+01	8.96888e+00	-6.33000e+00	8.00000e-01	
monocrop	Wed Nov 05 16:59:48 CET 2025	16/9/1996	16	9	1996	260	1996	5.72372e+00	2.57153e+01	3.40000e+01	8.60000e+01	0.00000e+00	0.00000e+00	0.00000e+00	0.00000e+00	0.00000e+00	0.00000e+00	0.00000e+00	0.00000e+00	2.89089e+00	4.43945e+01	2.00700e+01	1.21427e+01	3.22518e+01	2.81614e+01	-8.71861e+01	4.33944e-02	1.24470e+01	1.07060e+01	-6.33000e+00	1.00000e+00	
monocrop	Wed Nov 05 16:59:48 CET 2025	17/9/1996	17	9	1996	261	1996	6.71132e+00	1.56862e+01	7.00000e+01	9.90000e+01	2.16000e+01	2.16000e+01	0.00000e+00	0.00000e+00	0.00000e+00	0.00000e+00	0.00000e+00	2.16000e+01	7.83035e-01	3.98157e+00	1.80000e+00	3.94175e+00	3.98157e-02	2.78974e+01	3.28919e-01	3.66493e-02	1.23953e+01	1.12288e+01	-6.33000e+00	6.00000e-01	
monocrop	Wed Nov 05 16:59:48 CET 2025	18/9/1996	18	9	1996	262	1996	1.25382e+01	2.11186e+01	6.30000e+01	9.90000e+01	1.14000e+01	1.14000e+01	0.00000e+00	0.00000e+00	0.00000e+00	0.00000e+00	0.00000e+00	1.14000e+01	1.26874e+00	1.36037e+01	6.15000e+00	1.23885e+01	1.21524e+00	2.76327e+01	-2.05265e+01	2.98916e-02	1.23435e+01	1.55122e+01	-6.34000e+00	0.00000e+00	
monocrop	Wed Nov 05 16:59:48 CET 2025	19/9/1996	19	9	1996	263	1996	1.35258e+01	1.84024e+01	8.80000e+01	9.90000e+01	6.00000e+01	6.00000e+01	0.00000e+00	0.00000e+00	0.00000e+00	0.00000e+00	0.00000e+00	6.00000e+01	8.96287e-01	8.69309e+00	3.93000e+00	8.60616e+00	8.69312e-02	2.73672e+01	-9.80242e+00	2.31228e-02	1.22917e+01	1.69467e+01	-6.34000e+00	1.10000e+00	
monocrop	Wed Nov 05 16:59:48 CET 2025	20/9/1996	20	9	1996	264	1996	6.51380e+00	1.93426e+01	4.90000e+01	9.90000e+01	7.80000e+00	7.80000e+00	0.00000e+00	0.00000e+00	0.00000e+00	0.00000e+00	0.00000e+00	7.80000e+00	1.81780e+00	2.71189e+01	1.22600e+01	1.65941e+01	1.05248e+01	2.71010e+01	-4.92622e+01	1.63446e-02	1.22399e+01	1.10208e+01	-6.34000e+00	9.00000e-01	
monocrop	Wed Nov 05 16:59:48 CET 2025	21/9/1996	21	9	1996	265	1996	1.06617e+01	1.96561e+01	7.10000e+01	9.70000e+01	0.00000e+00	0.00000e+00	0.00000e+00	0.00000e+00	0.00000e+00	0.00000e+00	0.00000e+00	0.00000e+00	1.55641e+00	2.10359e+01	9.51000e+00	1.55515e+01	5.48445e+00	2.68342e+01	-3.74645e+01	9.55863e-03	1.21880e+01	1.44587e+01	-6.35000e+00	9.00000e-01	
monocrop	Wed Nov 05 16:59:48 CET 2025	22/9/1996	22	9	1996	266	1996	1.26369e+01	2.16410e+01	5.10000e+01	8.50000e+01	0.00000e+00	0.00000e+00	0.00000e+00	0.00000e+00	0.00000e+00	0.00000e+00	0.00000e+00	0.00000e+00	1.80397e+00	1.20332e+01	5.44000e+00	1.12366e+01	7.96546e-01	2.65669e+01	-1.82178e+01	2.76656e-03	1.21361e+01	1.32817e+01	-6.35000e+00	1.40000e+00	
monocrop	Wed Nov 05 16:59:48 CET 2025	23/9/1996	23	9	1996	267	1996	7.69892e+00	2.04918e+01	3.70000e+01	7.80000e+01	0.00000e+00	0.00000e+00	0.00000e+00	0.00000e+00	0.00000e+00	0.00000e+00	0.00000e+00	0.00000e+00	2.69337e+00	3.32461e+01	1.50300e+01	1.51951e+01	1.80510e+01	2.62992e+01	-6.55892e+01	-4.03000e-03	1.20842e+01	9.24017e+00	-6.35000e+00	2.10000e+00	
monocrop	Wed Nov 05 16:59:48 CET 2025	24/9/1996	24	9	1996	268	1996	4.24232e+00	2.32080e+01	3.20000e+01	9.40000e+01	0.00000e+00	0.00000e+00	0.00000e+00	0.00000e+00	0.00000e+00	0.00000e+00	0.00000e+00	0.00000e+00	2.08964e+00	3.77364e+01	1.70600e+01	1.31329e+01	2.46035e+01	2.60310e+01	-7.72307e+01	-1.08294e-02	1.20322e+01	9.88346e+00	-6.35000e+00	4.00000e-01	
monocrop	Wed Nov 05 16:59:48 CET 2025	25/9/1996	25	9	1996	269	1996	8.09396e+00	2.24767e+01	4.50000e+01	9.40000e+01	2.00000e-01	2.00000e-01	0.00000e+00	0.00000e+00	0.00000e+00	0.00000e+00	0.00000e+00	2.00000e-01	2.34975e+00	2.97954e+01	1.34700e+01	1.55024e+01	1.42930e+01	2.57626e+01	-6.04242e+01	-1.76299e-02	1.19803e+01	1.20605e+01	-6.36000e+00	2.00000e+00	
monocrop	Wed Nov 05 16:59:48 CET 2025	26/9/1996	26	9	1996	270	1996	8.88404e+00	2.52974e+01	3.70000e+01	8.30000e+01	0.00000e+00	0.00000e+00	0.00000e+00	0.00000e+00	0.00000e+00	0.00000e+00	0.00000e+00	0.00000e+00	2.61518e+00	4.10544e+01	1.85600e+01	1.04105e+01	3.06438e+01	2.54939e+01	-9.03870e+01	-2.44300e-02	1.19283e+01	1.16834e+01	-6.36000e+00	9.00000e-01	
monocrop	Wed Nov 05 16:59:48 CET 2025	27/9/1996	27	9	1996	271	1996	9.57536e+00	2.51930e+01	4.80000e+01	8.10000e+01	0.00000e+00	0.00000e+00	0.00000e+00	0.00000e+00	0.00000e+00	0.00000e+00	0.00000e+00	0.00000e+00	2.59632e+00	2.92203e+01	1.32100e+01	1.51715e+01	1.40488e+01	2.52252e+01	-6.24424e+01	-3.12279e-02	1.18764e+01	1.27951e+01	-6.36000e+00	2.00000e+00	
monocrop	Wed Nov 05 16:59:48 CET 2025	28/9/1996	28	9	1996	272	1996	1.09580e+01	2.67600e+01	3.10000e+01	6.70000e+01	0.00000e+00	0.00000e+00	0.00000e+00	0.00000e+00	0.00000e+00	0.00000e+00	0.00000e+00	0.00000e+00	2.71621e+00	4.02802e+01	1.82100e+01	1.01273e+01	3.01529e+01	2.49563e+01	-9.27120e+01	-3.80219e-02	1.18244e+01	1.06646e+01	-6.36000e+00	8.00000e-01	
monocrop	Wed Nov 05 16:59:48 CET 2025	29/9/1996	29	9	1996	273	1996	5.82248e+00	2.44617e+01	3.80000e+01	9.30000e+01	0.00000e+00	0.00000e+00	0.00000e+00	0.00000e+00	0.00000e+00	0.00000e+00	0.00000e+00	0.00000e+00	2.13207e+00	3.82009e+01	1.72700e+01	1.11008e+01	2.71001e+01	2.46874e+01	-8.46879e+01	-4.48104e-02	1.17725e+01	1.12621e+01	-6.37000e+00	6.00000e-01	
monocrop	Wed Nov 05 16:59:48 CET 2025	30/9/1996	30	9	1996	274	1996	6.02000e+00	2.04918e+01	5.00000e+01	9.90000e+01	1.60000e+00	1.60000e+00	0.00000e+00	0.00000e+00	0.00000e+00	0.00000e+00	0.00000e+00	1.60000e+00	1.63838e+00	2.36461e+01	1.06900e+01	1.49180e+01	8.72808e+00	2.44187e+01	-4.78312e+01	-5.15916e-02	1.17206e+01	1.13355e+01	-6.37000e+00	1.20000e+00	
monocrop	Wed Nov 05 16:59:48 CET 2025	1/10/1996	1	10	1996	275	1996	1.20444e+01	1.85069e+01	6.00000e+01	9.20000e+01	4.00000e+00	4.00000e+00	0.00000e+00	0.00000e+00	0.00000e+00	0.00000e+00	0.00000e+00	4.00000e+00	1.52573e+00	8.75945e+00	3.96000e+00	8.64412e+00	1.15332e-01	2.41501e+01	-1.24363e+01	-5.83639e-02	1.16687e+01	1.31802e+01	-6.37000e+00	2.30000e+00	
monocrop	Wed Nov 05 16:59:48 CET 2025	2/10/1996	2	10	1996	276	1996	1.05630e+01	1.91337e+01	4.50000e+01	7.80000e+01	4.00000e-01	4.00000e-01	0.00000e+00	0.00000e+00	0.00000e+00	0.00000e+00	0.00000e+00	4.00000e-01	2.24154e+00	2.46415e+01	1.11400e+01	1.46271e+01	1.00144e+01	2.38818e+01	-5.19598e+01	-6.51256e-02	1.16168e+01	1.03762e+01	-6.37000e+00	2.00000e+00	
monocrop	Wed Nov 05 16:59:48 CET 2025	3/10/1996	3	10	1996	277	1996	8.09396e+00	2.38349e+01	2.80000e+01	8.50000e+01	0.00000e+00	0.00000e+00	0.00000e+00	0.00000e+00	0.00000e+00	0.00000e+00	0.00000e+00	0.00000e+00	2.25274e+00	3.83115e+01	1.73200e+01	9.44346e+00	2.88681e+01	2.36138e+01	-8.97075e+01	-7.18748e-02	1.15650e+01	1.02407e+01	-6.38000e+00	9.00000e-01	
monocrop	Wed Nov 05 16:59:48 CET 2025	4/10/1996	4	10	1996	278	1996	3.35348e+00	2.32080e+01	3.10000e+01	9.10000e+01	0.00000e+00	0.00000e+00	0.00000e+00	0.00000e+00	0.00000e+00	0.00000e+00	0.00000e+00	0.00000e+00	1.97358e+00	3.69843e+01	1.67200e+01	9.94783e+00	2.70365e+01	2.33463e+01	-8.50597e+01	-7.86100e-02	1.15132e+01	9.29651e+00	-6.38000e+00	1.00000e+00	
monocrop	Wed Nov 05 16:59:48 CET 2025	5/10/1996	5	10	1996	279	1996	1.26369e+01	1.93426e+01	3.60000e+01	7.40000e+01	0.00000e+00	0.00000e+00	0.00000e+00	0.00000e+00	0.00000e+00	0.00000e+00	0.00000e+00	0.00000e+00	2.70834e+00	3.42636e+01	1.54900e+01	1.12208e+01	2.30428e+01	2.30793e+01	-7.96145e+01	-8.53292e-02	1.14615e+01	9.98504e+00	-6.38000e+00	2.30000e+00	
monocrop	Wed Nov 05 16:59:48 CET 2025	6/10/1996	6	10	1996	280	1996	4.53860e+00	1.77756e+01	4.20000e+01	7.70000e+01	6.00000e-01	6.00000e-01	0.00000e+00	0.00000e+00	0.00000e+00	0.00000e+00	0.00000e+00	6.00000e-01	1.62270e+00	1.98194e+01	8.96000e+00	1.36637e+01	6.15570e+00	2.28128e+01	-4.07759e+01	-9.20309e-02	1.14098e+01	7.88484e+00	-6.38000e+00	1.20000e+00	
monocrop	Wed Nov 05 16:59:48 CET 2025	7/10/1996	7	10	1996	281	1996	7.20512e+00	1.79845e+01	4.80000e+01	7.80000e+01	0.00000e+00	0.00000e+00	0.00000e+00	0.00000e+00	0.00000e+00	0.00000e+00	0.00000e+00	0.00000e+00	1.31690e+00	1.13253e+01	5.12000e+00	1.02471e+01	1.07823e+00	2.25470e+01	-2.02401e+01	-9.87132e-02	1.13582e+01	9.17976e+00	-6.39000e+00	6.00000e-01	
monocrop	Wed Nov 05 16:59:48 CET 2025	8/10/1996	8	10	1996	282	1996	7.79768e+00	1.90292e+01	4.80000e+01	8.10000e+01	0.00000e+00	0.00000e+00	0.00000e+00	0.00000e+00	0.00000e+00	0.00000e+00	0.00000e+00	0.00000e+00	1.39846e+00	1.28959e+01	5.83000e+00	1.10886e+01	1.80722e+00	2.22820e+01	-2.49111e+01	-1.05374e-01	1.13066e+01	9.91540e+00	-6.39000e+00	8.00000e-01	
monocrop	Wed Nov 05 16:59:48 CET 2025	9/10/1996	9	10	1996	283	1996	8.78528e+00	2.38349e+01	4.20000e+01	6.50000e+01	0.00000e+00	0.00000e+00	0.00000e+00	0.00000e+00	0.00000e+00	0.00000e+00	0.00000e+00	0.00000e+00	2.00479e+00	3.13438e+01	1.41700e+01	1.13891e+01	1.99546e+01	2.20179e+01	-7.78578e+01	-1.12013e-01	1.12552e+01	9.91334e+00	-6.39000e+00	9.00000e-01	
monocrop	Wed Nov 05 16:59:48 CET 2025	10/10/1996	10	10	1996	284	1996	6.31628e+00	2.38349e+01	3.90000e+01	8.00000e+01	0.00000e+00	0.00000e+00	0.00000e+00	0.00000e+00	0.00000e+00	0.00000e+00	0.00000e+00	0.00000e+00	1.74045e+00	3.32240e+01	1.50200e+01	1.00484e+01	2.31755e+01	2.17547e+01	-8.33237e+01	-1.18626e-01	1.12038e+01	1.01868e+01	-6.39000e+00	6.00000e-01	
monocrop	Wed Nov 05 16:59:48 CET 2025	11/10/1996	11	10	1996	285	1996	4.14356e+00	2.21633e+01	4.90000e+01	9.60000e+01	0.00000e+00	0.00000e+00	0.00000e+00	0.00000e+00	0.00000e+00	0.00000e+00	0.00000e+00	0.00000e+00	1.39296e+00	2.93751e+01	1.32800e+01	1.16543e+01	1.77208e+01	2.14925e+01	-7.17910e+01	-1.25213e-01	1.11525e+01	1.09576e+01	-6.40000e+00	5.00000e-01	
monocrop	Wed Nov 05 16:59:48 CET 2025	12/10/1996	12	10	1996	286	1996	6.31628e+00	2.14321e+01	5.30000e+01	9.90000e+01	8.00000e-01	8.00000e-01	0.00000e+00	0.00000e+00	0.00000e+00	0.00000e+00	0.00000e+00	8.00000e-01	1.48943e+00	2.72516e+01	1.23200e+01	1.21446e+01	1.51071e+01	2.12314e+01	-6.70655e+01	-1.31772e-01	1.11014e+01	1.20390e+01	-6.40000e+00	1.20000e+00	
monocrop	Wed Nov 05 16:59:48 CET 2025	13/10/1996	13	10	1996	287	1996	1.12543e+01	1.92382e+01	6.80000e+01	9.50000e+01	2.06000e+01	2.06000e+01	0.00000e+00	0.00000e+00	0.00000e+00	0.00000e+00	0.00000e+00	2.06000e+01	1.24337e+00	1.39134e+01	6.29000e+00	1.12711e+01	2.64228e+00	2.09715e+01	-3.03316e+01	-1.38300e-01	1.10503e+01	1.41073e+01	-6.40000e+00	1.60000e+00	
monocrop	Wed Nov 05 16:59:48 CET 2025	14/10/1996	14	10	1996	288	1996	1.28344e+01	1.84024e+01	6.90000e+01	9.70000e+01	6.12000e+01	6.12000e+01	0.00000e+00	0.00000e+00	0.00000e+00	0.00000e+00	0.00000e+00	6.12000e+01	1.10514e+00	4.00369e+00	1.81000e+00	3.96365e+00	4.00369e-02	2.07129e+01	-2.41269e+00	-1.44797e-01	1.09993e+01	1.47144e+01	-6.40000e+00	2.40000e+00	
monocrop	Wed Nov 05 16:59:48 CET 2025	15/10/1996	15	10	1996	289	1996	1.15506e+01	1.68354e+01	5.00000e+01	9.70000e+01	8.00000e+00	8.00000e+00	0.00000e+00	0.00000e+00	0.00000e+00	0.00000e+00	0.00000e+00	8.00000e+00	1.13298e+00	4.91060e+00	2.22000e+00	4.86149e+00	4.91061e-02	2.04557e+01	-5.16429e+00	-1.51260e-01	1.09485e+01	1.18863e+01	-5.45000e+00	1.10000e+00	
monocrop	Wed Nov 05 16:59:48 CET 2025	16/10/1996	16	10	1996	290	1996	1.17481e+01	1.91337e+01	3.50000e+01	7.00000e+01	0.00000e+00	0.00000e+00	0.00000e+00	0.00000e+00	0.00000e+00	0.00000e+00	0.00000e+00	0.00000e+00	2.47857e+00	2.86894e+01	1.29700e+01	1.04801e+01	1.82093e+01	2.02000e+01	-7.53817e+01	-1.57687e-01	1.08979e+01	9.20191e+00	-5.32000e+00	2.70000e+00	
monocrop	Wed Nov 05 16:59:48 CET 2025	17/10/1996	17	10	1996	291	1996	5.32868e+00	1.75667e+01	6.00000e+01	8.50000e+01	0.00000e+00	0.00000e+00	0.00000e+00	0.00000e+00	0.00000e+00	0.00000e+00	0.00000e+00	0.00000e+00	1.40343e+00	2.27834e+01	1.03000e+01	1.20451e+01	1.07383e+01	1.99458e+01	-5.64373e+01	-1.64077e-01	1.08473e+01	9.79447e+00	-5.36000e+00	2.00000e+00	
monocrop	Wed Nov 05 16:59:48 CET 2025	18/10/1996	18	10	1996	292	1996	1.67456e+00	1.98650e+01	4.60000e+01	9.50000e+01	0.00000e+00	0.00000e+00	0.00000e+00	0.00000e+00	0.00000e+00	0.00000e+00	0.00000e+00	0.00000e+00	1.25049e+00	2.73401e+01	1.23600e+01	1.05009e+01	1.68392e+01	1.96932e+01	-7.08329e+01	-1.70427e-01	1.07970e+01	9.10503e+00	-5.39000e+00	1.30000e+00	
monocrop	Wed Nov 05 16:59:48 CET 2025	19/10/1996	19	10	1996	293	1996	8.98280e+00	2.29991e+01	4.20000e+01	7.70000e+01	0.00000e+00	0.00000e+00	0.00000e+00	0.00000e+00	0.00000e+00	0.00000e+00	0.00000e+00	0.00000e+00	2.11782e+00	2.42212e+01	1.09500e+01	1.13316e+01	1.28896e+01	1.94424e+01	-6.65831e+01	-1.76736e-01	1.07468e+01	1.08028e+01	-5.42000e+00	2.40000e+00	
monocrop	Wed Nov 05 16:59:48 CET 2025	20/10/1996	20	10	1996	294	1996	3.94604e+00	2.50885e+01	4.00000e+01	9.50000e+01	0.00000e+00	0.00000e+00	0.00000e+00	0.00000e+00	0.00000e+00	0.00000e+00	0.00000e+00	0.00000e+00	1.23487e+00	2.99724e+01	1.35500e+01	8.45930e+00	2.15130e+01	1.91934e+01	-8.56753e+01	-1.83002e-01	1.06967e+01	1.11476e+01	-5.46000e+00	4.00000e-01	
monocrop	Wed Nov 05 16:59:48 CET 2025	21/10/1996	21	10	1996	295	1996	6.41504e+00	2.52974e+01	5.10000e+01	9.60000e+01	0.00000e+00	0.00000e+00	0.00000e+00	0.00000e+00	0.00000e+00	0.00000e+00	0.00000e+00	0.00000e+00	1.54496e+00	2.91539e+01	1.31800e+01	8.61951e+00	2.05344e+01	1.89463e+01	-8.53633e+01	-1.89222e-01	1.06469e+01	1.32302e+01	-5.48000e+00	1.60000e+00	
monocrop	Wed Nov 05 16:59:48 CET 2025	22/10/1996	22	10	1996	296	1996	5.62496e+00	2.85360e+01	3.00000e+01	9.90000e+01	0.00000e+00	0.00000e+00	0.00000e+00	0.00000e+00	0.00000e+00	0.00000e+00	0.00000e+00	0.00000e+00	1.35874e+00	2.98396e+01	1.34900e+01	7.82555e+00	2.20141e+01	1.87012e+01	-9.12928e+01	-1.95396e-01	1.05973e+01	1.25515e+01	-5.51000e+00	4.00000e-01	
monocrop	Wed Nov 05 16:59:48 CET 2025	23/10/1996	23	10	1996	297	1996	5.52620e+00	2.09097e+01	5.20000e+01	9.90000e+01	0.00000e+00	0.00000e+00	0.00000e+00	0.00000e+00	0.00000e+00	0.00000e+00	0.00000e+00	0.00000e+00	1.03564e+00	2.73843e+01	1.23800e+01	8.98437e+00	1.84000e+01	1.84582e+01	-7.83931e+01	-2.01521e-01	1.05479e+01	1.14592e+01	-5.54000e+00	6.00000e-01	
monocrop	Wed Nov 05 16:59:48 CET 2025	24/10/1996	24	10	1996	298	1996	7.89644e+00	1.89248e+01	7.30000e+01	9.90000e+01	0.00000e+00	0.00000e+00	0.00000e+00	0.00000e+00	0.00000e+00	0.00000e+00	0.00000e+00	0.00000e+00	7.99452e-01	1.65235e+01	7.47000e+00	1.10201e+01	5.50336e+00	1.82174e+01	-4.40917e+01	-2.07595e-01	1.04987e+01	1.32181e+01	-5.56000e+00	5.00000e-01	
monocrop	Wed Nov 05 16:59:48 CET 2025	25/10/1996	25	10	1996	299	1996	1.22419e+01	2.03874e+01	6.30000e+01	9.90000e+01	2.00000e-01	2.00000e-01	0.00000e+00	0.00000e+00	0.00000e+00	0.00000e+00	0.00000e+00	2.00000e-01	9.10695e-01	1.35816e+01	6.14000e+00	1.02681e+01	3.31346e+00	1.79788e+01	-3.63275e+01	-2.13617e-01	1.04498e+01	1.50133e+01	-5.59000e+00	3.00000e-01	
monocrop	Wed Nov 05 16:59:48 CET 2025	26/10/1996	26	10	1996	300	1996	7.20512e+00	2.29991e+01	4.60000e+01	9.90000e+01	0.00000e+00	0.00000e+00	0.00000e+00	0.00000e+00	0.00000e+00	0.00000e+00	0.00000e+00	0.00000e+00	1.02114e+00	2.29382e+01	1.03700e+01	1.00972e+01	1.28411e+01	1.77426e+01	-6.89953e+01	-2.19584e-01	1.04011e+01	1.24337e+01	-5.61000e+00	4.00000e-01	
monocrop	Wed Nov 05 16:59:48 CET 2025	27/10/1996	27	10	1996	301	1996	8.68652e+00	1.95516e+01	7.80000e+01	9.90000e+01	0.00000e+00	0.00000e+00	0.00000e+00	0.00000e+00	0.00000e+00	0.00000e+00	0.00000e+00	0.00000e+00	7.95288e-01	2.10138e+01	9.50000e+00	1.03943e+01	1.06196e+01	1.75088e+01	-6.17804e+01	-2.25494e-01	1.03528e+01	1.42437e+01	-5.63000e+00	6.00000e-01	
monocrop	Wed Nov 05 16:59:48 CET 2025	28/10/1996	28	10	1996	302	1996	9.47660e+00	2.09097e+01	6.10000e+01	9.90000e+01	4.00000e-01	4.00000e-01	0.00000e+00	0.00000e+00	0.00000e+00	0.00000e+00	0.00000e+00	4.00000e-01	9.02982e-01	1.90894e+01	8.63000e+00	1.05117e+01	8.57767e+00	1.72775e+01	-5.70606e+01	-2.31346e-01	1.03046e+01	1.38005e+01	-5.65000e+00	5.00000e-01	
monocrop	Wed Nov 05 16:59:48 CET 2025	29/10/1996	29	10	1996	303	1996	9.08156e+00	1.99695e+01	3.90000e+01	9.90000e+01	0.00000e+00	0.00000e+00	0.00000e+00	0.00000e+00	0.00000e+00	0.00000e+00	0.00000e+00	0.00000e+00	1.31443e+00	1.46433e+01	6.62000e+00	1.01802e+01	4.46307e+00	1.70488e+01	-4.18923e+01	-2.37137e-01	1.02568e+01	1.14014e+01	-5.66000e+00	1.70000e+00	
monocrop	Wed Nov 05 16:59:48 CET 2025	30/10/1996	30	10	1996	304	1996	4.63736e+00	2.03874e+01	3.30000e+01	8.80000e+01	0.00000e+00	0.00000e+00	0.00000e+00	0.00000e+00	0.00000e+00	0.00000e+00	0.00000e+00	0.00000e+00	9.55423e-01	2.66544e+01	1.20500e+01	7.16537e+00	1.94890e+01	1.68228e+01	-8.36719e+01	-2.42866e-01	1.02094e+01	8.76787e+00	-5.68000e+00	8.00000e-01	
monocrop	Wed Nov 05 16:59:48 CET 2025	31/10/1996	31	10	1996	305	1996	-9.91960e-01	1.97605e+01	3.30000e+01	9.20000e+01	0.00000e+00	0.00000e+00	0.00000e+00	0.00000e+00	0.00000e+00	0.00000e+00	0.00000e+00	0.00000e+00	7.86863e-01	2.66101e+01	1.20300e+01	6.86198e+00	1.97482e+01	1.65996e+01	-8.22617e+01	-2.48530e-01	1.01622e+01	7.35675e+00	-5.70000e+00	9.00000e-01	
monocrop	Wed Nov 05 16:59:48 CET 2025	1/11/1996	1	11	1996	306	1996	5.42744e+00	2.19544e+01	5.00000e+01	9.00000e+01	0.00000e+00	0.00000e+00	0.00000e+00	0.00000e+00	0.00000e+00	0.00000e+00	0.00000e+00	0.00000e+00	1.18855e+00	2.51945e+01	1.13900e+01	7.45737e+00	1.77371e+01	1.63793e+01	-8.24824e+01	-2.54128e-01	1.01154e+01	1.09572e+01	-5.72000e+00	2.00000e+00	
monocrop	Wed Nov 05 16:59:48 CET 2025	2/11/1996	2	11	1996	307	1996	3.05720e+00	2.29991e+01	4.10000e+01	9.90000e+01	2.00000e-01	2.00000e-01	0.00000e+00	0.00000e+00	0.00000e+00	0.00000e+00	0.00000e+00	2.00000e-01	7.32648e-01	2.55041e+01	1.15300e+01	6.95168e+00	1.85525e+01	1.61619e+01	-8.48595e+01	-2.59658e-01	1.00690e+01	1.04935e+01	-5.74000e+00	5.00000e-01	
monocrop	Wed Nov 05 16:59:48 CET 2025	3/11/1996	3	11	1996	308	1996	2.85968e+00	2.02829e+01	5.40000e+01	9.90000e+01	2.00000e-01	2.00000e-01	0.00000e+00	0.00000e+00	0.00000e+00	0.00000e+00	0.00000e+00	2.00000e-01	6.06830e-01	2.48184e+01	1.12200e+01	7.08252e+00	1.77359e+01	1.59475e+01	-8.13736e+01	-2.65117e-01	1.00229e+01	1.04198e+01	-5.75000e+00	6.00000e-01	
monocrop	Wed Nov 05 16:59:48 CET 2025	4/11/1996	4	11	1996	309	1996	3.55100e+00	1.68354e+01	8.00000e+01	9.90000e+01	4.80000e+00	4.80000e+00	0.00000e+00	0.00000e+00	0.00000e+00	0.00000e+00	0.00000e+00	4.80000e+00	5.33751e-01	6.10507e+00	2.76000e+00	5.93407e+00	1.70999e-01	1.57362e+01	-1.34224e+01	-2.70504e-01	9.97731e+00	1.11225e+01	-5.76000e+00	1.00000e+00	
monocrop	Wed Nov 05 16:59:48 CET 2025	5/11/1996	5	11	1996	310	1996	9.97040e+00	1.87158e+01	4.10000e+01	9.90000e+01	1.00000e+00	1.00000e+00	0.00000e+00	0.00000e+00	0.00000e+00	0.00000e+00	0.00000e+00	1.00000e+00	1.06346e+00	1.71650e+01	7.76000e+00	9.44656e+00	7.71842e+00	1.55281e+01	-5.60961e+01	-2.75817e-01	9.93211e+00	1.14310e+01	-5.68000e+00	1.50000e+00	
monocrop	Wed Nov 05 16:59:48 CET 2025	6/11/1996	6	11	1996	311	1996	2.91920e-01	1.94471e+01	3.70000e+01	9.90000e+01	0.00000e+00	0.00000e+00	0.00000e+00	0.00000e+00	0.00000e+00	0.00000e+00	0.00000e+00	0.00000e+00	5.19927e-01	2.42433e+01	1.09600e+01	6.54985e+00	1.76935e+01	1.53233e+01	-8.13546e+01	-2.81054e-01	9.88735e+00	8.26941e+00	-5.67000e+00	6.00000e-01	
monocrop	Wed Nov 05 16:59:48 CET 2025	7/11/1996	7	11	1996	312	1996	2.85968e+00	2.27902e+01	4.90000e+01	9.90000e+01	0.00000e+00	0.00000e+00	0.00000e+00	0.00000e+00	0.00000e+00	0.00000e+00	0.00000e+00	0.00000e+00	8.46812e-01	2.28276e+01	1.03200e+01	7.14051e+00	1.56871e+01	1.51217e+01	-8.06190e+01	-2.86212e-01	9.84305e+00	1.09465e+01	-5.69000e+00	1.80000e+00	
monocrop	Wed Nov 05 16:59:48 CET 2025	8/11/1996	8	11	1996	313	1996	6.81008e+00	1.93426e+01	3.40000e+01	7.60000e+01	0.00000e+00	0.00000e+00	0.00000e+00	0.00000e+00	0.00000e+00	0.00000e+00	0.00000e+00	0.00000e+00	7.50872e-01	2.40885e+01	1.08900e+01	6.05516e+00	1.80333e+01	1.49237e+01	-8.54243e+01	-2.91291e-01	9.79925e+00	8.27091e+00	-5.71000e+00	8.00000e-01	
monocrop	Wed Nov 05 16:59:48 CET 2025	9/11/1996	9	11	1996	314	1996	3.90680e-01	1.70443e+01	3.60000e+01	9.90000e+01	0.00000e+00	0.00000e+00	0.00000e+00	0.00000e+00	0.00000e+00	0.00000e+00	0.00000e+00	0.00000e+00	5.28983e-01	1.50636e+01	6.81000e+00	9.02223e+00	6.04137e+00	1.47290e+01	-4.85227e+01	-2.96287e-01	9.75595e+00	7.59562e+00	-5.73000e+00	3.00000e-01	
monocrop	Wed Nov 05 16:59:48 CET 2025	10/11/1996	10	11	1996	315	1996	1.77332e+00	1.62085e+01	7.30000e+01	9.90000e+01	5.80000e+00	5.80000e+00	0.00000e+00	0.00000e+00	0.00000e+00	0.00000e+00	0.00000e+00	5.80000e+00	5.67497e-01	3.49493e+00	1.58000e+00	3.45998e+00	3.49493e-02	1.45380e+01	-5.12730e+00	-3.01199e-01	9.71317e+00	9.85794e+00	-5.75000e+00	9.00000e-01	
monocrop	Wed Nov 05 16:59:48 CET 2025	11/11/1996	11	11	1996	316	1996	9.97040e+00	1.74622e+01	7.90000e+01	9.30000e+01	1.20000e+01	1.20000e+01	0.00000e+00	0.00000e+00	0.00000e+00	0.00000e+00	0.00000e+00	1.20000e+01	9.31269e-01	4.88848e+00	2.21000e+00	4.88750e+00	9.82285e-04	1.43506e+01	-1.10115e+01	-3.06025e-01	9.67096e+00	1.34839e+01	-5.65000e+00	3.40000e+00	
monocrop	Wed Nov 05 16:59:48 CET 2025	12/11/1996	12	11	1996	317	1996	1.27357e+01	1.82980e+01	7.80000e+01	9.90000e+01	3.60000e+01	3.60000e+01	0.00000e+00	0.00000e+00	0.00000e+00	0.00000e+00	0.00000e+00	3.60000e+01	7.35854e-01	5.04332e+00	2.28000e+00	4.99682e+00	4.65021e-02	1.41669e+01	-1.20662e+01	-3.10764e-01	9.62931e+00	1.55875e+01	-5.44000e+00	2.20000e+00	
monocrop	Wed Nov 05 16:59:48 CET 2025	13/11/1996	13	11	1996	318	1996	8.29148e+00	1.72533e+01	7.60000e+01	9.90000e+01	6.00000e+00	6.00000e+00	0.00000e+00	0.00000e+00	0.00000e+00	0.00000e+00	0.00000e+00	6.00000e+00	4.46450e-01	1.13253e+01	5.12000e+00	8.20099e+00	3.12436e+00	1.39869e+01	-3.79565e+01	-3.15412e-01	9.58827e+00	1.28990e+01	-4.88000e+00	6.00000e-01	
monocrop	Wed Nov 05 16:59:48 CET 2025	14/11/1996	14	11	1996	319	1996	4.73612e+00	1.55817e+01	5.00000e+01	9.90000e+01	0.00000e+00	0.00000e+00	0.00000e+00	0.00000e+00	0.00000e+00	0.00000e+00	0.00000e+00	0.00000e+00	4.17991e-01	1.57714e+01	7.13000e+00	8.34088e+00	7.43055e+00	1.38108e+01	-5.53848e+01	-3.19969e-01	9.54784e+00	9.23722e+00	-4.82000e+00	5.00000e-01	
monocrop	Wed Nov 05 16:59:48 CET 2025	15/11/1996	15	11	1996	320	1996	9.83240e-01	8.47777e+00	8.10000e+01	9.90000e+01	3.40000e+00	3.40000e+00	0.00000e+00	0.00000e+00	0.00000e+00	0.00000e+00	0.00000e+00	3.40000e+00	3.44964e-01	4.40184e+00	1.99000e+00	4.35783e+00	4.40183e-02	1.36386e+01	-9.21559e+00	-3.24432e-01	9.50806e+00	7.69883e+00	-4.88000e+00	3.00000e-01	
monocrop	Wed Nov 05 16:59:48 CET 2025	16/11/1996	16	11	1996	321	1996	5.22992e+00	1.24476e+01	7.90000e+01	9.90000e+01	4.78000e+01	4.78000e+01	0.00000e+00	0.00000e+00	0.00000e+00	0.00000e+00	0.00000e+00	4.78000e+01	4.31199e-01	5.66267e+00	2.56000e+00	5.39619e+00	2.66486e-01	1.34704e+01	-1.48349e+01	-3.28799e-01	9.46896e+00	1.00975e+01	-4.87000e+00	9.00000e-01	
monocrop	Wed Nov 05 16:59:48 CET 2025	17/11/1996	17	11	1996	322	1996	7.20512e+00	1.17163e+01	8.40000e+01	9.90000e+01	1.24000e+01	1.24000e+01	0.00000e+00	0.00000e+00	0.00000e+00	0.00000e+00	0.00000e+00	1.24000e+01	3.73675e-01	6.25991e+00	2.83000e+00	5.78110e+00	4.78805e-01	1.33062e+01	-1.75603e+01	-3.33069e-01	9.43054e+00	1.08258e+01	-4.17000e+00	9.00000e-01	
monocrop	Wed Nov 05 16:59:48 CET 2025	18/11/1996	18	11	1996	323	1996	4.43984e+00	8.79118e+00	6.10000e+01	9.90000e+01	4.00000e-01	4.00000e-01	0.00000e+00	0.00000e+00	0.00000e+00	0.00000e+00	0.00000e+00	4.00000e-01	7.82495e-01	7.91889e+00	3.58000e+00	6.69922e+00	1.21968e+00	1.31461e+01	-2.38325e+01	-3.37240e-01	9.39285e+00	7.79911e+00	-4.06000e+00	3.20000e+00	
monocrop	Wed Nov 05 16:59:48 CET 2025	19/11/1996	19	11	1996	324	1996	-8.93200e-01	9.73141e+00	6.00000e+01	9.90000e+01	2.00000e-01	2.00000e-01	0.00000e+00	0.00000e+00	0.00000e+00	0.00000e+00	0.00000e+00	2.00000e-01	2.90413e-01	1.41124e+01	6.38000e+00	7.92437e+00	6.18808e+00	1.29902e+01	-4.83260e+01	-3.41310e-01	9.35590e+00	6.65406e+00	-4.18000e+00	1.30000e+00	
monocrop	Wed Nov 05 16:59:48 CET 2025	20/11/1996	20	11	1996	325	1996	3.74852e+00	1.19253e+01	5.30000e+01	9.90000e+01	1.00000e+00	1.00000e+00	0.00000e+00	0.00000e+00	0.00000e+00	0.00000e+00	0.00000e+00	1.00000e+00	6.06020e-01	1.87797e+01	8.49000e+00	6.39100e+00	1.23887e+01	1.28384e+01	-7.04332e+01	-3.45277e-01	9.31972e+00	8.05561e+00	-4.29000e+00	3.40000e+00	
monocrop	Wed Nov 05 16:59:48 CET 2025	21/11/1996	21	11	1996	326	1996	4.89440e-01	1.14029e+01	5.80000e+01	9.90000e+01	7.80000e+00	7.80000e+00	0.00000e+00	0.00000e+00	0.00000e+00	0.00000e+00	0.00000e+00	7.80000e+00	4.60775e-01	9.40092e+00	4.25000e+00	7.18841e+00	2.21251e+00	1.26909e+01	-3.12842e+01	-3.49140e-01	9.28433e+00	7.30742e+00	-4.37000e+00	1.30000e+00	
monocrop	Wed Nov 05 16:59:48 CET 2025	22/11/1996	22	11	1996	327	1996	1.93160e-01	1.17163e+01	3.60000e+01	9.90000e+01	4.20000e+00	4.20000e+00	0.00000e+00	0.00000e+00	0.00000e+00	0.00000e+00	0.00000e+00	4.20000e+00	2.29373e-01	1.72535e+01	7.80000e+00	6.76143e+00	1.04920e+01	1.25478e+01	-6.46504e+01	-3.52896e-01	9.24977e+00	6.28718e+00	-4.32000e+00	8.00000e-01	
monocrop	Wed Nov 05 16:59:48 CET 2025	23/11/1996	23	11	1996	328	1996	-2.37460e+00	1.23432e+01	5.70000e+01	9.60000e+01	4.00000e-01	4.00000e-01	0.00000e+00	0.00000e+00	0.00000e+00	0.00000e+00	0.00000e+00	4.00000e-01	1.76146e-01	1.74304e+01	7.88000e+00	6.52715e+00	1.09033e+01	1.24090e+01	-6.59122e+01	-3.56544e-01	9.21606e+00	6.66096e+00	-4.34000e+00	1.40000e+00	
monocrop	Wed Nov 05 16:59:48 CET 2025	24/11/1996	24	11	1996	329	1996	-1.09072e+00	1.21342e+01	3.20000e+01	9.00000e+01	1.00000e+00	1.00000e+00	0.00000e+00	0.00000e+00	0.00000e+00	0.00000e+00	0.00000e+00	1.00000e+00	1.39961e-01	1.96424e+01	8.88000e+00	5.09764e+00	1.45448e+01	1.22746e+01	-7.63943e+01	-3.60082e-01	9.18322e+00	5.51376e+00	-4.43000e+00	8.00000e-01	
monocrop	Wed Nov 05 16:59:48 CET 2025	25/11/1996	25	11	1996	330	1996	-1.68328e+00	1.07761e+01	8.30000e+01	9.90000e+01	2.80000e+00	2.80000e+00	0.00000e+00	0.00000e+00	0.00000e+00	0.00000e+00	0.00000e+00	2.80000e+00	2.63960e-01	4.73364e+00	2.14000e+00	4.59603e+00	1.37611e-01	1.21447e+01	-1.27439e+01	-3.63508e-01	9.15128e+00	7.68480e+00	-4.50000e+00	2.00000e-01	
monocrop	Wed Nov 05 16:59:48 CET 2025	26/11/1996	26	11	1996	331	1996	-5.96920e-01	1.42236e+01	4.10000e+01	6.30000e+01	0.00000e+00	0.00000e+00	0.00000e+00	0.00000e+00	0.00000e+00	0.00000e+00	0.00000e+00	0.00000e+00	8.15173e-01	1.76737e+01	7.99000e+00	5.93500e+00	1.17387e+01	1.20193e+01	-7.11914e+01	-3.66822e-01	9.12027e+00	5.13886e+00	-4.53000e+00	2.40000e+00	
monocrop	Wed Nov 05 16:59:48 CET 2025	27/11/1996	27	11	1996	332	1996	2.91920e-01	1.06716e+01	7.00000e+01	9.50000e+01	2.00000e+00	2.00000e+00	0.00000e+00	0.00000e+00	0.00000e+00	0.00000e+00	0.00000e+00	2.00000e+00	3.51207e-01	5.81751e+00	2.63000e+00	5.30937e+00	5.08141e-01	1.18985e+01	-1.79687e+01	-3.70021e-01	9.09021e+00	7.43646e+00	-4.62000e+00	4.00000e-01	
monocrop	Wed Nov 05 16:59:48 CET 2025	28/11/1996	28	11	1996	333	1996	1.77332e+00	1.00448e+01	3.80000e+01	7.40000e+01	0.00000e+00	0.00000e+00	0.00000e+00	0.00000e+00	0.00000e+00	0.00000e+00	0.00000e+00	0.00000e+00	7.57090e-01	1.46876e+01	6.64000e+00	6.86460e+00	7.82296e+00	1.17823e+01	-5.73552e+01	-3.73104e-01	9.06112e+00	5.19957e+00	-4.65000e+00	2.20000e+00	
monocrop	Wed Nov 05 16:59:48 CET 2025	29/11/1996	29	11	1996	334	1996	2.06960e+00	1.41192e+01	4.70000e+01	6.90000e+01	0.00000e+00	0.00000e+00	0.00000e+00	0.00000e+00	0.00000e+00	0.00000e+00	0.00000e+00	0.00000e+00	9.43229e-01	1.49530e+01	6.76000e+00	6.68406e+00	8.26894e+00	1.16707e+01	-6.16422e+01	-3.76069e-01	9.03304e+00	6.25643e+00	-4.73000e+00	2.80000e+00	
monocrop	Wed Nov 05 16:59:48 CET 2025	30/11/1996	30	11	1996	335	1996	8.78528e+00	1.70443e+01	4.00000e+01	8.50000e+01	0.00000e+00	0.00000e+00	0.00000e+00	0.00000e+00	0.00000e+00	0.00000e+00	0.00000e+00	0.00000e+00	1.45261e+00	7.47650e+00	3.38000e+00	6.13089e+00	1.34560e+00	1.15638e+01	-2.85824e+01	-3.78915e-01	9.00599e+00	9.29993e+00	-4.81000e+00	2.80000e+00	
monocrop	Wed Nov 05 16:59:48 CET 2025	1/12/1996	1	12	1996	336	1996	3.74852e+00	1.58951e+01	3.10000e+01	7.10000e+01	0.00000e+00	0.00000e+00	0.00000e+00	0.00000e+00	0.00000e+00	0.00000e+00	0.00000e+00	0.00000e+00	6.20062e-01	1.82710e+01	8.26000e+00	4.80778e+00	1.34632e+01	1.14617e+01	-8.05889e+01	-3.81640e-01	8.97999e+00	6.18225e+00	-4.87000e+00	1.90000e+00	
monocrop	Wed Nov 05 16:59:48 CET 2025	2/12/1996	2	12	1996	337	1996	7.99520e+00	1.49549e+01	3.90000e+01	9.50000e+01	0.00000e+00	0.00000e+00	0.00000e+00	0.00000e+00	0.00000e+00	0.00000e+00	0.00000e+00	0.00000e+00	8.14380e-01	1.57493e+01	7.12000e+00	6.07161e+00	9.67769e+00	1.13643e+01	-6.95455e+01	-3.84244e-01	8.95506e+00	9.06787e+00	-4.93000e+00	3.00000e+00	
monocrop	Wed Nov 05 16:59:48 CET 2025	3/12/1996	3	12	1996	338	1996	4.14356e+00	1.34923e+01	4.00000e+01	8.00000e+01	2.00000e-01	2.00000e-01	0.00000e+00	0.00000e+00	0.00000e+00	0.00000e+00	0.00000e+00	2.00000e-01	0.00000e+00	1.77622e+01	8.03000e+00	4.86454e+00	1.28977e+01	1.12716e+01	-7.78416e+01	-3.86724e-01	8.93124e+00	6.79770e+00	-4.99000e+00	1.00000e-01	
monocrop	Wed Nov 05 16:59:48 CET 2025	4/12/1996	4	12	1996	339	1996	3.94604e+00	1.31789e+01	7.10000e+01	9.90000e+01	1.54000e+01	1.54000e+01	0.00000e+00	0.00000e+00	0.00000e+00	0.00000e+00	0.00000e+00	1.54000e+01	7.77892e-01	1.21659e+00	5.50000e-01	1.20442e+00	1.21659e-02	1.11838e+01	2.03660e+00	-3.89080e-01	8.90854e+00	9.46496e+00	-5.04000e+00	2.70000e+00	
monocrop	Wed Nov 05 16:59:48 CET 2025	5/12/1996	5	12	1996	340	1996	9.87164e+00	1.34923e+01	6.10000e+01	9.80000e+01	5.00000e+00	5.00000e+00	0.00000e+00	0.00000e+00	0.00000e+00	0.00000e+00	0.00000e+00	5.00000e+00	8.39940e-01	7.45438e+00	3.37000e+00	6.00336e+00	1.45101e+00	1.11009e+01	-2.92067e+01	-3.91309e-01	8.88698e+00	1.09080e+01	-4.81000e+00	3.20000e+00	
monocrop	Wed Nov 05 16:59:48 CET 2025	6/12/1996	6	12	1996	341	1996	6.41504e+00	1.10895e+01	7.70000e+01	9.90000e+01	4.42000e+01	4.42000e+01	0.00000e+00	0.00000e+00	0.00000e+00	0.00000e+00	0.00000e+00	4.42000e+01	4.96693e-01	9.73272e-01	4.40000e-01	9.63539e-01	9.73272e-03	1.10228e+01	3.07081e+00	-3.93412e-01	8.86660e+00	9.92577e+00	-4.77000e+00	5.00000e-01	
monocrop	Wed Nov 05 16:59:48 CET 2025	7/12/1996	7	12	1996	342	1996	8.39024e+00	1.45370e+01	7.20000e+01	9.80000e+01	4.00000e-01	4.00000e-01	0.00000e+00	0.00000e+00	0.00000e+00	0.00000e+00	0.00000e+00	4.00000e-01	3.68020e-01	7.63134e+00	3.45000e+00	6.03181e+00	1.59953e+00	1.09497e+01	-3.07466e+01	-3.95387e-01	8.84740e+00	1.14953e+01	-4.13000e+00	1.20000e+00	
monocrop	Wed Nov 05 16:59:48 CET 2025	8/12/1996	8	12	1996	343	1996	7.30388e+00	1.10895e+01	7.10000e+01	9.90000e+01	1.88000e+01	1.88000e+01	0.00000e+00	0.00000e+00	0.00000e+00	0.00000e+00	0.00000e+00	1.88000e+01	5.49372e-01	2.03502e+00	9.20000e-01	2.01467e+00	2.03502e-02	1.08815e+01	-2.21892e+00	-3.97233e-01	8.82941e+00	9.87953e+00	-4.24000e+00	9.00000e-01	
monocrop	Wed Nov 05 16:59:48 CET 2025	9/12/1996	9	12	1996	344	1996	5.62496e+00	9.62694e+00	8.50000e+01	9.90000e+01	1.20000e+01	1.20000e+01	0.00000e+00	0.00000e+00	0.00000e+00	0.00000e+00	0.00000e+00	1.20000e+01	3.15600e-01	3.31797e+00	1.50000e+00	3.28479e+00	3.31798e-02	1.08182e+01	-8.55612e+00	-3.98948e-01	8.81264e+00	9.61222e+00	-4.02000e+00	7.00000e-01	
monocrop	Wed Nov 05 16:59:48 CET 2025	10/12/1996	10	12	1996	345	1996	2.95844e+00	8.47777e+00	7.90000e+01	9.90000e+01	1.00000e+00	1.00000e+00	0.00000e+00	0.00000e+00	0.00000e+00	0.00000e+00	0.00000e+00	1.00000e+00	2.93144e-01	4.02581e+00	1.82000e+00	3.94574e+00	8.00698e-02	1.07600e+01	-1.19113e+01	-4.00533e-01	8.79712e+00	8.15500e+00	-3.93000e+00	5.00000e-01	
monocrop	Wed Nov 05 16:59:48 CET 2025	11/12/1996	11	12	1996	346	1996	-1.03120e-01	1.29700e+01	7.20000e+01	9.90000e+01	1.40000e+00	1.40000e+00	0.00000e+00	0.00000e+00	0.00000e+00	0.00000e+00	0.00000e+00	1.40000e+00	0.00000e+00	1.24313e+01	5.62000e+00	6.43476e+00	5.99658e+00	1.07067e+01	-5.40549e+01	-4.01986e-01	8.78286e+00	8.23142e+00	-4.05000e+00	6.00000e-01	
monocrop	Wed Nov 05 16:59:48 CET 2025	12/12/1996	12	12	1996	347	1996	4.63736e+00	1.24476e+01	8.80000e+01	9.90000e+01	3.96000e+01	3.96000e+01	0.00000e+00	0.00000e+00	0.00000e+00	0.00000e+00	0.00000e+00	3.96000e+01	4.12664e-01	1.01751e+00	4.60000e-01	1.00734e+00	1.01751e-02	1.06585e+01	2.72955e+00	-4.03306e-01	8.76988e+00	1.03974e+01	-4.15000e+00	1.00000e+00	
monocrop	Wed Nov 05 16:59:48 CET 2025	13/12/1996	13	12	1996	348	1996	8.09396e+00	1.23432e+01	7.60000e+01	9.90000e+01	3.00000e+00	3.00000e+00	0.00000e+00	0.00000e+00	0.00000e+00	0.00000e+00	0.00000e+00	3.00000e+00	4.47454e-01	2.83134e+00	1.28000e+00	2.80302e+00	2.83134e-02	1.06153e+01	-6.55555e+00	-4.04492e-01	8.75819e+00	1.08924e+01	-3.62000e+00	7.00000e-01	
monocrop	Wed Nov 05 16:59:48 CET 2025	14/12/1996	14	12	1996	349	1996	5.13116e+00	1.45370e+01	5.80000e+01	9.90000e+01	2.00000e+00	2.00000e+00	0.00000e+00	0.00000e+00	0.00000e+00	0.00000e+00	0.00000e+00	2.00000e+00	3.35660e-01	6.92350e+00	3.13000e+00	5.64474e+00	1.27876e+00	1.05771e+01	-2.80348e+01	-4.05544e-01	8.74781e+00	9.52365e+00	-3.74000e+00	4.00000e-01	
monocrop	Wed Nov 05 16:59:48 CET 2025	15/12/1996	15	12	1996	350	1996	-7.94440e-01	1.30744e+01	1.50000e+01	9.90000e+01	2.00000e-01	2.00000e-01	0.00000e+00	0.00000e+00	0.00000e+00	0.00000e+00	0.00000e+00	2.00000e-01	0.00000e+00	1.64129e+01	7.42000e+00	4.68047e+00	1.17324e+01	1.05440e+01	-7.49676e+01	-4.06462e-01	8.73874e+00	5.37761e+00	-3.86000e+00	7.00000e-01	
monocrop	Wed Nov 05 16:59:48 CET 2025	16/12/1996	16	12	1996	351	1996	-2.17708e+00	8.79118e+00	1.70000e+01	8.80000e+01	6.00000e-01	6.00000e-01	0.00000e+00	0.00000e+00	0.00000e+00	0.00000e+00	0.00000e+00	6.00000e-01	4.78608e-01	8.49401e+00	3.84000e+00	6.16068e+00	2.33333e+00	1.05160e+01	-3.36283e+01	-4.07245e-01	8.73100e+00	4.06343e+00	-4.00000e+00	6.00000e-01	
monocrop	Wed Nov 05 16:59:48 CET 2025	17/12/1996	17	12	1996	352	1996	6.51380e+00	1.37013e+01	7.30000e+01	8.60000e+01	2.20000e+00	2.20000e+00	0.00000e+00	0.00000e+00	0.00000e+00	0.00000e+00	0.00000e+00	2.20000e+00	1.62273e-01	1.05512e+01	4.77000e+00	6.42610e+00	4.12505e+00	1.04931e+01	-4.73271e+01	-4.07891e-01	8.72459e+00	9.82332e+00	-4.13000e+00	7.00000e-01	
monocrop	Wed Nov 05 16:59:48 CET 2025	18/12/1996	18	12	1996	353	1996	6.81008e+00	1.19253e+01	8.30000e+01	8.80000e+01	5.82000e+01	5.82000e+01	0.00000e+00	0.00000e+00	0.00000e+00	0.00000e+00	0.00000e+00	5.82000e+01	6.12161e-01	2.14562e+00	9.70000e-01	2.12417e+00	2.14562e-02	1.04754e+01	-3.17346e+00	-4.08402e-01	8.71953e+00	1.00528e+01	-4.20000e+00	1.70000e+00	
monocrop	Wed Nov 05 16:59:48 CET 2025	19/12/1996	19	12	1996	354	1996	9.27908e+00	1.17163e+01	8.70000e+01	9.00000e+01	1.00200e+02	1.00200e+02	0.00000e+00	0.00000e+00	0.00000e+00	0.00000e+00	0.00000e+00	1.00200e+02	7.08508e-01	9.29032e-01	4.20000e-01	9.19742e-01	9.29034e-03	1.04627e+01	3.17641e+00	-4.08776e-01	8.71582e+00	1.12243e+01	-3.41000e+00	2.80000e+00	
monocrop	Wed Nov 05 16:59:48 CET 2025	20/12/1996	20	12	1996	355	1996	8.19272e+00	1.12985e+01	8.70000e+01	9.10000e+01	0.00000e+00	0.00000e+00	0.00000e+00	0.00000e+00	0.00000e+00	0.00000e+00	0.00000e+00	0.00000e+00	2.72025e-01	5.66267e+00	2.56000e+00	4.99271e+00	6.69966e-01	1.04551e+01	-2.14223e+01	-4.09013e-01	8.71346e+00	1.07336e+01	-2.14000e+00	8.00000e-01	
monocrop	Wed Nov 05 16:59:48 CET 2025	21/12/1996	21	12	1996	356	1996	8.58776e+00	1.38057e+01	8.50000e+01	9.00000e+01	1.08000e+01	1.08000e+01	0.00000e+00	0.00000e+00	0.00000e+00	0.00000e+00	0.00000e+00	1.08000e+01	6.23790e-01	2.63226e+00	1.19000e+00	2.60594e+00	2.63226e-02	1.04527e+01	-5.77187e+00	-4.09114e-01	8.71246e+00	1.16259e+01	-2.54000e+00	2.30000e+00	
monocrop	Wed Nov 05 16:59:48 CET 2025	22/12/1996	22	12	1996	357	1996	1.20444e+01	1.56862e+01	6.60000e+01	8.90000e+01	1.70000e+01	1.70000e+01	0.00000e+00	0.00000e+00	0.00000e+00	0.00000e+00	0.00000e+00	1.70000e+01	8.42958e-01	8.84793e+00	4.00000e+00	6.21699e+00	2.63093e+00	1.04554e+01	-4.01004e+01	-4.09078e-01	8.71283e+00	1.22695e+01	-2.67000e+00	3.10000e+00	
monocrop	Wed Nov 05 16:59:48 CET 2025	23/12/1996	23	12	1996	358	1996	8.19272e+00	1.64175e+01	7.00000e+01	9.10000e+01	0.00000e+00	0.00000e+00	0.00000e+00	0.00000e+00	0.00000e+00	0.00000e+00	0.00000e+00	0.00000e+00	3.43459e-01	7.85253e+00	3.55000e+00	5.95954e+00	1.89299e+00	1.04633e+01	-3.43125e+01	-4.08904e-01	8.71455e+00	1.15085e+01	-2.68000e+00	7.00000e-01	
monocrop	Wed Nov 05 16:59:48 CET 2025	24/12/1996	24	12	1996	359	1996	7.00760e+00	1.27610e+01	8.10000e+01	9.10000e+01	1.02000e+01	1.02000e+01	0.00000e+00	0.00000e+00	0.00000e+00	0.00000e+00	0.00000e+00	1.02000e+01	2.01514e-01	7.71982e+00	3.49000e+00	5.92052e+00	1.79930e+00	1.04762e+01	-3.22905e+01	-4.08594e-01	8.71763e+00	1.04688e+01	-2.99000e+00	6.00000e-01	
monocrop	Wed Nov 05 16:59:48 CET 2025	25/12/1996	25	12	1996	360	1996	6.81008e+00	1.32834e+01	6.20000e+01	9.00000e+01	0.00000e+00	0.00000e+00	0.00000e+00	0.00000e+00	0.00000e+00	0.00000e+00	0.00000e+00	0.00000e+00	5.64822e-01	1.10378e+01	4.99000e+00	6.42243e+00	4.61536e+00	1.04944e+01	-4.97371e+01	-4.08146e-01	8.72206e+00	9.35270e+00	-3.06000e+00	2.80000e+00	
monocrop	Wed Nov 05 16:59:48 CET 2025	26/12/1996	26	12	1996	361	1996	-3.16468e+00	4.92579e+00	3.90000e+01	8.60000e+01	0.00000e+00	0.00000e+00	0.00000e+00	0.00000e+00	0.00000e+00	0.00000e+00	0.00000e+00	0.00000e+00	0.00000e+00	1.62359e+01	7.34000e+00	4.75324e+00	1.14827e+01	1.05176e+01	-6.77547e+01	-4.07563e-01	8.72785e+00	4.06800e+00	-3.31000e+00	6.00000e-01	
monocrop	Wed Nov 05 16:59:48 CET 2025	27/12/1996	27	12	1996	362	1996	-4.64608e+00	4.82132e+00	3.20000e+01	7.90000e+01	0.00000e+00	0.00000e+00	0.00000e+00	0.00000e+00	0.00000e+00	0.00000e+00	0.00000e+00	0.00000e+00	0.00000e+00	1.62802e+01	7.36000e+00	4.76582e+00	1.15144e+01	1.05460e+01	-6.72637e+01	-4.06842e-01	8.73498e+00	3.41101e+00	-3.53000e+00	6.00000e-01	
monocrop	Wed Nov 05 16:59:48 CET 2025	28/12/1996	28	12	1996	363	1996	-3.16468e+00	2.73192e+00	6.40000e+01	8.50000e+01	0.00000e+00	0.00000e+00	0.00000e+00	0.00000e+00	0.00000e+00	0.00000e+00	0.00000e+00	0.00000e+00	4.15580e-01	3.93733e+00	1.78000e+00	3.86360e+00	7.37236e-02	1.05795e+01	-1.11154e+01	-4.05986e-01	8.74345e+00	4.47871e+00	-3.72000e+00	7.00000e-01	
monocrop	Wed Nov 05 16:59:48 CET 2025	29/12/1996	29	12	1996	364	1996	-3.55972e+00	3.04533e+00	5.10000e+01	7.70000e+01	0.00000e+00	0.00000e+00	0.00000e+00	0.00000e+00	0.00000e+00	0.00000e+00	0.00000e+00	0.00000e+00	5.48038e-02	1.43558e+01	6.49000e+00	5.82011e+00	8.53565e+00	1.06182e+01	-5.73159e+01	-4.04994e-01	8.75324e+00	3.83608e+00	-3.89000e+00	9.00000e-01	
monocrop	Wed Nov 05 16:59:48 CET 2025	30/12/1996	30	12	1996	365	1996	-9.58408e+00	3.56768e+00	4.20000e+01	8.50000e+01	0.00000e+00	0.00000e+00	0.00000e+00	0.00000e+00	0.00000e+00	0.00000e+00	0.00000e+00	0.00000e+00	0.00000e+00	1.66783e+01	7.54000e+00	4.68087e+00	1.19975e+01	1.06619e+01	-6.59778e+01	-4.03866e-01	8.76436e+00	3.10837e+00	-4.04000e+00	2.00000e-01	
monocrop	Wed Nov 05 16:59:48 CET 2025	31/12/1996	31	12	1996	366	1996	-6.81880e+00	2.00063e+00	4.90000e+01	8.70000e+01	4.40000e+00	0.00000e+00	4.40000e+00	0.00000e+00	4.40000e+00	4.40000e+00	0.00000e+00	0.00000e+00	3.34824e-01	5.61843e+00	2.54000e+00	5.01003e+00	6.08399e-01	1.07108e+01	-1.79312e+01	-4.02605e-01	8.77678e+00	3.48011e+00	-4.17000e+00	4.00000e-01	
monocrop	Wed Nov 05 16:59:48 CET 2025	1/1/1997	1	1	1997	1	1997	-4.84360e+00	3.46321e+00	7.70000e+01	8.80000e+01	1.40000e+01	1.40000e+01	0.00000e+00	0.00000e+00	8.80000e+00	0.00000e+00	4.40000e+00	9.60000e+00	2.51101e-01	4.00369e+00	1.81000e+00	3.92600e+00	7.76825e-02	1.07246e+01	-1.11726e+01	-4.02256e-01	8.78021e+00	4.79127e+00	-4.20000e+00	0.00000e+00	
monocrop	Wed Nov 05 16:59:48 CET 2025	2/1/1997	2	1	1997	2	1997	9.44000e-02	4.71685e+00	7.80000e+01	8.80000e+01	3.14000e+01	3.14000e+01	0.00000e+00	5.07031e-01	8.29297e+00	0.00000e+00	0.00000e+00	3.19070e+01	4.82835e-01	1.43779e+00	6.50000e-01	1.42341e+00	1.43778e-02	1.07798e+01	2.56425e-01	-4.00825e-01	8.79425e+00	6.02611e+00	-4.06000e+00	8.00000e-01	
monocrop	Wed Nov 05 16:59:48 CET 2025	3/1/1997	3	1	1997	3	1997	2.26712e+00	9.62694e+00	8.50000e+01	9.10000e+01	1.46000e+01	1.46000e+01	0.00000e+00	4.93379e+00	3.35918e+00	0.00000e+00	0.00000e+00	1.95338e+01	4.39534e-01	2.69862e+00	1.22000e+00	2.67163e+00	2.69861e-02	1.08401e+01	-5.48996e+00	-3.99262e-01	8.80958e+00	8.19224e+00	-3.66000e+00	1.30000e+00	
monocrop	Wed Nov 05 16:59:48 CET 2025	4/1/1997	4	1	1997	4	1997	-9.91960e-01	5.76155e+00	6.10000e+01	9.10000e+01	7.00000e+00	7.00000e+00	0.00000e+00	4.80994e-01	2.87819e+00	0.00000e+00	0.00000e+00	7.48099e+00	5.60820e-01	4.93272e+00	2.23000e+00	4.60800e+00	3.24721e-01	1.09055e+01	-1.53755e+01	-3.97565e-01	8.82616e+00	5.50971e+00	-3.57000e+00	1.80000e+00	
monocrop	Wed Nov 05 16:59:48 CET 2025	5/1/1997	5	1	1997	5	1997	-9.91960e-01	7.95542e+00	5.60000e+01	8.90000e+01	0.00000e+00	0.00000e+00	0.00000e+00	1.85216e+00	1.02603e+00	0.00000e+00	0.00000e+00	1.85216e+00	2.75667e-01	1.20332e+01	5.44000e+00	6.68658e+00	5.34660e+00	1.09759e+01	-4.80151e+01	-3.95738e-01	8.84398e+00	5.68108e+00	-3.61000e+00	1.60000e+00	
monocrop	Wed Nov 05 16:59:48 CET 2025	6/1/1997	6	1	1997	6	1997	-1.38700e+00	7.74648e+00	5.40000e+01	8.90000e+01	0.00000e+00	0.00000e+00	0.00000e+00	1.02603e+00	0.00000e+00	0.00000e+00	0.00000e+00	1.02603e+00	2.02347e-01	1.05512e+01	4.77000e+00	6.74105e+00	3.81010e+00	1.10514e+01	-4.07517e+01	-3.93779e-01	8.86303e+00	5.48441e+00	-3.80000e+00	6.00000e-01	
monocrop	Wed Nov 05 16:59:48 CET 2025	7/1/1997	7	1	1997	7	1997	-1.38700e+00	9.41800e+00	4.20000e+01	8.10000e+01	6.00000e-01	6.00000e-01	0.00000e+00	0.00000e+00	0.00000e+00	0.00000e+00	0.00000e+00	6.00000e-01	6.12502e-02	1.47760e+01	6.68000e+00	6.20439e+00	8.57165e+00	1.11318e+01	-6.03974e+01	-3.91691e-01	8.88329e+00	5.00375e+00	-3.95000e+00	4.00000e-01	
monocrop	Wed Nov 05 16:59:48 CET 2025	8/1/1997	8	1	1997	8	1997	-2.96716e+00	8.37330e+00	7.40000e+01	9.00000e+01	9.76000e+01	9.76000e+01	0.00000e+00	0.00000e+00	0.00000e+00	0.00000e+00	0.00000e+00	9.76000e+01	6.32985e-01	9.95392e-01	4.50000e-01	9.85438e-01	9.95392e-03	1.12173e+01	2.58949e+00	-3.89475e-01	8.90473e+00	6.08079e+00	-4.08000e+00	1.80000e+00	
monocrop	Wed Nov 05 16:59:48 CET 2025	9/1/1997	9	1	1997	9	1997	3.45224e+00	7.53754e+00	8.50000e+01	9.10000e+01	4.40000e+00	4.40000e+00	0.00000e+00	0.00000e+00	0.00000e+00	0.00000e+00	0.00000e+00	4.40000e+00	3.41974e-01	3.14101e+00	1.42000e+00	3.10960e+00	3.14102e-02	1.13078e+01	-6.93077e+00	-3.87130e-01	8.92733e+00	7.93945e+00	-2.77000e+00	2.00000e-01	
monocrop	Wed Nov 05 16:59:48 CET 2025	10/1/1997	10	1	1997	10	1997	8.84480e-01	1.29700e+01	4.20000e+01	9.10000e+01	0.00000e+00	0.00000e+00	0.00000e+00	0.00000e+00	0.00000e+00	0.00000e+00	0.00000e+00	0.00000e+00	3.98112e-01	1.55945e+01	7.05000e+00	6.17971e+00	9.41476e+00	1.14032e+01	-6.52796e+01	-3.84659e-01	8.95108e+00	6.62342e+00	-2.97000e+00	1.90000e+00	
monocrop	Wed Nov 05 16:59:48 CET 2025	11/1/1997	11	1	1997	11	1997	-3.06592e+00	1.41192e+01	4.20000e+01	8.90000e+01	1.00000e+00	1.00000e+00	0.00000e+00	0.00000e+00	0.00000e+00	0.00000e+00	0.00000e+00	1.00000e+00	1.14424e-02	1.79392e+01	8.11000e+00	5.08567e+00	1.28535e+01	1.15035e+01	-7.51510e+01	-3.82063e-01	8.97595e+00	5.92251e+00	-3.24000e+00	7.00000e-01	
monocrop	Wed Nov 05 16:59:48 CET 2025	12/1/1997	12	1	1997	12	1997	-4.05352e+00	1.29700e+01	3.40000e+01	8.70000e+01	0.00000e+00	0.00000e+00	0.00000e+00	0.00000e+00	0.00000e+00	0.00000e+00	0.00000e+00	0.00000e+00	5.68102e-02	1.85585e+01	8.39000e+00	4.83349e+00	1.37250e+01	1.16087e+01	-7.60365e+01	-3.79343e-01	9.00191e+00	5.07768e+00	-3.44000e+00	8.00000e-01	
monocrop	Wed Nov 05 16:59:48 CET 2025	13/1/1997	13	1	1997	13	1997	-3.95476e+00	1.20297e+01	3.10000e+01	8.40000e+01	0.00000e+00	0.00000e+00	0.00000e+00	0.00000e+00	0.00000e+00	0.00000e+00	0.00000e+00	0.00000e+00	1.02284e-01	1.85143e+01	8.37000e+00	5.02644e+00	1.34878e+01	1.17188e+01	-7.43785e+01	-3.76500e-01	9.02895e+00	4.68554e+00	-3.65000e+00	8.00000e-01	
monocrop	Wed Nov 05 16:59:48 CET 2025	14/1/1997	14	1	1997	14	1997	-2.96716e+00	1.35968e+01	3.00000e+01	8.60000e+01	1.18000e+01	1.18000e+01	0.00000e+00	0.00000e+00	0.00000e+00	0.00000e+00	0.00000e+00	1.18000e+01	1.93333e-01	1.84258e+01	8.33000e+00	5.24951e+00	1.31763e+01	1.18337e+01	-7.46497e+01	-3.73536e-01	9.05704e+00	5.16774e+00	-3.82000e+00	1.00000e+00	
monocrop	Wed Nov 05 16:59:48 CET 2025	15/1/1997	15	1	1997	15	1997	-1.97956e+00	1.39102e+01	4.50000e+01	8.90000e+01	2.00000e-01	2.00000e-01	0.00000e+00	0.00000e+00	0.00000e+00	0.00000e+00	0.00000e+00	2.00000e-01	1.81482e-01	1.67889e+01	7.59000e+00	6.28818e+00	1.05008e+01	1.19534e+01	-6.70632e+01	-3.70452e-01	9.08615e+00	6.24517e+00	-3.76000e+00	9.00000e-01	
monocrop	Wed Nov 05 16:59:48 CET 2025	16/1/1997	16	1	1997	16	1997	-4.36000e-03	1.16119e+01	6.90000e+01	9.00000e+01	0.00000e+00	0.00000e+00	0.00000e+00	0.00000e+00	0.00000e+00	0.00000e+00	0.00000e+00	0.00000e+00	1.91682e-01	1.21217e+01	5.48000e+00	7.39614e+00	4.72551e+00	1.20778e+01	-4.50755e+01	-3.67249e-01	9.11626e+00	7.32789e+00	-3.91000e+00	6.00000e-01	
monocrop	Wed Nov 05 16:59:48 CET 2025	17/1/1997	17	1	1997	17	1997	4.73612e+00	1.02538e+01	7.90000e+01	8.90000e+01	2.00000e+01	2.00000e+01	0.00000e+00	0.00000e+00	0.00000e+00	0.00000e+00	0.00000e+00	2.00000e+01	6.78615e-01	1.74747e+00	7.90000e-01	1.72999e+00	1.74747e-02	1.22070e+01	6.41548e-02	-3.63930e-01	9.14735e+00	8.69818e+00	-4.06000e+00	1.80000e+00	
monocrop	Wed Nov 05 16:59:48 CET 2025	18/1/1997	18	1	1997	18	1997	6.21752e+00	1.10895e+01	7.90000e+01	9.10000e+01	2.20000e+00	2.20000e+00	0.00000e+00	0.00000e+00	0.00000e+00	0.00000e+00	0.00000e+00	2.20000e+00	4.99080e-01	3.87097e+00	1.75000e+00	3.83226e+00	3.87096e-02	1.23409e+01	-9.01385e+00	-3.60494e-01	9.17938e+00	9.52351e+00	-3.84000e+00	8.00000e-01	
monocrop	Wed Nov 05 16:59:48 CET 2025	19/1/1997	19	1	1997	19	1997	7.69892e+00	1.31789e+01	7.30000e+01	9.20000e+01	2.00000e+01	2.00000e+01	0.00000e+00	0.00000e+00	0.00000e+00	0.00000e+00	0.00000e+00	2.00000e+01	4.34252e-01	8.56037e+00	3.87000e+00	6.82137e+00	1.73900e+00	1.24794e+01	-2.96790e+01	-3.56945e-01	9.21234e+00	1.04224e+01	-3.94000e+00	8.00000e-01	
monocrop	Wed Nov 05 16:59:48 CET 2025	20/1/1997	20	1	1997	20	1997	7.20512e+00	1.03582e+01	8.30000e+01	9.20000e+01	1.00000e+00	1.00000e+00	0.00000e+00	0.00000e+00	0.00000e+00	0.00000e+00	0.00000e+00	1.00000e+00	5.29280e-01	1.94654e+00	8.80000e-01	1.92708e+00	1.94654e-02	1.26225e+01	-4.80245e-01	-3.53284e-01	9.24619e+00	9.88902e+00	-3.73000e+00	9.00000e-01	
monocrop	Wed Nov 05 16:59:48 CET 2025	21/1/1997	21	1	1997	21	1997	7.89644e+00	1.53728e+01	6.30000e+01	8.90000e+01	0.00000e+00	0.00000e+00	0.00000e+00	0.00000e+00	0.00000e+00	0.00000e+00	0.00000e+00	0.00000e+00	6.08226e-01	1.24756e+01	5.64000e+00	7.80779e+00	4.66779e+00	1.27701e+01	-4.67031e+01	-3.49512e-01	9.28091e+00	1.03951e+01	-3.87000e+00	1.50000e+00	
monocrop	Wed Nov 05 16:59:48 CET 2025	22/1/1997	22	1	1997	22	1997	9.57536e+00	1.40147e+01	6.90000e+01	9.10000e+01	2.00000e+00	2.00000e+00	0.00000e+00	0.00000e+00	0.00000e+00	0.00000e+00	0.00000e+00	2.00000e+00	9.22669e-01	1.57051e+00	7.10000e-01	1.55480e+00	1.57051e-02	1.29222e+01	1.51906e+00	-3.45631e-01	9.31648e+00	1.10589e+01	-4.02000e+00	1.90000e+00	
monocrop	Wed Nov 05 16:59:48 CET 2025	23/1/1997	23	1	1997	23	1997	6.21752e+00	1.48504e+01	6.80000e+01	9.20000e+01	6.00000e+00	6.00000e+00	0.00000e+00	0.00000e+00	0.00000e+00	0.00000e+00	0.00000e+00	6.00000e+00	5.40706e-01	6.37051e+00	2.88000e+00	5.82095e+00	5.49553e-01	1.30788e+01	-1.88754e+01	-3.41643e-01	9.35287e+00	1.01708e+01	-4.11000e+00	5.00000e-01	
monocrop	Wed Nov 05 16:59:48 CET 2025	24/1/1997	24	1	1997	24	1997	7.89644e+00	1.51638e+01	6.50000e+01	9.00000e+01	0.00000e+00	0.00000e+00	0.00000e+00	0.00000e+00	0.00000e+00	0.00000e+00	0.00000e+00	0.00000e+00	5.09754e-01	8.82581e+00	3.99000e+00	7.13324e+00	1.69257e+00	1.32397e+01	-2.91383e+01	-3.37549e-01	9.39005e+00	1.05273e+01	-4.12000e+00	3.00000e-01	
monocrop	Wed Nov 05 16:59:48 CET 2025	25/1/1997	25	1	1997	25	1997	2.46464e+00	1.57907e+01	6.10000e+01	9.30000e+01	0.00000e+00	0.00000e+00	0.00000e+00	0.00000e+00	0.00000e+00	0.00000e+00	0.00000e+00	0.00000e+00	2.89266e-01	1.47318e+01	6.66000e+00	8.16323e+00	6.56857e+00	1.34050e+01	-5.26171e+01	-3.33352e-01	9.42799e+00	8.90812e+00	-4.24000e+00	2.00000e-01	
monocrop	Wed Nov 05 16:59:48 CET 2025	26/1/1997	26	1	1997	26	1997	-3.00640e-01	1.39102e+01	5.50000e+01	9.20000e+01	0.00000e+00	0.00000e+00	0.00000e+00	0.00000e+00	0.00000e+00	0.00000e+00	0.00000e+00	0.00000e+00	2.14237e-01	1.73641e+01	7.85000e+00	7.78306e+00	9.58099e+00	1.35746e+01	-6.07505e+01	-3.29053e-01	9.46668e+00	7.25931e+00	-4.36000e+00	2.00000e-01	
monocrop	Wed Nov 05 16:59:48 CET 2025	27/1/1997	27	1	1997	27	1997	2.26712e+00	1.31789e+01	6.30000e+01	9.10000e+01	0.00000e+00	0.00000e+00	0.00000e+00	0.00000e+00	0.00000e+00	0.00000e+00	0.00000e+00	0.00000e+00	3.10238e-01	1.48203e+01	6.70000e+00	8.39526e+00	6.42502e+00	1.37484e+01	-5.01430e+01	-3.24654e-01	9.50608e+00	8.09848e+00	-4.46000e+00	3.00000e-01	
monocrop	Wed Nov 05 16:59:48 CET 2025	28/1/1997	28	1	1997	28	1997	1.37828e+00	1.04627e+01	4.60000e+01	8.60000e+01	0.00000e+00	0.00000e+00	0.00000e+00	0.00000e+00	0.00000e+00	0.00000e+00	0.00000e+00	0.00000e+00	4.90361e-01	1.31171e+01	5.93000e+00	8.47944e+00	4.63761e+00	1.39263e+01	-4.15863e+01	-3.20157e-01	9.54617e+00	6.13291e+00	-4.55000e+00	5.00000e-01	
monocrop	Wed Nov 05 16:59:48 CET 2025	29/1/1997	29	1	1997	29	1997	7.85720e-01	1.35968e+01	4.50000e+01	8.90000e+01	0.00000e+00	0.00000e+00	0.00000e+00	0.00000e+00	0.00000e+00	0.00000e+00	0.00000e+00	0.00000e+00	4.41924e-01	1.78507e+01	8.07000e+00	8.14703e+00	9.70366e+00	1.41084e+01	-6.00789e+01	-3.15563e-01	9.58693e+00	6.79516e+00	-4.64000e+00	7.00000e-01	
monocrop	Wed Nov 05 16:59:48 CET 2025	30/1/1997	30	1	1997	30	1997	-2.07832e+00	1.30744e+01	4.90000e+01	9.00000e+01	0.00000e+00	0.00000e+00	0.00000e+00	0.00000e+00	0.00000e+00	0.00000e+00	0.00000e+00	0.00000e+00	2.59706e-01	2.09475e+01	9.47000e+00	7.09605e+00	1.38514e+01	1.42944e+01	-6.96022e+01	-3.10875e-01	9.62833e+00	6.27174e+00	-4.72000e+00	4.00000e-01	
monocrop	Wed Nov 05 16:59:48 CET 2025	31/1/1997	31	1	1997	31	1997	-2.57212e+00	1.22387e+01	5.80000e+01	9.10000e+01	0.00000e+00	0.00000e+00	0.00000e+00	0.00000e+00	0.00000e+00	0.00000e+00	0.00000e+00	0.00000e+00	2.11983e-01	2.04387e+01	9.24000e+00	7.57655e+00	1.28622e+01	1.44844e+01	-6.60495e+01	-3.06094e-01	9.67035e+00	6.41883e+00	-4.79000e+00	2.00000e-01	
monocrop	Wed Nov 05 16:59:48 CET 2025	1/2/1997	1	2	1997	32	1997	-2.47336e+00	1.19253e+01	5.10000e+01	9.10000e+01	0.00000e+00	0.00000e+00	0.00000e+00	0.00000e+00	0.00000e+00	0.00000e+00	0.00000e+00	0.00000e+00	2.30606e-01	2.26065e+01	1.02200e+01	6.66567e+00	1.59408e+01	1.46783e+01	-7.25716e+01	-3.01223e-01	9.71296e+00	6.07159e+00	-4.86000e+00	3.00000e-01	
monocrop	Wed Nov 05 16:59:48 CET 2025	2/2/1997	2	2	1997	33	1997	-3.46096e+00	1.33879e+01	3.60000e+01	9.00000e+01	0.00000e+00	0.00000e+00	0.00000e+00	0.00000e+00	0.00000e+00	0.00000e+00	0.00000e+00	0.00000e+00	3.20136e-01	2.24516e+01	1.01500e+01	7.02746e+00	1.54242e+01	1.48761e+01	-7.16823e+01	-2.96264e-01	9.75615e+00	5.47754e+00	-4.92000e+00	3.00000e-01	
monocrop	Wed Nov 05 16:59:48 CET 2025	3/2/1997	3	2	1997	34	1997	1.93160e-01	8.89565e+00	6.60000e+01	9.00000e+01	0.00000e+00	0.00000e+00	0.00000e+00	0.00000e+00	0.00000e+00	0.00000e+00	0.00000e+00	0.00000e+00	4.89324e-01	4.88848e+00	2.21000e+00	4.83959e+00	4.88849e-02	1.50775e+01	-9.29266e+00	-2.91218e-01	9.79988e+00	6.58604e+00	-4.98000e+00	0.00000e+00	
monocrop	Wed Nov 05 16:59:48 CET 2025	4/2/1997	4	2	1997	35	1997	-2.37460e+00	1.26566e+01	4.80000e+01	9.10000e+01	0.00000e+00	0.00000e+00	0.00000e+00	0.00000e+00	0.00000e+00	0.00000e+00	0.00000e+00	0.00000e+00	2.94903e-01	2.35355e+01	1.06400e+01	6.94114e+00	1.65943e+01	1.52827e+01	-7.30959e+01	-2.86087e-01	9.84414e+00	6.11791e+00	-5.04000e+00	2.00000e-01	
monocrop	Wed Nov 05 16:59:48 CET 2025	5/2/1997	5	2	1997	36	1997	-3.16468e+00	1.49549e+01	4.20000e+01	9.30000e+01	0.00000e+00	0.00000e+00	0.00000e+00	0.00000e+00	0.00000e+00	0.00000e+00	0.00000e+00	0.00000e+00	7.28866e-01	1.57272e+01	7.11000e+00	9.48894e+00	6.23825e+00	1.54914e+01	-4.64664e+01	-2.80873e-01	9.88890e+00	6.26128e+00	-5.09000e+00	1.30000e+00	
monocrop	Wed Nov 05 16:59:48 CET 2025	6/2/1997	6	2	1997	37	1997	-2.96716e+00	1.59996e+01	2.70000e+01	8.10000e+01	0.00000e+00	0.00000e+00	0.00000e+00	0.00000e+00	0.00000e+00	0.00000e+00	0.00000e+00	0.00000e+00	6.06980e-01	2.58359e+01	1.16800e+01	6.02210e+00	1.98138e+01	1.57036e+01	-8.09938e+01	-2.75579e-01	9.93414e+00	5.22853e+00	-5.14000e+00	8.00000e-01	
monocrop	Wed Nov 05 16:59:48 CET 2025	7/2/1997	7	2	1997	38	1997	-3.26344e+00	1.49549e+01	3.50000e+01	8.90000e+01	0.00000e+00	0.00000e+00	0.00000e+00	0.00000e+00	0.00000e+00	0.00000e+00	0.00000e+00	0.00000e+00	4.68297e-01	2.48627e+01	1.12400e+01	7.01428e+00	1.78484e+01	1.59193e+01	-7.56045e+01	-2.70206e-01	9.97985e+00	5.73147e+00	-5.18000e+00	4.00000e-01	
monocrop	Wed Nov 05 16:59:48 CET 2025	8/2/1997	8	2	1997	39	1997	-4.36000e-03	1.48504e+01	5.30000e+01	9.10000e+01	0.00000e+00	0.00000e+00	0.00000e+00	0.00000e+00	0.00000e+00	0.00000e+00	0.00000e+00	0.00000e+00	4.77913e-01	2.28719e+01	1.03400e+01	8.39573e+00	1.44762e+01	1.61383e+01	-6.87651e+01	-2.64756e-01	1.00260e+01	7.41903e+00	-5.23000e+00	3.00000e-01	
monocrop	Wed Nov 05 16:59:48 CET 2025	9/2/1997	9	2	1997	40	1997	-4.36000e-03	1.43281e+01	5.10000e+01	9.20000e+01	0.00000e+00	0.00000e+00	0.00000e+00	0.00000e+00	0.00000e+00	0.00000e+00	0.00000e+00	0.00000e+00	5.61714e-01	2.27392e+01	1.02800e+01	8.71277e+00	1.40264e+01	1.63606e+01	-6.69385e+01	-2.59232e-01	1.00726e+01	7.23696e+00	-5.27000e+00	6.00000e-01	
monocrop	Wed Nov 05 16:59:48 CET 2025	10/2/1997	10	2	1997	41	1997	-2.67088e+00	7.22413e+00	8.50000e+01	9.30000e+01	0.00000e+00	0.00000e+00	0.00000e+00	0.00000e+00	0.00000e+00	0.00000e+00	0.00000e+00	0.00000e+00	3.83525e-01	6.63594e+00	3.00000e+00	6.40278e+00	2.33163e-01	1.65861e+01	-1.28659e+01	-2.53635e-01	1.01195e+01	6.40262e+00	-5.31000e+00	4.00000e-01	
monocrop	Wed Nov 05 16:59:48 CET 2025	11/2/1997	11	2	1997	42	1997	2.56340e+00	1.58951e+01	5.80000e+01	9.20000e+01	0.00000e+00	0.00000e+00	0.00000e+00	0.00000e+00	0.00000e+00	0.00000e+00	0.00000e+00	0.00000e+00	8.64505e-01	1.63908e+01	7.41000e+00	1.02788e+01	6.11198e+00	1.68147e+01	-4.57362e+01	-2.47968e-01	1.01669e+01	8.73640e+00	-5.34000e+00	1.50000e+00	
monocrop	Wed Nov 05 16:59:48 CET 2025	12/2/1997	12	2	1997	43	1997	9.97040e+00	1.98650e+01	3.90000e+01	8.30000e+01	0.00000e+00	0.00000e+00	0.00000e+00	0.00000e+00	0.00000e+00	0.00000e+00	0.00000e+00	0.00000e+00	1.67432e+00	2.68756e+01	1.21500e+01	7.34794e+00	1.95276e+01	1.70463e+01	-8.47040e+01	-2.42232e-01	1.02146e+01	1.03379e+01	-5.38000e+00	2.40000e+00	
monocrop	Wed Nov 05 16:59:48 CET 2025	13/2/1997	13	2	1997	44	1997	3.94604e+00	1.59996e+01	3.80000e+01	8.50000e+01	0.00000e+00	0.00000e+00	0.00000e+00	0.00000e+00	0.00000e+00	0.00000e+00	0.00000e+00	0.00000e+00	1.79413e+00	1.28737e+01	5.82000e+00	9.81202e+00	3.06172e+00	1.72808e+01	-3.32355e+01	-2.36429e-01	1.02627e+01	7.53092e+00	-5.41000e+00	3.40000e+00	
monocrop	Wed Nov 05 16:59:48 CET 2025	14/2/1997	14	2	1997	45	1997	4.83488e+00	1.86114e+01	5.30000e+01	8.20000e+01	0.00000e+00	0.00000e+00	0.00000e+00	0.00000e+00	0.00000e+00	0.00000e+00	0.00000e+00	0.00000e+00	1.46655e+00	1.24092e+01	5.61000e+00	9.72497e+00	2.68425e+00	1.75182e+01	-3.20313e+01	-2.30562e-01	1.03111e+01	9.28669e+00	-5.44000e+00	2.50000e+00	
monocrop	Wed Nov 05 16:59:48 CET 2025	15/2/1997	15	2	1997	46	1997	6.41504e+00	1.84024e+01	2.80000e+01	8.80000e+01	0.00000e+00	0.00000e+00	0.00000e+00	0.00000e+00	0.00000e+00	0.00000e+00	0.00000e+00	0.00000e+00	1.62770e+00	2.27392e+01	1.02800e+01	1.01746e+01	1.25645e+01	1.77583e+01	-6.51718e+01	-2.24632e-01	1.03598e+01	8.34853e+00	-5.47000e+00	2.20000e+00	
monocrop	Wed Nov 05 16:59:48 CET 2025	16/2/1997	16	2	1997	47	1997	-3.16468e+00	1.47460e+01	1.60000e+01	8.20000e+01	0.00000e+00	0.00000e+00	0.00000e+00	0.00000e+00	0.00000e+00	0.00000e+00	0.00000e+00	0.00000e+00	8.94327e-01	2.99945e+01	1.35600e+01	6.62045e+00	2.33740e+01	1.80010e+01	-8.09373e+01	-2.18642e-01	1.04088e+01	4.51246e+00	-5.50000e+00	8.00000e-01	
monocrop	Wed Nov 05 16:59:48 CET 2025	17/2/1997	17	2	1997	48	1997	-1.48576e+00	1.64175e+01	3.80000e+01	8.80000e+01	0.00000e+00	0.00000e+00	0.00000e+00	0.00000e+00	0.00000e+00	0.00000e+00	0.00000e+00	0.00000e+00	1.02789e+00	2.59908e+01	1.17500e+01	9.43064e+00	1.65601e+01	1.82463e+01	-6.96690e+01	-2.12594e-01	1.04581e+01	6.51069e+00	-5.53000e+00	1.30000e+00	
monocrop	Wed Nov 05 16:59:48 CET 2025	18/2/1997	18	2	1997	49	1997	6.31628e+00	1.67309e+01	4.40000e+01	7.90000e+01	0.00000e+00	0.00000e+00	0.00000e+00	0.00000e+00	0.00000e+00	0.00000e+00	0.00000e+00	0.00000e+00	1.69201e+00	1.50194e+01	6.79000e+00	1.08547e+01	4.16467e+00	1.84941e+01	-3.75626e+01	-2.06488e-01	1.05077e+01	8.35028e+00	-5.55000e+00	2.50000e+00	
monocrop	Wed Nov 05 16:59:48 CET 2025	19/2/1997	19	2	1997	50	1997	1.77332e+00	1.73577e+01	2.60000e+01	8.60000e+01	0.00000e+00	0.00000e+00	0.00000e+00	0.00000e+00	0.00000e+00	0.00000e+00	0.00000e+00	0.00000e+00	1.17096e+00	2.91982e+01	1.32000e+01	8.30748e+00	2.08907e+01	1.87443e+01	-7.87216e+01	-2.00329e-01	1.05575e+01	6.67251e+00	-5.58000e+00	1.00000e+00	
monocrop	Wed Nov 05 16:59:48 CET 2025	20/2/1997	20	2	1997	51	1997	1.18076e+00	1.98650e+01	3.10000e+01	8.60000e+01	0.00000e+00	0.00000e+00	0.00000e+00	0.00000e+00	0.00000e+00	0.00000e+00	0.00000e+00	0.00000e+00	1.38338e+00	3.10783e+01	1.40500e+01	7.41274e+00	2.36656e+01	1.89967e+01	-8.48720e+01	-1.94116e-01	1.06076e+01	7.43193e+00	-5.60000e+00	1.50000e+00	
monocrop	Wed Nov 05 16:59:48 CET 2025	21/2/1997	21	2	1997	52	1997	-1.28824e+00	1.89248e+01	3.10000e+01	8.80000e+01	0.00000e+00	0.00000e+00	0.00000e+00	0.00000e+00	0.00000e+00	0.00000e+00	0.00000e+00	0.00000e+00	9.51352e-01	3.05032e+01	1.37900e+01	8.19902e+00	2.23042e+01	1.92513e+01	-8.03144e+01	-1.87854e-01	1.06579e+01	6.74120e+00	-5.62000e+00	3.00000e-01	
monocrop	Wed Nov 05 16:59:48 CET 2025	22/2/1997	22	2	1997	53	1997	-4.98160e-01	1.47460e+01	5.60000e+01	9.00000e+01	0.00000e+00	0.00000e+00	0.00000e+00	0.00000e+00	0.00000e+00	0.00000e+00	0.00000e+00	0.00000e+00	8.79710e-01	2.22304e+01	1.00500e+01	1.17883e+01	1.04422e+01	1.95080e+01	-5.34797e+01	-1.81543e-01	1.07084e+01	7.36959e+00	-5.64000e+00	7.00000e-01	
monocrop	Wed Nov 05 16:59:48 CET 2025	23/2/1997	23	2	1997	54	1997	5.62496e+00	1.26566e+01	7.40000e+01	8.90000e+01	0.00000e+00	0.00000e+00	0.00000e+00	0.00000e+00	0.00000e+00	0.00000e+00	0.00000e+00	0.00000e+00	7.34988e-01	8.16221e+00	3.69000e+00	7.81385e+00	3.48365e-01	1.97668e+01	-1.44552e+01	-1.75185e-01	1.07591e+01	9.43707e+00	-5.67000e+00	5.00000e-01	
monocrop	Wed Nov 05 16:59:48 CET 2025	24/2/1997	24	2	1997	55	1997	7.99520e+00	1.42236e+01	7.30000e+01	9.10000e+01	0.00000e+00	0.00000e+00	0.00000e+00	0.00000e+00	0.00000e+00	0.00000e+00	0.00000e+00	0.00000e+00	9.08689e-01	1.74525e+01	7.89000e+00	1.20047e+01	5.44780e+00	2.00274e+01	-4.02713e+01	-1.68783e-01	1.08100e+01	1.08321e+01	-5.69000e+00	6.00000e-01	
monocrop	Wed Nov 05 16:59:48 CET 2025	25/2/1997	25	2	1997	56	1997	8.88404e+00	1.46415e+01	7.50000e+01	9.30000e+01	0.00000e+00	0.00000e+00	0.00000e+00	0.00000e+00	0.00000e+00	0.00000e+00	0.00000e+00	0.00000e+00	7.81267e-01	1.12811e+01	5.10000e+00	9.85105e+00	1.43006e+00	2.02898e+01	-2.28630e+01	-1.62338e-01	1.08611e+01	1.15871e+01	-5.71000e+00	2.00000e-01	
monocrop	Wed Nov 05 16:59:48 CET 2025	26/2/1997	26	2	1997	57	1997	3.45224e+00	1.86114e+01	4.00000e+01	9.50000e+01	0.00000e+00	0.00000e+00	0.00000e+00	0.00000e+00	0.00000e+00	0.00000e+00	0.00000e+00	0.00000e+00	1.79993e+00	2.25622e+01	1.02000e+01	1.25190e+01	1.00432e+01	2.05539e+01	-5.39794e+01	-1.55853e-01	1.09123e+01	8.87085e+00	-5.72000e+00	3.00000e+00	
monocrop	Wed Nov 05 16:59:48 CET 2025	27/2/1997	27	2	1997	58	1997	4.14356e+00	1.73577e+01	2.40000e+01	7.00000e+01	0.00000e+00	0.00000e+00	0.00000e+00	0.00000e+00	0.00000e+00	0.00000e+00	0.00000e+00	0.00000e+00	1.79363e+00	3.42415e+01	1.54800e+01	7.99226e+00	2.62492e+01	2.08196e+01	-8.43679e+01	-1.49329e-01	1.09637e+01	6.06229e+00	-5.74000e+00	1.50000e+00	
monocrop	Wed Nov 05 16:59:48 CET 2025	28/2/1997	28	2	1997	59	1997	-1.18948e+00	1.80890e+01	1.90000e+01	8.40000e+01	0.00000e+00	0.00000e+00	0.00000e+00	0.00000e+00	0.00000e+00	0.00000e+00	0.00000e+00	0.00000e+00	1.37925e+00	3.42636e+01	1.54900e+01	8.39599e+00	2.58676e+01	2.10868e+01	-8.18499e+01	-1.42768e-01	1.10153e+01	5.69100e+00	-5.76000e+00	8.00000e-01	
monocrop	Wed Nov 05 16:59:48 CET 2025	1/3/1997	1	3	1997	60	1997	-1.68328e+00	1.69398e+01	2.40000e+01	8.90000e+01	0.00000e+00	0.00000e+00	0.00000e+00	0.00000e+00	0.00000e+00	0.00000e+00	0.00000e+00	0.00000e+00	1.21535e+00	2.95742e+01	1.33700e+01	1.14188e+01	1.81554e+01	2.13554e+01	-6.76503e+01	-1.36173e-01	1.10669e+01	5.90409e+00	-5.78000e+00	5.00000e-01	
monocrop	Wed Nov 05 16:59:48 CET 2025	2/3/1997	2	3	1997	61	1997	4.63736e+00	1.68354e+01	4.90000e+01	9.20000e+01	0.00000e+00	0.00000e+00	0.00000e+00	0.00000e+00	0.00000e+00	0.00000e+00	0.00000e+00	0.00000e+00	1.27379e+00	3.07687e+01	1.39100e+01	1.11938e+01	1.95749e+01	2.16253e+01	-7.16308e+01	-1.29544e-01	1.11188e+01	9.08479e+00	-5.79000e+00	4.00000e-01	
monocrop	Wed Nov 05 16:59:48 CET 2025	3/3/1997	3	3	1997	62	1997	2.36588e+00	2.46706e+01	3.20000e+01	9.30000e+01	0.00000e+00	0.00000e+00	0.00000e+00	0.00000e+00	0.00000e+00	0.00000e+00	0.00000e+00	0.00000e+00	1.60108e+00	3.13217e+01	1.41600e+01	1.12544e+01	2.00673e+01	2.18965e+01	-7.67207e+01	-1.22885e-01	1.11707e+01	9.67380e+00	-5.81000e+00	6.00000e-01	
monocrop	Wed Nov 05 16:59:48 CET 2025	4/3/1997	4	3	1997	63	1997	1.77332e+00	1.98650e+01	4.70000e+01	9.30000e+01	0.00000e+00	0.00000e+00	0.00000e+00	0.00000e+00	0.00000e+00	0.00000e+00	0.00000e+00	0.00000e+00	1.42714e+00	3.22507e+01	1.45800e+01	1.11269e+01	2.11238e+01	2.21687e+01	-7.45631e+01	-1.16197e-01	1.12227e+01	9.07022e+00	-5.82000e+00	7.00000e-01	
monocrop	Wed Nov 05 16:59:48 CET 2025	5/3/1997	5	3	1997	64	1997	9.27908e+00	2.21633e+01	4.20000e+01	8.90000e+01	0.00000e+00	0.00000e+00	0.00000e+00	0.00000e+00	0.00000e+00	0.00000e+00	0.00000e+00	0.00000e+00	1.84423e+00	2.76719e+01	1.25100e+01	1.31534e+01	1.45185e+01	2.24420e+01	-6.53052e+01	-1.09482e-01	1.12748e+01	1.16887e+01	-5.84000e+00	1.00000e+00	
monocrop	Wed Nov 05 16:59:48 CET 2025	6/3/1997	6	3	1997	65	1997	3.35348e+00	2.22678e+01	3.60000e+01	8.40000e+01	0.00000e+00	0.00000e+00	0.00000e+00	0.00000e+00	0.00000e+00	0.00000e+00	0.00000e+00	0.00000e+00	1.74566e+00	3.49714e+01	1.58100e+01	1.03246e+01	2.46469e+01	2.27162e+01	-8.17464e+01	-1.02741e-01	1.13270e+01	8.86724e+00	-5.85000e+00	7.00000e-01	
monocrop	Wed Nov 05 16:59:48 CET 2025	7/3/1997	7	3	1997	66	1997	-1.03120e-01	2.05963e+01	2.90000e+01	8.90000e+01	0.00000e+00	0.00000e+00	0.00000e+00	0.00000e+00	0.00000e+00	0.00000e+00	0.00000e+00	0.00000e+00	1.62236e+00	3.57235e+01	1.61500e+01	1.02465e+01	2.54770e+01	2.29913e+01	-8.00501e+01	-9.59776e-02	1.13793e+01	7.35840e+00	-5.87000e+00	7.00000e-01	
monocrop	Wed Nov 05 16:59:48 CET 2025	8/3/1997	8	3	1997	67	1997	5.88200e-01	2.11186e+01	3.30000e+01	9.00000e+01	0.00000e+00	0.00000e+00	0.00000e+00	0.00000e+00	0.00000e+00	0.00000e+00	0.00000e+00	0.00000e+00	1.61602e+00	3.61217e+01	1.63300e+01	1.03884e+01	2.57333e+01	2.32670e+01	-8.06003e+01	-8.91925e-02	1.14317e+01	7.98703e+00	-5.88000e+00	5.00000e-01	
monocrop	Wed Nov 05 16:59:48 CET 2025	9/3/1997	9	3	1997	68	1997	3.90680e-01	1.84024e+01	2.80000e+01	9.20000e+01	0.00000e+00	0.00000e+00	0.00000e+00	0.00000e+00	0.00000e+00	0.00000e+00	0.00000e+00	0.00000e+00	1.64496e+00	3.55023e+01	1.60500e+01	1.11394e+01	2.43629e+01	2.35434e+01	-7.60062e+01	-8.23877e-02	1.14841e+01	7.06832e+00	-5.89000e+00	8.00000e-01	
monocrop	Wed Nov 05 16:59:48 CET 2025	10/3/1997	10	3	1997	69	1997	-1.38700e+00	2.12231e+01	2.10000e+01	8.70000e+01	0.00000e+00	0.00000e+00	0.00000e+00	0.00000e+00	0.00000e+00	0.00000e+00	0.00000e+00	0.00000e+00	1.74951e+00	3.72498e+01	1.68400e+01	1.04655e+01	2.67843e+01	2.38204e+01	-8.05728e+01	-7.55652e-02	1.15366e+01	6.58829e+00	-5.90000e+00	7.00000e-01	
monocrop	Wed Nov 05 16:59:48 CET 2025	11/3/1997	11	3	1997	70	1997	8.84480e-01	2.13276e+01	2.10000e+01	8.00000e+01	0.00000e+00	0.00000e+00	0.00000e+00	0.00000e+00	0.00000e+00	0.00000e+00	0.00000e+00	0.00000e+00	1.96516e+00	3.74267e+01	1.69200e+01	1.07497e+01	2.66771e+01	2.40978e+01	-8.08528e+01	-6.87269e-02	1.15892e+01	6.66952e+00	-5.92000e+00	9.00000e-01	
monocrop	Wed Nov 05 16:59:48 CET 2025	12/3/1997	12	3	1997	71	1997	9.83240e-01	1.80890e+01	3.20000e+01	9.00000e+01	0.00000e+00	0.00000e+00	0.00000e+00	0.00000e+00	0.00000e+00	0.00000e+00	0.00000e+00	0.00000e+00	1.74609e+00	3.68074e+01	1.66400e+01	1.15042e+01	2.53032e+01	2.43755e+01	-7.60640e+01	-6.18745e-02	1.16418e+01	7.25392e+00	-5.93000e+00	8.00000e-01	
monocrop	Wed Nov 05 16:59:48 CET 2025	13/3/1997	13	3	1997	72	1997	-1.03120e-01	2.48796e+01	1.90000e+01	9.10000e+01	0.00000e+00	0.00000e+00	0.00000e+00	0.00000e+00	0.00000e+00	0.00000e+00	0.00000e+00	0.00000e+00	1.94855e+00	3.84885e+01	1.74000e+01	1.08724e+01	2.76161e+01	2.46535e+01	-8.36188e+01	-5.50100e-02	1.16944e+01	7.90604e+00	-5.94000e+00	5.00000e-01	
monocrop	Wed Nov 05 16:59:48 CET 2025	14/3/1997	14	3	1997	73	1997	7.85720e-01	1.99695e+01	2.80000e+01	8.70000e+01	0.00000e+00	0.00000e+00	0.00000e+00	0.00000e+00	0.00000e+00	0.00000e+00	0.00000e+00	0.00000e+00	2.63051e+00	3.98599e+01	1.80200e+01	1.03792e+01	2.94807e+01	2.49317e+01	-8.23510e+01	-4.81351e-02	1.17470e+01	7.23438e+00	-5.95000e+00	2.90000e+00	
monocrop	Wed Nov 05 16:59:48 CET 2025	15/3/1997	15	3	1997	74	1997	4.04480e+00	2.27902e+01	2.60000e+01	6.10000e+01	0.00000e+00	0.00000e+00	0.00000e+00	0.00000e+00	0.00000e+00	0.00000e+00	0.00000e+00	0.00000e+00	2.40756e+00	4.05677e+01	1.83400e+01	1.03148e+01	3.02530e+01	2.52099e+01	-8.63941e+01	-4.12516e-02	1.17997e+01	6.68888e+00	-5.96000e+00	1.00000e+00	
monocrop	Wed Nov 05 16:59:48 CET 2025	16/3/1997	16	3	1997	75	1997	4.43984e+00	2.41483e+01	3.10000e+01	8.00000e+01	0.00000e+00	0.00000e+00	0.00000e+00	0.00000e+00	0.00000e+00	0.00000e+00	0.00000e+00	0.00000e+00	2.34235e+00	4.06783e+01	1.83900e+01	1.06591e+01	3.00193e+01	2.54881e+01	-8.68214e+01	-3.43614e-02	1.18524e+01	9.03437e+00	-5.97000e+00	8.00000e-01	
monocrop	Wed Nov 05 16:59:48 CET 2025	17/3/1997	17	3	1997	76	1997	2.36588e+00	2.80137e+01	1.90000e+01	9.00000e+01	0.00000e+00	0.00000e+00	0.00000e+00	0.00000e+00	0.00000e+00	0.00000e+00	0.00000e+00	0.00000e+00	2.33093e+00	4.05014e+01	1.83100e+01	1.11862e+01	2.93152e+01	2.57662e+01	-8.75854e+01	-2.74663e-02	1.19051e+01	9.39956e+00	-5.98000e+00	5.00000e-01	
monocrop	Wed Nov 05 16:59:48 CET 2025	18/3/1997	18	3	1997	77	1997	1.77332e+00	2.83271e+01	1.60000e+01	8.20000e+01	0.00000e+00	0.00000e+00	0.00000e+00	0.00000e+00	0.00000e+00	0.00000e+00	0.00000e+00	0.00000e+00	3.02036e+00	4.11429e+01	1.86000e+01	1.11734e+01	2.99695e+01	2.60441e+01	-8.80632e+01	-2.05680e-02	1.19578e+01	8.37542e+00	-5.99000e+00	1.90000e+00	
monocrop	Wed Nov 05 16:59:48 CET 2025	19/3/1997	19	3	1997	78	1997	1.10568e+01	1.70443e+01	3.00000e+01	6.10000e+01	0.00000e+00	0.00000e+00	0.00000e+00	0.00000e+00	0.00000e+00	0.00000e+00	0.00000e+00	0.00000e+00	3.64044e+00	3.22065e+01	1.45600e+01	1.54880e+01	1.67184e+01	2.63217e+01	-6.22069e+01	-1.36683e-02	1.20105e+01	7.29055e+00	-6.00000e+00	3.60000e+00	
monocrop	Wed Nov 05 16:59:48 CET 2025	20/3/1997	20	3	1997	79	1997	4.14356e+00	1.84024e+01	2.40000e+01	8.20000e+01	0.00000e+00	0.00000e+00	0.00000e+00	0.00000e+00	0.00000e+00	0.00000e+00	0.00000e+00	0.00000e+00	2.51929e+00	4.37972e+01	1.98000e+01	1.01738e+01	3.36235e+01	2.65989e+01	-8.50620e+01	-6.76899e-03	1.20632e+01	7.07768e+00	-6.01000e+00	1.40000e+00	
monocrop	Wed Nov 05 16:59:48 CET 2025	21/3/1997	21	3	1997	80	1997	-3.75724e+00	2.12231e+01	1.60000e+01	9.40000e+01	0.00000e+00	0.00000e+00	0.00000e+00	0.00000e+00	0.00000e+00	0.00000e+00	0.00000e+00	0.00000e+00	2.11951e+00	4.26470e+01	1.92800e+01	1.14043e+01	3.12427e+01	2.68757e+01	-8.07858e+01	1.28135e-04	1.21159e+01	6.19549e+00	-6.02000e+00	9.00000e-01	
monocrop	Wed Nov 05 16:59:48 CET 2025	22/3/1997	22	3	1997	81	1997	-4.98160e-01	2.01784e+01	1.90000e+01	8.60000e+01	0.00000e+00	0.00000e+00	0.00000e+00	0.00000e+00	0.00000e+00	0.00000e+00	0.00000e+00	0.00000e+00	2.30151e+00	4.32000e+01	1.95300e+01	1.14449e+01	3.17551e+01	2.71519e+01	-8.14539e+01	7.02133e-03	1.21686e+01	6.37190e+00	-6.03000e+00	1.00000e+00	
monocrop	Wed Nov 05 16:59:48 CET 2025	23/3/1997	23	3	1997	82	1997	-1.18948e+00	1.68354e+01	3.70000e+01	9.60000e+01	0.00000e+00	0.00000e+00	0.00000e+00	0.00000e+00	0.00000e+00	0.00000e+00	0.00000e+00	0.00000e+00	2.00450e+00	3.83336e+01	1.73300e+01	1.45131e+01	2.38206e+01	2.74275e+01	-6.81613e+01	1.39089e-02	1.22213e+01	7.04196e+00	-6.04000e+00	1.40000e+00	
monocrop	Wed Nov 05 16:59:48 CET 2025	24/3/1997	24	3	1997	83	1997	8.88404e+00	2.04918e+01	2.70000e+01	8.30000e+01	0.00000e+00	0.00000e+00	0.00000e+00	0.00000e+00	0.00000e+00	0.00000e+00	0.00000e+00	0.00000e+00	2.78519e+00	3.56571e+01	1.61200e+01	1.58151e+01	1.98421e+01	2.77024e+01	-6.72785e+01	2.07889e-02	1.22739e+01	9.18394e+00	-6.05000e+00	1.60000e+00	
monocrop	Wed Nov 05 16:59:48 CET 2025	25/3/1997	25	3	1997	84	1997	6.86960e-01	2.17455e+01	2.60000e+01	9.50000e+01	0.00000e+00	0.00000e+00	0.00000e+00	0.00000e+00	0.00000e+00	0.00000e+00	0.00000e+00	0.00000e+00	2.17861e+00	3.78028e+01	1.70900e+01	1.53429e+01	2.24598e+01	2.79765e+01	-6.92152e+01	2.76599e-02	1.23265e+01	8.04887e+00	-6.06000e+00	7.00000e-01	
monocrop	Wed Nov 05 16:59:48 CET 2025	26/3/1997	26	3	1997	85	1997	5.88200e-01	2.05963e+01	2.50000e+01	9.00000e+01	0.00000e+00	0.00000e+00	0.00000e+00	0.00000e+00	0.00000e+00	0.00000e+00	0.00000e+00	0.00000e+00	2.42667e+00	4.49917e+01	2.03400e+01	1.18773e+01	3.31144e+01	2.82496e+01	-8.22069e+01	3.45199e-02	1.23790e+01	7.33876e+00	-6.06000e+00	9.00000e-01	
monocrop	Wed Nov 05 16:59:48 CET 2025	27/3/1997	27	3	1997	86	1997	1.77332e+00	2.31036e+01	3.00000e+01	9.90000e+01	0.00000e+00	0.00000e+00	0.00000e+00	0.00000e+00	0.00000e+00	0.00000e+00	0.00000e+00	0.00000e+00	2.50233e+00	4.43945e+01	2.00700e+01	1.26626e+01	3.17319e+01	2.85219e+01	-8.24395e+01	4.13673e-02	1.24315e+01	9.30229e+00	-6.07000e+00	8.00000e-01	
monocrop	Wed Nov 05 16:59:48 CET 2025	28/3/1997	28	3	1997	87	1997	4.53860e+00	2.65511e+01	2.80000e+01	9.90000e+01	0.00000e+00	0.00000e+00	0.00000e+00	0.00000e+00	0.00000e+00	0.00000e+00	0.00000e+00	0.00000e+00	3.15570e+00	4.60977e+01	2.08400e+01	1.19429e+01	3.41548e+01	2.87930e+01	-8.88600e+01	4.82004e-02	1.24839e+01	1.12044e+01	-6.08000e+00	1.60000e+00	
monocrop	Wed Nov 05 16:59:48 CET 2025	29/3/1997	29	3	1997	88	1997	-1.48576e+00	1.86114e+01	1.60000e+01	5.70000e+01	0.00000e+00	0.00000e+00	0.00000e+00	0.00000e+00	0.00000e+00	0.00000e+00	0.00000e+00	0.00000e+00	2.74476e+00	4.77788e+01	2.16000e+01	1.11719e+01	3.66069e+01	2.90631e+01	-8.27222e+01	5.50175e-02	1.25363e+01	4.06446e+00	-6.09000e+00	1.30000e+00	
monocrop	Wed Nov 05 16:59:48 CET 2025	30/3/1997	30	3	1997	89	1997	3.05720e+00	2.01784e+01	1.90000e+01	4.30000e+01	0.00000e+00	0.00000e+00	0.00000e+00	0.00000e+00	0.00000e+00	0.00000e+00	0.00000e+00	0.00000e+00	3.20269e+00	4.79336e+01	2.16700e+01	1.14839e+01	3.64497e+01	2.93319e+01	-8.51724e+01	6.18167e-02	1.25886e+01	4.23541e+00	-6.10000e+00	1.50000e+00	
monocrop	Wed Nov 05 16:59:48 CET 2025	31/3/1997	31	3	1997	90	1997	2.06960e+00	1.75667e+01	2.70000e+01	9.60000e+01	0.00000e+00	0.00000e+00	0.00000e+00	0.00000e+00	0.00000e+00	0.00000e+00	0.00000e+00	0.00000e+00	2.56881e+00	4.76240e+01	2.15300e+01	1.21160e+01	3.55080e+01	2.95995e+01	-8.13519e+01	6.85966e-02	1.26408e+01	7.45322e+00	-6.10000e+00	1.10000e+00	
monocrop	Wed Nov 05 16:59:48 CET 2025	1/4/1997	1	4	1997	91	1997	3.90680e-01	2.02829e+01	1.80000e+01	9.90000e+01	0.00000e+00	0.00000e+00	0.00000e+00	0.00000e+00	0.00000e+00	0.00000e+00	0.00000e+00	0.00000e+00	2.58501e+00	4.79115e+01	2.16600e+01	1.23219e+01	3.55896e+01	2.98657e+01	-8.24510e+01	7.53552e-02	1.26930e+01	7.34016e+00	-6.11000e+00	8.00000e-01	
monocrop	Wed Nov 05 16:59:48 CET 2025	2/4/1997	2	4	1997	92	1997	1.87208e+00	1.81935e+01	4.00000e+01	9.90000e+01	0.00000e+00	0.00000e+00	0.00000e+00	0.00000e+00	0.00000e+00	0.00000e+00	0.00000e+00	0.00000e+00	2.28393e+00	4.08774e+01	1.84800e+01	1.64601e+01	2.44174e+01	3.01305e+01	-6.76007e+01	8.20910e-02	1.27451e+01	8.54481e+00	-6.12000e+00	9.00000e-01	
monocrop	Wed Nov 05 16:59:48 CET 2025	3/4/1997	3	4	1997	93	1997	2.26712e+00	2.64466e+01	1.60000e+01	9.90000e+01	2.00000e-01	2.00000e-01	0.00000e+00	0.00000e+00	0.00000e+00	0.00000e+00	0.00000e+00	2.00000e-01	3.08956e+00	4.65401e+01	2.10400e+01	1.39657e+01	3.25744e+01	3.03938e+01	-8.34876e+01	8.88023e-02	1.27970e+01	9.39808e+00	-6.12000e+00	1.10000e+00	
monocrop	Wed Nov 05 16:59:48 CET 2025	4/4/1997	4	4	1997	94	1997	3.84728e+00	2.10142e+01	2.10000e+01	6.10000e+01	0.00000e+00	0.00000e+00	0.00000e+00	0.00000e+00	0.00000e+00	0.00000e+00	0.00000e+00	0.00000e+00	3.06791e+00	4.58323e+01	2.07200e+01	1.47274e+01	3.11048e+01	3.06555e+01	-7.79959e+01	9.54873e-02	1.28489e+01	5.91008e+00	-6.13000e+00	1.10000e+00	
monocrop	Wed Nov 05 16:59:48 CET 2025	5/4/1997	5	4	1997	95	1997	9.83240e-01	2.36259e+01	1.50000e+01	4.90000e+01	0.00000e+00	0.00000e+00	0.00000e+00	0.00000e+00	0.00000e+00	0.00000e+00	0.00000e+00	0.00000e+00	3.18947e+00	4.73806e+01	2.14200e+01	1.41805e+01	3.32001e+01	3.09156e+01	-8.09528e+01	1.02144e-01	1.29007e+01	4.57465e+00	-6.14000e+00	1.10000e+00	
monocrop	Wed Nov 05 16:59:48 CET 2025	6/4/1997	6	4	1997	96	1997	2.56340e+00	2.48796e+01	2.80000e+01	6.00000e+01	0.00000e+00	0.00000e+00	0.00000e+00	0.00000e+00	0.00000e+00	0.00000e+00	0.00000e+00	0.00000e+00	3.52220e+00	4.99908e+01	2.26000e+01	1.28750e+01	3.71158e+01	3.11740e+01	-8.67107e+01	1.08772e-01	1.29524e+01	6.90107e+00	-6.14000e+00	1.50000e+00	
monocrop	Wed Nov 05 16:59:48 CET 2025	7/4/1997	7	4	1997	97	1997	1.07605e+01	2.16410e+01	2.20000e+01	8.30000e+01	0.00000e+00	0.00000e+00	0.00000e+00	0.00000e+00	0.00000e+00	0.00000e+00	0.00000e+00	0.00000e+00	3.58243e+00	4.48590e+01	2.02800e+01	1.62030e+01	2.86560e+01	3.14306e+01	-7.69157e+01	1.15368e-01	1.30039e+01	9.66044e+00	-6.15000e+00	1.60000e+00	
monocrop	Wed Nov 05 16:59:48 CET 2025	8/4/1997	8	4	1997	98	1997	2.36588e+00	1.71488e+01	5.10000e+01	9.80000e+01	0.00000e+00	0.00000e+00	0.00000e+00	0.00000e+00	0.00000e+00	0.00000e+00	0.00000e+00	0.00000e+00	2.41418e+00	4.20276e+01	1.90000e+01	1.76709e+01	2.43568e+01	3.16853e+01	-6.53813e+01	1.21932e-01	1.30553e+01	8.99193e+00	-6.16000e+00	1.30000e+00	
monocrop	Wed Nov 05 16:59:48 CET 2025	9/4/1997	9	4	1997	99	1997	2.14700e+00	1.64800e+01	3.70000e+01	9.90000e+01	0.00000e+00	0.00000e+00	0.00000e+00	0.00000e+00	0.00000e+00	0.00000e+00	0.00000e+00	0.00000e+00	2.64212e+00	4.88184e+01	2.20700e+01	1.47270e+01	3.40914e+01	3.19381e+01	-7.60394e+01	1.28461e-01	1.31066e+01	7.96608e+00	-6.16000e+00	1.00000e+00	
monocrop	Wed Nov 05 16:59:48 CET 2025	10/4/1997	10	4	1997	100	1997	-8.26000e-01	2.10500e+01	3.10000e+01	9.90000e+01	0.00000e+00	0.00000e+00	0.00000e+00	0.00000e+00	0.00000e+00	0.00000e+00	0.00000e+00	0.00000e+00	2.93394e+00	5.20922e+01	2.35500e+01	1.29656e+01	3.91265e+01	3.21890e+01	-8.31813e+01	1.34953e-01	1.31577e+01	8.03405e+00	-6.17000e+00	1.20000e+00	
monocrop	Wed Nov 05 16:59:48 CET 2025	11/4/1997	11	4	1997	101	1997	1.67800e+00	2.35700e+01	2.60000e+01	9.90000e+01	0.00000e+00	0.00000e+00	0.00000e+00	0.00000e+00	0.00000e+00	0.00000e+00	0.00000e+00	0.00000e+00	3.10208e+00	5.14065e+01	2.32400e+01	1.38086e+01	3.75978e+01	3.24378e+01	-8.41363e+01	1.41408e-01	1.32087e+01	9.12435e+00	-6.17000e+00	8.00000e-01	
monocrop	Wed Nov 05 16:59:48 CET 2025	12/4/1997	12	4	1997	102	1997	5.90400e+00	2.25600e+01	1.60000e+01	5.30000e+01	0.00000e+00	0.00000e+00	0.00000e+00	0.00000e+00	0.00000e+00	0.00000e+00	0.00000e+00	0.00000e+00	3.95762e+00	5.47687e+01	2.47600e+01	1.17857e+01	4.29830e+01	3.26845e+01	-9.04822e+01	1.47823e-01	1.32595e+01	5.59343e+00	-6.18000e+00	1.50000e+00	
monocrop	Wed Nov 05 16:59:48 CET 2025	13/4/1997	13	4	1997	103	1997	5.57000e-01	2.15600e+01	1.70000e+01	7.00000e+01	0.00000e+00	0.00000e+00	0.00000e+00	0.00000e+00	0.00000e+00	0.00000e+00	0.00000e+00	0.00000e+00	3.36556e+00	5.47908e+01	2.47700e+01	1.21695e+01	4.26213e+01	3.29290e+01	-8.66839e+01	1.54197e-01	1.33102e+01	5.72692e+00	-6.18000e+00	1.10000e+00	
monocrop	Wed Nov 05 16:59:48 CET 2025	14/4/1997	14	4	1997	104	1997	-4.31000e-01	2.28000e+01	2.30000e+01	8.90000e+01	0.00000e+00	0.00000e+00	0.00000e+00	0.00000e+00	0.00000e+00	0.00000e+00	0.00000e+00	0.00000e+00	3.24100e+00	5.34415e+01	2.41600e+01	1.35291e+01	3.99123e+01	3.31713e+01	-8.41684e+01	1.60529e-01	1.33606e+01	7.43453e+00	-6.19000e+00	1.10000e+00	
monocrop	Wed Nov 05 16:59:48 CET 2025	15/4/1997	15	4	1997	105	1997	1.47200e+00	2.45100e+01	1.80000e+01	9.60000e+01	0.00000e+00	0.00000e+00	0.00000e+00	0.00000e+00	0.00000e+00	0.00000e+00	0.00000e+00	0.00000e+00	3.41733e+00	5.35963e+01	2.42300e+01	1.37869e+01	3.98094e+01	3.34114e+01	-8.58275e+01	1.66815e-01	1.34109e+01	8.52394e+00	-6.20000e+00	1.00000e+00	
monocrop	Wed Nov 05 16:59:48 CET 2025	16/4/1997	16	4	1997	106	1997	1.19700e+00	2.34100e+01	1.60000e+01	4.70000e+01	0.00000e+00	0.00000e+00	0.00000e+00	0.00000e+00	0.00000e+00	0.00000e+00	0.00000e+00	0.00000e+00	3.98904e+00	5.71797e+01	2.58500e+01	1.15108e+01	4.56690e+01	3.36490e+01	-9.04181e+01	1.73056e-01	1.34610e+01	4.50285e+00	-6.20000e+00	1.60000e+00	
monocrop	Wed Nov 05 16:59:48 CET 2025	17/4/1997	17	4	1997	107	1997	3.98900e+00	1.35200e+01	2.60000e+01	9.80000e+01	1.80000e+00	1.80000e+00	0.00000e+00	0.00000e+00	0.00000e+00	0.00000e+00	0.00000e+00	1.80000e+00	2.04954e+00	2.31594e+01	1.04700e+01	1.84884e+01	4.67103e+00	3.38843e+01	-2.90141e+01	1.79249e-01	1.35109e+01	6.99421e+00	-6.21000e+00	1.40000e+00	
monocrop	Wed Nov 05 16:59:48 CET 2025	18/4/1997	18	4	1997	108	1997	1.35000e+00	1.64000e+01	2.50000e+01	9.90000e+01	2.00000e-01	2.00000e-01	0.00000e+00	0.00000e+00	0.00000e+00	0.00000e+00	0.00000e+00	2.00000e-01	2.88892e+00	5.08756e+01	2.30000e+01	1.64637e+01	3.44118e+01	3.41171e+01	-7.35432e+01	1.85393e-01	1.35605e+01	7.05143e+00	-6.21000e+00	1.00000e+00	
monocrop	Wed Nov 05 16:59:48 CET 2025	19/4/1997	19	4	1997	109	1997	6.11000e+00	1.26000e+01	4.80000e+01	9.90000e+01	9.60000e+00	9.60000e+00	0.00000e+00	0.00000e+00	0.00000e+00	0.00000e+00	0.00000e+00	9.60000e+00	1.21245e+00	9.86544e+00	4.46000e+00	9.76678e+00	9.86547e-02	3.43475e+01	-7.63261e+00	1.91486e-01	1.36100e+01	8.63450e+00	-6.22000e+00	6.00000e-01	
monocrop	Wed Nov 05 16:59:48 CET 2025	20/4/1997	20	4	1997	110	1997	6.82100e+00	1.75000e+01	2.60000e+01	9.90000e+01	6.00000e-01	6.00000e-01	0.00000e+00	0.00000e+00	0.00000e+00	0.00000e+00	0.00000e+00	6.00000e-01	3.35402e+00	4.71373e+01	2.13100e+01	1.87965e+01	2.83408e+01	3.45752e+01	-6.90147e+01	1.97526e-01	1.36592e+01	8.85052e+00	-6.22000e+00	1.80000e+00	
monocrop	Wed Nov 05 16:59:48 CET 2025	21/4/1997	21	4	1997	111	1997	1.55300e+00	1.98400e+01	1.50000e+01	3.60000e+01	0.00000e+00	0.00000e+00	0.00000e+00	0.00000e+00	0.00000e+00	0.00000e+00	0.00000e+00	0.00000e+00	3.99272e+00	6.02986e+01	2.72600e+01	1.09549e+01	4.93438e+01	3.48004e+01	-8.95320e+01	2.03512e-01	1.37081e+01	3.27727e+00	-6.23000e+00	1.50000e+00	
monocrop	Wed Nov 05 16:59:48 CET 2025	22/4/1997	22	4	1997	112	1997	-1.55100e+00	2.06900e+01	1.60000e+01	6.30000e+01	0.00000e+00	0.00000e+00	0.00000e+00	0.00000e+00	0.00000e+00	0.00000e+00	0.00000e+00	0.00000e+00	3.55694e+00	5.93253e+01	2.68200e+01	1.21307e+01	4.71946e+01	3.50228e+01	-8.66343e+01	2.09442e-01	1.37568e+01	4.70776e+00	-6.23000e+00	1.10000e+00	
monocrop	Wed Nov 05 16:59:48 CET 2025	23/4/1997	23	4	1997	113	1997	1.48900e+00	1.97700e+01	1.50000e+01	9.80000e+01	0.00000e+00	0.00000e+00	0.00000e+00	0.00000e+00	0.00000e+00	0.00000e+00	0.00000e+00	0.00000e+00	3.56084e+00	5.88166e+01	2.65900e+01	1.28908e+01	4.59258e+01	3.52426e+01	-8.58127e+01	2.15315e-01	1.38052e+01	7.22906e+00	-6.23000e+00	1.20000e+00	
monocrop	Wed Nov 05 16:59:48 CET 2025	24/4/1997	24	4	1997	114	1997	1.09500e+00	1.79300e+01	4.80000e+01	9.90000e+01	0.00000e+00	0.00000e+00	0.00000e+00	0.00000e+00	0.00000e+00	0.00000e+00	0.00000e+00	0.00000e+00	3.06011e+00	5.49899e+01	2.48600e+01	1.58698e+01	3.91201e+01	3.54595e+01	-7.76898e+01	2.21129e-01	1.38533e+01	8.72650e+00	-6.24000e+00	1.00000e+00	
monocrop	Wed Nov 05 16:59:48 CET 2025	25/4/1997	25	4	1997	115	1997	7.96000e+00	1.87400e+01	6.10000e+01	9.90000e+01	0.00000e+00	0.00000e+00	0.00000e+00	0.00000e+00	0.00000e+00	0.00000e+00	0.00000e+00	0.00000e+00	2.63834e+00	3.80682e+01	1.72100e+01	2.18071e+01	1.62611e+01	3.56737e+01	-5.29946e+01	2.26882e-01	1.39012e+01	1.22474e+01	-6.24000e+00	1.00000e+00	
monocrop	Wed Nov 05 16:59:48 CET 2025	26/4/1997	26	4	1997	116	1997	7.81000e+00	2.10500e+01	5.90000e+01	9.90000e+01	6.00000e-01	6.00000e-01	0.00000e+00	0.00000e+00	0.00000e+00	0.00000e+00	0.00000e+00	6.00000e-01	2.56480e+00	3.44406e+01	1.55700e+01	2.19024e+01	1.25381e+01	3.58850e+01	-4.76677e+01	2.32574e-01	1.39487e+01	1.29734e+01	-6.25000e+00	9.00000e-01	
monocrop	Wed Nov 05 16:59:48 CET 2025	27/4/1997	27	4	1997	117	1997	1.05100e+01	2.27500e+01	3.40000e+01	9.90000e+01	1.60000e+00	1.60000e+00	0.00000e+00	0.00000e+00	0.00000e+00	0.00000e+00	0.00000e+00	1.60000e+00	4.19567e+00	4.83982e+01	2.18800e+01	1.99368e+01	2.84614e+01	3.60934e+01	-7.21485e+01	2.38201e-01	1.39959e+01	1.25758e+01	-6.25000e+00	2.60000e+00	
monocrop	Wed Nov 05 16:59:48 CET 2025	28/4/1997	28	4	1997	118	1997	1.01900e+01	2.48500e+01	5.10000e+01	8.00000e+01	0.00000e+00	0.00000e+00	0.00000e+00	0.00000e+00	0.00000e+00	0.00000e+00	0.00000e+00	0.00000e+00	3.91891e+00	3.92848e+01	1.77600e+01	2.21545e+01	1.71303e+01	3.62988e+01	-5.73361e+01	2.43763e-01	1.40427e+01	1.31054e+01	-6.26000e+00	2.70000e+00	
monocrop	Wed Nov 05 16:59:48 CET 2025	29/4/1997	29	4	1997	119	1997	1.27000e+01	2.17400e+01	3.40000e+01	6.00000e+01	0.00000e+00	0.00000e+00	0.00000e+00	0.00000e+00	0.00000e+00	0.00000e+00	0.00000e+00	0.00000e+00	5.60097e+00	5.95244e+01	2.69100e+01	1.43807e+01	4.51437e+01	3.65012e+01	-8.99381e+01	2.49258e-01	1.40892e+01	9.22720e+00	-6.26000e+00	3.20000e+00	
monocrop	Wed Nov 05 16:59:48 CET 2025	30/4/1997	30	4	1997	120	1997	1.25300e+01	2.29100e+01	2.50000e+01	5.20000e+01	0.00000e+00	0.00000e+00	0.00000e+00	0.00000e+00	0.00000e+00	0.00000e+00	0.00000e+00	0.00000e+00	5.01544e+00	6.07631e+01	2.74700e+01	1.37911e+01	4.69721e+01	3.67006e+01	-9.23028e+01	2.54685e-01	1.41353e+01	7.80105e+00	-6.27000e+00	1.60000e+00	
monocrop	Wed Nov 05 16:59:48 CET 2025	1/5/1997	1	5	1997	121	1997	7.99000e+00	2.46200e+01	2.70000e+01	8.70000e+01	0.00000e+00	0.00000e+00	0.00000e+00	0.00000e+00	0.00000e+00	0.00000e+00	0.00000e+00	0.00000e+00	4.54183e+00	6.03429e+01	2.72800e+01	1.44120e+01	4.59309e+01	3.68969e+01	-9.03473e+01	2.60042e-01	1.41811e+01	1.05585e+01	-6.27000e+00	1.40000e+00	
monocrop	Wed Nov 05 16:59:48 CET 2025	2/5/1997	2	5	1997	122	1997	5.22200e+00	2.33300e+01	2.60000e+01	9.90000e+01	0.00000e+00	0.00000e+00	0.00000e+00	0.00000e+00	0.00000e+00	0.00000e+00	0.00000e+00	0.00000e+00	4.17326e+00	6.15816e+01	2.78400e+01	1.38073e+01	4.77742e+01	3.70900e+01	-8.95752e+01	2.65327e-01	1.42264e+01	1.01620e+01	-6.27000e+00	1.10000e+00	
monocrop	Wed Nov 05 16:59:48 CET 2025	3/5/1997	3	5	1997	123	1997	5.76200e+00	2.25600e+01	4.60000e+01	9.60000e+01	0.00000e+00	0.00000e+00	0.00000e+00	0.00000e+00	0.00000e+00	0.00000e+00	0.00000e+00	0.00000e+00	3.87788e+00	5.78212e+01	2.61400e+01	1.66794e+01	4.11418e+01	3.72800e+01	-8.27354e+01	2.70540e-01	1.42713e+01	1.14583e+01	-6.28000e+00	1.00000e+00	
monocrop	Wed Nov 05 16:59:48 CET 2025	4/5/1997	4	5	1997	124	1997	1.11100e+01	2.36700e+01	4.90000e+01	9.90000e+01	0.00000e+00	0.00000e+00	0.00000e+00	0.00000e+00	0.00000e+00	0.00000e+00	0.00000e+00	0.00000e+00	3.32115e+00	4.08111e+01	1.84500e+01	2.28474e+01	1.79637e+01	3.74668e+01	-5.74116e+01	2.75677e-01	1.43158e+01	1.46850e+01	-6.28000e+00	9.00000e-01	
monocrop	Wed Nov 05 16:59:48 CET 2025	5/5/1997	5	5	1997	125	1997	1.49100e+01	1.94500e+01	7.70000e+01	9.90000e+01	1.80000e+01	1.80000e+01	0.00000e+00	0.00000e+00	0.00000e+00	0.00000e+00	0.00000e+00	1.80000e+01	3.00287e+00	3.75373e+01	1.69700e+01	2.30500e+01	1.44874e+01	3.76503e+01	-5.08760e+01	2.80739e-01	1.43599e+01	1.72328e+01	-6.28000e+00	1.90000e+00	
monocrop	Wed Nov 05 16:59:48 CET 2025	6/5/1997	6	5	1997	126	1997	9.62000e+00	1.95600e+01	3.90000e+01	9.90000e+01	1.80000e+00	1.80000e+00	0.00000e+00	0.00000e+00	0.00000e+00	0.00000e+00	0.00000e+00	1.80000e+00	3.85138e+00	4.20940e+01	1.90300e+01	2.29857e+01	1.91083e+01	3.78305e+01	-5.64207e+01	2.85723e-01	1.44034e+01	1.14490e+01	-6.29000e+00	3.30000e+00	
monocrop	Wed Nov 05 16:59:48 CET 2025	7/5/1997	7	5	1997	127	1997	6.75500e+00	1.52500e+01	4.00000e+01	9.70000e+01	4.80000e+00	4.80000e+00	0.00000e+00	0.00000e+00	0.00000e+00	0.00000e+00	0.00000e+00	4.80000e+00	3.08883e+00	4.14968e+01	1.87600e+01	2.31691e+01	1.83277e+01	3.80073e+01	-5.24501e+01	2.90628e-01	1.44465e+01	8.98476e+00	-6.29000e+00	1.90000e+00	
monocrop	Wed Nov 05 16:59:48 CET 2025	8/5/1997	8	5	1997	128	1997	4.73700e+00	1.77300e+01	3.40000e+01	7.80000e+01	0.00000e+00	0.00000e+00	0.00000e+00	0.00000e+00	0.00000e+00	0.00000e+00	0.00000e+00	0.00000e+00	4.49924e+00	6.01659e+01	2.72000e+01	1.64783e+01	4.36876e+01	3.81808e+01	-8.02527e+01	2.95452e-01	1.44891e+01	7.45874e+00	-6.30000e+00	2.90000e+00	
monocrop	Wed Nov 05 16:59:48 CET 2025	9/5/1997	9	5	1997	129	1997	6.59200e+00	1.96400e+01	4.70000e+01	9.50000e+01	0.00000e+00	0.00000e+00	0.00000e+00	0.00000e+00	0.00000e+00	0.00000e+00	0.00000e+00	0.00000e+00	3.02636e+00	3.95945e+01	1.79000e+01	2.34888e+01	1.61056e+01	3.83509e+01	-5.09613e+01	3.00195e-01	1.45312e+01	1.07047e+01	-6.30000e+00	1.30000e+00	
monocrop	Wed Nov 05 16:59:48 CET 2025	10/5/1997	10	5	1997	130	1997	4.70700e+00	2.04600e+01	3.80000e+01	9.90000e+01	0.00000e+00	0.00000e+00	0.00000e+00	0.00000e+00	0.00000e+00	0.00000e+00	0.00000e+00	0.00000e+00	3.71866e+00	5.57419e+01	2.52000e+01	1.94806e+01	3.62613e+01	3.85176e+01	-7.47406e+01	3.04853e-01	1.45727e+01	9.97374e+00	-6.30000e+00	1.10000e+00	
monocrop	Wed Nov 05 16:59:48 CET 2025	11/5/1997	11	5	1997	131	1997	7.05000e+00	1.75200e+01	6.10000e+01	9.90000e+01	0.00000e+00	0.00000e+00	0.00000e+00	0.00000e+00	0.00000e+00	0.00000e+00	0.00000e+00	0.00000e+00	1.84326e+00	2.06378e+01	9.33000e+00	1.82940e+01	2.34377e+00	3.86807e+01	-2.18154e+01	3.09427e-01	1.46137e+01	1.14219e+01	-6.31000e+00	1.10000e+00	
monocrop	Wed Nov 05 16:59:48 CET 2025	12/5/1997	12	5	1997	132	1997	1.28800e+01	1.68500e+01	7.40000e+01	9.90000e+01	4.00000e+00	4.00000e+00	0.00000e+00	0.00000e+00	0.00000e+00	0.00000e+00	0.00000e+00	4.00000e+00	1.34271e+00	1.28959e+01	5.83000e+00	1.27669e+01	1.28959e-01	3.88404e+01	-1.05271e+01	3.13915e-01	1.46541e+01	1.46098e+01	-6.31000e+00	5.00000e-01	
monocrop	Wed Nov 05 16:59:48 CET 2025	13/5/1997	13	5	1997	133	1997	1.06500e+01	2.22900e+01	6.00000e+01	9.90000e+01	2.60000e+00	2.60000e+00	0.00000e+00	0.00000e+00	0.00000e+00	0.00000e+00	0.00000e+00	2.60000e+00	2.61099e+00	3.23392e+01	1.46200e+01	2.30456e+01	9.29355e+00	3.89965e+01	-4.08485e+01	3.18314e-01	1.46939e+01	1.48819e+01	-6.31000e+00	3.00000e-01	
monocrop	Wed Nov 05 16:59:48 CET 2025	14/5/1997	14	5	1997	134	1997	9.66000e+00	2.44600e+01	2.80000e+01	9.90000e+01	0.00000e+00	0.00000e+00	0.00000e+00	0.00000e+00	0.00000e+00	0.00000e+00	0.00000e+00	0.00000e+00	3.83845e+00	4.86857e+01	2.20100e+01	2.28397e+01	2.58460e+01	3.91490e+01	-6.67866e+01	3.22625e-01	1.47330e+01	1.23408e+01	-6.32000e+00	6.00000e-01	
monocrop	Wed Nov 05 16:59:48 CET 2025	15/5/1997	15	5	1997	135	1997	8.67000e+00	2.70800e+01	2.80000e+01	9.90000e+01	0.00000e+00	0.00000e+00	0.00000e+00	0.00000e+00	0.00000e+00	0.00000e+00	0.00000e+00	0.00000e+00	3.73204e+00	4.42396e+01	2.00000e+01	2.38180e+01	2.04216e+01	3.92979e+01	-6.05634e+01	3.26845e-01	1.47716e+01	1.29930e+01	-6.32000e+00	7.00000e-01	
monocrop	Wed Nov 05 16:59:48 CET 2025	16/5/1997	16	5	1997	136	1997	1.17100e+01	2.22400e+01	5.20000e+01	9.90000e+01	4.00000e-01	4.00000e-01	0.00000e+00	0.00000e+00	0.00000e+00	0.00000e+00	0.00000e+00	4.00000e-01	2.06039e+00	1.99963e+01	9.04000e+00	1.80377e+01	1.95860e+00	3.94431e+01	-2.14376e+01	3.30973e-01	1.48095e+01	1.45941e+01	-6.32000e+00	5.00000e-01	
monocrop	Wed Nov 05 16:59:48 CET 2025	17/5/1997	17	5	1997	137	1997	9.88000e+00	1.80200e+01	8.40000e+01	9.90000e+01	8.80000e+00	8.80000e+00	0.00000e+00	0.00000e+00	0.00000e+00	0.00000e+00	0.00000e+00	8.80000e+00	1.22820e+00	1.27410e+01	5.76000e+00	1.26136e+01	1.27410e-01	3.95847e+01	-9.90103e+00	3.35008e-01	1.48467e+01	1.45658e+01	-6.33000e+00	7.00000e-01	
monocrop	Wed Nov 05 16:59:48 CET 2025	18/5/1997	18	5	1997	138	1997	1.28300e+01	2.08900e+01	5.60000e+01	9.90000e+01	2.00000e-01	2.00000e-01	0.00000e+00	0.00000e+00	0.00000e+00	0.00000e+00	0.00000e+00	2.00000e-01	4.58146e+00	6.10949e+01	2.76200e+01	1.80890e+01	4.30059e+01	3.97226e+01	-8.36165e+01	3.38948e-01	1.48832e+01	1.48718e+01	-6.33000e+00	1.40000e+00	
monocrop	Wed Nov 05 16:59:48 CET 2025	19/5/1997	19	5	1997	139	1997	1.54200e+01	1.97100e+01	7.40000e+01	9.80000e+01	0.00000e+00	0.00000e+00	0.00000e+00	0.00000e+00	0.00000e+00	0.00000e+00	0.00000e+00	0.00000e+00	2.84826e+00	3.12332e+01	1.41200e+01	2.30954e+01	8.13781e+00	3.98567e+01	-3.81565e+01	3.42792e-01	1.49189e+01	1.72561e+01	-6.33000e+00	2.40000e+00	
monocrop	Wed Nov 05 16:59:48 CET 2025	20/5/1997	20	5	1997	140	1997	1.10000e+01	2.40700e+01	3.80000e+01	9.90000e+01	1.20000e+00	1.20000e+00	0.00000e+00	0.00000e+00	0.00000e+00	0.00000e+00	0.00000e+00	1.20000e+00	3.10932e+00	3.33346e+01	1.50700e+01	2.36697e+01	9.66482e+00	3.99870e+01	-4.17501e+01	3.46540e-01	1.49540e+01	1.37187e+01	-6.33000e+00	9.00000e-01	
monocrop	Wed Nov 05 16:59:48 CET 2025	21/5/1997	21	5	1997	141	1997	8.48000e+00	2.36900e+01	3.80000e+01	9.50000e+01	0.00000e+00	0.00000e+00	0.00000e+00	0.00000e+00	0.00000e+00	0.00000e+00	0.00000e+00	0.00000e+00	4.67812e+00	5.69364e+01	2.57400e+01	2.08284e+01	3.61080e+01	4.01136e+01	-7.65463e+01	3.50189e-01	1.49882e+01	1.21465e+01	-6.34000e+00	2.20000e+00	
monocrop	Wed Nov 05 16:59:48 CET 2025	22/5/1997	22	5	1997	142	1997	7.29000e+00	2.58300e+01	2.90000e+01	9.90000e+01	0.00000e+00	0.00000e+00	0.00000e+00	0.00000e+00	0.00000e+00	0.00000e+00	0.00000e+00	0.00000e+00	4.86205e+00	6.41917e+01	2.90200e+01	1.68432e+01	4.73485e+01	4.02363e+01	-8.82412e+01	3.53738e-01	1.50217e+01	1.20492e+01	-6.34000e+00	1.20000e+00	
monocrop	Wed Nov 05 16:59:48 CET 2025	23/5/1997	23	5	1997	143	1997	7.90000e+00	2.32900e+01	4.40000e+01	9.90000e+01	0.00000e+00	0.00000e+00	0.00000e+00	0.00000e+00	0.00000e+00	0.00000e+00	0.00000e+00	0.00000e+00	4.42781e+00	6.02323e+01	2.72300e+01	1.94438e+01	4.07884e+01	4.03552e+01	-8.04415e+01	3.57186e-01	1.50544e+01	1.26566e+01	-6.34000e+00	1.20000e+00	
monocrop	Wed Nov 05 16:59:48 CET 2025	24/5/1997	24	5	1997	144	1997	1.15000e+01	2.26800e+01	4.10000e+01	9.90000e+01	0.00000e+00	0.00000e+00	0.00000e+00	0.00000e+00	0.00000e+00	0.00000e+00	0.00000e+00	0.00000e+00	3.63870e+00	4.30894e+01	1.94800e+01	2.47443e+01	1.83451e+01	4.04702e+01	-5.54527e+01	3.60533e-01	1.50863e+01	1.36299e+01	-6.35000e+00	1.00000e+00	
monocrop	Wed Nov 05 16:59:48 CET 2025	25/5/1997	25	5	1997	145	1997	1.08000e+01	2.27800e+01	5.60000e+01	9.50000e+01	2.00000e-01	2.00000e-01	0.00000e+00	0.00000e+00	0.00000e+00	0.00000e+00	0.00000e+00	2.00000e-01	2.07350e+00	2.08147e+01	9.41000e+00	1.87032e+01	2.11154e+00	4.05813e+01	-2.17848e+01	3.63776e-01	1.51173e+01	1.44237e+01	-6.35000e+00	3.00000e-01	
monocrop	Wed Nov 05 16:59:48 CET 2025	26/5/1997	26	5	1997	146	1997	1.26000e+01	2.85500e+01	3.90000e+01	9.20000e+01	0.00000e+00	0.00000e+00	0.00000e+00	0.00000e+00	0.00000e+00	0.00000e+00	0.00000e+00	0.00000e+00	5.26076e+00	6.15816e+01	2.78400e+01	1.91216e+01	4.24599e+01	4.06884e+01	-8.74496e+01	3.66915e-01	1.51474e+01	1.58587e+01	-6.35000e+00	1.00000e+00	
monocrop	Wed Nov 05 16:59:48 CET 2025	27/5/1997	27	5	1997	147	1997	1.10900e+01	3.08700e+01	3.30000e+01	9.90000e+01	0.00000e+00	0.00000e+00	0.00000e+00	0.00000e+00	0.00000e+00	0.00000e+00	0.00000e+00	0.00000e+00	5.36349e+00	6.27318e+01	2.83600e+01	1.85804e+01	4.41514e+01	4.07917e+01	-9.00545e+01	3.69949e-01	1.51767e+01	1.63834e+01	-6.35000e+00	9.00000e-01	
monocrop	Wed Nov 05 16:59:48 CET 2025	28/5/1997	28	5	1997	148	1997	1.07200e+01	3.27500e+01	1.80000e+01	8.70000e+01	0.00000e+00	0.00000e+00	0.00000e+00	0.00000e+00	0.00000e+00	0.00000e+00	0.00000e+00	0.00000e+00	5.86271e+00	6.27760e+01	2.83800e+01	1.86913e+01	4.40848e+01	4.08909e+01	-9.11115e+01	3.72876e-01	1.52050e+01	1.36498e+01	-6.36000e+00	1.50000e+00	
monocrop	Wed Nov 05 16:59:48 CET 2025	29/5/1997	29	5	1997	149	1997	9.83000e+00	2.59200e+01	2.20000e+01	8.50000e+01	0.00000e+00	0.00000e+00	0.00000e+00	0.00000e+00	0.00000e+00	0.00000e+00	0.00000e+00	0.00000e+00	5.33999e+00	6.40811e+01	2.89700e+01	1.80150e+01	4.60661e+01	4.09861e+01	-8.74251e+01	3.75695e-01	1.52324e+01	1.09468e+01	-6.36000e+00	1.50000e+00	
monocrop	Wed Nov 05 16:59:48 CET 2025	30/5/1997	30	5	1997	150	1997	7.76000e+00	2.95100e+01	3.00000e+01	9.40000e+01	0.00000e+00	0.00000e+00	0.00000e+00	0.00000e+00	0.00000e+00	0.00000e+00	0.00000e+00	0.00000e+00	5.12241e+00	6.19797e+01	2.80200e+01	1.94142e+01	4.25656e+01	4.10774e+01	-8.56700e+01	3.78407e-01	1.52588e+01	1.33062e+01	-6.36000e+00	1.20000e+00	
monocrop	Wed Nov 05 16:59:48 CET 2025	31/5/1997	31	5	1997	151	1997	1.02400e+01	2.51000e+01	3.00000e+01	9.70000e+01	4.00000e-01	4.00000e-01	0.00000e+00	0.00000e+00	0.00000e+00	0.00000e+00	0.00000e+00	4.00000e-01	4.48731e+00	5.40387e+01	2.44300e+01	2.31549e+01	3.08839e+01	4.11645e+01	-7.15035e+01	3.81009e-01	1.52843e+01	1.28262e+01	-6.37000e+00	1.10000e+00	
monocrop	Wed Nov 05 16:59:48 CET 2025	1/6/1997	1	6	1997	152	1997	1.42300e+01	1.76800e+01	7.80000e+01	9.90000e+01	4.66000e+01	4.66000e+01	0.00000e+00	0.00000e+00	0.00000e+00	0.00000e+00	0.00000e+00	4.66000e+01	1.32789e+00	1.03300e+01	4.67000e+00	1.02267e+01	1.03299e-01	4.12477e+01	-5.79707e+00	3.83500e-01	1.53088e+01	1.60311e+01	-6.37000e+00	1.60000e+00	
monocrop	Wed Nov 05 16:59:48 CET 2025	2/6/1997	2	6	1997	153	1997	1.31600e+01	1.76400e+01	9.30000e+01	9.90000e+01	1.38000e+01	1.38000e+01	0.00000e+00	0.00000e+00	0.00000e+00	0.00000e+00	0.00000e+00	1.38000e+01	8.73941e-01	7.43226e+00	3.36000e+00	7.35793e+00	7.43227e-02	4.13267e+01	-1.63915e+00	3.85881e-01	1.53322e+01	1.67822e+01	-6.37000e+00	8.00000e-01	
monocrop	Wed Nov 05 16:59:48 CET 2025	3/6/1997	3	6	1997	154	1997	1.34700e+01	2.33800e+01	6.90000e+01	9.90000e+01	9.20000e+00	9.20000e+00	0.00000e+00	0.00000e+00	0.00000e+00	0.00000e+00	0.00000e+00	9.20000e+00	3.54796e+00	4.37972e+01	1.98000e+01	2.53273e+01	1.84699e+01	4.14016e+01	-5.58705e+01	3.88149e-01	1.53547e+01	1.77921e+01	-6.37000e+00	5.00000e-01	
monocrop	Wed Nov 05 16:59:48 CET 2025	4/6/1997	4	6	1997	155	1997	1.25300e+01	2.19300e+01	7.00000e+01	9.90000e+01	0.00000e+00	0.00000e+00	0.00000e+00	0.00000e+00	0.00000e+00	0.00000e+00	0.00000e+00	0.00000e+00	2.24392e+00	2.39779e+01	1.08400e+01	2.06260e+01	3.35191e+00	4.14725e+01	-2.57758e+01	3.90304e-01	1.53761e+01	1.65998e+01	-6.38000e+00	9.00000e-01	
monocrop	Wed Nov 05 16:59:48 CET 2025	5/6/1997	5	6	1997	156	1997	1.40900e+01	1.84400e+01	9.40000e+01	9.90000e+01	0.00000e+00	0.00000e+00	0.00000e+00	0.00000e+00	0.00000e+00	0.00000e+00	0.00000e+00	0.00000e+00	1.36699e+00	1.51521e+01	6.85000e+00	1.49342e+01	2.17825e-01	4.15392e+01	-1.26060e+01	3.92346e-01	1.53964e+01	1.78298e+01	-6.38000e+00	9.00000e-01	
monocrop	Wed Nov 05 16:59:48 CET 2025	6/6/1997	6	6	1997	157	1997	1.34600e+01	2.49200e+01	6.50000e+01	9.90000e+01	0.00000e+00	0.00000e+00	0.00000e+00	0.00000e+00	0.00000e+00	0.00000e+00	0.00000e+00	0.00000e+00	4.52963e+00	5.55429e+01	2.51100e+01	2.30695e+01	3.24734e+01	4.16017e+01	-7.39623e+01	3.94273e-01	1.54156e+01	1.82195e+01	-6.38000e+00	1.00000e+00	
monocrop	Wed Nov 05 16:59:48 CET 2025	7/6/1997	7	6	1997	158	1997	1.52000e+01	2.27800e+01	7.80000e+01	9.90000e+01	2.00000e-01	2.00000e-01	0.00000e+00	0.00000e+00	0.00000e+00	0.00000e+00	0.00000e+00	2.00000e-01	3.29678e+00	3.82009e+01	1.72700e+01	2.52543e+01	1.29466e+01	4.16601e+01	-4.73187e+01	3.96086e-01	1.54338e+01	1.94199e+01	-6.38000e+00	1.50000e+00	
monocrop	Wed Nov 05 16:59:48 CET 2025	8/6/1997	8	6	1997	159	1997	1.57300e+01	2.82200e+01	5.80000e+01	9.90000e+01	2.00000e-01	2.00000e-01	0.00000e+00	0.00000e+00	0.00000e+00	0.00000e+00	0.00000e+00	2.00000e-01	4.85129e+00	5.39724e+01	2.44000e+01	2.37257e+01	3.02466e+01	4.17144e+01	-7.41801e+01	3.97782e-01	1.54508e+01	2.07111e+01	-6.38000e+00	9.00000e-01	
monocrop	Wed Nov 05 16:59:48 CET 2025	9/6/1997	9	6	1997	160	1997	1.47300e+01	2.77200e+01	5.20000e+01	9.90000e+01	2.00000e-01	2.00000e-01	0.00000e+00	0.00000e+00	0.00000e+00	0.00000e+00	0.00000e+00	2.00000e-01	5.10993e+00	5.79982e+01	2.62200e+01	2.22626e+01	3.57355e+01	4.17644e+01	-7.96404e+01	3.99362e-01	1.54667e+01	1.90259e+01	-6.39000e+00	1.10000e+00	
monocrop	Wed Nov 05 16:59:48 CET 2025	10/6/1997	10	6	1997	161	1997	1.42900e+01	2.66900e+01	5.40000e+01	9.90000e+01	0.00000e+00	0.00000e+00	0.00000e+00	0.00000e+00	0.00000e+00	0.00000e+00	0.00000e+00	0.00000e+00	4.37694e+00	4.93051e+01	2.22900e+01	2.49948e+01	2.43103e+01	4.18103e+01	-6.53813e+01	4.00825e-01	1.54814e+01	1.84251e+01	-6.39000e+00	1.00000e+00	
monocrop	Wed Nov 05 16:59:48 CET 2025	11/6/1997	11	6	1997	162	1997	1.58600e+01	2.78900e+01	5.80000e+01	9.90000e+01	0.00000e+00	0.00000e+00	0.00000e+00	0.00000e+00	0.00000e+00	0.00000e+00	0.00000e+00	0.00000e+00	4.43075e+00	4.79115e+01	2.16600e+01	2.52589e+01	2.26526e+01	4.18519e+01	-6.42977e+01	4.02171e-01	1.54950e+01	2.05850e+01	-6.39000e+00	1.00000e+00	
monocrop	Wed Nov 05 16:59:48 CET 2025	12/6/1997	12	6	1997	163	1997	1.71000e+01	3.08200e+01	4.90000e+01	9.90000e+01	0.00000e+00	0.00000e+00	0.00000e+00	0.00000e+00	0.00000e+00	0.00000e+00	0.00000e+00	0.00000e+00	5.15642e+00	5.33088e+01	2.41000e+01	2.40997e+01	2.92090e+01	4.18894e+01	-7.48501e+01	4.03399e-01	1.55075e+01	2.20180e+01	-6.39000e+00	9.00000e-01	
monocrop	Wed Nov 05 16:59:48 CET 2025	13/6/1997	13	6	1997	164	1997	1.85900e+01	2.82700e+01	6.00000e+01	9.90000e+01	4.00000e-01	4.00000e-01	0.00000e+00	0.00000e+00	0.00000e+00	0.00000e+00	0.00000e+00	4.00000e-01	4.07182e+00	4.18507e+01	1.89200e+01	2.56670e+01	1.61837e+01	4.19226e+01	-5.56541e+01	4.04508e-01	1.55187e+01	2.29113e+01	-6.40000e+00	6.00000e-01	
monocrop	Wed Nov 05 16:59:48 CET 2025	14/6/1997	14	6	1997	165	1997	1.46100e+01	2.75600e+01	5.00000e+01	9.90000e+01	1.60000e+00	1.60000e+00	0.00000e+00	0.00000e+00	0.00000e+00	0.00000e+00	0.00000e+00	1.60000e+00	3.03287e+00	2.91318e+01	1.31700e+01	2.30691e+01	6.06270e+00	4.19516e+01	-3.46236e+01	4.05498e-01	1.55288e+01	1.86131e+01	-6.40000e+00	7.00000e-01	
monocrop	Wed Nov 05 16:59:48 CET 2025	15/6/1997	15	6	1997	166	1997	1.07000e+01	2.88100e+01	3.00000e+01	9.20000e+01	0.00000e+00	0.00000e+00	0.00000e+00	0.00000e+00	0.00000e+00	0.00000e+00	0.00000e+00	0.00000e+00	5.53402e+00	6.68903e+01	3.02400e+01	1.76239e+01	4.92664e+01	4.19764e+01	-9.17893e+01	4.06370e-01	1.55376e+01	1.40384e+01	-6.40000e+00	9.00000e-01	
monocrop	Wed Nov 05 16:59:48 CET 2025	16/6/1997	16	6	1997	167	1997	1.35200e+01	2.67800e+01	5.30000e+01	9.90000e+01	0.00000e+00	0.00000e+00	0.00000e+00	0.00000e+00	0.00000e+00	0.00000e+00	0.00000e+00	0.00000e+00	4.47439e+00	5.15613e+01	2.33100e+01	2.46694e+01	2.68919e+01	4.19970e+01	-6.82553e+01	4.07122e-01	1.55453e+01	1.79240e+01	-6.40000e+00	9.00000e-01	
monocrop	Wed Nov 05 16:59:48 CET 2025	17/6/1997	17	6	1997	168	1997	1.27900e+01	2.82000e+01	4.00000e+01	9.90000e+01	1.96000e+01	1.96000e+01	0.00000e+00	0.00000e+00	0.00000e+00	0.00000e+00	0.00000e+00	1.96000e+01	4.68601e+00	5.28000e+01	2.38700e+01	2.43619e+01	2.84381e+01	4.20133e+01	-7.06575e+01	4.07754e-01	1.55518e+01	1.67443e+01	-6.40000e+00	9.00000e-01	
monocrop	Wed Nov 05 16:59:48 CET 2025	18/6/1997	18	6	1997	169	1997	1.58200e+01	2.96500e+01	3.10000e+01	6.50000e+01	1.40000e+01	1.40000e+01	0.00000e+00	0.00000e+00	0.00000e+00	0.00000e+00	0.00000e+00	1.40000e+01	5.85348e+00	6.36166e+01	2.87600e+01	1.97432e+01	4.38734e+01	4.20254e+01	-8.96218e+01	4.08266e-01	1.55570e+01	1.32635e+01	-6.41000e+00	9.00000e-01	
monocrop	Wed Nov 05 16:59:48 CET 2025	19/6/1997	19	6	1997	170	1997	1.69500e+01	2.73700e+01	4.10000e+01	7.30000e+01	0.00000e+00	0.00000e+00	0.00000e+00	0.00000e+00	0.00000e+00	0.00000e+00	0.00000e+00	0.00000e+00	5.83005e+00	5.64055e+01	2.55000e+01	2.32017e+01	3.32038e+01	4.20332e+01	-7.72480e+01	4.08659e-01	1.55610e+01	1.52092e+01	-6.41000e+00	2.10000e+00	
monocrop	Wed Nov 05 16:59:48 CET 2025	20/6/1997	20	6	1997	171	1997	1.37900e+01	2.66000e+01	3.60000e+01	9.70000e+01	0.00000e+00	0.00000e+00	0.00000e+00	0.00000e+00	0.00000e+00	0.00000e+00	0.00000e+00	0.00000e+00	5.80048e+00	6.50544e+01	2.94100e+01	1.88975e+01	4.61569e+01	4.20368e+01	-8.86412e+01	4.08931e-01	1.55638e+01	1.57273e+01	-6.41000e+00	1.90000e+00	
monocrop	Wed Nov 05 16:59:48 CET 2025	21/6/1997	21	6	1997	172	1997	1.32400e+01	2.43300e+01	6.20000e+01	9.90000e+01	4.00000e-01	4.00000e-01	0.00000e+00	0.00000e+00	0.00000e+00	0.00000e+00	0.00000e+00	4.00000e-01	3.27808e+00	3.62323e+01	1.63800e+01	2.51248e+01	1.11075e+01	4.20362e+01	-4.40006e+01	4.09083e-01	1.55653e+01	1.74396e+01	-6.41000e+00	1.10000e+00	
monocrop	Wed Nov 05 16:59:48 CET 2025	22/6/1997	22	6	1997	173	1997	1.37600e+01	2.40500e+01	4.20000e+01	9.90000e+01	4.80000e+00	4.80000e+00	0.00000e+00	0.00000e+00	0.00000e+00	0.00000e+00	0.00000e+00	4.80000e+00	4.33503e+00	4.55447e+01	2.05900e+01	2.56492e+01	1.98955e+01	4.20314e+01	-5.78384e+01	4.09114e-01	1.55656e+01	1.53882e+01	-6.42000e+00	2.00000e+00	
monocrop	Wed Nov 05 16:59:48 CET 2025	23/6/1997	23	6	1997	174	1997	1.34400e+01	2.51400e+01	4.00000e+01	7.40000e+01	6.00000e-01	6.00000e-01	0.00000e+00	0.00000e+00	0.00000e+00	0.00000e+00	0.00000e+00	6.00000e-01	5.95423e+00	6.08516e+01	2.75100e+01	2.12343e+01	3.96173e+01	4.20223e+01	-8.11629e+01	4.09026e-01	1.55647e+01	1.27440e+01	-6.42000e+00	2.80000e+00	
monocrop	Wed Nov 05 16:59:48 CET 2025	24/6/1997	24	6	1997	175	1997	1.34300e+01	2.67500e+01	3.40000e+01	7.40000e+01	2.00000e-01	2.00000e-01	0.00000e+00	0.00000e+00	0.00000e+00	0.00000e+00	0.00000e+00	2.00000e-01	5.99951e+00	6.60940e+01	2.98800e+01	1.81985e+01	4.78956e+01	4.20090e+01	-9.02284e+01	4.08817e-01	1.55626e+01	1.26883e+01	-6.42000e+00	1.80000e+00	
monocrop	Wed Nov 05 16:59:48 CET 2025	25/6/1997	25	6	1997	176	1997	8.76000e+00	2.26000e+01	4.40000e+01	9.80000e+01	0.00000e+00	0.00000e+00	0.00000e+00	0.00000e+00	0.00000e+00	0.00000e+00	0.00000e+00	0.00000e+00	3.56969e+00	4.41954e+01	1.99800e+01	2.56973e+01	1.84981e+01	4.19916e+01	-5.38557e+01	4.08488e-01	1.55593e+01	1.26368e+01	-6.42000e+00	9.00000e-01	
monocrop	Wed Nov 05 16:59:48 CET 2025	26/6/1997	26	6	1997	177	1997	1.52700e+01	2.15900e+01	5.70000e+01	9.90000e+01	8.00000e-01	8.00000e-01	0.00000e+00	0.00000e+00	0.00000e+00	0.00000e+00	0.00000e+00	8.00000e-01	1.94487e+00	1.38912e+01	6.28000e+00	1.37523e+01	1.38912e-01	4.19699e+01	-1.08205e+01	4.08040e-01	1.55547e+01	1.65264e+01	-6.42000e+00	1.40000e+00	
monocrop	Wed Nov 05 16:59:48 CET 2025	27/6/1997	27	6	1997	178	1997	1.04000e+01	2.29700e+01	3.80000e+01	9.50000e+01	8.80000e+00	8.80000e+00	0.00000e+00	0.00000e+00	0.00000e+00	0.00000e+00	0.00000e+00	8.80000e+00	4.43738e+00	5.31982e+01	2.40500e+01	2.41840e+01	2.90142e+01	4.19440e+01	-6.75619e+01	4.07472e-01	1.55489e+01	1.26198e+01	-6.42000e+00	1.50000e+00	
monocrop	Wed Nov 05 16:59:48 CET 2025	28/6/1997	28	6	1997	179	1997	7.38000e+00	2.26900e+01	4.20000e+01	9.90000e+01	1.56000e+01	1.56000e+01	0.00000e+00	0.00000e+00	0.00000e+00	0.00000e+00	0.00000e+00	1.56000e+01	2.21527e+00	2.08147e+01	9.41000e+00	1.89027e+01	1.91204e+00	4.19140e+01	-2.04514e+01	4.06784e-01	1.55419e+01	1.20386e+01	-6.43000e+00	8.00000e-01	
monocrop	Wed Nov 05 16:59:48 CET 2025	29/6/1997	29	6	1997	180	1997	1.33300e+01	2.19200e+01	4.70000e+01	9.90000e+01	6.00000e-01	6.00000e-01	0.00000e+00	0.00000e+00	0.00000e+00	0.00000e+00	0.00000e+00	6.00000e-01	4.42366e+00	5.25346e+01	2.37500e+01	2.43114e+01	2.82231e+01	4.18797e+01	-6.71546e+01	4.05978e-01	1.55337e+01	1.47032e+01	-6.43000e+00	1.60000e+00	
monocrop	Wed Nov 05 16:59:48 CET 2025	30/6/1997	30	6	1997	181	1997	1.03300e+01	2.20800e+01	4.90000e+01	9.70000e+01	2.60000e+00	2.60000e+00	0.00000e+00	0.00000e+00	0.00000e+00	0.00000e+00	0.00000e+00	2.60000e+00	3.64639e+00	4.39078e+01	1.98500e+01	2.56099e+01	1.82979e+01	4.18414e+01	-5.38781e+01	4.05053e-01	1.55243e+01	1.34363e+01	-6.43000e+00	1.20000e+00	
monocrop	Wed Nov 05 16:59:48 CET 2025	1/7/1997	1	7	1997	182	1997	1.66500e+01	2.41300e+01	4.70000e+01	9.60000e+01	0.00000e+00	0.00000e+00	0.00000e+00	0.00000e+00	0.00000e+00	0.00000e+00	0.00000e+00	0.00000e+00	5.44146e+00	6.28645e+01	2.84200e+01	1.98715e+01	4.29930e+01	4.17989e+01	-8.53882e+01	4.04009e-01	1.55137e+01	1.71149e+01	-6.43000e+00	1.40000e+00	
monocrop	Wed Nov 05 16:59:48 CET 2025	2/7/1997	2	7	1997	183	1997	1.57900e+01	2.13600e+01	7.20000e+01	9.90000e+01	4.40000e+00	4.40000e+00	0.00000e+00	0.00000e+00	0.00000e+00	0.00000e+00	0.00000e+00	4.40000e+00	2.82465e+00	3.00608e+01	1.35900e+01	2.33531e+01	6.70774e+00	4.17523e+01	-3.47852e+01	4.02848e-01	1.55019e+01	1.82809e+01	-6.43000e+00	1.70000e+00	
monocrop	Wed Nov 05 16:59:48 CET 2025	3/7/1997	3	7	1997	184	1997	1.39400e+01	2.22500e+01	6.40000e+01	9.90000e+01	6.00000e-01	6.00000e-01	0.00000e+00	0.00000e+00	0.00000e+00	0.00000e+00	0.00000e+00	6.00000e-01	3.25363e+00	3.82009e+01	1.72700e+01	2.52747e+01	1.29262e+01	4.17015e+01	-4.67634e+01	4.01569e-01	1.54890e+01	1.69085e+01	-6.44000e+00	8.00000e-01	
monocrop	Wed Nov 05 16:59:48 CET 2025	4/7/1997	4	7	1997	185	1997	1.26300e+01	2.57100e+01	4.30000e+01	9.90000e+01	1.20000e+00	1.20000e+00	0.00000e+00	0.00000e+00	0.00000e+00	0.00000e+00	0.00000e+00	1.20000e+00	4.66897e+00	5.40830e+01	2.44500e+01	2.36231e+01	3.04598e+01	4.16467e+01	-7.18236e+01	4.00174e-01	1.54749e+01	1.57558e+01	-6.44000e+00	1.30000e+00	
monocrop	Wed Nov 05 16:59:48 CET 2025	5/7/1997	5	7	1997	186	1997	1.41000e+01	2.48800e+01	4.10000e+01	7.20000e+01	4.80000e+00	4.80000e+00	0.00000e+00	0.00000e+00	0.00000e+00	0.00000e+00	0.00000e+00	4.80000e+00	5.99249e+00	6.04313e+01	2.73200e+01	2.09092e+01	3.95221e+01	4.15878e+01	-8.16008e+01	3.98662e-01	1.54596e+01	1.27905e+01	-6.44000e+00	2.90000e+00	
monocrop	Wed Nov 05 16:59:48 CET 2025	6/7/1997	6	7	1997	187	1997	1.40000e+01	2.72900e+01	3.30000e+01	6.80000e+01	6.60000e+00	6.60000e+00	0.00000e+00	0.00000e+00	0.00000e+00	0.00000e+00	0.00000e+00	6.60000e+00	5.95767e+00	6.62710e+01	2.99600e+01	1.73667e+01	4.89042e+01	4.15249e+01	-9.23829e+01	3.97035e-01	1.54433e+01	1.22799e+01	-6.44000e+00	1.50000e+00	
monocrop	Wed Nov 05 16:59:48 CET 2025	7/7/1997	7	7	1997	188	1997	1.05700e+01	2.82300e+01	2.90000e+01	7.70000e+01	4.00000e-01	4.00000e-01	0.00000e+00	0.00000e+00	0.00000e+00	0.00000e+00	0.00000e+00	4.00000e-01	5.67573e+00	6.69567e+01	3.02700e+01	1.67941e+01	5.01626e+01	4.14579e+01	-9.26922e+01	3.95293e-01	1.54258e+01	1.19311e+01	-6.44000e+00	1.30000e+00	
monocrop	Wed Nov 05 16:59:48 CET 2025	8/7/1997	8	7	1997	189	1997	1.16200e+01	3.08600e+01	3.30000e+01	8.50000e+01	0.00000e+00	0.00000e+00	0.00000e+00	0.00000e+00	0.00000e+00	0.00000e+00	0.00000e+00	0.00000e+00	5.76471e+00	6.65585e+01	3.00900e+01	1.69623e+01	4.95963e+01	4.13870e+01	-9.48129e+01	3.93437e-01	1.54073e+01	1.48816e+01	-6.44000e+00	1.00000e+00	
monocrop	Wed Nov 05 16:59:48 CET 2025	9/7/1997	9	7	1997	190	1997	1.17000e+01	2.86600e+01	4.10000e+01	9.90000e+01	0.00000e+00	0.00000e+00	0.00000e+00	0.00000e+00	0.00000e+00	0.00000e+00	0.00000e+00	0.00000e+00	4.89928e+00	5.74230e+01	2.59600e+01	2.19985e+01	3.54246e+01	4.13120e+01	-7.91261e+01	3.91467e-01	1.53876e+01	1.65397e+01	-6.45000e+00	9.00000e-01	
monocrop	Wed Nov 05 16:59:48 CET 2025	10/7/1997	10	7	1997	191	1997	1.64800e+01	2.61200e+01	5.70000e+01	9.90000e+01	0.00000e+00	0.00000e+00	0.00000e+00	0.00000e+00	0.00000e+00	0.00000e+00	0.00000e+00	0.00000e+00	3.96586e+00	4.32000e+01	1.95300e+01	2.52399e+01	1.79601e+01	4.12331e+01	-5.73386e+01	3.89385e-01	1.53669e+01	1.97465e+01	-6.45000e+00	8.00000e-01	
monocrop	Wed Nov 05 16:59:48 CET 2025	11/7/1997	11	7	1997	192	1997	1.64600e+01	3.11800e+01	4.20000e+01	9.90000e+01	0.00000e+00	0.00000e+00	0.00000e+00	0.00000e+00	0.00000e+00	0.00000e+00	0.00000e+00	0.00000e+00	5.23297e+00	5.36848e+01	2.42700e+01	2.32602e+01	3.04246e+01	4.11503e+01	-7.70164e+01	3.87190e-01	1.53452e+01	2.08007e+01	-6.45000e+00	1.10000e+00	
monocrop	Wed Nov 05 16:59:48 CET 2025	12/7/1997	12	7	1997	193	1997	1.54400e+01	3.05800e+01	3.80000e+01	9.20000e+01	0.00000e+00	0.00000e+00	0.00000e+00	0.00000e+00	0.00000e+00	0.00000e+00	0.00000e+00	0.00000e+00	5.93367e+00	6.31521e+01	2.85500e+01	1.87029e+01	4.44492e+01	4.10635e+01	-9.18045e+01	3.84885e-01	1.53224e+01	1.82629e+01	-6.45000e+00	1.40000e+00	
monocrop	Wed Nov 05 16:59:48 CET 2025	13/7/1997	13	7	1997	194	1997	1.31100e+01	2.95400e+01	4.30000e+01	9.90000e+01	0.00000e+00	0.00000e+00	0.00000e+00	0.00000e+00	0.00000e+00	0.00000e+00	0.00000e+00	0.00000e+00	5.02238e+00	5.71576e+01	2.58400e+01	2.17279e+01	3.54297e+01	4.09729e+01	-8.06284e+01	3.82470e-01	1.52986e+01	1.80020e+01	-6.45000e+00	9.00000e-01	
monocrop	Wed Nov 05 16:59:48 CET 2025	14/7/1997	14	7	1997	195	1997	1.59200e+01	3.24800e+01	4.10000e+01	9.90000e+01	0.00000e+00	0.00000e+00	0.00000e+00	0.00000e+00	0.00000e+00	0.00000e+00	0.00000e+00	0.00000e+00	5.78844e+00	6.05641e+01	2.73800e+01	1.99419e+01	4.06221e+01	4.08784e+01	-8.96642e+01	3.79945e-01	1.52739e+01	2.11302e+01	-6.45000e+00	1.10000e+00	
monocrop	Wed Nov 05 16:59:48 CET 2025	15/7/1997	15	7	1997	196	1997	1.63200e+01	3.47200e+01	2.70000e+01	9.40000e+01	0.00000e+00	0.00000e+00	0.00000e+00	0.00000e+00	0.00000e+00	0.00000e+00	0.00000e+00	0.00000e+00	5.88719e+00	5.92147e+01	2.67700e+01	2.05248e+01	3.86899e+01	4.07800e+01	-8.94648e+01	3.77313e-01	1.52481e+01	1.97599e+01	-6.46000e+00	9.00000e-01	
monocrop	Wed Nov 05 16:59:48 CET 2025	16/7/1997	16	7	1997	197	1997	1.65700e+01	3.01900e+01	3.90000e+01	8.50000e+01	0.00000e+00	0.00000e+00	0.00000e+00	0.00000e+00	0.00000e+00	0.00000e+00	0.00000e+00	0.00000e+00	3.77608e+00	3.24719e+01	1.46800e+01	2.37321e+01	8.73978e+00	4.06779e+01	-4.26181e+01	3.74573e-01	1.52215e+01	1.78141e+01	-6.46000e+00	1.00000e+00	
monocrop	Wed Nov 05 16:59:48 CET 2025	17/7/1997	17	7	1997	198	1997	1.50000e+01	2.33700e+01	7.40000e+01	9.50000e+01	8.00000e-01	8.00000e-01	0.00000e+00	0.00000e+00	0.00000e+00	0.00000e+00	0.00000e+00	8.00000e-01	1.52859e+00	1.10820e+01	5.01000e+00	1.09712e+01	1.10820e-01	4.05720e+01	-7.30654e+00	3.71727e-01	1.51938e+01	1.87692e+01	-6.46000e+00	1.10000e+00	
monocrop	Wed Nov 05 16:59:48 CET 2025	18/7/1997	18	7	1997	199	1997	1.75900e+01	2.76900e+01	4.40000e+01	9.10000e+01	5.80000e+00	5.80000e+00	0.00000e+00	0.00000e+00	0.00000e+00	0.00000e+00	0.00000e+00	5.80000e+00	6.68652e+00	6.52313e+01	2.94900e+01	1.64726e+01	4.87587e+01	4.04623e+01	-9.55392e+01	3.68775e-01	1.51653e+01	1.85446e+01	-6.46000e+00	3.50000e+00	
monocrop	Wed Nov 05 16:59:48 CET 2025	19/7/1997	19	7	1997	200	1997	1.42100e+01	2.76600e+01	4.70000e+01	8.40000e+01	0.00000e+00	0.00000e+00	0.00000e+00	0.00000e+00	0.00000e+00	0.00000e+00	0.00000e+00	0.00000e+00	5.44785e+00	6.22894e+01	2.81600e+01	1.82331e+01	4.40563e+01	4.03490e+01	-8.94753e+01	3.65720e-01	1.51359e+01	1.62143e+01	-6.46000e+00	1.30000e+00	
monocrop	Wed Nov 05 16:59:48 CET 2025	20/7/1997	20	7	1997	201	1997	1.59000e+01	3.08800e+01	4.40000e+01	8.20000e+01	2.80000e+00	2.80000e+00	0.00000e+00	0.00000e+00	0.00000e+00	0.00000e+00	0.00000e+00	2.80000e+00	5.81816e+00	6.33512e+01	2.86400e+01	1.73940e+01	4.59571e+01	4.02319e+01	-9.47692e+01	3.62562e-01	1.51057e+01	1.81123e+01	-6.46000e+00	1.00000e+00	
monocrop	Wed Nov 05 16:59:48 CET 2025	21/7/1997	21	7	1997	202	1997	1.32000e+01	3.13600e+01	2.50000e+01	7.50000e+01	3.20000e+00	3.20000e+00	0.00000e+00	0.00000e+00	0.00000e+00	0.00000e+00	0.00000e+00	3.20000e+00	5.53662e+00	6.18028e+01	2.79400e+01	1.81989e+01	4.36039e+01	4.01112e+01	-9.16221e+01	3.59302e-01	1.50745e+01	1.34393e+01	-6.46000e+00	9.00000e-01	
monocrop	Wed Nov 05 16:59:48 CET 2025	22/7/1997	22	7	1997	203	1997	1.25400e+01	2.84000e+01	3.40000e+01	9.00000e+01	4.00000e-01	4.00000e-01	0.00000e+00	0.00000e+00	0.00000e+00	0.00000e+00	0.00000e+00	4.00000e-01	4.60360e+00	5.18267e+01	2.34300e+01	2.27144e+01	2.91124e+01	3.99869e+01	-7.33315e+01	3.55941e-01	1.50426e+01	1.49144e+01	-6.47000e+00	9.00000e-01	
monocrop	Wed Nov 05 16:59:48 CET 2025	23/7/1997	23	7	1997	204	1997	1.32600e+01	3.22100e+01	2.70000e+01	9.30000e+01	0.00000e+00	0.00000e+00	0.00000e+00	0.00000e+00	0.00000e+00	0.00000e+00	0.00000e+00	0.00000e+00	5.23670e+00	5.81530e+01	2.62900e+01	1.99204e+01	3.82326e+01	3.98590e+01	-8.68471e+01	3.52481e-01	1.50099e+01	1.65794e+01	-6.47000e+00	7.00000e-01	
monocrop	Wed Nov 05 16:59:48 CET 2025	24/7/1997	24	7	1997	205	1997	2.22000e+01	3.42500e+01	4.40000e+01	7.90000e+01	0.00000e+00	0.00000e+00	0.00000e+00	0.00000e+00	0.00000e+00	0.00000e+00	0.00000e+00	0.00000e+00	5.17431e+00	3.90194e+01	1.76400e+01	2.43000e+01	1.47194e+01	3.97275e+01	-5.83072e+01	3.48923e-01	1.49763e+01	2.35491e+01	-6.47000e+00	1.90000e+00	
monocrop	Wed Nov 05 16:59:48 CET 2025	25/7/1997	25	7	1997	206	1997	2.00100e+01	2.78400e+01	4.20000e+01	7.00000e+01	0.00000e+00	0.00000e+00	0.00000e+00	0.00000e+00	0.00000e+00	0.00000e+00	0.00000e+00	0.00000e+00	6.13802e+00	4.89069e+01	2.21100e+01	2.31833e+01	2.57236e+01	3.95925e+01	-7.17205e+01	3.45268e-01	1.49421e+01	1.66272e+01	-6.47000e+00	3.40000e+00	
monocrop	Wed Nov 05 16:59:48 CET 2025	26/7/1997	26	7	1997	207	1997	1.98100e+01	3.42200e+01	3.50000e+01	7.10000e+01	0.00000e+00	0.00000e+00	0.00000e+00	0.00000e+00	0.00000e+00	0.00000e+00	0.00000e+00	0.00000e+00	6.59074e+00	5.63613e+01	2.54800e+01	2.03149e+01	3.60464e+01	3.94540e+01	-8.90987e+01	3.41517e-01	1.49070e+01	1.89083e+01	-6.47000e+00	2.20000e+00	
monocrop	Wed Nov 05 16:59:48 CET 2025	27/7/1997	27	7	1997	208	1997	1.45500e+01	3.40300e+01	3.40000e+01	9.30000e+01	0.00000e+00	0.00000e+00	0.00000e+00	0.00000e+00	0.00000e+00	0.00000e+00	0.00000e+00	0.00000e+00	5.26895e+00	5.63834e+01	2.54900e+01	2.01333e+01	3.62502e+01	3.93120e+01	-8.70848e+01	3.37671e-01	1.48713e+01	1.92719e+01	-6.47000e+00	6.00000e-01	
monocrop	Wed Nov 05 16:59:48 CET 2025	28/7/1997	28	7	1997	209	1997	1.52600e+01	3.53200e+01	3.10000e+01	9.80000e+01	0.00000e+00	0.00000e+00	0.00000e+00	0.00000e+00	0.00000e+00	0.00000e+00	0.00000e+00	0.00000e+00	5.89108e+00	6.13161e+01	2.77200e+01	1.71643e+01	4.41518e+01	3.91667e+01	-9.74593e+01	3.33733e-01	1.48349e+01	2.07802e+01	-6.47000e+00	9.00000e-01	
monocrop	Wed Nov 05 16:59:48 CET 2025	29/7/1997	29	7	1997	210	1997	1.60000e+01	3.38000e+01	3.80000e+01	9.70000e+01	0.00000e+00	0.00000e+00	0.00000e+00	0.00000e+00	0.00000e+00	0.00000e+00	0.00000e+00	0.00000e+00	5.56904e+00	5.70249e+01	2.57800e+01	1.94490e+01	3.75759e+01	3.90179e+01	-8.94442e+01	3.29703e-01	1.47978e+01	2.12472e+01	-6.48000e+00	1.10000e+00	
monocrop	Wed Nov 05 16:59:48 CET 2025	30/7/1997	30	7	1997	211	1997	1.70800e+01	3.35000e+01	3.50000e+01	7.70000e+01	0.00000e+00	0.00000e+00	0.00000e+00	0.00000e+00	0.00000e+00	0.00000e+00	0.00000e+00	0.00000e+00	5.57715e+00	5.52111e+01	2.49600e+01	2.01591e+01	3.50520e+01	3.88658e+01	-8.68810e+01	3.25582e-01	1.47600e+01	1.80417e+01	-6.48000e+00	1.10000e+00	
monocrop	Wed Nov 05 16:59:48 CET 2025	31/7/1997	31	7	1997	212	1997	1.64400e+01	3.35100e+01	2.50000e+01	8.80000e+01	0.00000e+00	0.00000e+00	0.00000e+00	0.00000e+00	0.00000e+00	0.00000e+00	0.00000e+00	0.00000e+00	5.20288e+00	5.19594e+01	2.34900e+01	2.13627e+01	3.05968e+01	3.87104e+01	-8.12345e+01	3.21372e-01	1.47216e+01	1.78644e+01	-6.48000e+00	9.00000e-01	
monocrop	Wed Nov 05 16:59:48 CET 2025	1/8/1997	1	8	1997	213	1997	1.32295e+01	3.46988e+01	2.20000e+01	8.60000e+01	0.00000e+00	0.00000e+00	0.00000e+00	0.00000e+00	0.00000e+00	0.00000e+00	0.00000e+00	0.00000e+00	5.60598e+00	6.06968e+01	2.74400e+01	1.66732e+01	4.40236e+01	3.85517e+01	-9.66607e+01	3.17075e-01	1.46826e+01	1.60712e+01	-6.48000e+00	9.00000e-01	
monocrop	Wed Nov 05 16:59:48 CET 2025	2/8/1997	2	8	1997	214	1997	1.51059e+01	3.45944e+01	3.50000e+01	7.60000e+01	0.00000e+00	0.00000e+00	0.00000e+00	0.00000e+00	0.00000e+00	0.00000e+00	0.00000e+00	0.00000e+00	5.80817e+00	5.94802e+01	2.68900e+01	1.72146e+01	4.22656e+01	3.83897e+01	-9.57589e+01	3.12691e-01	1.46430e+01	1.74180e+01	-6.48000e+00	1.20000e+00	
monocrop	Wed Nov 05 16:59:48 CET 2025	3/8/1997	3	8	1997	215	1997	1.61923e+01	3.25050e+01	4.60000e+01	9.20000e+01	0.00000e+00	0.00000e+00	0.00000e+00	0.00000e+00	0.00000e+00	0.00000e+00	0.00000e+00	0.00000e+00	5.57410e+00	5.91926e+01	2.67600e+01	1.71602e+01	4.20325e+01	3.82245e+01	-9.45683e+01	3.08222e-01	1.46029e+01	2.10148e+01	-6.48000e+00	1.10000e+00	
monocrop	Wed Nov 05 16:59:48 CET 2025	4/8/1997	4	8	1997	216	1997	2.01100e+01	2.95100e+01	4.80000e+01	9.70000e+01	0.00000e+00	0.00000e+00	0.00000e+00	0.00000e+00	0.00000e+00	0.00000e+00	0.00000e+00	0.00000e+00	4.78609e+00	4.82876e+01	2.18300e+01	2.19364e+01	2.63512e+01	3.80562e+01	-7.50710e+01	3.03669e-01	1.45621e+01	2.26987e+01	-6.48000e+00	1.00000e+00	
monocrop	Wed Nov 05 16:59:48 CET 2025	5/8/1997	5	8	1997	217	1997	2.03500e+01	2.57300e+01	7.90000e+01	9.90000e+01	0.00000e+00	0.00000e+00	0.00000e+00	0.00000e+00	0.00000e+00	0.00000e+00	0.00000e+00	0.00000e+00	1.68838e+00	1.45327e+01	6.57000e+00	1.41629e+01	3.69817e-01	3.78847e+01	-1.47133e+01	2.99035e-01	1.45209e+01	2.50516e+01	-6.48000e+00	6.00000e-01	
monocrop	Wed Nov 05 16:59:48 CET 2025	6/8/1997	6	8	1997	218	1997	2.02200e+01	3.00100e+01	5.50000e+01	9.90000e+01	0.00000e+00	0.00000e+00	0.00000e+00	0.00000e+00	0.00000e+00	0.00000e+00	0.00000e+00	0.00000e+00	4.79689e+00	4.94157e+01	2.23400e+01	2.12419e+01	2.81737e+01	3.77101e+01	-7.82658e+01	2.94320e-01	1.44791e+01	2.45502e+01	-6.49000e+00	8.00000e-01	
monocrop	Wed Nov 05 16:59:48 CET 2025	7/8/1997	7	8	1997	219	1997	1.96300e+01	2.80700e+01	6.50000e+01	9.90000e+01	0.00000e+00	0.00000e+00	0.00000e+00	0.00000e+00	0.00000e+00	0.00000e+00	0.00000e+00	0.00000e+00	4.26134e+00	4.45051e+01	2.01200e+01	2.23910e+01	2.21141e+01	3.75325e+01	-6.84753e+01	2.89525e-01	1.44368e+01	2.42375e+01	-6.49000e+00	1.20000e+00	
monocrop	Wed Nov 05 16:59:48 CET 2025	8/8/1997	8	8	1997	220	1997	1.80100e+01	3.05800e+01	4.50000e+01	9.90000e+01	0.00000e+00	0.00000e+00	0.00000e+00	0.00000e+00	0.00000e+00	0.00000e+00	0.00000e+00	0.00000e+00	4.84486e+00	5.14286e+01	2.32500e+01	2.00984e+01	3.13301e+01	3.73519e+01	-8.23164e+01	2.84653e-01	1.43941e+01	2.18581e+01	-6.49000e+00	8.00000e-01	
monocrop	Wed Nov 05 16:59:48 CET 2025	9/8/1997	9	8	1997	221	1997	1.61600e+01	3.43200e+01	3.80000e+01	9.60000e+01	0.00000e+00	0.00000e+00	0.00000e+00	0.00000e+00	0.00000e+00	0.00000e+00	0.00000e+00	0.00000e+00	5.15045e+00	5.28442e+01	2.38900e+01	1.92575e+01	3.35867e+01	3.71682e+01	-8.72855e+01	2.79704e-01	1.43508e+01	2.15215e+01	-6.49000e+00	9.00000e-01	
monocrop	Wed Nov 05 16:59:48 CET 2025	10/8/1997	10	8	1997	222	1997	1.64800e+01	3.29100e+01	3.70000e+01	9.00000e+01	0.00000e+00	0.00000e+00	0.00000e+00	0.00000e+00	0.00000e+00	0.00000e+00	0.00000e+00	0.00000e+00	4.88672e+00	5.00350e+01	2.26200e+01	2.02566e+01	2.97784e+01	3.69817e+01	-8.16920e+01	2.74681e-01	1.43072e+01	1.97448e+01	-6.49000e+00	9.00000e-01	
monocrop	Wed Nov 05 16:59:48 CET 2025	11/8/1997	11	8	1997	223	1997	1.67400e+01	2.44100e+01	7.20000e+01	9.90000e+01	2.76000e+01	2.76000e+01	0.00000e+00	0.00000e+00	0.00000e+00	0.00000e+00	0.00000e+00	2.76000e+01	1.92455e+00	1.82710e+01	8.26000e+00	1.65927e+01	1.67829e+00	3.67922e+01	-2.16052e+01	2.69584e-01	1.42631e+01	2.07011e+01	-6.49000e+00	7.00000e-01	
monocrop	Wed Nov 05 16:59:48 CET 2025	12/8/1997	12	8	1997	224	1997	1.49300e+01	3.05000e+01	4.40000e+01	9.90000e+01	0.00000e+00	0.00000e+00	0.00000e+00	0.00000e+00	0.00000e+00	0.00000e+00	0.00000e+00	0.00000e+00	4.90557e+00	5.64719e+01	2.55300e+01	1.65572e+01	3.99147e+01	3.65998e+01	-9.21542e+01	2.64416e-01	1.42186e+01	1.97331e+01	-6.49000e+00	8.00000e-01	
monocrop	Wed Nov 05 16:59:48 CET 2025	13/8/1997	13	8	1997	225	1997	1.50000e+01	3.14600e+01	4.60000e+01	9.90000e+01	2.00000e-01	2.00000e-01	0.00000e+00	0.00000e+00	0.00000e+00	0.00000e+00	0.00000e+00	2.00000e-01	5.02339e+00	5.68037e+01	2.56800e+01	1.60740e+01	4.07296e+01	3.64047e+01	-9.41196e+01	2.59177e-01	1.41737e+01	2.06431e+01	-6.49000e+00	9.00000e-01	
monocrop	Wed Nov 05 16:59:48 CET 2025	14/8/1997	14	8	1997	226	1997	1.77600e+01	3.34000e+01	4.70000e+01	9.90000e+01	0.00000e+00	0.00000e+00	0.00000e+00	0.00000e+00	0.00000e+00	0.00000e+00	0.00000e+00	0.00000e+00	5.31691e+00	5.55429e+01	2.51100e+01	1.65756e+01	3.89673e+01	3.62068e+01	-9.51441e+01	2.53869e-01	1.41284e+01	2.39276e+01	-6.50000e+00	9.00000e-01	
monocrop	Wed Nov 05 16:59:48 CET 2025	15/8/1997	15	8	1997	227	1997	1.83100e+01	3.32900e+01	5.00000e+01	9.90000e+01	0.00000e+00	0.00000e+00	0.00000e+00	0.00000e+00	0.00000e+00	0.00000e+00	0.00000e+00	0.00000e+00	4.83105e+00	4.96369e+01	2.24400e+01	1.93487e+01	3.02882e+01	3.60061e+01	-8.45080e+01	2.48494e-01	1.40827e+01	2.47401e+01	-6.50000e+00	7.00000e-01	
monocrop	Wed Nov 05 16:59:48 CET 2025	16/8/1997	16	8	1997	228	1997	1.74700e+01	3.07000e+01	5.00000e+01	9.90000e+01	2.20000e+00	2.20000e+00	0.00000e+00	0.00000e+00	0.00000e+00	0.00000e+00	0.00000e+00	2.20000e+00	2.92294e+00	2.76276e+01	1.24900e+01	2.06237e+01	7.00396e+00	3.58027e+01	-4.12949e+01	2.43053e-01	1.40367e+01	2.23339e+01	-6.50000e+00	4.00000e-01	
monocrop	Wed Nov 05 16:59:48 CET 2025	17/8/1997	17	8	1997	229	1997	1.49900e+01	3.16500e+01	4.10000e+01	9.90000e+01	2.00000e-01	2.00000e-01	0.00000e+00	0.00000e+00	0.00000e+00	0.00000e+00	0.00000e+00	2.00000e-01	4.73613e+00	5.37954e+01	2.43200e+01	1.67749e+01	3.70204e+01	3.55967e+01	-9.10128e+01	2.37547e-01	1.39904e+01	2.00399e+01	-6.50000e+00	7.00000e-01	
monocrop	Wed Nov 05 16:59:48 CET 2025	18/8/1997	18	8	1997	230	1997	1.73300e+01	3.17900e+01	4.30000e+01	9.90000e+01	7.00000e+00	7.00000e+00	0.00000e+00	0.00000e+00	0.00000e+00	0.00000e+00	0.00000e+00	7.00000e+00	4.46123e+00	4.72479e+01	2.13600e+01	1.96235e+01	2.76245e+01	3.53881e+01	-8.01304e+01	2.31979e-01	1.39437e+01	2.18994e+01	-6.50000e+00	7.00000e-01	
monocrop	Wed Nov 05 16:59:48 CET 2025	19/8/1997	19	8	1997	231	1997	1.60900e+01	3.07200e+01	4.60000e+01	9.90000e+01	4.00000e-01	4.00000e-01	0.00000e+00	0.00000e+00	0.00000e+00	0.00000e+00	0.00000e+00	4.00000e-01	4.04375e+00	4.51244e+01	2.04000e+01	2.01299e+01	2.49946e+01	3.51769e+01	-7.54360e+01	2.26349e-01	1.38967e+01	2.08624e+01	-6.50000e+00	4.00000e-01	
monocrop	Wed Nov 05 16:59:48 CET 2025	20/8/1997	20	8	1997	232	1997	2.04300e+01	3.07900e+01	4.90000e+01	9.90000e+01	0.00000e+00	0.00000e+00	0.00000e+00	0.00000e+00	0.00000e+00	0.00000e+00	0.00000e+00	0.00000e+00	4.87833e+00	5.09641e+01	2.30400e+01	1.74974e+01	3.34666e+01	3.49632e+01	-8.90800e+01	2.20660e-01	1.38494e+01	2.42986e+01	-6.50000e+00	8.00000e-01	
monocrop	Wed Nov 05 16:59:48 CET 2025	21/8/1997	21	8	1997	233	1997	1.90400e+01	2.92500e+01	7.30000e+01	9.90000e+01	8.00000e-01	8.00000e-01	0.00000e+00	0.00000e+00	0.00000e+00	0.00000e+00	0.00000e+00	8.00000e-01	2.77742e+00	2.81364e+01	1.27200e+01	2.03737e+01	7.76273e+00	3.47471e+01	-4.36973e+01	2.14913e-01	1.38019e+01	2.58744e+01	-6.50000e+00	5.00000e-01	
monocrop	Wed Nov 05 16:59:48 CET 2025	22/8/1997	22	8	1997	234	1997	1.68700e+01	3.21700e+01	4.50000e+01	9.90000e+01	0.00000e+00	0.00000e+00	0.00000e+00	0.00000e+00	0.00000e+00	0.00000e+00	0.00000e+00	0.00000e+00	4.60451e+00	5.01899e+01	2.26900e+01	1.73516e+01	3.28382e+01	3.45285e+01	-8.83608e+01	2.09109e-01	1.37541e+01	2.21547e+01	-6.50000e+00	7.00000e-01	
monocrop	Wed Nov 05 16:59:48 CET 2025	23/8/1997	23	8	1997	235	1997	1.74600e+01	3.02900e+01	5.10000e+01	9.90000e+01	0.00000e+00	0.00000e+00	0.00000e+00	0.00000e+00	0.00000e+00	0.00000e+00	0.00000e+00	0.00000e+00	4.42629e+00	4.82212e+01	2.18000e+01	1.80319e+01	3.01893e+01	3.43075e+01	-8.39755e+01	2.03249e-01	1.37060e+01	2.22018e+01	-6.51000e+00	1.00000e+00	
monocrop	Wed Nov 05 16:59:48 CET 2025	24/8/1997	24	8	1997	236	1997	1.55600e+01	2.99700e+01	5.00000e+01	9.90000e+01	0.00000e+00	0.00000e+00	0.00000e+00	0.00000e+00	0.00000e+00	0.00000e+00	0.00000e+00	0.00000e+00	4.36531e+00	5.07650e+01	2.29500e+01	1.64817e+01	3.42832e+01	3.40842e+01	-8.85987e+01	1.97336e-01	1.36576e+01	2.06236e+01	-6.51000e+00	8.00000e-01	
monocrop	Wed Nov 05 16:59:48 CET 2025	25/8/1997	25	8	1997	237	1997	1.72000e+01	2.71700e+01	6.40000e+01	9.90000e+01	3.80000e+00	3.80000e+00	0.00000e+00	0.00000e+00	0.00000e+00	0.00000e+00	0.00000e+00	3.80000e+00	3.80193e+00	4.39521e+01	1.98700e+01	1.92111e+01	2.47410e+01	3.38586e+01	-7.46439e+01	1.91371e-01	1.36090e+01	2.17797e+01	-6.51000e+00	1.00000e+00	
monocrop	Wed Nov 05 16:59:48 CET 2025	26/8/1997	26	8	1997	238	1997	1.71700e+01	2.64400e+01	5.30000e+01	9.90000e+01	1.20000e+00	1.20000e+00	0.00000e+00	0.00000e+00	0.00000e+00	0.00000e+00	0.00000e+00	1.20000e+00	3.66390e+00	4.36203e+01	1.97200e+01	1.90935e+01	2.45267e+01	3.36308e+01	-7.41069e+01	1.85356e-01	1.35602e+01	1.98444e+01	-6.51000e+00	5.00000e-01	
monocrop	Wed Nov 05 16:59:48 CET 2025	27/8/1997	27	8	1997	239	1997	1.66100e+01	2.63900e+01	7.30000e+01	9.90000e+01	2.00000e+00	2.00000e+00	0.00000e+00	0.00000e+00	0.00000e+00	0.00000e+00	0.00000e+00	2.00000e+00	2.71532e+00	2.91760e+01	1.31900e+01	2.00331e+01	9.14294e+00	3.34007e+01	-4.63954e+01	1.79291e-01	1.35112e+01	2.20404e+01	-6.51000e+00	1.40000e+00	
monocrop	Wed Nov 05 16:59:48 CET 2025	28/8/1997	28	8	1997	240	1997	1.51000e+01	2.34200e+01	4.40000e+01	9.90000e+01	9.00000e+00	9.00000e+00	0.00000e+00	0.00000e+00	0.00000e+00	0.00000e+00	0.00000e+00	9.00000e+00	3.33579e+00	3.54802e+01	1.60400e+01	2.02710e+01	1.52092e+01	3.31686e+01	-5.72636e+01	1.73180e-01	1.34620e+01	1.59560e+01	-6.51000e+00	1.90000e+00	
monocrop	Wed Nov 05 16:59:48 CET 2025	29/8/1997	29	8	1997	241	1997	1.43400e+01	2.62600e+01	4.10000e+01	8.00000e+01	0.00000e+00	0.00000e+00	0.00000e+00	0.00000e+00	0.00000e+00	0.00000e+00	0.00000e+00	0.00000e+00	4.22937e+00	4.43281e+01	2.00400e+01	1.81290e+01	2.61992e+01	3.29344e+01	-7.61720e+01	1.67022e-01	1.34126e+01	1.44015e+01	-6.51000e+00	2.10000e+00	
monocrop	Wed Nov 05 16:59:48 CET 2025	30/8/1997	30	8	1997	242	1997	1.04800e+01	2.94700e+01	4.30000e+01	9.90000e+01	0.00000e+00	0.00000e+00	0.00000e+00	0.00000e+00	0.00000e+00	0.00000e+00	0.00000e+00	0.00000e+00	3.91868e+00	5.11410e+01	2.31200e+01	1.43605e+01	3.67805e+01	3.26981e+01	-9.10380e+01	1.60820e-01	1.33629e+01	1.65643e+01	-6.51000e+00	8.00000e-01	
monocrop	Wed Nov 05 16:59:48 CET 2025	31/8/1997	31	8	1997	243	1997	1.28900e+01	2.75700e+01	5.70000e+01	9.90000e+01	1.40000e+00	1.40000e+00	0.00000e+00	0.00000e+00	0.00000e+00	0.00000e+00	0.00000e+00	1.40000e+00	3.83567e+00	4.94599e+01	2.23600e+01	1.50602e+01	3.43997e+01	3.24598e+01	-8.79897e+01	1.54575e-01	1.33132e+01	1.84870e+01	-6.51000e+00	1.00000e+00	
monocrop	Wed Nov 05 16:59:48 CET 2025	1/9/1997	1	9	1997	244	1997	1.84400e+01	2.49100e+01	7.70000e+01	9.90000e+01	8.40000e+00	8.40000e+00	0.00000e+00	0.00000e+00	0.00000e+00	0.00000e+00	0.00000e+00	8.40000e+00	2.32494e+00	2.49512e+01	1.12800e+01	1.85855e+01	6.36569e+00	3.22196e+01	-3.98208e+01	1.48289e-01	1.32632e+01	2.27958e+01	-6.52000e+00	1.10000e+00	
monocrop	Wed Nov 05 16:59:48 CET 2025	2/9/1997	2	9	1997	245	1997	1.64700e+01	2.63300e+01	5.40000e+01	9.90000e+01	0.00000e+00	0.00000e+00	0.00000e+00	0.00000e+00	0.00000e+00	0.00000e+00	0.00000e+00	0.00000e+00	3.01437e+00	3.26710e+01	1.47700e+01	1.95878e+01	1.30831e+01	3.19776e+01	-5.59799e+01	1.41964e-01	1.32131e+01	1.94859e+01	-6.52000e+00	1.10000e+00	
monocrop	Wed Nov 05 16:59:48 CET 2025	3/9/1997	3	9	1997	246	1997	1.31300e+01	2.81800e+01	5.10000e+01	9.90000e+01	0.00000e+00	0.00000e+00	0.00000e+00	0.00000e+00	0.00000e+00	0.00000e+00	0.00000e+00	0.00000e+00	3.72523e+00	4.77567e+01	2.15900e+01	1.50694e+01	3.26872e+01	3.17337e+01	-8.73760e+01	1.35600e-01	1.31628e+01	1.82486e+01	-6.52000e+00	8.00000e-01	
monocrop	Wed Nov 05 16:59:48 CET 2025	4/9/1997	4	9	1997	247	1997	1.40100e+01	3.21400e+01	4.30000e+01	9.90000e+01	0.00000e+00	0.00000e+00	0.00000e+00	0.00000e+00	0.00000e+00	0.00000e+00	0.00000e+00	0.00000e+00	4.03028e+00	4.76018e+01	2.15200e+01	1.48297e+01	3.27721e+01	3.14881e+01	-9.12759e+01	1.29200e-01	1.31124e+01	2.00273e+01	-6.52000e+00	7.00000e-01	
monocrop	Wed Nov 05 16:59:48 CET 2025	5/9/1997	5	9	1997	248	1997	1.34700e+01	2.91500e+01	4.50000e+01	9.90000e+01	0.00000e+00	0.00000e+00	0.00000e+00	0.00000e+00	0.00000e+00	0.00000e+00	0.00000e+00	0.00000e+00	3.87448e+00	4.91060e+01	2.22000e+01	1.35634e+01	3.55426e+01	3.12407e+01	-9.26759e+01	1.22765e-01	1.30618e+01	1.82387e+01	-6.52000e+00	8.00000e-01	
monocrop	Wed Nov 05 16:59:48 CET 2025	6/9/1997	6	9	1997	249	1997	1.57200e+01	2.92300e+01	5.50000e+01	9.90000e+01	2.00000e-01	2.00000e-01	0.00000e+00	0.00000e+00	0.00000e+00	0.00000e+00	0.00000e+00	2.00000e-01	3.74970e+00	4.54783e+01	2.05600e+01	1.53524e+01	3.01259e+01	3.09917e+01	-8.67963e+01	1.16296e-01	1.30112e+01	2.09435e+01	-6.52000e+00	7.00000e-01	
monocrop	Wed Nov 05 16:59:48 CET 2025	7/9/1997	7	9	1997	250	1997	1.60300e+01	3.19500e+01	4.50000e+01	9.90000e+01	0.00000e+00	0.00000e+00	0.00000e+00	0.00000e+00	0.00000e+00	0.00000e+00	0.00000e+00	0.00000e+00	3.94378e+00	4.49696e+01	2.03300e+01	1.53019e+01	2.96677e+01	3.07411e+01	-8.86909e+01	1.09796e-01	1.29603e+01	2.14616e+01	-6.52000e+00	7.00000e-01	
monocrop	Wed Nov 05 16:59:48 CET 2025	8/9/1997	8	9	1997	251	1997	1.07500e+01	2.96900e+01	4.20000e+01	9.90000e+01	0.00000e+00	0.00000e+00	0.00000e+00	0.00000e+00	0.00000e+00	0.00000e+00	0.00000e+00	0.00000e+00	3.56583e+00	4.75576e+01	2.15000e+01	1.34720e+01	3.40856e+01	3.04890e+01	-9.12066e+01	1.03266e-01	1.29094e+01	1.66991e+01	-6.52000e+00	7.00000e-01	
monocrop	Wed Nov 05 16:59:48 CET 2025	9/9/1997	9	9	1997	252	1997	1.10200e+01	3.26100e+01	3.00000e+01	9.90000e+01	0.00000e+00	0.00000e+00	0.00000e+00	0.00000e+00	0.00000e+00	0.00000e+00	0.00000e+00	0.00000e+00	3.76013e+00	4.78894e+01	2.16500e+01	1.28889e+01	3.50005e+01	3.02354e+01	-9.53121e+01	9.67068e-02	1.28584e+01	1.68519e+01	-6.52000e+00	6.00000e-01	
monocrop	Wed Nov 05 16:59:48 CET 2025	10/9/1997	10	9	1997	253	1997	9.53000e+00	3.15400e+01	2.30000e+01	9.90000e+01	0.00000e+00	0.00000e+00	0.00000e+00	0.00000e+00	0.00000e+00	0.00000e+00	0.00000e+00	0.00000e+00	3.65141e+00	4.85751e+01	2.19600e+01	1.20359e+01	3.65392e+01	2.99805e+01	-9.61912e+01	9.01207e-02	1.28073e+01	1.47328e+01	-6.52000e+00	7.00000e-01	
monocrop	Wed Nov 05 16:59:48 CET 2025	11/9/1997	11	9	1997	254	1997	1.12000e+01	2.74100e+01	5.30000e+01	9.90000e+01	1.20000e+00	1.20000e+00	0.00000e+00	0.00000e+00	0.00000e+00	0.00000e+00	0.00000e+00	1.20000e+00	3.29222e+00	4.53677e+01	2.05100e+01	1.37457e+01	3.16220e+01	2.97241e+01	-8.74838e+01	8.35092e-02	1.27560e+01	1.70079e+01	-6.53000e+00	9.00000e-01	
monocrop	Wed Nov 05 16:59:48 CET 2025	12/9/1997	12	9	1997	255	1997	1.67800e+01	2.49400e+01	8.10000e+01	9.90000e+01	2.00000e-01	2.00000e-01	0.00000e+00	0.00000e+00	0.00000e+00	0.00000e+00	0.00000e+00	2.00000e-01	2.53838e+00	3.15650e+01	1.42700e+01	1.80058e+01	1.35591e+01	2.94665e+01	-5.86272e+01	7.68738e-02	1.27047e+01	2.21767e+01	-6.53000e+00	1.20000e+00	
monocrop	Wed Nov 05 16:59:48 CET 2025	13/9/1997	13	9	1997	256	1997	1.26800e+01	2.52700e+01	5.90000e+01	9.90000e+01	0.00000e+00	0.00000e+00	0.00000e+00	0.00000e+00	0.00000e+00	0.00000e+00	0.00000e+00	0.00000e+00	2.09386e+00	2.42433e+01	1.09600e+01	1.72657e+01	6.97765e+00	2.92076e+01	-4.24987e+01	7.02161e-02	1.26533e+01	1.73191e+01	-6.53000e+00	7.00000e-01	
monocrop	Wed Nov 05 16:59:48 CET 2025	14/9/1997	14	9	1997	257	1997	9.22000e+00	2.51400e+01	2.40000e+01	7.50000e+01	0.00000e+00	0.00000e+00	0.00000e+00	0.00000e+00	0.00000e+00	0.00000e+00	0.00000e+00	0.00000e+00	3.26760e+00	4.49253e+01	2.03100e+01	1.29342e+01	3.19911e+01	2.89476e+01	-8.65885e+01	6.35377e-02	1.26019e+01	9.69343e+00	-6.53000e+00	1.10000e+00	
monocrop	Wed Nov 05 16:59:48 CET 2025	15/9/1997	15	9	1997	258	1997	1.00500e+01	2.48500e+01	4.80000e+01	9.90000e+01	0.00000e+00	0.00000e+00	0.00000e+00	0.00000e+00	0.00000e+00	0.00000e+00	0.00000e+00	0.00000e+00	2.64134e+00	3.67410e+01	1.66100e+01	1.64334e+01	2.03076e+01	2.86866e+01	-6.98688e+01	5.68402e-02	1.25503e+01	1.46412e+01	-6.53000e+00	9.00000e-01	
monocrop	Wed Nov 05 16:59:48 CET 2025	16/9/1997	16	9	1997	259	1997	1.01100e+01	2.44100e+01	5.00000e+01	9.90000e+01	0.00000e+00	0.00000e+00	0.00000e+00	0.00000e+00	0.00000e+00	0.00000e+00	0.00000e+00	0.00000e+00	2.85239e+00	4.35097e+01	1.96700e+01	1.30697e+01	3.04399e+01	2.84244e+01	-8.50920e+01	5.01253e-02	1.24987e+01	1.46632e+01	-6.53000e+00	8.00000e-01	
monocrop	Wed Nov 05 16:59:48 CET 2025	17/9/1997	17	9	1997	260	1997	8.16000e+00	2.59200e+01	3.00000e+01	9.90000e+01	0.00000e+00	0.00000e+00	0.00000e+00	0.00000e+00	0.00000e+00	0.00000e+00	0.00000e+00	0.00000e+00	2.99376e+00	4.54562e+01	2.05500e+01	1.14259e+01	3.40303e+01	2.81614e+01	-9.06785e+01	4.33944e-02	1.24470e+01	1.25193e+01	-6.53000e+00	9.00000e-01	
monocrop	Wed Nov 05 16:59:48 CET 2025	18/9/1997	18	9	1997	261	1997	5.91600e+00	2.78400e+01	3.70000e+01	9.90000e+01	0.00000e+00	0.00000e+00	0.00000e+00	0.00000e+00	0.00000e+00	0.00000e+00	0.00000e+00	0.00000e+00	2.84021e+00	4.40406e+01	1.99100e+01	1.19882e+01	3.20523e+01	2.78974e+01	-8.91009e+01	3.66493e-02	1.23953e+01	1.30637e+01	-6.53000e+00	8.00000e-01	
monocrop	Wed Nov 05 16:59:48 CET 2025	19/9/1997	19	9	1997	262	1997	7.50000e+00	2.81700e+01	3.90000e+01	9.80000e+01	0.00000e+00	0.00000e+00	0.00000e+00	0.00000e+00	0.00000e+00	0.00000e+00	0.00000e+00	0.00000e+00	2.91727e+00	4.32885e+01	1.95700e+01	1.20911e+01	3.11974e+01	2.76327e+01	-8.92681e+01	2.98916e-02	1.23435e+01	1.39808e+01	-6.53000e+00	9.00000e-01	
monocrop	Wed Nov 05 16:59:48 CET 2025	20/9/1997	20	9	1997	263	1997	8.92000e+00	2.83300e+01	3.70000e+01	9.90000e+01	0.00000e+00	0.00000e+00	0.00000e+00	0.00000e+00	0.00000e+00	0.00000e+00	0.00000e+00	0.00000e+00	2.85723e+00	4.08553e+01	1.84700e+01	1.31813e+01	2.76740e+01	2.73672e+01	-8.52855e+01	2.31228e-02	1.22917e+01	1.45848e+01	-6.53000e+00	8.00000e-01	
monocrop	Wed Nov 05 16:59:48 CET 2025	21/9/1997	21	9	1997	264	1997	1.00400e+01	2.80200e+01	3.40000e+01	9.90000e+01	0.00000e+00	0.00000e+00	0.00000e+00	0.00000e+00	0.00000e+00	0.00000e+00	0.00000e+00	0.00000e+00	2.74435e+00	3.88645e+01	1.75700e+01	1.38820e+01	2.49825e+01	2.71010e+01	-8.17329e+01	1.63446e-02	1.22399e+01	1.46288e+01	-6.53000e+00	6.00000e-01	
monocrop	Wed Nov 05 16:59:48 CET 2025	22/9/1997	22	9	1997	265	1997	1.11800e+01	2.69200e+01	4.70000e+01	9.80000e+01	0.00000e+00	0.00000e+00	0.00000e+00	0.00000e+00	0.00000e+00	0.00000e+00	0.00000e+00	0.00000e+00	2.73037e+00	3.87097e+01	1.75000e+01	1.36336e+01	2.50761e+01	2.68342e+01	-8.19083e+01	9.55863e-03	1.21880e+01	1.59687e+01	-6.53000e+00	8.00000e-01	
monocrop	Wed Nov 05 16:59:48 CET 2025	23/9/1997	23	9	1997	266	1997	1.13000e+01	2.88400e+01	3.50000e+01	9.90000e+01	0.00000e+00	0.00000e+00	0.00000e+00	0.00000e+00	0.00000e+00	0.00000e+00	0.00000e+00	0.00000e+00	2.88108e+00	3.91078e+01	1.76800e+01	1.30958e+01	2.60120e+01	2.65669e+01	-8.52937e+01	2.76656e-03	1.21361e+01	1.57234e+01	-6.54000e+00	8.00000e-01	
monocrop	Wed Nov 05 16:59:48 CET 2025	24/9/1997	24	9	1997	267	1997	9.69000e+00	2.98900e+01	3.30000e+01	9.90000e+01	0.00000e+00	0.00000e+00	0.00000e+00	0.00000e+00	0.00000e+00	0.00000e+00	0.00000e+00	0.00000e+00	2.79974e+00	4.00147e+01	1.80900e+01	1.22361e+01	2.77787e+01	2.62992e+01	-8.87121e+01	-4.03000e-03	1.20842e+01	1.52222e+01	-6.54000e+00	6.00000e-01	
monocrop	Wed Nov 05 16:59:48 CET 2025	25/9/1997	25	9	1997	268	1997	8.68652e+00	2.74904e+01	2.90000e+01	9.90000e+01	2.00000e-01	2.00000e-01	0.00000e+00	0.00000e+00	0.00000e+00	0.00000e+00	0.00000e+00	2.00000e-01	2.60917e+00	3.90857e+01	1.76700e+01	1.24118e+01	2.66739e+01	2.60310e+01	-8.51855e+01	-1.08294e-02	1.20322e+01	1.32724e+01	-6.54000e+00	7.00000e-01	
monocrop	Wed Nov 05 16:59:48 CET 2025	26/9/1997	26	9	1997	269	1997	6.61256e+00	2.72815e+01	3.30000e+01	9.90000e+01	0.00000e+00	0.00000e+00	0.00000e+00	0.00000e+00	0.00000e+00	0.00000e+00	0.00000e+00	0.00000e+00	2.53028e+00	3.93733e+01	1.78000e+01	1.18828e+01	2.74905e+01	2.57626e+01	-8.59314e+01	-1.76299e-02	1.19803e+01	1.27351e+01	-6.54000e+00	9.00000e-01	
monocrop	Wed Nov 05 16:59:48 CET 2025	27/9/1997	27	9	1997	270	1997	8.88404e+00	2.66546e+01	4.60000e+01	9.90000e+01	2.00000e-01	2.00000e-01	0.00000e+00	0.00000e+00	0.00000e+00	0.00000e+00	0.00000e+00	2.00000e-01	2.51905e+00	3.84000e+01	1.73600e+01	1.20872e+01	2.63128e+01	2.54939e+01	-8.49510e+01	-2.44300e-02	1.19283e+01	1.47361e+01	-6.54000e+00	1.00000e+00	
monocrop	Wed Nov 05 16:59:48 CET 2025	28/9/1997	28	9	1997	271	1997	8.48900e+00	2.63412e+01	5.20000e+01	9.90000e+01	2.00000e-01	2.00000e-01	0.00000e+00	0.00000e+00	0.00000e+00	0.00000e+00	0.00000e+00	2.00000e-01	2.29789e+00	3.61659e+01	1.63500e+01	1.29253e+01	2.32406e+01	2.52252e+01	-8.00325e+01	-3.12279e-02	1.18764e+01	1.50065e+01	-6.54000e+00	8.00000e-01	
monocrop	Wed Nov 05 16:59:48 CET 2025	29/9/1997	29	9	1997	272	1997	1.00692e+01	2.79083e+01	4.40000e+01	9.90000e+01	0.00000e+00	0.00000e+00	0.00000e+00	0.00000e+00	0.00000e+00	0.00000e+00	0.00000e+00	0.00000e+00	2.40655e+00	3.44848e+01	1.55900e+01	1.33767e+01	2.11081e+01	2.49563e+01	-7.84269e+01	-3.80219e-02	1.18244e+01	1.56883e+01	-6.54000e+00	8.00000e-01	
monocrop	Wed Nov 05 16:59:48 CET 2025	30/9/1997	30	9	1997	273	1997	9.97040e+00	2.93709e+01	4.00000e+01	9.90000e+01	2.00000e-01	2.00000e-01	0.00000e+00	0.00000e+00	0.00000e+00	0.00000e+00	0.00000e+00	2.00000e-01	2.54502e+00	3.73825e+01	1.69000e+01	1.15913e+01	2.57911e+01	2.46874e+01	-8.80391e+01	-4.48104e-02	1.17725e+01	1.59110e+01	-6.54000e+00	7.00000e-01	
monocrop	Wed Nov 05 16:59:48 CET 2025	1/10/1997	1	10	1997	274	1997	9.37784e+00	3.08335e+01	3.30000e+01	9.90000e+01	0.00000e+00	0.00000e+00	0.00000e+00	0.00000e+00	0.00000e+00	0.00000e+00	0.00000e+00	0.00000e+00	2.55088e+00	3.63871e+01	1.64500e+01	1.17980e+01	2.45891e+01	2.44187e+01	-8.74027e+01	-5.15916e-02	1.17206e+01	1.55229e+01	-6.54000e+00	7.00000e-01	
monocrop	Wed Nov 05 16:59:48 CET 2025	2/10/1997	2	10	1997	275	1997	9.67412e+00	3.39675e+01	2.70000e+01	9.70000e+01	0.00000e+00	0.00000e+00	0.00000e+00	0.00000e+00	0.00000e+00	0.00000e+00	0.00000e+00	0.00000e+00	2.78288e+00	3.79355e+01	1.71500e+01	1.05012e+01	2.74343e+01	2.41501e+01	-9.54847e+01	-5.83639e-02	1.16687e+01	1.62045e+01	-6.54000e+00	7.00000e-01	
monocrop	Wed Nov 05 16:59:48 CET 2025	3/10/1997	3	10	1997	276	1997	8.58776e+00	3.35497e+01	2.50000e+01	9.10000e+01	0.00000e+00	0.00000e+00	0.00000e+00	0.00000e+00	0.00000e+00	0.00000e+00	0.00000e+00	0.00000e+00	2.79040e+00	3.87318e+01	1.75100e+01	9.56086e+00	2.91709e+01	2.38818e+01	-9.81258e+01	-6.51256e-02	1.16168e+01	1.44763e+01	-6.54000e+00	9.00000e-01	
monocrop	Wed Nov 05 16:59:48 CET 2025	4/10/1997	4	10	1997	277	1997	6.11876e+00	2.88485e+01	3.00000e+01	9.90000e+01	0.00000e+00	0.00000e+00	0.00000e+00	0.00000e+00	0.00000e+00	0.00000e+00	0.00000e+00	0.00000e+00	2.28337e+00	3.76037e+01	1.70000e+01	9.93144e+00	2.76722e+01	2.36138e+01	-9.11865e+01	-7.18748e-02	1.15650e+01	1.28758e+01	-6.54000e+00	8.00000e-01	
monocrop	Wed Nov 05 16:59:48 CET 2025	5/10/1997	5	10	1997	278	1997	1.19456e+01	2.54010e+01	6.70000e+01	9.90000e+01	8.00000e-01	8.00000e-01	0.00000e+00	0.00000e+00	0.00000e+00	0.00000e+00	0.00000e+00	8.00000e-01	1.95925e+00	2.90654e+01	1.31400e+01	1.36119e+01	1.54535e+01	2.33463e+01	-6.87397e+01	-7.86100e-02	1.15132e+01	1.78559e+01	-6.55000e+00	1.10000e+00	
monocrop	Wed Nov 05 16:59:48 CET 2025	6/10/1997	6	10	1997	279	1997	1.67848e+01	2.24758e+01	8.80000e+01	9.90000e+01	4.00000e+01	4.00000e+01	0.00000e+00	0.00000e+00	0.00000e+00	0.00000e+00	0.00000e+00	4.00000e+01	9.49999e-01	8.62673e+00	3.90000e+00	8.45697e+00	1.69756e-01	2.30793e+01	-1.36488e+01	-8.53292e-02	1.14615e+01	2.13520e+01	-6.55000e+00	1.80000e+00	
monocrop	Wed Nov 05 16:59:48 CET 2025	7/10/1997	7	10	1997	280	1997	1.62910e+01	2.58189e+01	7.80000e+01	9.90000e+01	0.00000e+00	0.00000e+00	0.00000e+00	0.00000e+00	0.00000e+00	0.00000e+00	0.00000e+00	0.00000e+00	1.74787e+00	2.33364e+01	1.05500e+01	1.39739e+01	9.36251e+00	2.28128e+01	-5.59504e+01	-9.20309e-02	1.14098e+01	2.20701e+01	-6.55000e+00	8.00000e-01	
monocrop	Wed Nov 05 16:59:48 CET 2025	8/10/1997	8	10	1997	281	1997	1.38220e+01	2.68636e+01	6.00000e+01	9.90000e+01	0.00000e+00	0.00000e+00	0.00000e+00	0.00000e+00	0.00000e+00	0.00000e+00	0.00000e+00	0.00000e+00	2.04855e+00	3.08571e+01	1.39500e+01	1.22096e+01	1.86475e+01	2.25470e+01	-7.82290e+01	-9.87132e-02	1.13582e+01	1.89744e+01	-6.55000e+00	5.00000e-01	
monocrop	Wed Nov 05 16:59:48 CET 2025	9/10/1997	9	10	1997	282	1997	1.44146e+01	2.70725e+01	6.70000e+01	9.90000e+01	0.00000e+00	0.00000e+00	0.00000e+00	0.00000e+00	0.00000e+00	0.00000e+00	0.00000e+00	0.00000e+00	2.01894e+00	2.99281e+01	1.35300e+01	1.22891e+01	1.76390e+01	2.22820e+01	-7.69353e+01	-1.05374e-01	1.13066e+01	2.03057e+01	-6.55000e+00	6.00000e-01	
monocrop	Wed Nov 05 16:59:48 CET 2025	10/10/1997	10	10	1997	283	1997	1.35258e+01	2.62368e+01	6.00000e+01	9.90000e+01	0.00000e+00	0.00000e+00	0.00000e+00	0.00000e+00	0.00000e+00	0.00000e+00	0.00000e+00	0.00000e+00	1.60200e+00	1.41346e+01	6.39000e+00	1.16287e+01	2.50584e+00	2.20179e+01	-3.10650e+01	-1.12013e-01	1.12552e+01	1.84399e+01	-6.55000e+00	1.70000e+00	
monocrop	Wed Nov 05 16:59:48 CET 2025	11/10/1997	11	10	1997	284	1997	1.73774e+01	2.69681e+01	5.00000e+01	8.50000e+01	0.00000e+00	0.00000e+00	0.00000e+00	0.00000e+00	0.00000e+00	0.00000e+00	0.00000e+00	0.00000e+00	2.94651e+00	3.35779e+01	1.51800e+01	9.83443e+00	2.37434e+01	2.17547e+01	-9.10421e+01	-1.18626e-01	1.12038e+01	1.80249e+01	-6.55000e+00	2.30000e+00	
monocrop	Wed Nov 05 16:59:48 CET 2025	12/10/1997	12	10	1997	285	1997	1.60935e+01	2.11177e+01	4.80000e+01	7.90000e+01	0.00000e+00	0.00000e+00	0.00000e+00	0.00000e+00	0.00000e+00	0.00000e+00	0.00000e+00	0.00000e+00	3.19954e+00	3.19189e+01	1.44300e+01	1.04433e+01	2.14756e+01	2.14925e+01	-8.22237e+01	-1.25213e-01	1.11525e+01	1.36031e+01	-6.55000e+00	4.10000e+00	
monocrop	Wed Nov 05 16:59:48 CET 2025	13/10/1997	13	10	1997	286	1997	7.50140e+00	1.91328e+01	3.50000e+01	6.90000e+01	0.00000e+00	0.00000e+00	0.00000e+00	0.00000e+00	0.00000e+00	0.00000e+00	0.00000e+00	0.00000e+00	2.01917e+00	2.78931e+01	1.26100e+01	1.19351e+01	1.59579e+01	2.12314e+01	-6.77613e+01	-1.31772e-01	1.11014e+01	7.94372e+00	-6.55000e+00	1.70000e+00	
monocrop	Wed Nov 05 16:59:48 CET 2025	14/10/1997	14	10	1997	287	1997	6.61256e+00	1.88194e+01	3.30000e+01	6.60000e+01	0.00000e+00	0.00000e+00	0.00000e+00	0.00000e+00	0.00000e+00	0.00000e+00	0.00000e+00	0.00000e+00	2.00442e+00	3.41751e+01	1.54500e+01	8.27970e+00	2.58954e+01	2.09715e+01	-8.55918e+01	-1.38300e-01	1.10503e+01	7.27022e+00	-6.55000e+00	1.70000e+00	
monocrop	Wed Nov 05 16:59:48 CET 2025	15/10/1997	15	10	1997	288	1997	8.60000e+00	1.58100e+01	5.10000e+01	8.30000e+01	2.00000e-01	2.00000e-01	0.00000e+00	0.00000e+00	0.00000e+00	0.00000e+00	0.00000e+00	2.00000e-01	1.63295e+00	1.86912e+01	8.45000e+00	1.25167e+01	6.17456e+00	2.07129e+01	-4.27006e+01	-1.44797e-01	1.09993e+01	9.51560e+00	-6.55000e+00	2.10000e+00	
monocrop	Wed Nov 05 16:59:48 CET 2025	16/10/1997	16	10	1997	289	1997	6.88300e+00	2.24700e+01	4.90000e+01	9.90000e+01	0.00000e+00	0.00000e+00	0.00000e+00	0.00000e+00	0.00000e+00	0.00000e+00	0.00000e+00	0.00000e+00	1.43328e+00	2.73401e+01	1.23600e+01	1.13324e+01	1.60077e+01	2.04557e+01	-7.10879e+01	-1.51260e-01	1.09485e+01	1.23475e+01	-6.55000e+00	9.00000e-01	
monocrop	Wed Nov 05 16:59:48 CET 2025	17/10/1997	17	10	1997	290	1997	5.47100e+00	2.03500e+01	6.20000e+01	9.90000e+01	0.00000e+00	0.00000e+00	0.00000e+00	0.00000e+00	0.00000e+00	0.00000e+00	0.00000e+00	0.00000e+00	1.18741e+00	2.58359e+01	1.16800e+01	1.15827e+01	1.42533e+01	2.02000e+01	-6.59270e+01	-1.57687e-01	1.08979e+01	1.19749e+01	-6.55000e+00	9.00000e-01	
monocrop	Wed Nov 05 16:59:48 CET 2025	18/10/1997	18	10	1997	291	1997	9.55000e+00	2.04900e+01	8.00000e+01	9.90000e+01	2.00000e-01	2.00000e-01	0.00000e+00	0.00000e+00	0.00000e+00	0.00000e+00	0.00000e+00	2.00000e-01	1.21844e+00	2.71410e+01	1.22700e+01	1.08641e+01	1.62770e+01	1.99458e+01	-7.20679e+01	-1.64077e-01	1.08473e+01	1.52682e+01	-6.56000e+00	1.10000e+00	
monocrop	Wed Nov 05 16:59:48 CET 2025	19/10/1997	19	10	1997	292	1997	9.53000e+00	2.06700e+01	7.90000e+01	9.90000e+01	4.00000e-01	4.00000e-01	0.00000e+00	0.00000e+00	0.00000e+00	0.00000e+00	0.00000e+00	4.00000e-01	1.02378e+00	1.89124e+01	8.55000e+00	1.20206e+01	6.89183e+00	1.96932e+01	-4.82543e+01	-1.70427e-01	1.07970e+01	1.52613e+01	-6.56000e+00	1.00000e+00	
monocrop	Wed Nov 05 16:59:48 CET 2025	20/10/1997	20	10	1997	293	1997	1.51900e+01	2.06900e+01	7.60000e+01	9.90000e+01	2.00000e-01	2.00000e-01	0.00000e+00	0.00000e+00	0.00000e+00	0.00000e+00	0.00000e+00	2.00000e-01	1.06553e+00	1.37585e+01	6.22000e+00	1.07881e+01	2.97040e+00	1.94424e+01	-3.39114e+01	-1.76736e-01	1.07468e+01	1.79771e+01	-6.56000e+00	1.10000e+00	
monocrop	Wed Nov 05 16:59:48 CET 2025	21/10/1997	21	10	1997	294	1997	1.58900e+01	2.51100e+01	6.60000e+01	9.90000e+01	2.00000e-01	2.00000e-01	0.00000e+00	0.00000e+00	0.00000e+00	0.00000e+00	0.00000e+00	2.00000e-01	1.63230e+00	2.76940e+01	1.25200e+01	9.74830e+00	1.79457e+01	1.91934e+01	-8.25550e+01	-1.83002e-01	1.06967e+01	1.98825e+01	-6.56000e+00	6.00000e-01	
monocrop	Wed Nov 05 16:59:48 CET 2025	22/10/1997	22	10	1997	295	1997	1.61500e+01	1.84700e+01	8.70000e+01	9.90000e+01	1.00000e+00	1.00000e+00	0.00000e+00	0.00000e+00	0.00000e+00	0.00000e+00	0.00000e+00	1.00000e+00	6.43975e-01	6.56959e+00	2.97000e+00	6.54471e+00	2.48747e-02	1.89463e+01	-1.16378e+01	-1.89222e-01	1.06469e+01	1.83624e+01	-6.56000e+00	3.00000e-01	
monocrop	Wed Nov 05 16:59:48 CET 2025	23/10/1997	23	10	1997	296	1997	1.12100e+01	1.93600e+01	9.40000e+01	9.90000e+01	4.00000e-01	4.00000e-01	0.00000e+00	0.00000e+00	0.00000e+00	0.00000e+00	0.00000e+00	4.00000e-01	5.12736e-01	5.61843e+00	2.54000e+00	5.56225e+00	5.61843e-02	1.87012e+01	-8.78164e+00	-1.95396e-01	1.05973e+01	1.67455e+01	-6.56000e+00	2.00000e-01	
monocrop	Wed Nov 05 16:59:48 CET 2025	24/10/1997	24	10	1997	297	1997	4.24600e+00	2.34000e+01	1.70000e+01	9.90000e+01	0.00000e+00	0.00000e+00	0.00000e+00	0.00000e+00	0.00000e+00	0.00000e+00	0.00000e+00	0.00000e+00	1.27595e+00	2.99502e+01	1.35400e+01	7.37933e+00	2.25709e+01	1.84582e+01	-8.81462e+01	-2.01521e-01	1.05479e+01	9.15712e+00	-6.56000e+00	8.00000e-01	
monocrop	Wed Nov 05 16:59:48 CET 2025	25/10/1997	25	10	1997	298	1997	2.32700e+00	1.86900e+01	4.00000e+01	9.40000e+01	0.00000e+00	0.00000e+00	0.00000e+00	0.00000e+00	0.00000e+00	0.00000e+00	0.00000e+00	0.00000e+00	1.09212e+00	2.57696e+01	1.16500e+01	9.49997e+00	1.62696e+01	1.82174e+01	-7.18076e+01	-2.07595e-01	1.04987e+01	8.50362e+00	-6.56000e+00	1.20000e+00	
monocrop	Wed Nov 05 16:59:48 CET 2025	26/10/1997	26	10	1997	299	1997	1.62900e+00	1.96800e+01	3.80000e+01	9.90000e+01	0.00000e+00	0.00000e+00	0.00000e+00	0.00000e+00	0.00000e+00	0.00000e+00	0.00000e+00	0.00000e+00	8.95452e-01	2.82028e+01	1.27500e+01	7.84264e+00	2.03601e+01	1.79788e+01	-8.10846e+01	-2.13617e-01	1.04498e+01	8.77905e+00	-6.56000e+00	6.00000e-01	
monocrop	Wed Nov 05 16:59:48 CET 2025	27/10/1997	27	10	1997	300	1997	-7.21000e-01	2.04500e+01	3.20000e+01	9.90000e+01	0.00000e+00	0.00000e+00	0.00000e+00	0.00000e+00	0.00000e+00	0.00000e+00	0.00000e+00	0.00000e+00	7.94495e-01	2.87115e+01	1.29800e+01	7.14784e+00	2.15637e+01	1.77426e+01	-8.36943e+01	-2.19584e-01	1.04011e+01	7.96271e+00	-6.56000e+00	4.00000e-01	
monocrop	Wed Nov 05 16:59:48 CET 2025	28/10/1997	28	10	1997	301	1997	5.07000e+00	1.11500e+01	6.50000e+01	9.90000e+01	1.98000e+01	1.98000e+01	0.00000e+00	0.00000e+00	0.00000e+00	0.00000e+00	0.00000e+00	1.98000e+01	7.86677e-01	4.91060e+00	2.22000e+00	4.86149e+00	4.91061e-02	1.75088e+01	-7.21508e+00	-2.25494e-01	1.03528e+01	8.85470e+00	-6.56000e+00	1.70000e+00	
monocrop	Wed Nov 05 16:59:48 CET 2025	29/10/1997	29	10	1997	302	1997	1.18800e+00	1.36300e+01	4.00000e+01	8.60000e+01	0.00000e+00	0.00000e+00	0.00000e+00	0.00000e+00	0.00000e+00	0.00000e+00	0.00000e+00	0.00000e+00	8.58954e-01	2.31373e+01	1.04600e+01	9.55489e+00	1.35824e+01	1.72775e+01	-6.40736e+01	-2.31346e-01	1.03046e+01	6.48542e+00	-6.56000e+00	1.00000e+00	
monocrop	Wed Nov 05 16:59:48 CET 2025	30/10/1997	30	10	1997	303	1997	-2.99700e+00	1.61400e+01	2.60000e+01	9.90000e+01	2.00000e-01	2.00000e-01	0.00000e+00	0.00000e+00	0.00000e+00	0.00000e+00	0.00000e+00	2.00000e-01	5.81632e-01	2.72737e+01	1.23300e+01	7.08620e+00	2.01875e+01	1.70488e+01	-7.85483e+01	-2.37137e-01	1.02568e+01	6.07462e+00	-6.56000e+00	3.00000e-01	
monocrop	Wed Nov 05 16:59:48 CET 2025	31/10/1997	31	10	1997	304	1997	-3.41400e+00	1.37100e+01	3.30000e+01	9.90000e+01	2.00000e-01	2.00000e-01	0.00000e+00	0.00000e+00	0.00000e+00	0.00000e+00	0.00000e+00	2.00000e-01	4.83048e-01	2.59465e+01	1.17300e+01	7.61670e+00	1.83298e+01	1.68228e+01	-7.35665e+01	-2.42866e-01	1.02094e+01	5.81265e+00	-6.56000e+00	2.00000e-01	
monocrop	Wed Nov 05 16:59:48 CET 2025	1/11/1997	1	11	1997	305	1997	-2.40900e+00	1.56200e+01	3.20000e+01	9.90000e+01	0.00000e+00	0.00000e+00	0.00000e+00	0.00000e+00	0.00000e+00	0.00000e+00	0.00000e+00	0.00000e+00	5.34008e-01	2.48184e+01	1.12200e+01	7.97431e+00	1.68441e+01	1.65996e+01	-7.27375e+01	-2.48530e-01	1.01622e+01	6.38112e+00	-6.57000e+00	3.00000e-01	
monocrop	Wed Nov 05 16:59:48 CET 2025	2/11/1997	2	11	1997	306	1997	-7.87000e-01	1.26500e+01	6.00000e+01	9.90000e+01	2.00000e-01	2.00000e-01	0.00000e+00	0.00000e+00	0.00000e+00	0.00000e+00	0.00000e+00	2.00000e-01	5.55492e-01	6.74654e+00	3.05000e+00	6.46269e+00	2.83854e-01	1.63793e+01	-1.41025e+01	-2.54128e-01	1.01154e+01	7.39300e+00	-6.57000e+00	3.00000e-01	
monocrop	Wed Nov 05 16:59:48 CET 2025	3/11/1997	3	11	1997	307	1997	1.05500e+01	1.62100e+01	8.70000e+01	9.90000e+01	2.14000e+01	2.14000e+01	0.00000e+00	0.00000e+00	0.00000e+00	0.00000e+00	0.00000e+00	2.14000e+01	5.16944e-01	7.25530e+00	3.28000e+00	6.79219e+00	4.63111e-01	1.61619e+01	-1.71655e+01	-2.59658e-01	1.00690e+01	1.42655e+01	-6.57000e+00	7.00000e-01	
monocrop	Wed Nov 05 16:59:48 CET 2025	4/11/1997	4	11	1997	308	1997	1.26300e+01	1.48200e+01	9.50000e+01	9.90000e+01	9.18000e+01	9.18000e+01	0.00000e+00	0.00000e+00	0.00000e+00	0.00000e+00	0.00000e+00	9.18000e+01	4.29390e-01	1.68111e+00	7.60000e-01	1.66429e+00	1.68110e-02	1.59475e+01	2.56013e+00	-2.65117e-01	1.00229e+01	1.52172e+01	-6.57000e+00	1.70000e+00	
monocrop	Wed Nov 05 16:59:48 CET 2025	5/11/1997	5	11	1997	309	1997	1.43900e+01	1.88200e+01	9.60000e+01	9.90000e+01	2.16000e+01	2.16000e+01	0.00000e+00	0.00000e+00	0.00000e+00	0.00000e+00	0.00000e+00	2.16000e+01	4.89803e-01	3.78249e+00	1.71000e+00	3.74466e+00	3.78249e-02	1.57362e+01	-5.21906e+00	-2.70504e-01	9.97731e+00	1.84089e+01	-5.20000e+00	3.40000e+00	
monocrop	Wed Nov 05 16:59:48 CET 2025	6/11/1997	6	11	1997	310	1997	1.24400e+01	1.96500e+01	7.50000e+01	9.90000e+01	5.60000e+00	5.60000e+00	0.00000e+00	0.00000e+00	0.00000e+00	0.00000e+00	0.00000e+00	5.60000e+00	9.00487e-01	3.34009e+00	1.51000e+00	3.30669e+00	3.34010e-02	1.55281e+01	-3.70157e+00	-2.75817e-01	9.93211e+00	1.58503e+01	-4.87000e+00	2.70000e+00	
monocrop	Wed Nov 05 16:59:48 CET 2025	7/11/1997	7	11	1997	311	1997	7.66000e+00	1.68900e+01	5.90000e+01	9.90000e+01	0.00000e+00	0.00000e+00	0.00000e+00	0.00000e+00	0.00000e+00	0.00000e+00	0.00000e+00	0.00000e+00	5.96291e-01	1.96866e+01	8.90000e+00	8.75934e+00	1.09273e+01	1.53233e+01	-6.48861e+01	-2.81054e-01	9.88735e+00	1.12717e+01	-4.82000e+00	7.00000e-01	
monocrop	Wed Nov 05 16:59:48 CET 2025	8/11/1997	8	11	1997	312	1997	7.01000e+00	1.81200e+01	5.00000e+01	9.90000e+01	0.00000e+00	0.00000e+00	0.00000e+00	0.00000e+00	0.00000e+00	0.00000e+00	0.00000e+00	0.00000e+00	6.58807e-01	2.25180e+01	1.01800e+01	7.31466e+00	1.52033e+01	1.51217e+01	-7.72735e+01	-2.86212e-01	9.84305e+00	1.08342e+01	-4.88000e+00	1.00000e+00	
monocrop	Wed Nov 05 16:59:48 CET 2025	9/11/1997	9	11	1997	313	1997	3.46100e+00	1.78000e+01	4.40000e+01	9.90000e+01	0.00000e+00	0.00000e+00	0.00000e+00	0.00000e+00	0.00000e+00	0.00000e+00	0.00000e+00	0.00000e+00	6.46694e-01	2.23853e+01	1.01200e+01	7.12850e+00	1.52568e+01	1.49237e+01	-7.65198e+01	-2.91291e-01	9.79925e+00	9.14889e+00	-4.94000e+00	1.30000e+00	
monocrop	Wed Nov 05 16:59:48 CET 2025	10/11/1997	10	11	1997	314	1997	2.80200e+00	1.68000e+01	6.90000e+01	9.90000e+01	3.60000e+00	3.60000e+00	0.00000e+00	0.00000e+00	0.00000e+00	0.00000e+00	0.00000e+00	3.60000e+00	3.88616e-01	1.65899e+01	7.50000e+00	8.92605e+00	7.66381e+00	1.47290e+01	-5.46868e+01	-2.96287e-01	9.75595e+00	1.01683e+01	-5.00000e+00	5.00000e-01	
monocrop	Wed Nov 05 16:59:48 CET 2025	11/11/1997	11	11	1997	315	1997	4.09300e+00	1.68900e+01	7.30000e+01	9.90000e+01	2.00000e-01	2.00000e-01	0.00000e+00	0.00000e+00	0.00000e+00	0.00000e+00	0.00000e+00	2.00000e-01	4.15615e-01	1.53512e+01	6.94000e+00	8.89475e+00	6.45640e+00	1.45380e+01	-5.10664e+01	-3.01199e-01	9.71317e+00	1.09027e+01	-4.98000e+00	8.00000e-01	
monocrop	Wed Nov 05 16:59:48 CET 2025	12/11/1997	12	11	1997	316	1997	7.37000e+00	1.43500e+01	6.00000e+01	9.30000e+01	0.00000e+00	0.00000e+00	0.00000e+00	0.00000e+00	0.00000e+00	0.00000e+00	0.00000e+00	0.00000e+00	7.96337e-01	1.83816e+01	8.31000e+00	8.22039e+00	1.01612e+01	1.43506e+01	-6.30609e+01	-3.06025e-01	9.67096e+00	9.93944e+00	-5.03000e+00	2.50000e+00	
monocrop	Wed Nov 05 16:59:48 CET 2025	13/11/1997	13	11	1997	317	1997	9.97000e-01	1.57800e+01	5.30000e+01	9.90000e+01	0.00000e+00	0.00000e+00	0.00000e+00	0.00000e+00	0.00000e+00	0.00000e+00	0.00000e+00	0.00000e+00	3.29547e-01	2.07926e+01	9.40000e+00	7.01593e+00	1.37767e+01	1.41669e+01	-7.25228e+01	-3.10764e-01	9.62931e+00	8.36354e+00	-5.08000e+00	8.00000e-01	
monocrop	Wed Nov 05 16:59:48 CET 2025	14/11/1997	14	11	1997	318	1997	5.30000e-01	1.64800e+01	4.10000e+01	9.90000e+01	2.00000e-01	2.00000e-01	0.00000e+00	0.00000e+00	0.00000e+00	0.00000e+00	0.00000e+00	2.00000e-01	2.40600e-01	2.15668e+01	9.75000e+00	6.33626e+00	1.52306e+01	1.39869e+01	-7.69803e+01	-3.15412e-01	9.58827e+00	7.76437e+00	-5.13000e+00	3.00000e-01	
monocrop	Wed Nov 05 16:59:48 CET 2025	15/11/1997	15	11	1997	319	1997	-1.14500e+00	1.62800e+01	4.60000e+01	9.90000e+01	2.00000e-01	2.00000e-01	0.00000e+00	0.00000e+00	0.00000e+00	0.00000e+00	0.00000e+00	2.00000e-01	1.53625e-01	2.15668e+01	9.75000e+00	6.08706e+00	1.54798e+01	1.38108e+01	-7.73750e+01	-3.19969e-01	9.54784e+00	7.54467e+00	-5.17000e+00	2.00000e-01	
monocrop	Wed Nov 05 16:59:48 CET 2025	16/11/1997	16	11	1997	320	1997	5.67000e-01	1.71900e+01	6.60000e+01	9.90000e+01	0.00000e+00	0.00000e+00	0.00000e+00	0.00000e+00	0.00000e+00	0.00000e+00	0.00000e+00	0.00000e+00	1.81061e-01	1.74747e+01	7.90000e+00	7.81103e+00	9.66363e+00	1.36386e+01	-6.30413e+01	-3.24432e-01	9.50806e+00	9.38518e+00	-5.21000e+00	1.00000e-01	
monocrop	Wed Nov 05 16:59:48 CET 2025	17/11/1997	17	11	1997	321	1997	4.31200e+00	1.78000e+01	6.70000e+01	9.90000e+01	0.00000e+00	0.00000e+00	0.00000e+00	0.00000e+00	0.00000e+00	0.00000e+00	0.00000e+00	0.00000e+00	2.11181e-01	1.99742e+01	9.03000e+00	6.56220e+00	1.34120e+01	1.34704e+01	-7.58752e+01	-3.28799e-01	9.46896e+00	1.09254e+01	-5.25000e+00	5.00000e-01	
monocrop	Wed Nov 05 16:59:48 CET 2025	18/11/1997	18	11	1997	322	1997	9.74000e+00	1.24200e+01	8.60000e+01	9.90000e+01	1.40000e+00	1.40000e+00	0.00000e+00	0.00000e+00	0.00000e+00	0.00000e+00	0.00000e+00	1.40000e+00	4.30952e-01	1.39355e+00	6.30000e-01	1.37961e+00	1.39354e-02	1.33062e+01	2.36114e+00	-3.33069e-01	9.43054e+00	1.21953e+01	-5.29000e+00	2.00000e-01	
monocrop	Wed Nov 05 16:59:48 CET 2025	19/11/1997	19	11	1997	323	1997	8.59000e+00	1.26800e+01	9.50000e+01	9.90000e+01	2.60000e+00	2.60000e+00	0.00000e+00	0.00000e+00	0.00000e+00	0.00000e+00	0.00000e+00	2.60000e+00	2.90736e-01	4.60092e+00	2.08000e+00	4.57475e+00	2.61717e-02	1.31461e+01	-1.11518e+01	-3.37240e-01	9.39285e+00	1.24155e+01	-5.29000e+00	2.00000e-01	
monocrop	Wed Nov 05 16:59:48 CET 2025	20/11/1997	20	11	1997	324	1997	6.51600e+00	1.25000e+01	6.70000e+01	9.90000e+01	4.00000e+00	4.00000e+00	0.00000e+00	0.00000e+00	0.00000e+00	0.00000e+00	0.00000e+00	4.00000e+00	4.13139e-01	8.71521e+00	3.94000e+00	7.02185e+00	1.69335e+00	1.29902e+01	-2.85431e+01	-3.41310e-01	9.35590e+00	9.85143e+00	-5.27000e+00	6.00000e-01	
monocrop	Wed Nov 05 16:59:48 CET 2025	21/11/1997	21	11	1997	325	1997	3.13800e+00	1.35500e+01	5.90000e+01	9.80000e+01	2.00000e-01	2.00000e-01	0.00000e+00	0.00000e+00	0.00000e+00	0.00000e+00	0.00000e+00	2.00000e-01	4.04990e-01	9.46728e+00	4.28000e+00	7.25774e+00	2.20954e+00	1.28384e+01	-3.20517e+01	-3.45277e-01	9.31972e+00	8.61260e+00	-5.22000e+00	5.00000e-01	
monocrop	Wed Nov 05 16:59:48 CET 2025	22/11/1997	22	11	1997	326	1997	2.59100e+00	1.55100e+01	4.20000e+01	9.90000e+01	0.00000e+00	0.00000e+00	0.00000e+00	0.00000e+00	0.00000e+00	0.00000e+00	0.00000e+00	0.00000e+00	1.94127e-01	1.68995e+01	7.64000e+00	7.05377e+00	9.84577e+00	1.26909e+01	-6.53624e+01	-3.49140e-01	9.28433e+00	8.11378e+00	-5.26000e+00	3.00000e-01	
monocrop	Wed Nov 05 16:59:48 CET 2025	23/11/1997	23	11	1997	327	1997	7.70000e-02	1.62900e+01	3.50000e+01	9.60000e+01	0.00000e+00	0.00000e+00	0.00000e+00	0.00000e+00	0.00000e+00	0.00000e+00	0.00000e+00	0.00000e+00	9.23815e-02	1.98636e+01	8.98000e+00	5.35593e+00	1.45077e+01	1.25478e+01	-7.90255e+01	-3.52896e-01	9.24977e+00	7.10839e+00	-5.30000e+00	4.00000e-01	
monocrop	Wed Nov 05 16:59:48 CET 2025	24/11/1997	24	11	1997	328	1997	-7.78000e-01	1.13300e+01	5.70000e+01	9.80000e+01	2.00000e-01	2.00000e-01	0.00000e+00	0.00000e+00	0.00000e+00	0.00000e+00	0.00000e+00	2.00000e-01	2.64000e-01	1.11263e+01	5.03000e+00	7.48846e+00	3.63781e+00	1.24090e+01	-3.92316e+01	-3.56544e-01	9.21606e+00	6.88655e+00	-5.33000e+00	5.00000e-01	
monocrop	Wed Nov 05 16:59:48 CET 2025	25/11/1997	25	11	1997	329	1997	1.00300e+01	1.45500e+01	8.20000e+01	9.90000e+01	8.76000e+01	8.76000e+01	0.00000e+00	0.00000e+00	0.00000e+00	0.00000e+00	0.00000e+00	8.76000e+01	3.04401e-01	1.25862e+01	5.69000e+00	7.51866e+00	5.06752e+00	1.22746e+01	-4.94783e+01	-3.60082e-01	9.18322e+00	1.29253e+01	-5.36000e+00	2.00000e+00	
monocrop	Wed Nov 05 16:59:48 CET 2025	26/11/1997	26	11	1997	330	1997	1.08700e+01	1.38600e+01	8.70000e+01	9.80000e+01	2.00000e+01	2.00000e+01	0.00000e+00	0.00000e+00	0.00000e+00	0.00000e+00	0.00000e+00	2.00000e+01	4.45525e-01	3.49493e+00	1.58000e+00	3.45998e+00	3.49493e-02	1.21447e+01	-7.81331e+00	-3.63508e-01	9.15128e+00	1.32762e+01	-4.09000e+00	1.40000e+00	
monocrop	Wed Nov 05 16:59:48 CET 2025	27/11/1997	27	11	1997	331	1997	5.59300e+00	1.72800e+01	5.90000e+01	9.80000e+01	2.00000e-01	2.00000e-01	0.00000e+00	0.00000e+00	0.00000e+00	0.00000e+00	0.00000e+00	2.00000e-01	3.12341e-01	1.18341e+01	5.35000e+00	7.35311e+00	4.48099e+00	1.20193e+01	-4.75615e+01	-3.66822e-01	9.12027e+00	1.05972e+01	-3.86000e+00	5.00000e-01	
monocrop	Wed Nov 05 16:59:48 CET 2025	28/11/1997	28	11	1997	332	1997	4.76600e+00	1.28100e+01	9.00000e+01	9.90000e+01	3.40000e+00	3.40000e+00	0.00000e+00	0.00000e+00	0.00000e+00	0.00000e+00	0.00000e+00	3.40000e+00	3.03867e-01	3.45069e+00	1.56000e+00	3.41618e+00	3.45068e-02	1.18985e+01	-7.79162e+00	-3.70021e-01	9.09021e+00	1.06847e+01	-4.01000e+00	4.00000e-01	
monocrop	Wed Nov 05 16:59:48 CET 2025	29/11/1997	29	11	1997	333	1997	4.20700e+00	1.57600e+01	5.30000e+01	9.90000e+01	0.00000e+00	0.00000e+00	0.00000e+00	0.00000e+00	0.00000e+00	0.00000e+00	0.00000e+00	0.00000e+00	3.03722e-01	1.54396e+01	6.98000e+00	6.63690e+00	8.80273e+00	1.17823e+01	-6.48023e+01	-3.73104e-01	9.06112e+00	9.31317e+00	-4.07000e+00	1.50000e+00	
monocrop	Wed Nov 05 16:59:48 CET 2025	30/11/1997	30	11	1997	334	1997	5.33400e+00	1.47000e+01	4.10000e+01	7.80000e+01	0.00000e+00	0.00000e+00	0.00000e+00	0.00000e+00	0.00000e+00	0.00000e+00	0.00000e+00	0.00000e+00	6.97573e-01	1.86028e+01	8.41000e+00	4.89646e+00	1.37063e+01	1.16707e+01	-8.01536e+01	-3.76069e-01	9.03304e+00	7.30761e+00	-4.20000e+00	2.50000e+00	
monocrop	Wed Nov 05 16:59:48 CET 2025	1/12/1997	1	12	1997	335	1997	3.63700e+00	1.42100e+01	3.50000e+01	9.10000e+01	0.00000e+00	0.00000e+00	0.00000e+00	0.00000e+00	0.00000e+00	0.00000e+00	0.00000e+00	0.00000e+00	2.74223e-01	1.77622e+01	8.03000e+00	5.28020e+00	1.24820e+01	1.15638e+01	-7.60425e+01	-3.78915e-01	9.00599e+00	7.18869e+00	-4.32000e+00	1.30000e+00	
monocrop	Wed Nov 05 16:59:48 CET 2025	2/12/1997	2	12	1997	336	1997	3.74400e+00	1.34600e+01	3.90000e+01	9.90000e+01	1.20000e+00	1.20000e+00	0.00000e+00	0.00000e+00	0.00000e+00	0.00000e+00	0.00000e+00	1.20000e+00	5.92184e-01	1.46654e+01	6.63000e+00	6.57034e+00	8.09510e+00	1.14617e+01	-6.15790e+01	-3.81640e-01	8.97999e+00	7.70392e+00	-4.43000e+00	2.50000e+00	
monocrop	Wed Nov 05 16:59:48 CET 2025	3/12/1997	3	12	1997	337	1997	-1.50600e+00	8.38000e+00	3.30000e+01	7.30000e+01	2.00000e-01	2.00000e-01	0.00000e+00	0.00000e+00	0.00000e+00	0.00000e+00	0.00000e+00	2.00000e-01	7.11455e-01	1.84700e+01	8.35000e+00	4.52169e+00	1.39484e+01	1.13643e+01	-7.47412e+01	-3.84244e-01	8.95506e+00	4.13997e+00	-4.49000e+00	3.10000e+00	
monocrop	Wed Nov 05 16:59:48 CET 2025	4/12/1997	4	12	1997	338	1997	-2.94900e+00	7.05000e+00	3.70000e+01	8.70000e+01	0.00000e+00	0.00000e+00	0.00000e+00	0.00000e+00	0.00000e+00	0.00000e+00	0.00000e+00	0.00000e+00	2.31055e-01	1.05069e+01	4.75000e+00	6.85224e+00	3.65468e+00	1.12716e+01	-3.91053e+01	-3.86724e-01	8.93124e+00	4.38887e+00	-4.58000e+00	2.00000e-01	
monocrop	Wed Nov 05 16:59:48 CET 2025	5/12/1997	5	12	1997	339	1997	-3.06400e+00	8.57000e+00	4.40000e+01	9.10000e+01	0.00000e+00	0.00000e+00	0.00000e+00	0.00000e+00	0.00000e+00	0.00000e+00	0.00000e+00	0.00000e+00	4.09543e-02	1.53069e+01	6.92000e+00	6.05580e+00	9.25111e+00	1.11838e+01	-6.15423e+01	-3.89080e-01	8.90854e+00	5.02331e+00	-4.66000e+00	7.00000e-01	
monocrop	Wed Nov 05 16:59:48 CET 2025	6/12/1997	6	12	1997	340	1997	-5.68000e+00	8.47000e+00	3.80000e+01	9.50000e+01	0.00000e+00	0.00000e+00	0.00000e+00	0.00000e+00	0.00000e+00	0.00000e+00	0.00000e+00	0.00000e+00	0.00000e+00	1.75189e+01	7.92000e+00	4.77403e+00	1.27449e+01	1.11009e+01	-7.11850e+01	-3.91309e-01	8.88698e+00	4.49156e+00	-4.74000e+00	1.00000e-01	
monocrop	Wed Nov 05 16:59:48 CET 2025	7/12/1997	7	12	1997	341	1997	-4.55700e+00	1.05200e+01	2.70000e+01	9.10000e+01	0.00000e+00	0.00000e+00	0.00000e+00	0.00000e+00	0.00000e+00	0.00000e+00	0.00000e+00	0.00000e+00	0.00000e+00	1.71429e+01	7.75000e+00	4.90267e+00	1.22402e+01	1.10228e+01	-7.18532e+01	-3.93412e-01	8.86660e+00	4.46250e+00	-4.81000e+00	3.00000e-01	
monocrop	Wed Nov 05 16:59:48 CET 2025	8/12/1997	8	12	1997	342	1997	-3.81300e+00	1.25100e+01	4.10000e+01	9.50000e+01	2.00000e-01	2.00000e-01	0.00000e+00	0.00000e+00	0.00000e+00	0.00000e+00	0.00000e+00	2.00000e-01	0.00000e+00	1.45327e+01	6.57000e+00	6.10343e+00	8.42929e+00	1.09497e+01	-6.16574e+01	-3.95387e-01	8.84740e+00	5.66344e+00	-4.88000e+00	3.00000e-01	
monocrop	Wed Nov 05 16:59:48 CET 2025	9/12/1997	9	12	1997	343	1997	9.83000e-01	1.64100e+01	4.00000e+01	9.70000e+01	0.00000e+00	0.00000e+00	0.00000e+00	0.00000e+00	0.00000e+00	0.00000e+00	0.00000e+00	0.00000e+00	2.66065e-02	1.58157e+01	7.15000e+00	5.46901e+00	1.03467e+01	1.08815e+01	-7.23228e+01	-3.97233e-01	8.82941e+00	7.69720e+00	-4.93000e+00	7.00000e-01	
monocrop	Wed Nov 05 16:59:48 CET 2025	10/12/1997	10	12	1997	344	1997	-7.03000e-01	1.05100e+01	7.20000e+01	9.90000e+01	1.40000e+00	1.40000e+00	0.00000e+00	0.00000e+00	0.00000e+00	0.00000e+00	0.00000e+00	1.40000e+00	1.47778e-01	7.38802e+00	3.34000e+00	5.90037e+00	1.48765e+00	1.08182e+01	-2.79192e+01	-3.98948e-01	8.81264e+00	7.40277e+00	-4.99000e+00	2.00000e-01	
monocrop	Wed Nov 05 16:59:48 CET 2025	11/12/1997	11	12	1997	345	1997	4.00800e+00	1.36800e+01	7.90000e+01	9.90000e+01	2.00000e-01	2.00000e-01	0.00000e+00	0.00000e+00	0.00000e+00	0.00000e+00	0.00000e+00	2.00000e-01	8.64586e-02	8.56037e+00	3.87000e+00	6.26990e+00	2.29047e+00	1.07600e+01	-3.53952e+01	-4.00533e-01	8.79712e+00	1.01010e+01	-5.01000e+00	1.00000e-01	
monocrop	Wed Nov 05 16:59:48 CET 2025	12/12/1997	12	12	1997	346	1997	7.26000e+00	1.55300e+01	3.40000e+01	9.90000e+01	0.00000e+00	0.00000e+00	0.00000e+00	0.00000e+00	0.00000e+00	0.00000e+00	0.00000e+00	0.00000e+00	6.68339e-01	1.39797e+01	6.32000e+00	6.04805e+00	7.93167e+00	1.07067e+01	-6.52227e+01	-4.01986e-01	8.78286e+00	8.95261e+00	-5.06000e+00	2.50000e+00	
monocrop	Wed Nov 05 16:59:48 CET 2025	13/12/1997	13	12	1997	347	1997	-8.64000e-01	1.27300e+01	3.20000e+01	6.70000e+01	0.00000e+00	0.00000e+00	0.00000e+00	0.00000e+00	0.00000e+00	0.00000e+00	0.00000e+00	0.00000e+00	6.88774e-02	1.69217e+01	7.65000e+00	4.51704e+00	1.24046e+01	1.06585e+01	-7.63246e+01	-4.03306e-01	8.76988e+00	4.60366e+00	-5.11000e+00	8.00000e-01	
monocrop	Wed Nov 05 16:59:48 CET 2025	14/12/1997	14	12	1997	348	1997	-4.73900e+00	1.36400e+01	2.90000e+01	9.30000e+01	0.00000e+00	0.00000e+00	0.00000e+00	0.00000e+00	0.00000e+00	0.00000e+00	0.00000e+00	0.00000e+00	0.00000e+00	1.71429e+01	7.75000e+00	4.30105e+00	1.28418e+01	1.06153e+01	-7.72374e+01	-4.04492e-01	8.75819e+00	5.11687e+00	-5.16000e+00	4.00000e-01	
monocrop	Wed Nov 05 16:59:48 CET 2025	15/12/1997	15	12	1997	349	1997	-2.59000e+00	9.64000e+00	3.60000e+01	8.60000e+01	0.00000e+00	0.00000e+00	0.00000e+00	0.00000e+00	0.00000e+00	0.00000e+00	0.00000e+00	0.00000e+00	0.00000e+00	1.67889e+01	7.59000e+00	4.48494e+00	1.23040e+01	1.05771e+01	-7.34538e+01	-4.05544e-01	8.74781e+00	4.79456e+00	-5.20000e+00	8.00000e-01	
monocrop	Wed Nov 05 16:59:48 CET 2025	16/12/1997	16	12	1997	350	1997	3.83900e+00	8.29000e+00	5.30000e+01	9.30000e+01	1.08000e+01	1.08000e+01	0.00000e+00	0.00000e+00	0.00000e+00	0.00000e+00	0.00000e+00	1.08000e+01	9.84471e-01	6.85714e-01	3.10000e-01	6.78857e-01	6.85716e-03	1.05440e+01	3.99682e+00	-4.06462e-01	8.73874e+00	6.85127e+00	-5.24000e+00	2.00000e+00	
monocrop	Wed Nov 05 16:59:48 CET 2025	17/12/1997	17	12	1997	351	1997	5.20300e+00	1.14100e+01	8.00000e+01	9.70000e+01	6.76000e+01	6.76000e+01	0.00000e+00	0.00000e+00	0.00000e+00	0.00000e+00	0.00000e+00	6.76000e+01	7.92264e-01	1.08387e+00	4.90000e-01	1.07303e+00	1.08387e-02	1.05160e+01	2.26757e+00	-4.07245e-01	8.73100e+00	9.68506e+00	-5.08000e+00	4.40000e+00	
monocrop	Wed Nov 05 16:59:48 CET 2025	18/12/1997	18	12	1997	352	1997	1.09800e+01	1.47100e+01	9.00000e+01	9.70000e+01	8.70000e+01	8.70000e+01	0.00000e+00	0.00000e+00	0.00000e+00	0.00000e+00	0.00000e+00	8.70000e+01	6.51348e-01	6.85714e-01	3.10000e-01	6.78857e-01	6.85716e-03	1.04931e+01	4.78639e+00	-4.07891e-01	8.72459e+00	1.38492e+01	-4.09000e+00	4.50000e+00	
monocrop	Wed Nov 05 16:59:48 CET 2025	19/12/1997	19	12	1997	353	1997	1.04000e+01	1.46400e+01	7.90000e+01	9.80000e+01	6.00000e-01	6.00000e-01	0.00000e+00	0.00000e+00	0.00000e+00	0.00000e+00	0.00000e+00	6.00000e-01	4.46019e-01	4.40184e+00	1.99000e+00	4.19513e+00	2.06713e-01	1.04754e+01	-1.53374e+01	-4.08402e-01	8.71953e+00	1.28322e+01	-2.92000e+00	1.40000e+00	
monocrop	Wed Nov 05 16:59:48 CET 2025	20/12/1997	20	12	1997	354	1997	7.29000e+00	1.43200e+01	5.00000e+01	9.90000e+01	2.00000e-01	2.00000e-01	0.00000e+00	0.00000e+00	0.00000e+00	0.00000e+00	0.00000e+00	2.00000e-01	1.79250e-01	1.32719e+01	6.00000e+00	6.03198e+00	7.23991e+00	1.04627e+01	-6.24003e+01	-4.08776e-01	8.71582e+00	9.64422e+00	-3.17000e+00	1.20000e+00	
monocrop	Wed Nov 05 16:59:48 CET 2025	21/12/1997	21	12	1997	355	1997	2.39300e+00	1.48600e+01	5.00000e+01	9.50000e+01	0.00000e+00	0.00000e+00	0.00000e+00	0.00000e+00	0.00000e+00	0.00000e+00	0.00000e+00	0.00000e+00	4.61612e-01	1.18341e+01	5.35000e+00	6.32859e+00	5.50551e+00	1.04551e+01	-5.40176e+01	-4.09013e-01	8.71346e+00	8.10815e+00	-3.41000e+00	2.30000e+00	
monocrop	Wed Nov 05 16:59:48 CET 2025	22/12/1997	22	12	1997	356	1997	-8.26000e-01	1.43500e+01	4.70000e+01	9.90000e+01	8.00000e-01	8.00000e-01	0.00000e+00	0.00000e+00	0.00000e+00	0.00000e+00	0.00000e+00	8.00000e-01	0.00000e+00	1.45770e+01	6.59000e+00	5.54512e+00	9.03184e+00	1.04527e+01	-6.72008e+01	-4.09114e-01	8.71246e+00	7.18876e+00	-3.61000e+00	3.00000e-01	
monocrop	Wed Nov 05 16:59:48 CET 2025	23/12/1997	23	12	1997	357	1997	4.56900e+00	1.54300e+01	5.20000e+01	9.90000e+01	1.40000e+00	1.40000e+00	0.00000e+00	0.00000e+00	0.00000e+00	0.00000e+00	0.00000e+00	1.40000e+00	4.45121e-02	1.45770e+01	6.59000e+00	5.54822e+00	9.02874e+00	1.04554e+01	-6.93963e+01	-4.09078e-01	8.71283e+00	9.26182e+00	-3.77000e+00	1.10000e+00	
monocrop	Wed Nov 05 16:59:48 CET 2025	24/12/1997	24	12	1997	358	1997	2.00100e+00	1.76800e+01	4.70000e+01	9.90000e+01	0.00000e+00	0.00000e+00	0.00000e+00	0.00000e+00	0.00000e+00	0.00000e+00	0.00000e+00	0.00000e+00	9.36685e-04	1.24756e+01	5.64000e+00	6.22858e+00	6.24699e+00	1.04633e+01	-5.88274e+01	-4.08904e-01	8.71455e+00	8.86019e+00	-3.90000e+00	1.00000e-01	
monocrop	Wed Nov 05 16:59:48 CET 2025	25/12/1997	25	12	1997	359	1997	4.89100e+00	1.50000e+01	6.80000e+01	9.90000e+01	2.00000e-01	2.00000e-01	0.00000e+00	0.00000e+00	0.00000e+00	0.00000e+00	0.00000e+00	2.00000e-01	0.00000e+00	1.41788e+01	6.41000e+00	5.73647e+00	8.44233e+00	1.04762e+01	-6.69296e+01	-4.08594e-01	8.71763e+00	1.02062e+01	-4.05000e+00	2.00000e-01	
monocrop	Wed Nov 05 16:59:48 CET 2025	26/12/1997	26	12	1997	360	1997	5.16600e+00	1.21800e+01	5.60000e+01	9.90000e+01	0.00000e+00	0.00000e+00	0.00000e+00	0.00000e+00	0.00000e+00	0.00000e+00	0.00000e+00	0.00000e+00	6.86061e-01	3.98157e+00	1.80000e+00	3.89008e+00	9.14843e-02	1.04944e+01	-1.25995e+01	-4.08146e-01	8.72206e+00	8.69466e+00	-4.18000e+00	1.60000e+00	
monocrop	Wed Nov 05 16:59:48 CET 2025	27/12/1997	27	12	1997	361	1997	4.51100e+00	1.25500e+01	4.70000e+01	6.90000e+01	0.00000e+00	0.00000e+00	0.00000e+00	0.00000e+00	0.00000e+00	0.00000e+00	0.00000e+00	0.00000e+00	8.24992e-01	1.59484e+01	7.21000e+00	4.92532e+00	1.10231e+01	1.05176e+01	-7.40422e+01	-4.07563e-01	8.72785e+00	6.44446e+00	-4.30000e+00	3.30000e+00	
monocrop	Wed Nov 05 16:59:48 CET 2025	28/12/1997	28	12	1997	362	1997	-6.83000e-01	1.21400e+01	4.30000e+01	9.20000e+01	0.00000e+00	0.00000e+00	0.00000e+00	0.00000e+00	0.00000e+00	0.00000e+00	0.00000e+00	0.00000e+00	7.79437e-02	1.29622e+01	5.86000e+00	6.19129e+00	6.77092e+00	1.05460e+01	-5.70775e+01	-4.06842e-01	8.73498e+00	6.18943e+00	-4.40000e+00	6.00000e-01	
monocrop	Wed Nov 05 16:59:48 CET 2025	29/12/1997	29	12	1997	363	1997	-3.06400e+00	1.09600e+01	3.50000e+01	9.90000e+01	2.00000e-01	2.00000e-01	0.00000e+00	0.00000e+00	0.00000e+00	0.00000e+00	0.00000e+00	2.00000e-01	0.00000e+00	1.70544e+01	7.71000e+00	4.30801e+00	1.27464e+01	1.05795e+01	-7.55627e+01	-4.05986e-01	8.74345e+00	5.42543e+00	-4.50000e+00	3.00000e-01	
monocrop	Wed Nov 05 16:59:48 CET 2025	30/12/1997	30	12	1997	364	1997	3.79600e+00	8.46000e+00	6.80000e+01	9.90000e+01	6.40000e+00	6.40000e+00	0.00000e+00	0.00000e+00	0.00000e+00	0.00000e+00	0.00000e+00	6.40000e+00	3.32645e-01	4.18064e+00	1.89000e+00	4.04939e+00	1.31254e-01	1.06182e+01	-1.29502e+01	-4.04994e-01	8.75324e+00	7.87120e+00	-4.59000e+00	2.00000e-01	
monocrop	Wed Nov 05 16:59:48 CET 2025	31/12/1997	31	12	1997	365	1997	8.41000e+00	1.34500e+01	8.70000e+01	9.90000e+01	1.82000e+01	1.82000e+01	0.00000e+00	0.00000e+00	0.00000e+00	0.00000e+00	0.00000e+00	1.82000e+01	1.30128e-01	8.56037e+00	3.87000e+00	6.23310e+00	2.32726e+00	1.06619e+01	-3.63264e+01	-4.03866e-01	8.76436e+00	1.21396e+01	-4.54000e+00	1.30000e+00	
monocrop	Wed Nov 05 16:59:48 CET 2025	1/1/1998	1	1	1998	1	1998	9.60000e+00	1.18300e+01	8.90000e+01	9.90000e+01	6.80000e+00	6.80000e+00	0.00000e+00	0.00000e+00	0.00000e+00	0.00000e+00	0.00000e+00	6.80000e+00	2.59104e-01	3.82673e+00	1.73000e+00	3.78959e+00	3.71399e-02	1.07246e+01	-1.14970e+01	-4.02256e-01	8.78021e+00	1.20958e+01	-4.30000e+00	1.00000e-01	
monocrop	Wed Nov 05 16:59:48 CET 2025	2/1/1998	2	1	1998	2	1998	4.66400e+00	1.09400e+01	6.10000e+01	9.90000e+01	1.40000e+00	1.40000e+00	0.00000e+00	0.00000e+00	0.00000e+00	0.00000e+00	0.00000e+00	1.40000e+00	4.86804e-01	4.09217e+00	1.85000e+00	3.99763e+00	9.45401e-02	1.07798e+01	-1.24783e+01	-4.00825e-01	8.79425e+00	8.45945e+00	-4.27000e+00	7.00000e-01	
monocrop	Wed Nov 05 16:59:48 CET 2025	3/1/1998	3	1	1998	3	1998	3.51700e+00	1.53700e+01	6.00000e+01	9.90000e+01	0.00000e+00	0.00000e+00	0.00000e+00	0.00000e+00	0.00000e+00	0.00000e+00	0.00000e+00	0.00000e+00	4.79618e-02	1.36700e+01	6.18000e+00	6.27267e+00	7.39737e+00	1.08401e+01	-6.16736e+01	-3.99262e-01	8.80958e+00	9.39516e+00	-4.35000e+00	8.00000e-01	
monocrop	Wed Nov 05 16:59:48 CET 2025	4/1/1998	4	1	1998	4	1998	3.76500e+00	1.35000e+01	5.00000e+01	9.90000e+01	0.00000e+00	0.00000e+00	0.00000e+00	0.00000e+00	0.00000e+00	0.00000e+00	0.00000e+00	0.00000e+00	3.03384e-01	8.98065e+00	4.06000e+00	6.43035e+00	2.55030e+00	1.09055e+01	-3.68204e+01	-3.97565e-01	8.82616e+00	8.33521e+00	-4.45000e+00	5.00000e-01	
monocrop	Wed Nov 05 16:59:48 CET 2025	5/1/1998	5	1	1998	5	1998	1.16100e+00	1.54500e+01	4.20000e+01	9.90000e+01	0.00000e+00	0.00000e+00	0.00000e+00	0.00000e+00	0.00000e+00	0.00000e+00	0.00000e+00	0.00000e+00	1.25413e-02	1.55281e+01	7.02000e+00	5.72275e+00	9.80536e+00	1.09759e+01	-6.95692e+01	-3.95738e-01	8.84398e+00	7.71470e+00	-4.55000e+00	6.00000e-01	
monocrop	Wed Nov 05 16:59:48 CET 2025	6/1/1998	6	1	1998	6	1998	1.25500e+00	1.73000e+01	4.10000e+01	9.90000e+01	0.00000e+00	0.00000e+00	0.00000e+00	0.00000e+00	0.00000e+00	0.00000e+00	0.00000e+00	0.00000e+00	1.08876e-01	1.60811e+01	7.27000e+00	5.54494e+00	1.05362e+01	1.10514e+01	-7.31247e+01	-3.93779e-01	8.86303e+00	8.18052e+00	-4.64000e+00	1.00000e+00	
monocrop	Wed Nov 05 16:59:48 CET 2025	7/1/1998	7	1	1998	7	1998	1.34000e-01	1.53400e+01	5.00000e+01	9.90000e+01	2.00000e-01	2.00000e-01	0.00000e+00	0.00000e+00	0.00000e+00	0.00000e+00	0.00000e+00	2.00000e-01	0.00000e+00	1.74968e+01	7.91000e+00	4.83354e+00	1.26632e+01	1.11318e+01	-7.77672e+01	-3.91691e-01	8.88329e+00	7.84302e+00	-4.72000e+00	1.00000e-01	
monocrop	Wed Nov 05 16:59:48 CET 2025	8/1/1998	8	1	1998	8	1998	-4.96000e-01	1.60600e+01	4.40000e+01	9.90000e+01	0.00000e+00	0.00000e+00	0.00000e+00	0.00000e+00	0.00000e+00	0.00000e+00	0.00000e+00	0.00000e+00	0.00000e+00	1.72092e+01	7.78000e+00	5.13451e+00	1.20747e+01	1.12173e+01	-7.60536e+01	-3.89475e-01	8.90473e+00	7.55033e+00	-4.78000e+00	1.00000e-01	
monocrop	Wed Nov 05 16:59:48 CET 2025	9/1/1998	9	1	1998	9	1998	-7.21000e-01	1.35500e+01	6.40000e+01	9.90000e+01	2.00000e-01	2.00000e-01	0.00000e+00	0.00000e+00	0.00000e+00	0.00000e+00	0.00000e+00	2.00000e-01	1.50604e-02	1.31392e+01	5.94000e+00	6.79435e+00	6.34482e+00	1.13078e+01	-5.42556e+01	-3.87130e-01	8.92733e+00	7.83609e+00	-4.85000e+00	4.00000e-01	
monocrop	Wed Nov 05 16:59:48 CET 2025	10/1/1998	10	1	1998	10	1998	8.35000e+00	1.22500e+01	7.30000e+01	8.90000e+01	0.00000e+00	0.00000e+00	0.00000e+00	0.00000e+00	0.00000e+00	0.00000e+00	0.00000e+00	0.00000e+00	3.98737e-01	6.76866e+00	3.06000e+00	5.76114e+00	1.00752e+00	1.14032e+01	-2.44517e+01	-3.84659e-01	8.95108e+00	1.01383e+01	-4.91000e+00	5.00000e-01	
monocrop	Wed Nov 05 16:59:48 CET 2025	11/1/1998	11	1	1998	11	1998	9.86000e+00	1.25600e+01	7.50000e+01	8.60000e+01	0.00000e+00	0.00000e+00	0.00000e+00	0.00000e+00	0.00000e+00	0.00000e+00	0.00000e+00	0.00000e+00	7.29563e-01	3.07465e+00	1.39000e+00	3.04391e+00	3.07465e-02	1.15035e+01	-6.61229e+00	-3.82063e-01	8.97595e+00	1.07052e+01	-4.97000e+00	1.40000e+00	
monocrop	Wed Nov 05 16:59:48 CET 2025	12/1/1998	12	1	1998	12	1998	1.05800e+01	1.29400e+01	7.70000e+01	9.00000e+01	8.00000e-01	8.00000e-01	0.00000e+00	0.00000e+00	0.00000e+00	0.00000e+00	0.00000e+00	8.00000e-01	6.72896e-01	3.95945e+00	1.79000e+00	3.95765e+00	1.79410e-03	1.16087e+01	-1.07401e+01	-3.79343e-01	9.00191e+00	1.15160e+01	-5.03000e+00	1.70000e+00	
monocrop	Wed Nov 05 16:59:48 CET 2025	13/1/1998	13	1	1998	13	1998	8.17000e+00	1.36500e+01	8.00000e+01	9.50000e+01	1.30000e+01	1.30000e+01	0.00000e+00	0.00000e+00	0.00000e+00	0.00000e+00	0.00000e+00	1.30000e+01	6.68873e-01	4.73364e+00	2.14000e+00	4.55662e+00	1.77023e-01	1.17188e+01	-1.42082e+01	-3.76500e-01	9.02895e+00	1.14065e+01	-5.06000e+00	3.20000e+00	
monocrop	Wed Nov 05 16:59:48 CET 2025	14/1/1998	14	1	1998	14	1998	5.15700e+00	1.32700e+01	4.80000e+01	9.80000e+01	1.00000e+00	1.00000e+00	0.00000e+00	0.00000e+00	0.00000e+00	0.00000e+00	0.00000e+00	1.00000e+00	4.23791e-01	1.53733e+01	6.95000e+00	6.71045e+00	8.66282e+00	1.18337e+01	-6.28821e+01	-3.73536e-01	9.05704e+00	8.49439e+00	-4.87000e+00	1.90000e+00	
monocrop	Wed Nov 05 16:59:48 CET 2025	15/1/1998	15	1	1998	15	1998	-1.05100e+00	1.33700e+01	3.70000e+01	9.90000e+01	0.00000e+00	0.00000e+00	0.00000e+00	0.00000e+00	0.00000e+00	0.00000e+00	0.00000e+00	0.00000e+00	7.91327e-02	1.55945e+01	7.05000e+00	6.75664e+00	8.83784e+00	1.19534e+01	-6.16518e+01	-3.70452e-01	9.08615e+00	6.42404e+00	-4.90000e+00	2.00000e-01	
monocrop	Wed Nov 05 16:59:48 CET 2025	16/1/1998	16	1	1998	16	1998	2.36900e+00	1.21500e+01	5.20000e+01	9.90000e+01	2.80000e+00	2.80000e+00	0.00000e+00	0.00000e+00	0.00000e+00	0.00000e+00	0.00000e+00	2.80000e+00	4.76804e-01	8.60461e+00	3.89000e+00	6.72277e+00	1.88183e+00	1.20778e+01	-3.02292e+01	-3.67249e-01	9.11626e+00	7.69310e+00	-4.96000e+00	1.00000e+00	
monocrop	Wed Nov 05 16:59:48 CET 2025	17/1/1998	17	1	1998	17	1998	-3.50000e-02	1.43400e+01	3.00000e+01	7.20000e+01	0.00000e+00	0.00000e+00	0.00000e+00	0.00000e+00	0.00000e+00	0.00000e+00	0.00000e+00	0.00000e+00	2.55375e-01	2.00184e+01	9.05000e+00	4.72856e+00	1.52899e+01	1.22070e+01	-8.05743e+01	-3.63930e-01	9.14735e+00	5.15872e+00	-4.96000e+00	9.00000e-01	
monocrop	Wed Nov 05 16:59:48 CET 2025	18/1/1998	18	1	1998	18	1998	-9.85000e-01	9.23000e+00	5.90000e+01	9.70000e+01	4.00000e-01	4.00000e-01	0.00000e+00	0.00000e+00	0.00000e+00	0.00000e+00	0.00000e+00	4.00000e-01	3.28468e-01	6.96774e+00	3.15000e+00	6.04923e+00	9.18516e-01	1.23409e+01	-2.15255e+01	-3.60494e-01	9.17938e+00	6.39410e+00	-5.01000e+00	1.00000e-01	
monocrop	Wed Nov 05 16:59:48 CET 2025	19/1/1998	19	1	1998	19	1998	7.10000e+00	1.41000e+01	4.90000e+01	9.40000e+01	4.00000e-01	4.00000e-01	0.00000e+00	0.00000e+00	0.00000e+00	0.00000e+00	0.00000e+00	4.00000e-01	7.98209e-01	9.26820e+00	4.19000e+00	7.07646e+00	2.19175e+00	1.24794e+01	-3.30048e+01	-3.56945e-01	9.21234e+00	9.13031e+00	-5.06000e+00	1.70000e+00	
monocrop	Wed Nov 05 16:59:48 CET 2025	20/1/1998	20	1	1998	20	1998	4.16900e+00	1.05500e+01	2.80000e+01	6.20000e+01	2.00000e-01	2.00000e-01	0.00000e+00	0.00000e+00	0.00000e+00	0.00000e+00	0.00000e+00	2.00000e-01	7.49548e-01	2.05493e+01	9.29000e+00	4.99786e+00	1.55514e+01	1.26225e+01	-7.83389e+01	-3.53284e-01	9.24619e+00	4.61679e+00	-5.10000e+00	1.90000e+00	
monocrop	Wed Nov 05 16:59:48 CET 2025	21/1/1998	21	1	1998	21	1998	-5.33000e-01	1.19600e+01	2.80000e+01	5.70000e+01	0.00000e+00	0.00000e+00	0.00000e+00	0.00000e+00	0.00000e+00	0.00000e+00	0.00000e+00	0.00000e+00	4.96055e-01	2.06157e+01	9.32000e+00	5.17908e+00	1.54366e+01	1.27701e+01	-7.71665e+01	-3.49512e-01	9.28091e+00	3.89300e+00	-5.14000e+00	1.20000e+00	
monocrop	Wed Nov 05 16:59:48 CET 2025	22/1/1998	22	1	1998	22	1998	-4.31800e+00	7.98000e+00	3.70000e+01	8.70000e+01	0.00000e+00	0.00000e+00	0.00000e+00	0.00000e+00	0.00000e+00	0.00000e+00	0.00000e+00	0.00000e+00	1.05743e-01	2.08369e+01	9.42000e+00	5.25776e+00	1.55791e+01	1.29222e+01	-7.28748e+01	-3.45631e-01	9.31648e+00	4.32054e+00	-5.18000e+00	6.00000e-01	
monocrop	Wed Nov 05 16:59:48 CET 2025	23/1/1998	23	1	1998	23	1998	-1.78600e+00	1.07600e+01	4.20000e+01	7.30000e+01	0.00000e+00	0.00000e+00	0.00000e+00	0.00000e+00	0.00000e+00	0.00000e+00	0.00000e+00	0.00000e+00	2.84401e-01	1.99078e+01	9.00000e+00	6.08028e+00	1.38276e+01	1.30788e+01	-7.10841e+01	-3.41643e-01	9.35287e+00	4.83563e+00	-5.23000e+00	8.00000e-01	
monocrop	Wed Nov 05 16:59:48 CET 2025	24/1/1998	24	1	1998	24	1998	-2.33500e+00	1.05700e+01	3.60000e+01	8.40000e+01	0.00000e+00	0.00000e+00	0.00000e+00	0.00000e+00	0.00000e+00	0.00000e+00	0.00000e+00	0.00000e+00	2.65226e-01	2.03281e+01	9.19000e+00	6.05048e+00	1.42776e+01	1.32397e+01	-7.14586e+01	-3.37549e-01	9.39005e+00	4.91681e+00	-5.27000e+00	8.00000e-01	
monocrop	Wed Nov 05 16:59:48 CET 2025	25/1/1998	25	1	1998	25	1998	-3.37600e+00	4.84600e+00	5.40000e+01	9.30000e+01	1.40000e+00	1.40000e+00	0.00000e+00	0.00000e+00	0.00000e+00	0.00000e+00	0.00000e+00	1.40000e+00	4.32069e-01	6.87926e+00	3.11000e+00	6.18031e+00	6.98955e-01	1.34050e+01	-1.80522e+01	-3.33352e-01	9.42799e+00	4.73399e+00	-5.31000e+00	5.00000e-01	
monocrop	Wed Nov 05 16:59:48 CET 2025	26/1/1998	26	1	1998	26	1998	-1.51400e+00	1.09200e+01	4.50000e+01	9.70000e+01	2.80000e+00	2.80000e+00	0.00000e+00	0.00000e+00	0.00000e+00	0.00000e+00	0.00000e+00	2.80000e+00	3.42510e-01	1.54618e+01	6.99000e+00	8.20382e+00	7.25793e+00	1.35746e+01	-5.14677e+01	-3.29053e-01	9.46668e+00	6.06185e+00	-5.31000e+00	7.00000e-01	
monocrop	Wed Nov 05 16:59:48 CET 2025	27/1/1998	27	1	1998	27	1998	-9.75000e-01	5.86200e+00	6.80000e+01	9.10000e+01	0.00000e+00	0.00000e+00	0.00000e+00	0.00000e+00	0.00000e+00	0.00000e+00	0.00000e+00	0.00000e+00	3.96107e-01	5.41935e+00	2.45000e+00	5.24776e+00	1.71596e-01	1.37484e+01	-1.25245e+01	-3.24654e-01	9.50608e+00	5.78758e+00	-5.28000e+00	1.00000e-01	
monocrop	Wed Nov 05 16:59:48 CET 2025	28/1/1998	28	1	1998	28	1998	7.83000e-01	9.01000e+00	5.70000e+01	9.30000e+01	0.00000e+00	0.00000e+00	0.00000e+00	0.00000e+00	0.00000e+00	0.00000e+00	0.00000e+00	0.00000e+00	3.61971e-01	1.26525e+01	5.72000e+00	8.42719e+00	4.22535e+00	1.39263e+01	-3.92106e+01	-3.20157e-01	9.54617e+00	6.49049e+00	-5.32000e+00	4.00000e-01	
monocrop	Wed Nov 05 16:59:48 CET 2025	29/1/1998	29	1	1998	29	1998	-3.28000e-01	1.13500e+01	5.10000e+01	8.80000e+01	0.00000e+00	0.00000e+00	0.00000e+00	0.00000e+00	0.00000e+00	0.00000e+00	0.00000e+00	0.00000e+00	2.92409e-01	2.01954e+01	9.13000e+00	7.24461e+00	1.29508e+01	1.41084e+01	-6.71783e+01	-3.15563e-01	9.58693e+00	6.27738e+00	-5.36000e+00	6.00000e-01	
monocrop	Wed Nov 05 16:59:48 CET 2025	30/1/1998	30	1	1998	30	1998	3.80000e-01	5.96800e+00	6.80000e+01	9.00000e+01	1.00000e+00	1.00000e+00	0.00000e+00	0.00000e+00	0.00000e+00	0.00000e+00	0.00000e+00	1.00000e+00	4.37222e-01	6.37051e+00	2.88000e+00	5.97604e+00	3.94464e-01	1.42944e+01	-1.51347e+01	-3.10875e-01	9.62833e+00	6.05723e+00	-5.39000e+00	3.00000e-01	
monocrop	Wed Nov 05 16:59:48 CET 2025	31/1/1998	31	1	1998	31	1998	5.89100e+00	1.08300e+01	6.30000e+01	8.70000e+01	0.00000e+00	0.00000e+00	0.00000e+00	0.00000e+00	0.00000e+00	0.00000e+00	0.00000e+00	0.00000e+00	6.75508e-01	6.37051e+00	2.88000e+00	5.99793e+00	3.72575e-01	1.44844e+01	-1.57191e+01	-3.06094e-01	9.67035e+00	8.23782e+00	-5.40000e+00	7.00000e-01	
monocrop	Wed Nov 05 16:59:48 CET 2025	1/2/1998	1	2	1998	32	1998	2.60000e+00	1.27400e+01	4.50000e+01	9.40000e+01	0.00000e+00	0.00000e+00	0.00000e+00	0.00000e+00	0.00000e+00	0.00000e+00	0.00000e+00	0.00000e+00	4.98786e-01	1.49972e+01	6.78000e+00	8.99119e+00	6.00604e+00	1.46783e+01	-4.69695e+01	-3.01223e-01	9.71296e+00	7.28327e+00	-5.43000e+00	4.00000e-01	
monocrop	Wed Nov 05 16:59:48 CET 2025	2/2/1998	2	2	1998	33	1998	5.20200e+00	8.37000e+00	6.90000e+01	9.80000e+01	6.60000e+00	6.60000e+00	0.00000e+00	0.00000e+00	0.00000e+00	0.00000e+00	0.00000e+00	6.60000e+00	4.99542e-01	3.05253e+00	1.38000e+00	3.02201e+00	3.05254e-02	1.48761e+01	-3.22043e+00	-2.96264e-01	9.75615e+00	8.23634e+00	-5.46000e+00	1.00000e-01	
monocrop	Wed Nov 05 16:59:48 CET 2025	3/2/1998	3	2	1998	34	1998	5.25100e+00	7.70000e+00	5.80000e+01	9.80000e+01	9.00000e+00	9.00000e+00	0.00000e+00	0.00000e+00	0.00000e+00	0.00000e+00	0.00000e+00	9.00000e+00	6.84090e-01	6.87926e+00	3.11000e+00	6.41046e+00	4.68804e-01	1.50775e+01	-1.61500e+01	-2.91218e-01	9.79988e+00	7.53117e+00	-5.35000e+00	1.30000e+00	
monocrop	Wed Nov 05 16:59:48 CET 2025	4/2/1998	4	2	1998	35	1998	-6.28000e-01	1.18500e+01	3.80000e+01	9.00000e+01	0.00000e+00	0.00000e+00	0.00000e+00	0.00000e+00	0.00000e+00	0.00000e+00	0.00000e+00	0.00000e+00	4.30391e-01	2.35576e+01	1.06500e+01	6.92762e+00	1.66300e+01	1.52827e+01	-7.31425e+01	-2.86087e-01	9.84414e+00	5.82087e+00	-5.21000e+00	6.00000e-01	
monocrop	Wed Nov 05 16:59:48 CET 2025	5/2/1998	5	2	1998	36	1998	-4.84400e+00	1.15700e+01	3.20000e+01	9.40000e+01	0.00000e+00	0.00000e+00	0.00000e+00	0.00000e+00	0.00000e+00	0.00000e+00	0.00000e+00	0.00000e+00	3.50454e-01	2.46636e+01	1.11500e+01	6.51906e+00	1.81445e+01	1.54914e+01	-7.42080e+01	-2.80873e-01	9.88890e+00	4.89544e+00	-5.25000e+00	4.00000e-01	
monocrop	Wed Nov 05 16:59:48 CET 2025	6/2/1998	6	2	1998	37	1998	-5.81500e+00	1.39500e+01	2.40000e+01	9.30000e+01	2.00000e-01	2.00000e-01	0.00000e+00	0.00000e+00	0.00000e+00	0.00000e+00	0.00000e+00	2.00000e-01	4.45282e-01	2.48627e+01	1.12400e+01	6.70086e+00	1.81618e+01	1.57036e+01	-7.51761e+01	-2.75579e-01	9.93414e+00	4.77709e+00	-5.29000e+00	5.00000e-01	
monocrop	Wed Nov 05 16:59:48 CET 2025	7/2/1998	7	2	1998	38	1998	-5.42000e+00	1.56200e+01	1.80000e+01	9.60000e+01	0.00000e+00	0.00000e+00	0.00000e+00	0.00000e+00	0.00000e+00	0.00000e+00	0.00000e+00	0.00000e+00	8.52324e-01	2.41327e+01	1.09100e+01	7.45869e+00	1.66740e+01	1.59193e+01	-7.29522e+01	-2.70206e-01	9.97985e+00	5.00326e+00	-5.32000e+00	1.70000e+00	
monocrop	Wed Nov 05 16:59:48 CET 2025	8/2/1998	8	2	1998	39	1998	-1.89300e+00	1.64000e+01	1.90000e+01	9.80000e+01	2.00000e-01	2.00000e-01	0.00000e+00	0.00000e+00	0.00000e+00	0.00000e+00	0.00000e+00	2.00000e-01	6.56534e-01	2.59465e+01	1.17300e+01	6.61915e+00	1.93274e+01	1.61383e+01	-7.96213e+01	-2.64756e-01	1.00260e+01	5.95843e+00	-5.36000e+00	8.00000e-01	
monocrop	Wed Nov 05 16:59:48 CET 2025	9/2/1998	9	2	1998	40	1998	-1.64600e+00	1.36600e+01	4.20000e+01	9.60000e+01	0.00000e+00	0.00000e+00	0.00000e+00	0.00000e+00	0.00000e+00	0.00000e+00	0.00000e+00	0.00000e+00	5.51655e-01	2.42212e+01	1.09500e+01	7.99115e+00	1.62300e+01	1.63606e+01	-7.08450e+01	-2.59232e-01	1.00726e+01	6.45017e+00	-5.39000e+00	7.00000e-01	
monocrop	Wed Nov 05 16:59:48 CET 2025	10/2/1998	10	2	1998	41	1998	-1.41000e+00	1.37400e+01	4.80000e+01	9.90000e+01	0.00000e+00	0.00000e+00	0.00000e+00	0.00000e+00	0.00000e+00	0.00000e+00	0.00000e+00	0.00000e+00	4.88178e-01	2.41548e+01	1.09200e+01	8.31177e+00	1.58431e+01	1.65861e+01	-6.96815e+01	-2.53635e-01	1.01195e+01	6.94627e+00	-5.42000e+00	4.00000e-01	
monocrop	Wed Nov 05 16:59:48 CET 2025	11/2/1998	11	2	1998	42	1998	-1.94800e+00	1.53400e+01	4.90000e+01	9.90000e+01	2.00000e-01	2.00000e-01	0.00000e+00	0.00000e+00	0.00000e+00	0.00000e+00	0.00000e+00	2.00000e-01	5.25158e-01	2.44203e+01	1.10400e+01	8.46068e+00	1.59596e+01	1.68147e+01	-7.03787e+01	-2.47968e-01	1.01669e+01	7.25424e+00	-5.45000e+00	4.00000e-01	
monocrop	Wed Nov 05 16:59:48 CET 2025	12/2/1998	12	2	1998	43	1998	-1.04300e+00	1.65700e+01	4.20000e+01	9.90000e+01	2.00000e-01	2.00000e-01	0.00000e+00	0.00000e+00	0.00000e+00	0.00000e+00	0.00000e+00	2.00000e-01	6.18475e-01	2.66323e+01	1.20400e+01	7.50483e+00	1.91274e+01	1.70463e+01	-7.75111e+01	-2.42232e-01	1.02146e+01	7.43534e+00	-5.47000e+00	5.00000e-01	
monocrop	Wed Nov 05 16:59:48 CET 2025	13/2/1998	13	2	1998	44	1998	-2.54400e+00	1.70200e+01	3.40000e+01	9.90000e+01	2.00000e-01	2.00000e-01	0.00000e+00	0.00000e+00	0.00000e+00	0.00000e+00	0.00000e+00	2.00000e-01	6.07323e-01	2.75834e+01	1.24700e+01	7.22431e+00	2.03591e+01	1.72808e+01	-7.91802e+01	-2.36429e-01	1.02627e+01	6.76608e+00	-5.50000e+00	3.00000e-01	
monocrop	Wed Nov 05 16:59:48 CET 2025	14/2/1998	14	2	1998	45	1998	-2.54300e+00	1.66500e+01	3.60000e+01	9.90000e+01	2.00000e-01	2.00000e-01	0.00000e+00	0.00000e+00	0.00000e+00	0.00000e+00	0.00000e+00	2.00000e-01	6.81135e-01	2.32479e+01	1.05100e+01	9.76569e+00	1.34822e+01	1.75182e+01	-6.42405e+01	-2.30562e-01	1.03111e+01	6.78153e+00	-5.52000e+00	4.00000e-01	
monocrop	Wed Nov 05 16:59:48 CET 2025	15/2/1998	15	2	1998	46	1998	-7.50000e-01	2.03300e+01	3.20000e+01	9.90000e+01	0.00000e+00	0.00000e+00	0.00000e+00	0.00000e+00	0.00000e+00	0.00000e+00	0.00000e+00	0.00000e+00	7.93455e-01	2.87115e+01	1.29800e+01	7.17199e+00	2.15395e+01	1.77583e+01	-8.35194e+01	-2.24632e-01	1.03598e+01	7.92301e+00	-5.54000e+00	4.00000e-01	
monocrop	Wed Nov 05 16:59:48 CET 2025	16/2/1998	16	2	1998	47	1998	-1.23100e+00	1.64700e+01	3.90000e+01	9.90000e+01	2.00000e-01	2.00000e-01	0.00000e+00	0.00000e+00	0.00000e+00	0.00000e+00	0.00000e+00	2.00000e-01	7.98138e-01	1.98636e+01	8.98000e+00	1.09544e+01	8.90919e+00	1.80010e+01	-5.22586e+01	-2.18642e-01	1.04088e+01	7.20599e+00	-5.56000e+00	6.00000e-01	
monocrop	Wed Nov 05 16:59:48 CET 2025	17/2/1998	17	2	1998	48	1998	2.70400e+00	1.94400e+01	2.80000e+01	9.10000e+01	0.00000e+00	0.00000e+00	0.00000e+00	0.00000e+00	0.00000e+00	0.00000e+00	0.00000e+00	0.00000e+00	1.13713e+00	3.04811e+01	1.37800e+01	6.65140e+00	2.38297e+01	1.82463e+01	-8.71111e+01	-2.12594e-01	1.04581e+01	7.84040e+00	-5.58000e+00	1.00000e+00	
monocrop	Wed Nov 05 16:59:48 CET 2025	18/2/1998	18	2	1998	49	1998	4.64000e-01	1.96700e+01	2.80000e+01	9.40000e+01	0.00000e+00	0.00000e+00	0.00000e+00	0.00000e+00	0.00000e+00	0.00000e+00	0.00000e+00	0.00000e+00	1.01512e+00	3.06359e+01	1.38500e+01	6.93743e+00	2.36985e+01	1.84941e+01	-8.56464e+01	-2.06488e-01	1.05077e+01	7.51697e+00	-5.60000e+00	7.00000e-01	
monocrop	Wed Nov 05 16:59:48 CET 2025	19/2/1998	19	2	1998	50	1998	7.83000e-01	1.95200e+01	3.30000e+01	9.80000e+01	0.00000e+00	0.00000e+00	0.00000e+00	0.00000e+00	0.00000e+00	0.00000e+00	0.00000e+00	0.00000e+00	9.95464e-01	2.80037e+01	1.26600e+01	9.01641e+00	1.89873e+01	1.87443e+01	-7.63923e+01	-2.00329e-01	1.05575e+01	8.11728e+00	-5.63000e+00	6.00000e-01	
monocrop	Wed Nov 05 16:59:48 CET 2025	20/2/1998	20	2	1998	51	1998	9.60000e-02	1.35900e+01	7.40000e+01	9.90000e+01	0.00000e+00	0.00000e+00	0.00000e+00	0.00000e+00	0.00000e+00	0.00000e+00	0.00000e+00	0.00000e+00	6.38116e-01	8.93641e+00	4.04000e+00	8.25305e+00	6.83356e-01	1.89967e+01	-1.73535e+01	-1.94116e-01	1.06076e+01	8.56574e+00	-5.65000e+00	1.10000e+00	
monocrop	Wed Nov 05 16:59:48 CET 2025	21/2/1998	21	2	1998	52	1998	1.02600e+01	1.28900e+01	7.80000e+01	9.70000e+01	2.80000e+00	2.80000e+00	0.00000e+00	0.00000e+00	0.00000e+00	0.00000e+00	0.00000e+00	2.80000e+00	8.51485e-01	9.29032e+00	4.20000e+00	8.51350e+00	7.76826e-01	1.92513e+01	-1.85793e+01	-1.87854e-01	1.06579e+01	1.19210e+01	-5.67000e+00	2.10000e+00	
monocrop	Wed Nov 05 16:59:48 CET 2025	22/2/1998	22	2	1998	53	1998	6.62300e+00	1.32700e+01	4.20000e+01	9.90000e+01	3.00000e+00	3.00000e+00	0.00000e+00	0.00000e+00	0.00000e+00	0.00000e+00	0.00000e+00	3.00000e+00	1.49203e+00	2.01069e+01	9.09000e+00	1.19485e+01	8.15838e+00	1.95080e+01	-4.84293e+01	-1.81543e-01	1.07084e+01	8.61779e+00	-5.63000e+00	2.80000e+00	
monocrop	Wed Nov 05 16:59:48 CET 2025	23/2/1998	23	2	1998	54	1998	4.55800e+00	1.17100e+01	3.80000e+01	6.60000e+01	0.00000e+00	0.00000e+00	0.00000e+00	0.00000e+00	0.00000e+00	0.00000e+00	0.00000e+00	0.00000e+00	1.43973e+00	9.06912e+00	4.10000e+00	8.43751e+00	6.31617e-01	1.97668e+01	-1.67533e+01	-1.75185e-01	1.07591e+01	5.62435e+00	-5.58000e+00	1.30000e+00	
monocrop	Wed Nov 05 16:59:48 CET 2025	24/2/1998	24	2	1998	55	1998	2.69600e+00	1.63600e+01	3.70000e+01	7.90000e+01	0.00000e+00	0.00000e+00	0.00000e+00	0.00000e+00	0.00000e+00	0.00000e+00	0.00000e+00	0.00000e+00	1.21474e+00	3.10341e+01	1.40300e+01	8.97802e+00	2.20561e+01	2.00274e+01	-7.77901e+01	-1.68783e-01	1.08100e+01	6.89340e+00	-5.61000e+00	7.00000e-01	
monocrop	Wed Nov 05 16:59:48 CET 2025	25/2/1998	25	2	1998	56	1998	-8.55000e-01	1.87700e+01	3.50000e+01	9.60000e+01	0.00000e+00	0.00000e+00	0.00000e+00	0.00000e+00	0.00000e+00	0.00000e+00	0.00000e+00	0.00000e+00	1.07796e+00	3.17419e+01	1.43500e+01	8.90584e+00	2.28361e+01	2.02898e+01	-7.91696e+01	-1.62338e-01	1.08611e+01	7.49114e+00	-5.63000e+00	4.00000e-01	
monocrop	Wed Nov 05 16:59:48 CET 2025	26/2/1998	26	2	1998	57	1998	1.92000e-01	1.96900e+01	3.60000e+01	9.90000e+01	0.00000e+00	0.00000e+00	0.00000e+00	0.00000e+00	0.00000e+00	0.00000e+00	0.00000e+00	0.00000e+00	1.17418e+00	3.23171e+01	1.46100e+01	8.91755e+00	2.33995e+01	2.05539e+01	-8.06645e+01	-1.55853e-01	1.09123e+01	8.24804e+00	-5.65000e+00	5.00000e-01	
monocrop	Wed Nov 05 16:59:48 CET 2025	27/2/1998	27	2	1998	58	1998	1.36000e-01	1.86400e+01	4.50000e+01	9.90000e+01	0.00000e+00	0.00000e+00	0.00000e+00	0.00000e+00	0.00000e+00	0.00000e+00	0.00000e+00	0.00000e+00	1.13887e+00	3.21843e+01	1.45500e+01	9.38106e+00	2.28033e+01	2.08196e+01	-7.83506e+01	-1.49329e-01	1.09637e+01	8.47710e+00	-5.67000e+00	5.00000e-01	
monocrop	Wed Nov 05 16:59:48 CET 2025	28/2/1998	28	2	1998	59	1998	6.24000e-01	1.77800e+01	3.20000e+01	9.90000e+01	2.00000e-01	2.00000e-01	0.00000e+00	0.00000e+00	0.00000e+00	0.00000e+00	0.00000e+00	2.00000e-01	1.49458e+00	3.28037e+01	1.48300e+01	9.37300e+00	2.34307e+01	2.10868e+01	-7.84164e+01	-1.42768e-01	1.10153e+01	7.61577e+00	-5.69000e+00	1.60000e+00	
monocrop	Wed Nov 05 16:59:48 CET 2025	1/3/1998	1	3	1998	60	1998	1.21000e+00	1.75600e+01	3.00000e+01	9.10000e+01	0.00000e+00	0.00000e+00	0.00000e+00	0.00000e+00	0.00000e+00	0.00000e+00	0.00000e+00	0.00000e+00	1.84430e+00	3.20074e+01	1.44700e+01	1.02150e+01	2.17924e+01	2.13554e+01	-7.52764e+01	-1.36173e-01	1.10669e+01	7.12168e+00	-5.70000e+00	2.40000e+00	
monocrop	Wed Nov 05 16:59:48 CET 2025	2/3/1998	2	3	1998	61	1998	-1.60700e+00	1.79400e+01	3.00000e+01	9.90000e+01	0.00000e+00	0.00000e+00	0.00000e+00	0.00000e+00	0.00000e+00	0.00000e+00	0.00000e+00	0.00000e+00	1.32707e+00	3.60332e+01	1.62900e+01	7.95366e+00	2.80795e+01	2.16253e+01	-8.38342e+01	-1.29544e-01	1.11188e+01	6.99179e+00	-5.72000e+00	8.00000e-01	
monocrop	Wed Nov 05 16:59:48 CET 2025	3/3/1998	3	3	1998	62	1998	-1.85300e+00	1.46200e+01	4.20000e+01	9.90000e+01	0.00000e+00	0.00000e+00	0.00000e+00	0.00000e+00	0.00000e+00	0.00000e+00	0.00000e+00	0.00000e+00	1.06059e+00	2.07263e+01	9.37000e+00	1.33415e+01	7.38476e+00	2.18965e+01	-4.27383e+01	-1.22885e-01	1.11707e+01	6.76399e+00	-5.74000e+00	8.00000e-01	
monocrop	Wed Nov 05 16:59:48 CET 2025	4/3/1998	4	3	1998	63	1998	9.63000e+00	1.37900e+01	8.00000e+01	9.40000e+01	2.00000e-01	2.00000e-01	0.00000e+00	0.00000e+00	0.00000e+00	0.00000e+00	0.00000e+00	2.00000e-01	8.53474e-01	7.23318e+00	3.27000e+00	7.16085e+00	7.23319e-02	2.21687e+01	-9.93397e+00	-1.16197e-01	1.12227e+01	1.19591e+01	-5.76000e+00	1.50000e+00	
monocrop	Wed Nov 05 16:59:48 CET 2025	5/3/1998	5	3	1998	64	1998	8.49000e-01	1.91700e+01	1.80000e+01	9.70000e+01	0.00000e+00	0.00000e+00	0.00000e+00	0.00000e+00	0.00000e+00	0.00000e+00	0.00000e+00	0.00000e+00	1.50039e+00	2.61235e+01	1.18100e+01	1.34766e+01	1.26469e+01	2.24420e+01	-5.73368e+01	-1.09482e-01	1.12748e+01	7.05843e+00	-5.77000e+00	8.00000e-01	
monocrop	Wed Nov 05 16:59:48 CET 2025	6/3/1998	6	3	1998	65	1998	-1.83400e+00	1.76600e+01	3.00000e+01	9.80000e+01	0.00000e+00	0.00000e+00	0.00000e+00	0.00000e+00	0.00000e+00	0.00000e+00	0.00000e+00	0.00000e+00	1.47211e+00	3.69180e+01	1.66900e+01	9.04004e+00	2.78779e+01	2.27162e+01	-8.12056e+01	-1.02741e-01	1.13270e+01	6.81894e+00	-5.79000e+00	9.00000e-01	
monocrop	Wed Nov 05 16:59:48 CET 2025	7/3/1998	7	3	1998	66	1998	8.03000e-01	1.84100e+01	4.80000e+01	9.90000e+01	0.00000e+00	0.00000e+00	0.00000e+00	0.00000e+00	0.00000e+00	0.00000e+00	0.00000e+00	0.00000e+00	1.53118e+00	2.59023e+01	1.17100e+01	1.39323e+01	1.19700e+01	2.29913e+01	-5.48088e+01	-9.59776e-02	1.13793e+01	8.78182e+00	-5.80000e+00	1.90000e+00	
monocrop	Wed Nov 05 16:59:48 CET 2025	8/3/1998	8	3	1998	67	1998	1.15700e+01	1.93900e+01	4.70000e+01	7.10000e+01	2.00000e-01	2.00000e-01	0.00000e+00	0.00000e+00	0.00000e+00	0.00000e+00	0.00000e+00	2.00000e-01	3.06716e+00	2.38230e+01	1.07700e+01	1.42521e+01	9.57096e+00	2.32670e+01	-5.18506e+01	-8.91925e-02	1.14317e+01	1.03672e+01	-5.82000e+00	4.10000e+00	
monocrop	Wed Nov 05 16:59:48 CET 2025	9/3/1998	9	3	1998	68	1998	1.84800e+00	1.57900e+01	1.80000e+01	8.20000e+01	2.00000e-01	2.00000e-01	0.00000e+00	0.00000e+00	0.00000e+00	0.00000e+00	0.00000e+00	2.00000e-01	1.86355e+00	3.73604e+01	1.68900e+01	9.98956e+00	2.73708e+01	2.35434e+01	-7.89899e+01	-8.23877e-02	1.14841e+01	5.66515e+00	-5.83000e+00	1.20000e+00	
monocrop	Wed Nov 05 16:59:48 CET 2025	10/3/1998	10	3	1998	69	1998	2.17700e+00	1.56700e+01	1.50000e+01	6.80000e+01	0.00000e+00	0.00000e+00	0.00000e+00	0.00000e+00	0.00000e+00	0.00000e+00	0.00000e+00	0.00000e+00	1.97296e+00	4.09438e+01	1.85100e+01	7.77174e+00	3.31720e+01	2.38204e+01	-8.62516e+01	-7.55652e-02	1.15366e+01	4.73541e+00	-5.84000e+00	1.10000e+00	
monocrop	Wed Nov 05 16:59:48 CET 2025	11/3/1998	11	3	1998	70	1998	3.10100e+00	1.12500e+01	5.00000e+01	9.80000e+01	1.60000e+00	1.60000e+00	0.00000e+00	0.00000e+00	0.00000e+00	0.00000e+00	0.00000e+00	1.60000e+00	9.87585e-01	1.53069e+01	6.92000e+00	1.26540e+01	2.65288e+00	2.40978e+01	-2.58924e+01	-6.87269e-02	1.15892e+01	7.49700e+00	-5.85000e+00	3.00000e-01	
monocrop	Wed Nov 05 16:59:48 CET 2025	12/3/1998	12	3	1998	71	1998	2.36500e+00	1.37000e+01	3.20000e+01	9.70000e+01	0.00000e+00	0.00000e+00	0.00000e+00	0.00000e+00	0.00000e+00	0.00000e+00	0.00000e+00	0.00000e+00	1.50812e+00	2.84903e+01	1.28800e+01	1.46178e+01	1.38725e+01	2.43755e+01	-5.50900e+01	-6.18745e-02	1.16418e+01	6.92835e+00	-5.83000e+00	9.00000e-01	
monocrop	Wed Nov 05 16:59:48 CET 2025	13/3/1998	13	3	1998	72	1998	-2.14000e-01	1.54000e+01	2.50000e+01	6.30000e+01	0.00000e+00	0.00000e+00	0.00000e+00	0.00000e+00	0.00000e+00	0.00000e+00	0.00000e+00	0.00000e+00	1.80041e+00	4.07226e+01	1.84100e+01	9.33464e+00	3.13879e+01	2.46535e+01	-8.14238e+01	-5.50100e-02	1.16944e+01	4.58682e+00	-5.84000e+00	7.00000e-01	
monocrop	Wed Nov 05 16:59:48 CET 2025	14/3/1998	14	3	1998	73	1998	-2.51400e+00	1.71500e+01	2.80000e+01	8.10000e+01	0.00000e+00	0.00000e+00	0.00000e+00	0.00000e+00	0.00000e+00	0.00000e+00	0.00000e+00	0.00000e+00	1.74572e+00	4.12535e+01	1.86500e+01	9.38688e+00	3.18666e+01	2.49317e+01	-8.20419e+01	-4.81351e-02	1.17470e+01	5.57558e+00	-5.85000e+00	7.00000e-01	
monocrop	Wed Nov 05 16:59:48 CET 2025	15/3/1998	15	3	1998	74	1998	-1.83500e+00	2.10000e+01	1.80000e+01	9.30000e+01	0.00000e+00	0.00000e+00	0.00000e+00	0.00000e+00	0.00000e+00	0.00000e+00	0.00000e+00	0.00000e+00	1.89061e+00	3.73382e+01	1.68800e+01	1.23047e+01	2.50335e+01	2.52099e+01	-7.54653e+01	-4.12516e-02	1.17997e+01	6.62048e+00	-5.87000e+00	8.00000e-01	
monocrop	Wed Nov 05 16:59:48 CET 2025	16/3/1998	16	3	1998	75	1998	4.05800e+00	2.14900e+01	2.90000e+01	7.40000e+01	0.00000e+00	0.00000e+00	0.00000e+00	0.00000e+00	0.00000e+00	0.00000e+00	0.00000e+00	0.00000e+00	2.32953e+00	4.08332e+01	1.84600e+01	1.05539e+01	3.02793e+01	2.54881e+01	-8.49372e+01	-3.43614e-02	1.18524e+01	7.59279e+00	-5.88000e+00	1.00000e+00	
monocrop	Wed Nov 05 16:59:48 CET 2025	17/3/1998	17	3	1998	76	1998	2.00000e-01	2.19000e+01	2.50000e+01	9.70000e+01	0.00000e+00	0.00000e+00	0.00000e+00	0.00000e+00	0.00000e+00	0.00000e+00	0.00000e+00	0.00000e+00	2.03376e+00	4.21825e+01	1.90700e+01	1.00330e+01	3.21495e+01	2.57662e+01	-8.57743e+01	-2.74663e-02	1.19051e+01	8.02632e+00	-5.89000e+00	6.00000e-01	
monocrop	Wed Nov 05 16:59:48 CET 2025	18/3/1998	18	3	1998	77	1998	1.60400e+00	2.18400e+01	3.00000e+01	8.00000e+01	0.00000e+00	0.00000e+00	0.00000e+00	0.00000e+00	0.00000e+00	0.00000e+00	0.00000e+00	0.00000e+00	2.24138e+00	4.11650e+01	1.86100e+01	1.11588e+01	3.00062e+01	2.60441e+01	-8.29816e+01	-2.05680e-02	1.19578e+01	7.56638e+00	-5.91000e+00	9.00000e-01	
monocrop	Wed Nov 05 16:59:48 CET 2025	19/3/1998	19	3	1998	78	1998	1.26000e-01	2.23800e+01	1.90000e+01	9.80000e+01	0.00000e+00	0.00000e+00	0.00000e+00	0.00000e+00	0.00000e+00	0.00000e+00	0.00000e+00	0.00000e+00	2.27217e+00	4.30009e+01	1.94400e+01	1.03151e+01	3.26859e+01	2.63217e+01	-8.58873e+01	-1.36683e-02	1.20105e+01	7.80181e+00	-5.92000e+00	1.00000e+00	
monocrop	Wed Nov 05 16:59:48 CET 2025	20/3/1998	20	3	1998	79	1998	2.31900e+00	2.02200e+01	1.50000e+01	4.30000e+01	0.00000e+00	0.00000e+00	0.00000e+00	0.00000e+00	0.00000e+00	0.00000e+00	0.00000e+00	0.00000e+00	2.53916e+00	4.44830e+01	2.01100e+01	9.65910e+00	3.48239e+01	2.65989e+01	-8.72516e+01	-6.76899e-03	1.20632e+01	3.87180e+00	-5.93000e+00	1.00000e+00	
monocrop	Wed Nov 05 16:59:48 CET 2025	21/3/1998	21	3	1998	80	1998	2.33800e+00	1.86500e+01	2.60000e+01	4.80000e+01	0.00000e+00	0.00000e+00	0.00000e+00	0.00000e+00	0.00000e+00	0.00000e+00	0.00000e+00	0.00000e+00	2.71501e+00	4.43945e+01	2.00700e+01	1.01751e+01	3.42193e+01	2.68757e+01	-8.48279e+01	1.28135e-04	1.21159e+01	4.69148e+00	-5.94000e+00	1.50000e+00	
monocrop	Wed Nov 05 16:59:48 CET 2025	22/3/1998	22	3	1998	81	1998	1.26400e+00	1.50700e+01	3.10000e+01	9.70000e+01	0.00000e+00	0.00000e+00	0.00000e+00	0.00000e+00	0.00000e+00	0.00000e+00	0.00000e+00	0.00000e+00	2.00275e+00	3.51484e+01	1.58900e+01	1.54374e+01	1.97110e+01	2.71519e+01	-6.22525e+01	7.02133e-03	1.21686e+01	6.93782e+00	-5.95000e+00	1.50000e+00	
monocrop	Wed Nov 05 16:59:48 CET 2025	23/3/1998	23	3	1998	82	1998	-9.29000e-01	1.56100e+01	3.20000e+01	9.90000e+01	0.00000e+00	0.00000e+00	0.00000e+00	0.00000e+00	0.00000e+00	0.00000e+00	0.00000e+00	0.00000e+00	2.05411e+00	4.37088e+01	1.97600e+01	1.15139e+01	3.21949e+01	2.74275e+01	-7.80409e+01	1.39089e-02	1.22213e+01	6.71126e+00	-5.96000e+00	1.20000e+00	
monocrop	Wed Nov 05 16:59:48 CET 2025	24/3/1998	24	3	1998	83	1998	-1.49400e+00	1.30900e+01	2.00000e+01	9.50000e+01	0.00000e+00	0.00000e+00	0.00000e+00	0.00000e+00	0.00000e+00	0.00000e+00	0.00000e+00	0.00000e+00	2.09463e+00	4.43945e+01	2.00700e+01	1.14612e+01	3.29332e+01	2.77024e+01	-7.64768e+01	2.07889e-02	1.22739e+01	5.29794e+00	-5.97000e+00	1.30000e+00	
monocrop	Wed Nov 05 16:59:48 CET 2025	25/3/1998	25	3	1998	84	1998	-5.01700e+00	1.50300e+01	2.00000e+01	8.40000e+01	0.00000e+00	0.00000e+00	0.00000e+00	0.00000e+00	0.00000e+00	0.00000e+00	0.00000e+00	0.00000e+00	2.00956e+00	4.49253e+01	2.03100e+01	1.15118e+01	3.34136e+01	2.79765e+01	-7.67389e+01	2.76599e-02	1.23265e+01	4.53473e+00	-5.98000e+00	9.00000e-01	
monocrop	Wed Nov 05 16:59:48 CET 2025	26/3/1998	26	3	1998	85	1998	-6.19000e-01	1.60800e+01	3.20000e+01	9.80000e+01	0.00000e+00	0.00000e+00	0.00000e+00	0.00000e+00	0.00000e+00	0.00000e+00	0.00000e+00	0.00000e+00	2.15270e+00	4.44387e+01	2.00900e+01	1.22425e+01	3.21962e+01	2.82496e+01	-7.73441e+01	3.45199e-02	1.23790e+01	6.83987e+00	-5.99000e+00	1.10000e+00	
monocrop	Wed Nov 05 16:59:48 CET 2025	27/3/1998	27	3	1998	86	1998	5.21000e-01	1.85700e+01	2.50000e+01	9.90000e+01	0.00000e+00	0.00000e+00	0.00000e+00	0.00000e+00	0.00000e+00	0.00000e+00	0.00000e+00	0.00000e+00	2.15721e+00	3.75594e+01	1.69800e+01	1.60029e+01	2.15566e+01	2.85219e+01	-6.52497e+01	4.13673e-02	1.24315e+01	7.37748e+00	-6.00000e+00	1.00000e+00	
monocrop	Wed Nov 05 16:59:48 CET 2025	28/3/1998	28	3	1998	87	1998	3.87600e+00	1.55300e+01	6.20000e+01	9.90000e+01	0.00000e+00	0.00000e+00	0.00000e+00	0.00000e+00	0.00000e+00	0.00000e+00	0.00000e+00	0.00000e+00	1.68253e+00	2.92866e+01	1.32400e+01	1.76369e+01	1.16497e+01	2.87930e+01	-4.79420e+01	4.82004e-02	1.24839e+01	9.68074e+00	-6.01000e+00	1.00000e+00	
monocrop	Wed Nov 05 16:59:48 CET 2025	29/3/1998	29	3	1998	88	1998	6.79500e+00	1.50400e+01	6.40000e+01	9.90000e+01	0.00000e+00	0.00000e+00	0.00000e+00	0.00000e+00	0.00000e+00	0.00000e+00	0.00000e+00	0.00000e+00	1.86649e+00	3.07908e+01	1.39200e+01	1.77772e+01	1.30136e+01	2.90631e+01	-5.07275e+01	5.50175e-02	1.25363e+01	1.06297e+01	-6.02000e+00	1.40000e+00	
monocrop	Wed Nov 05 16:59:48 CET 2025	30/3/1998	30	3	1998	89	1998	5.39600e+00	1.83400e+01	2.60000e+01	9.90000e+01	0.00000e+00	0.00000e+00	0.00000e+00	0.00000e+00	0.00000e+00	0.00000e+00	0.00000e+00	0.00000e+00	1.88641e+00	2.57032e+01	1.16200e+01	1.76067e+01	8.09656e+00	2.93319e+01	-4.14451e+01	6.18167e-02	1.25886e+01	8.68147e+00	-6.03000e+00	5.00000e-01	
monocrop	Wed Nov 05 16:59:48 CET 2025	31/3/1998	31	3	1998	90	1998	3.89500e+00	1.52800e+01	6.20000e+01	9.50000e+01	0.00000e+00	0.00000e+00	0.00000e+00	0.00000e+00	0.00000e+00	0.00000e+00	0.00000e+00	0.00000e+00	1.32476e+00	1.75410e+01	7.93000e+00	1.49400e+01	2.60103e+00	2.95995e+01	-2.44833e+01	6.85966e-02	1.26408e+01	9.36726e+00	-6.04000e+00	7.00000e-01	
monocrop	Wed Nov 05 16:59:48 CET 2025	1/4/1998	1	4	1998	91	1998	1.06800e+01	1.81000e+01	5.90000e+01	9.90000e+01	3.14000e+01	3.14000e+01	0.00000e+00	0.00000e+00	0.00000e+00	0.00000e+00	0.00000e+00	3.14000e+01	1.83799e+00	2.33143e+01	1.05400e+01	1.72809e+01	6.03343e+00	2.98657e+01	-3.67557e+01	7.53552e-02	1.26930e+01	1.29399e+01	-6.05000e+00	1.00000e+00	
monocrop	Wed Nov 05 16:59:48 CET 2025	2/4/1998	2	4	1998	92	1998	6.61400e+00	1.82100e+01	6.10000e+01	9.90000e+01	0.00000e+00	0.00000e+00	0.00000e+00	0.00000e+00	0.00000e+00	0.00000e+00	0.00000e+00	0.00000e+00	1.59977e+00	2.21198e+01	1.00000e+01	1.70000e+01	5.11977e+00	3.01305e+01	-3.34646e+01	8.20910e-02	1.27451e+01	1.15177e+01	-5.53000e+00	6.00000e-01	
monocrop	Wed Nov 05 16:59:48 CET 2025	3/4/1998	3	4	1998	93	1998	9.98000e+00	1.84000e+01	6.60000e+01	9.90000e+01	2.00000e-01	2.00000e-01	0.00000e+00	0.00000e+00	0.00000e+00	0.00000e+00	0.00000e+00	2.00000e-01	2.20842e+00	2.95742e+01	1.33700e+01	1.85767e+01	1.09975e+01	3.03938e+01	-4.79618e+01	8.88023e-02	1.27970e+01	1.33392e+01	-5.56000e+00	2.10000e+00	
monocrop	Wed Nov 05 16:59:48 CET 2025	4/4/1998	4	4	1998	94	1998	5.49800e+00	1.84100e+01	3.80000e+01	9.50000e+01	0.00000e+00	0.00000e+00	0.00000e+00	0.00000e+00	0.00000e+00	0.00000e+00	0.00000e+00	0.00000e+00	2.01637e+00	2.35355e+01	1.06400e+01	1.76232e+01	5.91229e+00	3.06555e+01	-3.52668e+01	9.54873e-02	1.28489e+01	9.28965e+00	-5.57000e+00	1.20000e+00	
monocrop	Wed Nov 05 16:59:48 CET 2025	5/4/1998	5	4	1998	95	1998	4.02900e+00	1.80900e+01	5.40000e+01	9.90000e+01	4.40000e+00	4.40000e+00	0.00000e+00	0.00000e+00	0.00000e+00	0.00000e+00	0.00000e+00	4.40000e+00	1.64297e+00	1.99521e+01	9.02000e+00	1.63749e+01	3.57722e+00	3.09156e+01	-2.80253e+01	1.02144e-01	1.29007e+01	1.00722e+01	-5.60000e+00	1.20000e+00	
monocrop	Wed Nov 05 16:59:48 CET 2025	6/4/1998	6	4	1998	96	1998	5.71800e+00	1.81800e+01	3.90000e+01	8.70000e+01	2.00000e-01	2.00000e-01	0.00000e+00	0.00000e+00	0.00000e+00	0.00000e+00	0.00000e+00	2.00000e-01	3.17698e+00	4.73585e+01	2.14100e+01	1.45472e+01	3.28113e+01	3.11740e+01	-7.80609e+01	1.08772e-01	1.29524e+01	8.79782e+00	-5.53000e+00	2.10000e+00	
monocrop	Wed Nov 05 16:59:48 CET 2025	7/4/1998	7	4	1998	97	1998	8.28000e+00	1.93500e+01	3.40000e+01	8.80000e+01	0.00000e+00	0.00000e+00	0.00000e+00	0.00000e+00	0.00000e+00	0.00000e+00	0.00000e+00	0.00000e+00	2.92601e+00	2.73622e+01	1.23700e+01	1.88352e+01	8.52705e+00	3.14306e+01	-4.19816e+01	1.15368e-01	1.30039e+01	9.62576e+00	-5.55000e+00	2.70000e+00	
monocrop	Wed Nov 05 16:59:48 CET 2025	8/4/1998	8	4	1998	98	1998	5.17800e+00	1.88500e+01	3.10000e+01	7.90000e+01	0.00000e+00	0.00000e+00	0.00000e+00	0.00000e+00	0.00000e+00	0.00000e+00	0.00000e+00	0.00000e+00	3.16891e+00	4.29788e+01	1.94300e+01	1.73126e+01	2.56662e+01	3.16853e+01	-6.90010e+01	1.21932e-01	1.30553e+01	7.71363e+00	-5.57000e+00	1.90000e+00	
monocrop	Wed Nov 05 16:59:48 CET 2025	9/4/1998	9	4	1998	99	1998	1.50900e+00	1.56700e+01	4.00000e+01	9.90000e+01	0.00000e+00	0.00000e+00	0.00000e+00	0.00000e+00	0.00000e+00	0.00000e+00	0.00000e+00	0.00000e+00	2.33293e+00	3.83779e+01	1.73500e+01	1.89506e+01	1.94272e+01	3.19381e+01	-5.74475e+01	1.28461e-01	1.31066e+01	7.75318e+00	-5.60000e+00	1.50000e+00	
monocrop	Wed Nov 05 16:59:48 CET 2025	10/4/1998	10	4	1998	100	1998	2.53400e+00	1.58800e+01	3.50000e+01	9.70000e+01	4.00000e-01	4.00000e-01	0.00000e+00	0.00000e+00	0.00000e+00	0.00000e+00	0.00000e+00	4.00000e-01	2.39679e+00	3.95060e+01	1.78600e+01	1.89114e+01	2.05946e+01	3.21890e+01	-5.92395e+01	1.34953e-01	1.31577e+01	7.67650e+00	-5.62000e+00	1.10000e+00	
monocrop	Wed Nov 05 16:59:48 CET 2025	11/4/1998	11	4	1998	101	1998	5.44200e+00	1.45500e+01	3.20000e+01	9.10000e+01	1.00000e+00	1.00000e+00	0.00000e+00	0.00000e+00	0.00000e+00	0.00000e+00	0.00000e+00	1.00000e+00	2.69594e+00	3.07244e+01	1.38900e+01	1.97661e+01	1.09584e+01	3.24378e+01	-4.39623e+01	1.41408e-01	1.32087e+01	7.54263e+00	-5.64000e+00	2.60000e+00	
monocrop	Wed Nov 05 16:59:48 CET 2025	12/4/1998	12	4	1998	102	1998	2.96900e+00	1.40200e+01	3.90000e+01	7.80000e+01	2.00000e-01	2.00000e-01	0.00000e+00	0.00000e+00	0.00000e+00	0.00000e+00	0.00000e+00	2.00000e-01	3.10092e+00	4.14747e+01	1.87500e+01	1.88392e+01	2.26355e+01	3.26845e+01	-6.06172e+01	1.47823e-01	1.32595e+01	6.48418e+00	-5.66000e+00	3.00000e+00	
monocrop	Wed Nov 05 16:59:48 CET 2025	13/4/1998	13	4	1998	103	1998	9.63000e-01	1.34100e+01	2.90000e+01	7.30000e+01	0.00000e+00	0.00000e+00	0.00000e+00	0.00000e+00	0.00000e+00	0.00000e+00	0.00000e+00	0.00000e+00	3.19973e+00	4.85309e+01	2.19400e+01	1.62012e+01	3.23296e+01	3.29290e+01	-7.05708e+01	1.54197e-01	1.33102e+01	5.17075e+00	-5.68000e+00	2.50000e+00	
monocrop	Wed Nov 05 16:59:48 CET 2025	14/4/1998	14	4	1998	104	1998	-1.59900e+00	1.24800e+01	2.90000e+01	9.10000e+01	6.00000e-01	6.00000e-01	0.00000e+00	0.00000e+00	0.00000e+00	0.00000e+00	0.00000e+00	6.00000e-01	2.74639e+00	5.07207e+01	2.29300e+01	1.52853e+01	3.54354e+01	3.31713e+01	-7.19515e+01	1.60529e-01	1.33606e+01	5.39285e+00	-5.70000e+00	1.90000e+00	
monocrop	Wed Nov 05 16:59:48 CET 2025	15/4/1998	15	4	1998	105	1998	5.85200e+00	1.28600e+01	6.60000e+01	9.80000e+01	4.16000e+01	4.16000e+01	0.00000e+00	0.00000e+00	0.00000e+00	0.00000e+00	0.00000e+00	4.16000e+01	1.10497e+00	4.26912e+00	1.93000e+00	4.22643e+00	4.26912e-02	3.34114e+01	1.00027e+00	1.66815e-01	1.34109e+01	9.63369e+00	-5.72000e+00	2.60000e+00	
monocrop	Wed Nov 05 16:59:48 CET 2025	16/4/1998	16	4	1998	106	1998	3.25472e+00	1.43272e+01	3.90000e+01	9.70000e+01	2.20000e+00	2.20000e+00	0.00000e+00	0.00000e+00	0.00000e+00	0.00000e+00	0.00000e+00	2.20000e+00	2.77909e+00	4.26912e+01	1.93000e+01	1.93973e+01	2.32940e+01	3.36490e+01	-6.08297e+01	1.73056e-01	1.34610e+01	7.69001e+00	-5.06000e+00	2.20000e+00	
monocrop	Wed Nov 05 16:59:48 CET 2025	17/4/1998	17	4	1998	107	1998	5.03240e+00	1.47451e+01	3.60000e+01	9.90000e+01	0.00000e+00	0.00000e+00	0.00000e+00	0.00000e+00	0.00000e+00	0.00000e+00	0.00000e+00	0.00000e+00	3.41866e+00	4.58101e+01	2.07100e+01	1.85734e+01	2.72367e+01	3.38843e+01	-6.61537e+01	1.79249e-01	1.35109e+01	8.21919e+00	-5.06000e+00	3.80000e+00	
monocrop	Wed Nov 05 16:59:48 CET 2025	18/4/1998	18	4	1998	108	1998	5.82248e+00	1.48495e+01	2.50000e+01	7.40000e+01	0.00000e+00	0.00000e+00	0.00000e+00	0.00000e+00	0.00000e+00	0.00000e+00	0.00000e+00	0.00000e+00	3.97557e+00	4.69161e+01	2.12100e+01	1.83824e+01	2.85337e+01	3.41171e+01	-6.77465e+01	1.85393e-01	1.35605e+01	6.21058e+00	-5.11000e+00	3.40000e+00	
monocrop	Wed Nov 05 16:59:48 CET 2025	19/4/1998	19	4	1998	109	1998	2.06960e+00	1.89239e+01	2.70000e+01	9.50000e+01	0.00000e+00	0.00000e+00	0.00000e+00	0.00000e+00	0.00000e+00	0.00000e+00	0.00000e+00	0.00000e+00	3.22191e+00	5.06101e+01	2.28800e+01	1.69051e+01	3.37050e+01	3.43475e+01	-7.44826e+01	1.91486e-01	1.36100e+01	7.73602e+00	-5.16000e+00	1.50000e+00	
monocrop	Wed Nov 05 16:59:48 CET 2025	20/4/1998	20	4	1998	110	1998	1.87208e+00	1.86105e+01	3.90000e+01	9.90000e+01	0.00000e+00	0.00000e+00	0.00000e+00	0.00000e+00	0.00000e+00	0.00000e+00	0.00000e+00	0.00000e+00	3.10902e+00	5.37733e+01	2.43100e+01	1.53772e+01	3.83961e+01	3.45752e+01	-7.87696e+01	1.97526e-01	1.36592e+01	8.60253e+00	-5.20000e+00	1.10000e+00	
monocrop	Wed Nov 05 16:59:48 CET 2025	21/4/1998	21	4	1998	111	1998	6.90000e+00	1.80800e+01	5.90000e+01	9.90000e+01	0.00000e+00	0.00000e+00	0.00000e+00	0.00000e+00	0.00000e+00	0.00000e+00	0.00000e+00	0.00000e+00	2.56342e+00	3.93954e+01	1.78100e+01	2.10643e+01	1.83310e+01	3.48004e+01	-5.61604e+01	2.03512e-01	1.37081e+01	1.14322e+01	-5.25000e+00	8.00000e-01	
monocrop	Wed Nov 05 16:59:48 CET 2025	22/4/1998	22	4	1998	112	1998	8.08000e+00	1.92700e+01	4.00000e+01	9.90000e+01	0.00000e+00	0.00000e+00	0.00000e+00	0.00000e+00	0.00000e+00	0.00000e+00	0.00000e+00	0.00000e+00	2.98869e+00	4.39963e+01	1.98900e+01	2.03135e+01	2.36828e+01	3.50228e+01	-6.42850e+01	2.09442e-01	1.37568e+01	1.08676e+01	-5.29000e+00	7.00000e-01	
monocrop	Wed Nov 05 16:59:48 CET 2025	23/4/1998	23	4	1998	113	1998	9.08000e+00	2.55000e+01	3.20000e+01	7.20000e+01	0.00000e+00	0.00000e+00	0.00000e+00	0.00000e+00	0.00000e+00	0.00000e+00	0.00000e+00	0.00000e+00	3.89080e+00	4.24037e+01	1.91700e+01	2.08996e+01	2.15041e+01	3.52426e+01	-6.48777e+01	2.15315e-01	1.38052e+01	1.02541e+01	-5.32000e+00	1.60000e+00	
monocrop	Wed Nov 05 16:59:48 CET 2025	24/4/1998	24	4	1998	114	1998	1.17300e+01	2.42500e+01	3.00000e+01	6.40000e+01	0.00000e+00	0.00000e+00	0.00000e+00	0.00000e+00	0.00000e+00	0.00000e+00	0.00000e+00	0.00000e+00	5.18430e+00	5.63170e+01	2.54600e+01	1.50140e+01	4.13030e+01	3.54595e+01	-8.88920e+01	2.21129e-01	1.38533e+01	9.68673e+00	-5.36000e+00	2.60000e+00	
monocrop	Wed Nov 05 16:59:48 CET 2025	25/4/1998	25	4	1998	115	1998	7.95000e+00	2.42200e+01	3.50000e+01	9.70000e+01	0.00000e+00	0.00000e+00	0.00000e+00	0.00000e+00	0.00000e+00	0.00000e+00	0.00000e+00	0.00000e+00	3.80599e+00	5.30654e+01	2.39900e+01	1.72872e+01	3.57783e+01	3.56737e+01	-8.11001e+01	2.26882e-01	1.39012e+01	1.20552e+01	-5.39000e+00	9.00000e-01	
monocrop	Wed Nov 05 16:59:48 CET 2025	26/4/1998	26	4	1998	116	1998	8.97000e+00	1.76500e+01	6.90000e+01	9.70000e+01	9.20000e+00	9.20000e+00	0.00000e+00	0.00000e+00	0.00000e+00	0.00000e+00	0.00000e+00	9.20000e+00	2.30209e+00	2.74728e+01	1.24200e+01	2.06063e+01	6.86648e+00	3.58850e+01	-3.53994e+01	2.32574e-01	1.39487e+01	1.26735e+01	-5.42000e+00	2.50000e+00	
monocrop	Wed Nov 05 16:59:48 CET 2025	27/4/1998	27	4	1998	117	1998	6.92900e+00	1.92500e+01	4.00000e+01	9.30000e+01	9.60000e+00	9.60000e+00	0.00000e+00	0.00000e+00	0.00000e+00	0.00000e+00	0.00000e+00	9.60000e+00	3.81673e+00	4.53456e+01	2.05000e+01	2.09332e+01	2.44124e+01	3.60934e+01	-6.38840e+01	2.38201e-01	1.39959e+01	1.00089e+01	-5.28000e+00	3.30000e+00	
monocrop	Wed Nov 05 16:59:48 CET 2025	28/4/1998	28	4	1998	118	1998	4.57800e+00	2.01200e+01	2.50000e+01	9.00000e+01	0.00000e+00	0.00000e+00	0.00000e+00	0.00000e+00	0.00000e+00	0.00000e+00	0.00000e+00	0.00000e+00	4.25012e+00	5.86839e+01	2.65300e+01	1.46627e+01	4.40212e+01	3.62988e+01	-8.43481e+01	2.43763e-01	1.40427e+01	8.24412e+00	-5.13000e+00	2.40000e+00	
monocrop	Wed Nov 05 16:59:48 CET 2025	29/4/1998	29	4	1998	119	1998	3.63300e+00	1.58000e+01	6.80000e+01	9.80000e+01	2.48000e+01	2.48000e+01	0.00000e+00	0.00000e+00	0.00000e+00	0.00000e+00	0.00000e+00	2.48000e+01	1.44265e+00	1.36700e+01	6.18000e+00	1.33952e+01	2.74797e-01	3.65012e+01	-1.24920e+01	2.49258e-01	1.40892e+01	9.99044e+00	-5.18000e+00	2.20000e+00	
monocrop	Wed Nov 05 16:59:48 CET 2025	30/4/1998	30	4	1998	120	1998	9.80000e+00	1.54700e+01	5.70000e+01	9.90000e+01	2.08000e+01	2.08000e+01	0.00000e+00	0.00000e+00	0.00000e+00	0.00000e+00	0.00000e+00	2.08000e+01	1.65359e+00	1.84700e+01	8.35000e+00	1.67011e+01	1.76891e+00	3.67006e+01	-2.00412e+01	2.54685e-01	1.41353e+01	1.13954e+01	-4.79000e+00	5.00000e-01	
monocrop	Wed Nov 05 16:59:48 CET 2025	1/5/1998	1	5	1998	121	1998	7.63000e+00	1.85600e+01	4.80000e+01	9.90000e+01	3.40000e+00	3.40000e+00	0.00000e+00	0.00000e+00	0.00000e+00	0.00000e+00	0.00000e+00	3.40000e+00	3.51566e+00	5.45253e+01	2.46500e+01	1.80751e+01	3.64503e+01	3.68969e+01	-7.64516e+01	2.60042e-01	1.41811e+01	1.10664e+01	-4.49000e+00	9.00000e-01	
monocrop	Wed Nov 05 16:59:48 CET 2025	2/5/1998	2	5	1998	122	1998	6.73700e+00	1.92100e+01	5.30000e+01	9.90000e+01	8.00000e-01	8.00000e-01	0.00000e+00	0.00000e+00	0.00000e+00	0.00000e+00	0.00000e+00	8.00000e-01	3.31174e+00	5.12737e+01	2.31800e+01	1.98708e+01	3.14029e+01	3.70900e+01	-7.10352e+01	2.65327e-01	1.42264e+01	1.13523e+01	-4.51000e+00	8.00000e-01	
monocrop	Wed Nov 05 16:59:48 CET 2025	3/5/1998	3	5	1998	123	1998	4.90900e+00	2.08500e+01	4.00000e+01	9.90000e+01	2.00000e-01	2.00000e-01	0.00000e+00	0.00000e+00	0.00000e+00	0.00000e+00	0.00000e+00	2.00000e-01	3.05330e+00	4.22267e+01	1.90900e+01	2.25621e+01	1.96647e+01	3.72800e+01	-5.69113e+01	2.70540e-01	1.42713e+01	1.03176e+01	-4.58000e+00	1.10000e+00	
monocrop	Wed Nov 05 16:59:48 CET 2025	4/5/1998	4	5	1998	124	1998	8.66000e+00	1.88000e+01	4.00000e+01	6.90000e+01	0.00000e+00	0.00000e+00	0.00000e+00	0.00000e+00	0.00000e+00	0.00000e+00	0.00000e+00	0.00000e+00	2.48831e+00	1.75853e+01	7.95000e+00	1.62515e+01	1.33375e+00	3.74668e+01	-1.84692e+01	2.75677e-01	1.43158e+01	8.55266e+00	-4.66000e+00	1.50000e+00	
monocrop	Wed Nov 05 16:59:48 CET 2025	5/5/1998	5	5	1998	125	1998	7.20000e+00	2.37800e+01	2.60000e+01	5.80000e+01	0.00000e+00	0.00000e+00	0.00000e+00	0.00000e+00	0.00000e+00	0.00000e+00	0.00000e+00	0.00000e+00	4.92413e+00	6.06747e+01	2.74300e+01	1.53439e+01	4.53308e+01	3.76503e+01	-8.78432e+01	2.80739e-01	1.43599e+01	7.38476e+00	-4.74000e+00	1.90000e+00	
monocrop	Wed Nov 05 16:59:48 CET 2025	6/5/1998	6	5	1998	126	1998	6.58700e+00	2.20000e+01	3.30000e+01	7.30000e+01	0.00000e+00	0.00000e+00	0.00000e+00	0.00000e+00	0.00000e+00	0.00000e+00	0.00000e+00	0.00000e+00	4.32271e+00	4.93493e+01	2.23100e+01	2.13852e+01	2.79641e+01	3.78305e+01	-6.80757e+01	2.85723e-01	1.44034e+01	8.62711e+00	-4.81000e+00	2.40000e+00	
monocrop	Wed Nov 05 16:59:48 CET 2025	7/5/1998	7	5	1998	127	1998	4.06600e+00	2.10000e+01	4.10000e+01	9.80000e+01	0.00000e+00	0.00000e+00	0.00000e+00	0.00000e+00	0.00000e+00	0.00000e+00	0.00000e+00	0.00000e+00	3.92069e+00	6.07189e+01	2.74500e+01	1.58538e+01	4.48651e+01	3.80073e+01	-8.35638e+01	2.90628e-01	1.44465e+01	1.00859e+01	-4.87000e+00	1.20000e+00	
monocrop	Wed Nov 05 16:59:48 CET 2025	8/5/1998	8	5	1998	128	1998	8.44000e+00	1.94800e+01	4.80000e+01	9.90000e+01	0.00000e+00	0.00000e+00	0.00000e+00	0.00000e+00	0.00000e+00	0.00000e+00	0.00000e+00	0.00000e+00	3.53160e+00	4.93272e+01	2.23000e+01	2.17394e+01	2.75878e+01	3.81808e+01	-6.64937e+01	2.95452e-01	1.44891e+01	1.17080e+01	-4.94000e+00	1.30000e+00	
monocrop	Wed Nov 05 16:59:48 CET 2025	9/5/1998	9	5	1998	129	1998	6.27200e+00	2.32000e+01	3.20000e+01	9.90000e+01	0.00000e+00	0.00000e+00	0.00000e+00	0.00000e+00	0.00000e+00	0.00000e+00	0.00000e+00	0.00000e+00	4.13677e+00	5.89493e+01	2.66500e+01	1.74862e+01	4.14631e+01	3.83509e+01	-8.25073e+01	3.00195e-01	1.45312e+01	1.09712e+01	-4.99000e+00	1.00000e+00	
monocrop	Wed Nov 05 16:59:48 CET 2025	10/5/1998	10	5	1998	130	1998	5.34800e+00	2.49100e+01	2.80000e+01	9.90000e+01	0.00000e+00	0.00000e+00	0.00000e+00	0.00000e+00	0.00000e+00	0.00000e+00	0.00000e+00	0.00000e+00	4.27595e+00	6.07631e+01	2.74700e+01	1.65801e+01	4.41830e+01	3.85176e+01	-8.57634e+01	3.04853e-01	1.45727e+01	1.09091e+01	-5.05000e+00	9.00000e-01	
monocrop	Wed Nov 05 16:59:48 CET 2025	11/5/1998	11	5	1998	131	1998	6.45500e+00	2.62200e+01	2.90000e+01	9.50000e+01	0.00000e+00	0.00000e+00	0.00000e+00	0.00000e+00	0.00000e+00	0.00000e+00	0.00000e+00	0.00000e+00	4.27036e+00	5.62728e+01	2.54400e+01	1.94142e+01	3.68587e+01	3.86807e+01	-7.96825e+01	3.09427e-01	1.46137e+01	1.15085e+01	-5.10000e+00	1.00000e+00	
monocrop	Wed Nov 05 16:59:48 CET 2025	12/5/1998	12	5	1998	132	1998	7.47000e+00	2.57800e+01	2.90000e+01	9.90000e+01	0.00000e+00	0.00000e+00	0.00000e+00	0.00000e+00	0.00000e+00	0.00000e+00	0.00000e+00	0.00000e+00	4.09838e+00	5.24682e+01	2.37200e+01	2.13065e+01	3.11617e+01	3.88404e+01	-7.33995e+01	3.13915e-01	1.46541e+01	1.20992e+01	-5.15000e+00	1.00000e+00	
monocrop	Wed Nov 05 16:59:48 CET 2025	13/5/1998	13	5	1998	133	1998	1.10000e+01	2.62900e+01	3.20000e+01	9.40000e+01	2.00000e-01	2.00000e-01	0.00000e+00	0.00000e+00	0.00000e+00	0.00000e+00	0.00000e+00	2.00000e-01	3.32775e+00	3.49714e+01	1.58100e+01	2.35341e+01	1.14373e+01	3.89965e+01	-4.64967e+01	3.18314e-01	1.46939e+01	1.35293e+01	-5.19000e+00	8.00000e-01	
monocrop	Wed Nov 05 16:59:48 CET 2025	14/5/1998	14	5	1998	134	1998	9.81000e+00	2.97600e+01	1.80000e+01	9.80000e+01	2.00000e-01	2.00000e-01	0.00000e+00	0.00000e+00	0.00000e+00	0.00000e+00	0.00000e+00	2.00000e-01	4.99596e+00	5.97899e+01	2.70300e+01	1.80822e+01	4.17077e+01	3.91490e+01	-8.81200e+01	3.22625e-01	1.47330e+01	1.33729e+01	-5.23000e+00	1.00000e+00	
monocrop	Wed Nov 05 16:59:48 CET 2025	15/5/1998	15	5	1998	135	1998	1.45300e+01	2.44800e+01	4.40000e+01	9.10000e+01	0.00000e+00	0.00000e+00	0.00000e+00	0.00000e+00	0.00000e+00	0.00000e+00	0.00000e+00	0.00000e+00	3.75579e+00	4.07889e+01	1.84400e+01	2.40652e+01	1.67238e+01	3.92979e+01	-5.54842e+01	3.26845e-01	1.47716e+01	1.52949e+01	-5.27000e+00	1.00000e+00	
monocrop	Wed Nov 05 16:59:48 CET 2025	16/5/1998	16	5	1998	136	1998	1.26200e+01	2.91400e+01	2.40000e+01	8.50000e+01	0.00000e+00	0.00000e+00	0.00000e+00	0.00000e+00	0.00000e+00	0.00000e+00	0.00000e+00	0.00000e+00	5.33141e+00	5.96350e+01	2.69600e+01	1.85721e+01	4.10629e+01	3.94431e+01	-8.78855e+01	3.30973e-01	1.48095e+01	1.34457e+01	-5.31000e+00	1.30000e+00	
monocrop	Wed Nov 05 16:59:48 CET 2025	17/5/1998	17	5	1998	137	1998	7.96000e+00	2.78800e+01	1.70000e+01	9.90000e+01	0.00000e+00	0.00000e+00	0.00000e+00	0.00000e+00	0.00000e+00	0.00000e+00	0.00000e+00	0.00000e+00	4.85905e+00	6.31300e+01	2.85400e+01	1.65854e+01	4.65445e+01	3.95847e+01	-9.01229e+01	3.35008e-01	1.48467e+01	1.19013e+01	-5.34000e+00	8.00000e-01	
monocrop	Wed Nov 05 16:59:48 CET 2025	18/5/1998	18	5	1998	138	1998	7.81000e+00	2.46100e+01	3.70000e+01	9.60000e+01	0.00000e+00	0.00000e+00	0.00000e+00	0.00000e+00	0.00000e+00	0.00000e+00	0.00000e+00	0.00000e+00	4.73156e+00	6.32848e+01	2.86100e+01	1.66870e+01	4.65978e+01	3.97226e+01	-8.74731e+01	3.38948e-01	1.48832e+01	1.22438e+01	-5.38000e+00	1.30000e+00	
monocrop	Wed Nov 05 16:59:48 CET 2025	19/5/1998	19	5	1998	139	1998	6.66300e+00	2.53400e+01	3.20000e+01	9.90000e+01	0.00000e+00	0.00000e+00	0.00000e+00	0.00000e+00	0.00000e+00	0.00000e+00	0.00000e+00	0.00000e+00	4.64911e+00	6.24885e+01	2.82500e+01	1.74076e+01	4.50808e+01	3.98567e+01	-8.59514e+01	3.42792e-01	1.49189e+01	1.19002e+01	-5.41000e+00	1.20000e+00	
monocrop	Wed Nov 05 16:59:48 CET 2025	20/5/1998	20	5	1998	140	1998	8.22000e+00	2.38000e+01	4.40000e+01	9.90000e+01	0.00000e+00	0.00000e+00	0.00000e+00	0.00000e+00	0.00000e+00	0.00000e+00	0.00000e+00	0.00000e+00	4.40396e+00	5.96129e+01	2.69500e+01	1.93051e+01	4.03078e+01	3.99870e+01	-8.08434e+01	3.46540e-01	1.49540e+01	1.29973e+01	-5.44000e+00	1.10000e+00	
monocrop	Wed Nov 05 16:59:48 CET 2025	21/5/1998	21	5	1998	141	1998	9.27000e+00	2.68200e+01	4.00000e+01	9.90000e+01	0.00000e+00	0.00000e+00	0.00000e+00	0.00000e+00	0.00000e+00	0.00000e+00	0.00000e+00	0.00000e+00	4.41837e+00	5.43705e+01	2.45800e+01	2.19337e+01	3.24368e+01	4.01136e+01	-7.49134e+01	3.50189e-01	1.49882e+01	1.43736e+01	-5.47000e+00	1.10000e+00	
monocrop	Wed Nov 05 16:59:48 CET 2025	22/5/1998	22	5	1998	142	1998	9.37000e+00	2.81600e+01	2.30000e+01	9.30000e+01	0.00000e+00	0.00000e+00	0.00000e+00	0.00000e+00	0.00000e+00	0.00000e+00	0.00000e+00	0.00000e+00	4.69066e+00	5.63170e+01	2.54600e+01	2.12546e+01	3.50624e+01	4.02363e+01	-7.85837e+01	3.53738e-01	1.50217e+01	1.25494e+01	-5.50000e+00	9.00000e-01	
monocrop	Wed Nov 05 16:59:48 CET 2025	23/5/1998	23	5	1998	143	1998	6.45200e+00	2.62200e+01	2.40000e+01	8.80000e+01	0.00000e+00	0.00000e+00	0.00000e+00	0.00000e+00	0.00000e+00	0.00000e+00	0.00000e+00	0.00000e+00	4.78892e+00	6.39926e+01	2.89300e+01	1.71533e+01	4.68394e+01	4.03552e+01	-8.75523e+01	3.57186e-01	1.50544e+01	1.03937e+01	-5.53000e+00	9.00000e-01	
monocrop	Wed Nov 05 16:59:48 CET 2025	24/5/1998	24	5	1998	144	1998	6.54800e+00	2.66200e+01	2.50000e+01	9.80000e+01	0.00000e+00	0.00000e+00	0.00000e+00	0.00000e+00	0.00000e+00	0.00000e+00	0.00000e+00	0.00000e+00	4.52408e+00	5.96350e+01	2.69600e+01	1.99169e+01	3.97181e+01	4.04702e+01	-8.09910e+01	3.60533e-01	1.50863e+01	1.15963e+01	-5.55000e+00	8.00000e-01	
monocrop	Wed Nov 05 16:59:48 CET 2025	25/5/1998	25	5	1998	145	1998	7.97000e+00	2.60800e+01	2.40000e+01	7.00000e+01	0.00000e+00	0.00000e+00	0.00000e+00	0.00000e+00	0.00000e+00	0.00000e+00	0.00000e+00	0.00000e+00	4.66559e+00	5.90378e+01	2.66900e+01	2.03680e+01	3.86698e+01	4.05813e+01	-8.00486e+01	3.63776e-01	1.51173e+01	9.11391e+00	-5.58000e+00	8.00000e-01	
monocrop	Wed Nov 05 16:59:48 CET 2025	26/5/1998	26	5	1998	146	1998	1.05300e+01	2.55400e+01	2.80000e+01	8.10000e+01	0.00000e+00	0.00000e+00	0.00000e+00	0.00000e+00	0.00000e+00	0.00000e+00	0.00000e+00	0.00000e+00	4.69483e+00	5.21143e+01	2.35600e+01	2.33084e+01	2.88059e+01	4.06884e+01	-6.99166e+01	3.66915e-01	1.51474e+01	1.12643e+01	-5.60000e+00	1.50000e+00	
monocrop	Wed Nov 05 16:59:48 CET 2025	27/5/1998	27	5	1998	147	1998	1.41000e+01	2.22700e+01	5.70000e+01	9.50000e+01	1.40000e+00	1.40000e+00	0.00000e+00	0.00000e+00	0.00000e+00	0.00000e+00	0.00000e+00	1.40000e+00	3.72788e+00	4.13641e+01	1.87000e+01	2.49857e+01	1.63783e+01	4.07917e+01	-5.28616e+01	3.69949e-01	1.51767e+01	1.58569e+01	-5.62000e+00	1.70000e+00	
monocrop	Wed Nov 05 16:59:48 CET 2025	28/5/1998	28	5	1998	148	1998	1.32300e+01	1.96700e+01	6.80000e+01	9.90000e+01	5.30000e+01	5.30000e+01	0.00000e+00	0.00000e+00	0.00000e+00	0.00000e+00	0.00000e+00	5.30000e+01	1.62422e+00	1.34488e+01	6.08000e+00	1.33144e+01	1.34488e-01	4.08909e+01	-1.05140e+01	3.72876e-01	1.52050e+01	1.56108e+01	-5.65000e+00	1.20000e+00	
monocrop	Wed Nov 05 16:59:48 CET 2025	29/5/1998	29	5	1998	149	1998	1.06300e+01	2.25000e+01	4.00000e+01	9.90000e+01	2.00000e-01	2.00000e-01	0.00000e+00	0.00000e+00	0.00000e+00	0.00000e+00	0.00000e+00	2.00000e-01	4.88028e+00	6.62931e+01	2.99700e+01	1.65342e+01	4.97589e+01	4.09861e+01	-8.85579e+01	3.75695e-01	1.52324e+01	1.30889e+01	-5.67000e+00	9.00000e-01	
monocrop	Wed Nov 05 16:59:48 CET 2025	30/5/1998	30	5	1998	150	1998	1.35700e+01	2.19800e+01	6.20000e+01	9.70000e+01	1.40000e+00	1.40000e+00	0.00000e+00	0.00000e+00	0.00000e+00	0.00000e+00	0.00000e+00	1.40000e+00	3.72847e+00	4.10765e+01	1.85700e+01	2.51513e+01	1.59252e+01	4.10774e+01	-5.17300e+01	3.78407e-01	1.52588e+01	1.61646e+01	-5.69000e+00	2.40000e+00	
monocrop	Wed Nov 05 16:59:48 CET 2025	31/5/1998	31	5	1998	151	1998	1.29700e+01	2.28000e+01	5.00000e+01	9.90000e+01	4.00000e-01	4.00000e-01	0.00000e+00	0.00000e+00	0.00000e+00	0.00000e+00	0.00000e+00	4.00000e-01	4.18755e+00	5.11410e+01	2.31200e+01	2.40290e+01	2.71121e+01	4.11645e+01	-6.68107e+01	3.81009e-01	1.52843e+01	1.52533e+01	-5.71000e+00	1.10000e+00	
monocrop	Wed Nov 05 16:59:48 CET 2025	1/6/1998	1	6	1998	152	1998	1.31400e+01	2.26100e+01	6.10000e+01	9.20000e+01	0.00000e+00	0.00000e+00	0.00000e+00	0.00000e+00	0.00000e+00	0.00000e+00	0.00000e+00	0.00000e+00	4.40432e+00	5.14507e+01	2.32600e+01	2.40231e+01	2.74275e+01	4.12477e+01	-6.70676e+01	3.83500e-01	1.53088e+01	1.56530e+01	-5.73000e+00	2.10000e+00	
monocrop	Wed Nov 05 16:59:48 CET 2025	2/6/1998	2	6	1998	153	1998	1.56600e+01	2.37300e+01	4.60000e+01	9.20000e+01	4.00000e-01	4.00000e-01	0.00000e+00	0.00000e+00	0.00000e+00	0.00000e+00	0.00000e+00	4.00000e-01	3.62811e+00	3.45069e+01	1.56000e+01	2.44749e+01	1.00320e+01	4.13267e+01	-4.26424e+01	3.85881e-01	1.53322e+01	1.58205e+01	-5.74000e+00	1.60000e+00	
monocrop	Wed Nov 05 16:59:48 CET 2025	3/6/1998	3	6	1998	154	1998	1.41700e+01	2.65000e+01	4.70000e+01	9.80000e+01	1.80000e+00	1.80000e+00	0.00000e+00	0.00000e+00	0.00000e+00	0.00000e+00	0.00000e+00	1.80000e+00	4.02424e+00	4.39963e+01	1.98900e+01	2.53181e+01	1.86782e+01	4.14016e+01	-5.78128e+01	3.88149e-01	1.53547e+01	1.72953e+01	-5.76000e+00	9.00000e-01	
monocrop	Wed Nov 05 16:59:48 CET 2025	4/6/1998	4	6	1998	155	1998	1.58500e+01	3.08100e+01	3.60000e+01	9.80000e+01	2.00000e-01	2.00000e-01	0.00000e+00	0.00000e+00	0.00000e+00	0.00000e+00	0.00000e+00	2.00000e-01	5.83870e+00	6.25327e+01	2.82700e+01	1.96256e+01	4.29071e+01	4.14725e+01	-9.01415e+01	3.90304e-01	1.53761e+01	1.91927e+01	-5.78000e+00	1.10000e+00	
monocrop	Wed Nov 05 16:59:48 CET 2025	5/6/1998	5	6	1998	156	1998	1.47700e+01	2.91800e+01	3.90000e+01	9.90000e+01	0.00000e+00	0.00000e+00	0.00000e+00	0.00000e+00	0.00000e+00	0.00000e+00	0.00000e+00	0.00000e+00	4.62798e+00	4.82212e+01	2.18000e+01	2.49666e+01	2.32545e+01	4.15392e+01	-6.56876e+01	3.92346e-01	1.53964e+01	1.82046e+01	-5.79000e+00	1.10000e+00	
monocrop	Wed Nov 05 16:59:48 CET 2025	6/6/1998	6	6	1998	157	1998	1.42100e+01	2.51100e+01	6.20000e+01	9.90000e+01	0.00000e+00	0.00000e+00	0.00000e+00	0.00000e+00	0.00000e+00	0.00000e+00	0.00000e+00	0.00000e+00	2.83461e+00	2.88221e+01	1.30300e+01	2.28510e+01	5.97109e+00	4.16017e+01	-3.38257e+01	3.94273e-01	1.54156e+01	1.84172e+01	-5.81000e+00	1.00000e+00	
monocrop	Wed Nov 05 16:59:48 CET 2025	7/6/1998	7	6	1998	158	1998	1.32300e+01	2.69100e+01	3.90000e+01	9.90000e+01	1.20000e+00	1.20000e+00	0.00000e+00	0.00000e+00	0.00000e+00	0.00000e+00	0.00000e+00	1.20000e+00	5.15159e+00	5.52332e+01	2.49700e+01	2.32429e+01	3.19903e+01	4.16601e+01	-7.45011e+01	3.96086e-01	1.54338e+01	1.61927e+01	-5.82000e+00	2.10000e+00	
monocrop	Wed Nov 05 16:59:48 CET 2025	8/6/1998	8	6	1998	159	1998	1.07100e+01	2.89400e+01	2.70000e+01	8.60000e+01	0.00000e+00	0.00000e+00	0.00000e+00	0.00000e+00	0.00000e+00	0.00000e+00	0.00000e+00	0.00000e+00	5.55387e+00	6.69346e+01	3.02600e+01	1.72000e+01	4.97345e+01	4.17144e+01	-9.26313e+01	3.97782e-01	1.54508e+01	1.30594e+01	-5.84000e+00	9.00000e-01	
monocrop	Wed Nov 05 16:59:48 CET 2025	9/6/1998	9	6	1998	160	1998	1.23100e+01	2.93700e+01	3.90000e+01	9.40000e+01	0.00000e+00	0.00000e+00	0.00000e+00	0.00000e+00	0.00000e+00	0.00000e+00	0.00000e+00	0.00000e+00	5.62884e+00	6.58064e+01	2.97500e+01	1.80292e+01	4.77773e+01	4.17644e+01	-9.18533e+01	3.99362e-01	1.54667e+01	1.63659e+01	-5.85000e+00	1.00000e+00	
monocrop	Wed Nov 05 16:59:48 CET 2025	10/6/1998	10	6	1998	161	1998	1.30800e+01	2.35700e+01	5.90000e+01	9.90000e+01	4.60000e+00	4.60000e+00	0.00000e+00	0.00000e+00	0.00000e+00	0.00000e+00	0.00000e+00	4.60000e+00	2.06448e+00	1.73419e+01	7.84000e+00	1.65829e+01	7.59018e-01	4.18103e+01	-1.60418e+01	4.00825e-01	1.54814e+01	1.66284e+01	-5.87000e+00	1.10000e+00	
monocrop	Wed Nov 05 16:59:48 CET 2025	11/6/1998	11	6	1998	162	1998	1.11100e+01	2.27800e+01	3.60000e+01	7.10000e+01	2.00000e-01	2.00000e-01	0.00000e+00	0.00000e+00	0.00000e+00	0.00000e+00	0.00000e+00	2.00000e-01	6.13447e+00	6.15594e+01	2.78300e+01	2.06561e+01	4.09033e+01	4.18519e+01	-8.00257e+01	4.02171e-01	1.54950e+01	1.03218e+01	-5.88000e+00	3.80000e+00	
monocrop	Wed Nov 05 16:59:48 CET 2025	12/6/1998	12	6	1998	163	1998	9.79000e+00	2.08900e+01	2.80000e+01	5.80000e+01	0.00000e+00	0.00000e+00	0.00000e+00	0.00000e+00	0.00000e+00	0.00000e+00	0.00000e+00	0.00000e+00	6.14396e+00	6.31963e+01	2.85700e+01	1.98029e+01	4.33934e+01	4.18894e+01	-8.04627e+01	4.03399e-01	1.55075e+01	7.48813e+00	-5.89000e+00	3.50000e+00	
monocrop	Wed Nov 05 16:59:48 CET 2025	13/6/1998	13	6	1998	164	1998	7.50000e+00	2.48700e+01	2.70000e+01	8.20000e+01	0.00000e+00	0.00000e+00	0.00000e+00	0.00000e+00	0.00000e+00	0.00000e+00	0.00000e+00	0.00000e+00	5.32254e+00	6.43465e+01	2.90900e+01	1.91710e+01	4.51756e+01	4.19226e+01	-8.37947e+01	4.04508e-01	1.55187e+01	1.00184e+01	-5.91000e+00	1.90000e+00	
monocrop	Wed Nov 05 16:59:48 CET 2025	14/6/1998	14	6	1998	165	1998	1.27800e+01	2.61300e+01	3.30000e+01	8.40000e+01	0.00000e+00	0.00000e+00	0.00000e+00	0.00000e+00	0.00000e+00	0.00000e+00	0.00000e+00	0.00000e+00	5.05420e+00	5.00571e+01	2.26300e+01	2.49655e+01	2.50916e+01	4.19516e+01	-6.54594e+01	4.05498e-01	1.55288e+01	1.32144e+01	-5.92000e+00	2.20000e+00	
monocrop	Wed Nov 05 16:59:48 CET 2025	15/6/1998	15	6	1998	166	1998	1.25900e+01	2.52400e+01	3.00000e+01	6.70000e+01	0.00000e+00	0.00000e+00	0.00000e+00	0.00000e+00	0.00000e+00	0.00000e+00	0.00000e+00	0.00000e+00	6.48192e+00	6.77530e+01	3.06300e+01	1.70328e+01	5.07202e+01	4.19764e+01	-9.12712e+01	4.06370e-01	1.55376e+01	1.05928e+01	-5.93000e+00	2.80000e+00	
monocrop	Wed Nov 05 16:59:48 CET 2025	16/6/1998	16	6	1998	167	1998	9.32000e+00	2.63200e+01	2.40000e+01	8.20000e+01	0.00000e+00	0.00000e+00	0.00000e+00	0.00000e+00	0.00000e+00	0.00000e+00	0.00000e+00	0.00000e+00	5.50593e+00	6.50765e+01	2.94200e+01	1.88276e+01	4.62489e+01	4.19970e+01	-8.65301e+01	4.07122e-01	1.55453e+01	1.08070e+01	-5.94000e+00	1.60000e+00	
monocrop	Wed Nov 05 16:59:48 CET 2025	17/6/1998	17	6	1998	168	1998	9.47000e+00	2.79400e+01	2.20000e+01	7.50000e+01	0.00000e+00	0.00000e+00	0.00000e+00	0.00000e+00	0.00000e+00	0.00000e+00	0.00000e+00	0.00000e+00	5.48321e+00	6.67576e+01	3.01800e+01	1.77677e+01	4.89899e+01	4.20133e+01	-9.02552e+01	4.07754e-01	1.55518e+01	1.04546e+01	-5.95000e+00	1.00000e+00	
monocrop	Wed Nov 05 16:59:48 CET 2025	18/6/1998	18	6	1998	169	1998	8.06000e+00	2.92200e+01	2.20000e+01	9.40000e+01	0.00000e+00	0.00000e+00	0.00000e+00	0.00000e+00	0.00000e+00	0.00000e+00	0.00000e+00	0.00000e+00	5.17014e+00	6.24442e+01	2.82300e+01	2.04031e+01	4.20411e+01	4.20254e+01	-8.40325e+01	4.08266e-01	1.55570e+01	1.24517e+01	-5.96000e+00	1.00000e+00	
monocrop	Wed Nov 05 16:59:48 CET 2025	19/6/1998	19	6	1998	170	1998	9.72000e+00	3.10300e+01	2.60000e+01	9.00000e+01	0.00000e+00	0.00000e+00	0.00000e+00	0.00000e+00	0.00000e+00	0.00000e+00	0.00000e+00	0.00000e+00	5.79581e+00	6.71336e+01	3.03500e+01	1.75445e+01	4.95891e+01	4.20332e+01	-9.32456e+01	4.08659e-01	1.55610e+01	1.38705e+01	-5.97000e+00	1.20000e+00	
monocrop	Wed Nov 05 16:59:48 CET 2025	20/6/1998	20	6	1998	171	1998	1.07500e+01	2.62800e+01	3.20000e+01	9.90000e+01	0.00000e+00	0.00000e+00	0.00000e+00	0.00000e+00	0.00000e+00	0.00000e+00	0.00000e+00	0.00000e+00	5.42395e+00	6.59170e+01	2.98000e+01	1.83531e+01	4.75639e+01	4.20368e+01	-8.83025e+01	4.08931e-01	1.55638e+01	1.39521e+01	-5.98000e+00	1.40000e+00	
monocrop	Wed Nov 05 16:59:48 CET 2025	21/6/1998	21	6	1998	172	1998	8.84000e+00	2.81300e+01	2.10000e+01	9.80000e+01	0.00000e+00	0.00000e+00	0.00000e+00	0.00000e+00	0.00000e+00	0.00000e+00	0.00000e+00	0.00000e+00	5.48095e+00	6.77972e+01	3.06500e+01	1.70935e+01	5.07037e+01	4.20362e+01	-9.15981e+01	4.09083e-01	1.55653e+01	1.26502e+01	-5.99000e+00	1.10000e+00	
monocrop	Wed Nov 05 16:59:48 CET 2025	22/6/1998	22	6	1998	173	1998	1.19900e+01	3.29200e+01	3.40000e+01	9.00000e+01	0.00000e+00	0.00000e+00	0.00000e+00	0.00000e+00	0.00000e+00	0.00000e+00	0.00000e+00	0.00000e+00	5.70076e+00	6.15373e+01	2.78200e+01	2.08949e+01	4.06425e+01	4.20314e+01	-8.69463e+01	4.09114e-01	1.55656e+01	1.68431e+01	-6.00000e+00	1.10000e+00	
monocrop	Wed Nov 05 16:59:48 CET 2025	23/6/1998	23	6	1998	174	1998	1.53900e+01	3.26300e+01	2.30000e+01	8.60000e+01	0.00000e+00	0.00000e+00	0.00000e+00	0.00000e+00	0.00000e+00	0.00000e+00	0.00000e+00	0.00000e+00	6.11447e+00	6.55410e+01	2.96300e+01	1.85722e+01	4.69688e+01	4.20223e+01	-9.47390e+01	4.09026e-01	1.55647e+01	1.62648e+01	-6.01000e+00	8.00000e-01	
monocrop	Wed Nov 05 16:59:48 CET 2025	24/6/1998	24	6	1998	175	1998	1.22200e+01	3.13900e+01	2.70000e+01	8.90000e+01	0.00000e+00	0.00000e+00	0.00000e+00	0.00000e+00	0.00000e+00	0.00000e+00	0.00000e+00	0.00000e+00	5.88400e+00	6.62488e+01	2.99500e+01	1.80976e+01	4.81513e+01	4.20090e+01	-9.34108e+01	4.08817e-01	1.55626e+01	1.51444e+01	-6.02000e+00	1.00000e+00	
monocrop	Wed Nov 05 16:59:48 CET 2025	25/6/1998	25	6	1998	176	1998	1.26369e+01	2.93709e+01	4.00000e+01	9.50000e+01	0.00000e+00	0.00000e+00	0.00000e+00	0.00000e+00	0.00000e+00	0.00000e+00	0.00000e+00	0.00000e+00	5.11246e+00	5.74009e+01	2.59500e+01	2.27666e+01	3.46343e+01	4.19916e+01	-7.84324e+01	4.08488e-01	1.55593e+01	1.67804e+01	-6.03000e+00	1.00000e+00	
monocrop	Wed Nov 05 16:59:48 CET 2025	26/6/1998	26	6	1998	177	1998	1.58960e+01	2.85351e+01	4.10000e+01	9.50000e+01	2.00000e-01	2.00000e-01	0.00000e+00	0.00000e+00	0.00000e+00	0.00000e+00	0.00000e+00	2.00000e-01	5.56555e+00	6.04756e+01	2.73400e+01	2.13572e+01	3.91184e+01	4.19699e+01	-8.40624e+01	4.08040e-01	1.55547e+01	1.82059e+01	-6.04000e+00	1.20000e+00	
monocrop	Wed Nov 05 16:59:48 CET 2025	27/6/1998	27	6	1998	178	1998	1.33282e+01	2.73859e+01	4.10000e+01	9.90000e+01	0.00000e+00	0.00000e+00	0.00000e+00	0.00000e+00	0.00000e+00	0.00000e+00	0.00000e+00	0.00000e+00	5.41897e+00	6.31078e+01	2.85300e+01	1.99263e+01	4.31816e+01	4.19440e+01	-8.62570e+01	4.07472e-01	1.55489e+01	1.67218e+01	-6.05000e+00	1.20000e+00	
monocrop	Wed Nov 05 16:59:48 CET 2025	28/6/1998	28	6	1998	179	1998	1.47109e+01	3.31318e+01	2.40000e+01	9.90000e+01	0.00000e+00	0.00000e+00	0.00000e+00	0.00000e+00	0.00000e+00	0.00000e+00	0.00000e+00	0.00000e+00	6.01693e+00	6.39484e+01	2.89100e+01	1.93974e+01	4.45509e+01	4.19140e+01	-9.25025e+01	4.06784e-01	1.55419e+01	1.82563e+01	-6.06000e+00	9.00000e-01	
monocrop	Wed Nov 05 16:59:48 CET 2025	29/6/1998	29	6	1998	180	1998	1.27357e+01	3.27139e+01	2.70000e+01	8.90000e+01	0.00000e+00	0.00000e+00	0.00000e+00	0.00000e+00	0.00000e+00	0.00000e+00	0.00000e+00	0.00000e+00	5.91496e+00	6.45235e+01	2.91700e+01	1.90039e+01	4.55196e+01	4.18797e+01	-9.22649e+01	4.05978e-01	1.55337e+01	1.60168e+01	-6.07000e+00	1.00000e+00	
monocrop	Wed Nov 05 16:59:48 CET 2025	30/6/1998	30	6	1998	181	1998	1.66861e+01	3.42810e+01	3.00000e+01	9.70000e+01	2.40000e+00	2.40000e+00	0.00000e+00	0.00000e+00	0.00000e+00	0.00000e+00	0.00000e+00	2.40000e+00	6.29730e+00	6.25327e+01	2.82700e+01	2.01142e+01	4.24185e+01	4.18414e+01	-9.21630e+01	4.05053e-01	1.55243e+01	2.06948e+01	-6.07000e+00	1.20000e+00	
monocrop	Wed Nov 05 16:59:48 CET 2025	1/7/1998	1	7	1998	182	1998	1.80687e+01	2.92664e+01	4.00000e+01	8.00000e+01	0.00000e+00	0.00000e+00	0.00000e+00	0.00000e+00	0.00000e+00	0.00000e+00	0.00000e+00	0.00000e+00	5.80597e+00	5.62728e+01	2.54400e+01	2.30033e+01	3.32695e+01	4.17989e+01	-7.91976e+01	4.04009e-01	1.55137e+01	1.75410e+01	-6.08000e+00	1.70000e+00	
monocrop	Wed Nov 05 16:59:48 CET 2025	2/7/1998	2	7	1998	183	1998	1.54022e+01	3.14603e+01	3.40000e+01	9.60000e+01	6.60000e+00	6.60000e+00	0.00000e+00	0.00000e+00	0.00000e+00	0.00000e+00	0.00000e+00	6.60000e+00	6.17268e+00	6.49659e+01	2.93700e+01	1.85500e+01	4.64159e+01	4.17523e+01	-9.36145e+01	4.02848e-01	1.55019e+01	1.87339e+01	-6.09000e+00	1.40000e+00	
monocrop	Wed Nov 05 16:59:48 CET 2025	3/7/1998	3	7	1998	184	1998	1.50072e+01	2.91619e+01	3.00000e+01	9.60000e+01	0.00000e+00	0.00000e+00	0.00000e+00	0.00000e+00	0.00000e+00	0.00000e+00	0.00000e+00	0.00000e+00	6.30039e+00	6.71779e+01	3.03700e+01	1.70127e+01	5.01652e+01	4.17015e+01	-9.52867e+01	4.01569e-01	1.54890e+01	1.67331e+01	-6.10000e+00	1.90000e+00	
monocrop	Wed Nov 05 16:59:48 CET 2025	4/7/1998	4	7	1998	185	1998	1.32295e+01	3.21916e+01	2.40000e+01	6.90000e+01	0.00000e+00	0.00000e+00	0.00000e+00	0.00000e+00	0.00000e+00	0.00000e+00	0.00000e+00	0.00000e+00	5.86294e+00	6.03207e+01	2.72700e+01	2.10380e+01	3.92828e+01	4.16467e+01	-8.59630e+01	4.00174e-01	1.54749e+01	1.28300e+01	-6.10000e+00	1.30000e+00	
monocrop	Wed Nov 05 16:59:48 CET 2025	5/7/1998	5	7	1998	186	1998	1.16493e+01	3.51167e+01	2.00000e+01	9.30000e+01	0.00000e+00	0.00000e+00	0.00000e+00	0.00000e+00	0.00000e+00	0.00000e+00	0.00000e+00	0.00000e+00	6.09395e+00	6.65364e+01	3.00800e+01	1.72812e+01	4.92553e+01	4.15878e+01	-9.76267e+01	3.98662e-01	1.54596e+01	1.62367e+01	-6.11000e+00	9.00000e-01	
monocrop	Wed Nov 05 16:59:48 CET 2025	6/7/1998	6	7	1998	187	1998	1.31307e+01	3.03111e+01	2.90000e+01	9.80000e+01	0.00000e+00	0.00000e+00	0.00000e+00	0.00000e+00	0.00000e+00	0.00000e+00	0.00000e+00	0.00000e+00	5.85165e+00	6.63152e+01	2.99800e+01	1.73368e+01	4.89784e+01	4.15249e+01	-9.43710e+01	3.97035e-01	1.54433e+01	1.64955e+01	-6.12000e+00	1.10000e+00	
monocrop	Wed Nov 05 16:59:48 CET 2025	7/7/1998	7	7	1998	188	1998	1.78712e+01	2.95798e+01	3.90000e+01	9.60000e+01	0.00000e+00	0.00000e+00	0.00000e+00	0.00000e+00	0.00000e+00	0.00000e+00	0.00000e+00	0.00000e+00	5.04545e+00	4.29788e+01	1.94300e+01	2.53889e+01	1.75899e+01	4.14579e+01	-5.86170e+01	3.95293e-01	1.54258e+01	1.98026e+01	-6.12000e+00	2.60000e+00	
monocrop	Wed Nov 05 16:59:48 CET 2025	8/7/1998	8	7	1998	189	1998	1.51059e+01	2.83262e+01	2.90000e+01	6.50000e+01	0.00000e+00	0.00000e+00	0.00000e+00	0.00000e+00	0.00000e+00	0.00000e+00	0.00000e+00	0.00000e+00	5.95565e+00	5.89935e+01	2.66700e+01	2.13717e+01	3.76218e+01	4.13870e+01	-8.25992e+01	3.93437e-01	1.54073e+01	1.22056e+01	-6.13000e+00	1.90000e+00	
monocrop	Wed Nov 05 16:59:48 CET 2025	9/7/1998	9	7	1998	190	1998	1.47109e+01	3.29229e+01	2.60000e+01	7.10000e+01	0.00000e+00	0.00000e+00	0.00000e+00	0.00000e+00	0.00000e+00	0.00000e+00	0.00000e+00	0.00000e+00	6.44941e+00	6.49438e+01	2.93600e+01	1.79312e+01	4.70125e+01	4.13120e+01	-9.55341e+01	3.91467e-01	1.53876e+01	1.43070e+01	-6.14000e+00	1.60000e+00	
monocrop	Wed Nov 05 16:59:48 CET 2025	10/7/1998	10	7	1998	191	1998	1.63898e+01	3.30273e+01	2.00000e+01	6.60000e+01	0.00000e+00	0.00000e+00	0.00000e+00	0.00000e+00	0.00000e+00	0.00000e+00	0.00000e+00	0.00000e+00	6.83609e+00	6.52756e+01	2.95100e+01	1.75987e+01	4.76768e+01	4.12331e+01	-9.71978e+01	3.89385e-01	1.53669e+01	1.33814e+01	-6.14000e+00	1.90000e+00	
monocrop	Wed Nov 05 16:59:48 CET 2025	11/7/1998	11	7	1998	192	1998	1.45134e+01	3.13558e+01	2.60000e+01	7.40000e+01	0.00000e+00	0.00000e+00	0.00000e+00	0.00000e+00	0.00000e+00	0.00000e+00	0.00000e+00	0.00000e+00	6.04655e+00	5.83963e+01	2.64000e+01	2.13721e+01	3.70242e+01	4.11503e+01	-8.40194e+01	3.87190e-01	1.53452e+01	1.39844e+01	-6.15000e+00	1.90000e+00	
monocrop	Wed Nov 05 16:59:48 CET 2025	12/7/1998	12	7	1998	193	1998	1.75749e+01	3.57435e+01	1.90000e+01	6.60000e+01	0.00000e+00	0.00000e+00	0.00000e+00	0.00000e+00	0.00000e+00	0.00000e+00	0.00000e+00	0.00000e+00	7.08739e+00	6.52092e+01	2.94800e+01	1.73922e+01	4.78170e+01	4.10635e+01	-1.00337e+02	3.84885e-01	1.53224e+01	1.48484e+01	-6.16000e+00	1.80000e+00	
monocrop	Wed Nov 05 16:59:48 CET 2025	13/7/1998	13	7	1998	194	1998	1.36245e+01	2.76994e+01	4.30000e+01	9.70000e+01	1.80000e+00	1.80000e+00	0.00000e+00	0.00000e+00	0.00000e+00	0.00000e+00	0.00000e+00	1.80000e+00	3.86854e+00	3.92406e+01	1.77400e+01	2.50017e+01	1.42388e+01	4.09729e+01	-5.14698e+01	3.82470e-01	1.52986e+01	1.70394e+01	-6.16000e+00	1.20000e+00	
monocrop	Wed Nov 05 16:59:48 CET 2025	14/7/1998	14	7	1998	195	1998	1.55010e+01	3.03111e+01	1.60000e+01	9.20000e+01	4.00000e-01	4.00000e-01	0.00000e+00	0.00000e+00	0.00000e+00	0.00000e+00	0.00000e+00	4.00000e-01	6.40980e+00	6.55853e+01	2.96500e+01	1.68607e+01	4.87246e+01	4.08784e+01	-9.60661e+01	3.79945e-01	1.52739e+01	1.50770e+01	-6.17000e+00	1.90000e+00	
monocrop	Wed Nov 05 16:59:48 CET 2025	15/7/1998	15	7	1998	196	1998	8.68652e+00	3.11469e+01	1.80000e+01	6.60000e+01	0.00000e+00	0.00000e+00	0.00000e+00	0.00000e+00	0.00000e+00	0.00000e+00	0.00000e+00	0.00000e+00	5.40534e+00	6.55410e+01	2.96300e+01	1.67421e+01	4.87989e+01	4.07800e+01	-9.36164e+01	3.77313e-01	1.52481e+01	9.76326e+00	-6.17000e+00	8.00000e-01	
monocrop	Wed Nov 05 16:59:48 CET 2025	16/7/1998	16	7	1998	197	1998	9.97040e+00	3.16692e+01	1.70000e+01	8.30000e+01	0.00000e+00	0.00000e+00	0.00000e+00	0.00000e+00	0.00000e+00	0.00000e+00	0.00000e+00	0.00000e+00	6.06662e+00	6.50765e+01	2.94200e+01	1.69058e+01	4.81707e+01	4.06779e+01	-9.41721e+01	3.74573e-01	1.52215e+01	1.22899e+01	-6.18000e+00	1.90000e+00	
monocrop	Wed Nov 05 16:59:48 CET 2025	17/7/1998	17	7	1998	198	1998	1.71799e+01	3.37586e+01	2.30000e+01	6.30000e+01	0.00000e+00	0.00000e+00	0.00000e+00	0.00000e+00	0.00000e+00	0.00000e+00	0.00000e+00	0.00000e+00	7.07113e+00	6.46562e+01	2.92300e+01	1.70316e+01	4.76246e+01	4.05720e+01	-9.89574e+01	3.71727e-01	1.51938e+01	1.40019e+01	-6.19000e+00	2.20000e+00	
monocrop	Wed Nov 05 16:59:48 CET 2025	18/7/1998	18	7	1998	199	1998	1.45134e+01	3.40720e+01	2.30000e+01	8.60000e+01	0.00000e+00	0.00000e+00	0.00000e+00	0.00000e+00	0.00000e+00	0.00000e+00	0.00000e+00	0.00000e+00	6.15455e+00	6.39484e+01	2.89100e+01	1.73403e+01	4.66081e+01	4.04623e+01	-9.69999e+01	3.68775e-01	1.51653e+01	1.65431e+01	-6.19000e+00	1.20000e+00	
monocrop	Wed Nov 05 16:59:48 CET 2025	19/7/1998	19	7	1998	200	1998	1.70811e+01	2.70725e+01	5.60000e+01	8.80000e+01	0.00000e+00	0.00000e+00	0.00000e+00	0.00000e+00	0.00000e+00	0.00000e+00	0.00000e+00	0.00000e+00	4.60411e+00	4.73585e+01	2.14100e+01	2.41620e+01	2.31965e+01	4.03490e+01	-6.62021e+01	3.65720e-01	1.51359e+01	1.91145e+01	-6.20000e+00	1.50000e+00	
monocrop	Wed Nov 05 16:59:48 CET 2025	20/7/1998	20	7	1998	201	1998	1.39208e+01	2.98932e+01	3.00000e+01	9.70000e+01	0.00000e+00	0.00000e+00	0.00000e+00	0.00000e+00	0.00000e+00	0.00000e+00	0.00000e+00	0.00000e+00	5.52863e+00	5.96793e+01	2.69800e+01	1.95870e+01	4.00923e+01	4.02319e+01	-8.70579e+01	3.62562e-01	1.51057e+01	1.66841e+01	-6.20000e+00	1.50000e+00	
monocrop	Wed Nov 05 16:59:48 CET 2025	21/7/1998	21	7	1998	202	1998	1.44146e+01	3.14603e+01	3.30000e+01	9.90000e+01	0.00000e+00	0.00000e+00	0.00000e+00	0.00000e+00	0.00000e+00	0.00000e+00	0.00000e+00	0.00000e+00	5.02156e+00	5.35742e+01	2.42200e+01	2.22350e+01	3.13392e+01	4.01112e+01	-7.85465e+01	3.59302e-01	1.50745e+01	1.84625e+01	-6.21000e+00	9.00000e-01	
monocrop	Wed Nov 05 16:59:48 CET 2025	22/7/1998	22	7	1998	203	1998	1.50072e+01	3.36541e+01	2.60000e+01	8.60000e+01	0.00000e+00	0.00000e+00	0.00000e+00	0.00000e+00	0.00000e+00	0.00000e+00	0.00000e+00	0.00000e+00	5.98435e+00	6.18470e+01	2.79600e+01	1.79976e+01	4.38494e+01	3.99869e+01	-9.46431e+01	3.55941e-01	1.50426e+01	1.70371e+01	-6.21000e+00	1.20000e+00	
monocrop	Wed Nov 05 16:59:48 CET 2025	23/7/1998	23	7	1998	204	1998	1.44146e+01	3.61614e+01	1.90000e+01	8.00000e+01	0.00000e+00	0.00000e+00	0.00000e+00	0.00000e+00	0.00000e+00	0.00000e+00	0.00000e+00	0.00000e+00	6.34510e+00	6.20903e+01	2.80700e+01	1.76645e+01	4.44258e+01	3.98590e+01	-9.71158e+01	3.52481e-01	1.50099e+01	1.59457e+01	-6.22000e+00	1.50000e+00	
monocrop	Wed Nov 05 16:59:48 CET 2025	24/7/1998	24	7	1998	205	1998	1.94514e+01	3.66838e+01	2.20000e+01	5.20000e+01	0.00000e+00	0.00000e+00	0.00000e+00	0.00000e+00	0.00000e+00	0.00000e+00	0.00000e+00	0.00000e+00	7.08644e+00	6.04535e+01	2.73300e+01	1.84795e+01	4.19739e+01	3.97275e+01	-9.74199e+01	3.48923e-01	1.49763e+01	1.40384e+01	-6.22000e+00	2.00000e+00	
monocrop	Wed Nov 05 16:59:48 CET 2025	25/7/1998	25	7	1998	206	1998	1.84638e+01	3.57435e+01	2.30000e+01	6.10000e+01	0.00000e+00	0.00000e+00	0.00000e+00	0.00000e+00	0.00000e+00	0.00000e+00	0.00000e+00	0.00000e+00	6.40226e+00	5.92590e+01	2.67900e+01	1.89844e+01	4.02746e+01	3.95925e+01	-9.44445e+01	3.45268e-01	1.49421e+01	1.50621e+01	-6.23000e+00	1.40000e+00	
monocrop	Wed Nov 05 16:59:48 CET 2025	26/7/1998	26	7	1998	207	1998	1.57972e+01	3.48033e+01	2.60000e+01	8.70000e+01	6.00000e-01	6.00000e-01	0.00000e+00	0.00000e+00	0.00000e+00	0.00000e+00	0.00000e+00	6.00000e-01	5.08788e+00	4.81770e+01	2.17800e+01	2.32383e+01	2.49386e+01	3.94540e+01	-7.33840e+01	3.41517e-01	1.49070e+01	1.82140e+01	-6.23000e+00	1.00000e+00	
monocrop	Wed Nov 05 16:59:48 CET 2025	27/7/1998	27	7	1998	208	1998	1.79700e+01	3.12513e+01	3.90000e+01	9.30000e+01	2.00000e-01	2.00000e-01	0.00000e+00	0.00000e+00	0.00000e+00	0.00000e+00	0.00000e+00	2.00000e-01	4.44635e+00	3.98378e+01	1.80100e+01	2.40792e+01	1.57586e+01	3.93120e+01	-5.79292e+01	3.37671e-01	1.48713e+01	2.04189e+01	-6.24000e+00	1.40000e+00	
monocrop	Wed Nov 05 16:59:48 CET 2025	28/7/1998	28	7	1998	209	1998	1.82662e+01	2.91619e+01	2.80000e+01	6.80000e+01	0.00000e+00	0.00000e+00	0.00000e+00	0.00000e+00	0.00000e+00	0.00000e+00	0.00000e+00	0.00000e+00	6.37568e+00	5.49677e+01	2.48500e+01	2.06234e+01	3.43443e+01	3.91667e+01	-8.31498e+01	3.33733e-01	1.48349e+01	1.40722e+01	-6.24000e+00	2.80000e+00	
monocrop	Wed Nov 05 16:59:48 CET 2025	29/7/1998	29	7	1998	210	1998	1.84638e+01	3.39675e+01	1.60000e+01	6.80000e+01	0.00000e+00	0.00000e+00	0.00000e+00	0.00000e+00	0.00000e+00	0.00000e+00	0.00000e+00	0.00000e+00	7.01888e+00	6.24885e+01	2.82500e+01	1.61699e+01	4.63186e+01	3.90179e+01	-1.00442e+02	3.29703e-01	1.47978e+01	1.42948e+01	-6.24000e+00	2.30000e+00	
monocrop	Wed Nov 05 16:59:48 CET 2025	30/7/1998	30	7	1998	211	1998	1.42171e+01	3.53257e+01	1.70000e+01	6.60000e+01	0.00000e+00	0.00000e+00	0.00000e+00	0.00000e+00	0.00000e+00	0.00000e+00	0.00000e+00	0.00000e+00	6.00034e+00	5.83078e+01	2.63600e+01	1.85593e+01	3.97485e+01	3.88658e+01	-9.24777e+01	3.25582e-01	1.47600e+01	1.29631e+01	-6.25000e+00	1.50000e+00	
monocrop	Wed Nov 05 16:59:48 CET 2025	31/7/1998	31	7	1998	212	1998	1.69824e+01	3.21916e+01	3.60000e+01	8.00000e+01	0.00000e+00	0.00000e+00	0.00000e+00	0.00000e+00	0.00000e+00	0.00000e+00	0.00000e+00	0.00000e+00	4.75023e+00	4.53456e+01	2.05000e+01	2.31967e+01	2.21489e+01	3.87104e+01	-6.89061e+01	3.21372e-01	1.47216e+01	1.79185e+01	-6.25000e+00	1.00000e+00	
monocrop	Wed Nov 05 16:59:48 CET 2025	1/8/1998	1	8	1998	213	1998	1.74762e+01	2.81172e+01	5.00000e+01	8.40000e+01	0.00000e+00	0.00000e+00	0.00000e+00	0.00000e+00	0.00000e+00	0.00000e+00	0.00000e+00	0.00000e+00	4.02155e+00	3.96166e+01	1.79100e+01	2.36137e+01	1.60028e+01	3.85517e+01	-5.73127e+01	3.17075e-01	1.46826e+01	1.85831e+01	-6.26000e+00	1.00000e+00	
monocrop	Wed Nov 05 16:59:48 CET 2025	2/8/1998	2	8	1998	214	1998	1.35258e+01	1.99686e+01	7.00000e+01	9.00000e+01	2.20000e+00	2.20000e+00	0.00000e+00	0.00000e+00	0.00000e+00	0.00000e+00	0.00000e+00	2.20000e+00	1.52369e+00	1.32940e+01	6.01000e+00	1.32472e+01	4.67710e-02	3.83897e+01	-1.15927e+01	3.12691e-01	1.46430e+01	1.52419e+01	-6.26000e+00	3.00000e-01	
monocrop	Wed Nov 05 16:59:48 CET 2025	3/8/1998	3	8	1998	215	1998	1.21431e+01	2.59234e+01	5.70000e+01	9.50000e+01	1.32000e+01	1.32000e+01	0.00000e+00	0.00000e+00	0.00000e+00	0.00000e+00	0.00000e+00	1.32000e+01	2.09071e+00	1.68111e+01	7.60000e+00	1.58281e+01	9.82990e-01	3.82245e+01	-1.78333e+01	3.08222e-01	1.46029e+01	1.67221e+01	-6.27000e+00	1.10000e+00	
monocrop	Wed Nov 05 16:59:48 CET 2025	4/8/1998	4	8	1998	216	1998	1.23406e+01	3.11469e+01	2.80000e+01	8.60000e+01	0.00000e+00	0.00000e+00	0.00000e+00	0.00000e+00	0.00000e+00	0.00000e+00	0.00000e+00	0.00000e+00	4.03324e+00	4.10765e+01	1.85700e+01	2.32349e+01	1.78416e+01	3.80562e+01	-6.07501e+01	3.03669e-01	1.45621e+01	1.48277e+01	-6.27000e+00	8.00000e-01	
monocrop	Wed Nov 05 16:59:48 CET 2025	5/8/1998	5	8	1998	217	1998	1.59948e+01	3.41765e+01	1.90000e+01	7.70000e+01	0.00000e+00	0.00000e+00	0.00000e+00	0.00000e+00	0.00000e+00	0.00000e+00	0.00000e+00	0.00000e+00	5.99609e+00	6.02765e+01	2.72500e+01	1.59688e+01	4.43077e+01	3.78847e+01	-9.87683e+01	2.99035e-01	1.45209e+01	1.52773e+01	-6.27000e+00	1.40000e+00	
monocrop	Wed Nov 05 16:59:48 CET 2025	6/8/1998	6	8	1998	218	1998	1.29332e+01	3.39675e+01	2.70000e+01	8.50000e+01	0.00000e+00	0.00000e+00	0.00000e+00	0.00000e+00	0.00000e+00	0.00000e+00	0.00000e+00	0.00000e+00	5.34302e+00	5.71797e+01	2.58500e+01	1.76605e+01	3.95192e+01	3.77101e+01	-9.20626e+01	2.94320e-01	1.44791e+01	1.61586e+01	-6.28000e+00	1.10000e+00	
monocrop	Wed Nov 05 16:59:48 CET 2025	7/8/1998	7	8	1998	219	1998	1.41183e+01	3.46988e+01	2.40000e+01	9.20000e+01	0.00000e+00	0.00000e+00	0.00000e+00	0.00000e+00	0.00000e+00	0.00000e+00	0.00000e+00	0.00000e+00	5.58168e+00	5.96793e+01	2.69800e+01	1.58450e+01	4.38342e+01	3.75325e+01	-9.82585e+01	2.89525e-01	1.44368e+01	1.77282e+01	-6.28000e+00	1.00000e+00	
monocrop	Wed Nov 05 16:59:48 CET 2025	8/8/1998	8	8	1998	220	1998	1.33282e+01	3.38631e+01	2.40000e+01	9.90000e+01	0.00000e+00	0.00000e+00	0.00000e+00	0.00000e+00	0.00000e+00	0.00000e+00	0.00000e+00	0.00000e+00	5.28556e+00	5.74894e+01	2.59900e+01	1.69847e+01	4.05047e+01	3.73519e+01	-9.37461e+01	2.84653e-01	1.43941e+01	1.79018e+01	-6.28000e+00	1.00000e+00	
monocrop	Wed Nov 05 16:59:48 CET 2025	9/8/1998	9	8	1998	221	1998	1.21431e+01	3.15647e+01	2.50000e+01	9.90000e+01	0.00000e+00	0.00000e+00	0.00000e+00	0.00000e+00	0.00000e+00	0.00000e+00	0.00000e+00	0.00000e+00	5.03514e+00	5.87281e+01	2.65500e+01	1.59379e+01	4.27902e+01	3.71682e+01	-9.41490e+01	2.79704e-01	1.43508e+01	1.62373e+01	-6.29000e+00	9.00000e-01	
monocrop	Wed Nov 05 16:59:48 CET 2025	10/8/1998	10	8	1998	222	1998	1.62910e+01	3.24005e+01	2.80000e+01	9.90000e+01	2.00000e-01	2.00000e-01	0.00000e+00	0.00000e+00	0.00000e+00	0.00000e+00	0.00000e+00	2.00000e-01	5.12975e+00	5.44590e+01	2.46200e+01	1.82189e+01	3.62401e+01	3.69817e+01	-8.94364e+01	2.74681e-01	1.43072e+01	1.93364e+01	-6.29000e+00	9.00000e-01	
monocrop	Wed Nov 05 16:59:48 CET 2025	11/8/1998	11	8	1998	223	1998	1.42171e+01	3.19826e+01	3.90000e+01	9.80000e+01	0.00000e+00	0.00000e+00	0.00000e+00	0.00000e+00	0.00000e+00	0.00000e+00	0.00000e+00	0.00000e+00	4.48371e+00	4.81770e+01	2.17800e+01	2.07370e+01	2.74399e+01	3.67922e+01	-7.72655e+01	2.69584e-01	1.42631e+01	1.93512e+01	-6.30000e+00	9.00000e-01	
monocrop	Wed Nov 05 16:59:48 CET 2025	12/8/1998	12	8	1998	224	1998	1.53034e+01	3.14603e+01	4.00000e+01	9.90000e+01	0.00000e+00	0.00000e+00	0.00000e+00	0.00000e+00	0.00000e+00	0.00000e+00	0.00000e+00	0.00000e+00	4.35964e+00	4.65401e+01	2.10400e+01	2.10675e+01	2.54726e+01	3.65998e+01	-7.47946e+01	2.64416e-01	1.42186e+01	1.99712e+01	-6.30000e+00	8.00000e-01	
monocrop	Wed Nov 05 16:59:48 CET 2025	13/8/1998	13	8	1998	225	1998	1.67848e+01	3.57435e+01	3.30000e+01	9.90000e+01	4.00000e-01	4.00000e-01	0.00000e+00	0.00000e+00	0.00000e+00	0.00000e+00	0.00000e+00	4.00000e-01	4.53223e+00	4.36645e+01	1.97400e+01	2.16179e+01	2.20466e+01	3.64047e+01	-7.29731e+01	2.59177e-01	1.41737e+01	2.25277e+01	-6.30000e+00	7.00000e-01	
monocrop	Wed Nov 05 16:59:48 CET 2025	14/8/1998	14	8	1998	226	1998	1.57972e+01	3.03111e+01	3.30000e+01	9.80000e+01	0.00000e+00	0.00000e+00	0.00000e+00	0.00000e+00	0.00000e+00	0.00000e+00	0.00000e+00	0.00000e+00	4.87085e+00	5.50562e+01	2.48900e+01	1.68652e+01	3.81910e+01	3.62068e+01	-9.09257e+01	2.53869e-01	1.41284e+01	1.84526e+01	-6.31000e+00	8.00000e-01	
monocrop	Wed Nov 05 16:59:48 CET 2025	15/8/1998	15	8	1998	227	1998	1.37233e+01	3.03111e+01	4.20000e+01	9.90000e+01	0.00000e+00	0.00000e+00	0.00000e+00	0.00000e+00	0.00000e+00	0.00000e+00	0.00000e+00	0.00000e+00	3.97501e+00	4.49475e+01	2.03200e+01	2.09611e+01	2.39864e+01	3.60061e+01	-7.20123e+01	2.48494e-01	1.40827e+01	1.86483e+01	-6.31000e+00	6.00000e-01	
monocrop	Wed Nov 05 16:59:48 CET 2025	16/8/1998	16	8	1998	228	1998	1.90563e+01	3.36541e+01	2.60000e+01	9.90000e+01	0.00000e+00	0.00000e+00	0.00000e+00	0.00000e+00	0.00000e+00	0.00000e+00	0.00000e+00	0.00000e+00	4.57464e+00	4.35318e+01	1.96800e+01	2.11311e+01	2.24007e+01	3.58027e+01	-7.36831e+01	2.43053e-01	1.40367e+01	2.14480e+01	-6.31000e+00	8.00000e-01	
monocrop	Wed Nov 05 16:59:48 CET 2025	17/8/1998	17	8	1998	229	1998	1.56985e+01	3.35497e+01	3.00000e+01	8.90000e+01	0.00000e+00	0.00000e+00	0.00000e+00	0.00000e+00	0.00000e+00	0.00000e+00	0.00000e+00	0.00000e+00	4.93404e+00	5.18931e+01	2.34600e+01	1.78116e+01	3.40815e+01	3.55967e+01	-8.91231e+01	2.37547e-01	1.39904e+01	1.84228e+01	-6.32000e+00	9.00000e-01	
monocrop	Wed Nov 05 16:59:48 CET 2025	18/8/1998	18	8	1998	230	1998	1.78712e+01	3.17737e+01	3.00000e+01	8.20000e+01	0.00000e+00	0.00000e+00	0.00000e+00	0.00000e+00	0.00000e+00	0.00000e+00	0.00000e+00	0.00000e+00	4.11385e+00	3.22507e+01	1.45800e+01	2.14272e+01	1.08234e+01	3.53881e+01	-5.12992e+01	2.31979e-01	1.39437e+01	1.75458e+01	-6.32000e+00	1.60000e+00	
monocrop	Wed Nov 05 16:59:48 CET 2025	19/8/1998	19	8	1998	231	1998	1.67848e+01	3.43854e+01	1.80000e+01	6.50000e+01	0.00000e+00	0.00000e+00	0.00000e+00	0.00000e+00	0.00000e+00	0.00000e+00	0.00000e+00	0.00000e+00	5.20663e+00	5.34636e+01	2.41700e+01	1.64012e+01	3.70624e+01	3.51769e+01	-9.45715e+01	2.26349e-01	1.38967e+01	1.36068e+01	-6.32000e+00	1.00000e+00	
monocrop	Wed Nov 05 16:59:48 CET 2025	20/8/1998	20	8	1998	232	1998	1.45134e+01	3.55346e+01	1.80000e+01	7.60000e+01	0.00000e+00	0.00000e+00	0.00000e+00	0.00000e+00	0.00000e+00	0.00000e+00	0.00000e+00	0.00000e+00	5.31282e+00	5.26230e+01	2.37900e+01	1.65995e+01	3.60235e+01	3.49632e+01	-9.34575e+01	2.20660e-01	1.38494e+01	1.49041e+01	-6.33000e+00	1.40000e+00	
monocrop	Wed Nov 05 16:59:48 CET 2025	21/8/1998	21	8	1998	233	1998	1.88588e+01	2.98932e+01	2.40000e+01	6.10000e+01	0.00000e+00	0.00000e+00	0.00000e+00	0.00000e+00	0.00000e+00	0.00000e+00	0.00000e+00	0.00000e+00	6.17622e+00	5.10304e+01	2.30700e+01	1.71910e+01	3.38394e+01	3.47471e+01	-8.85014e+01	2.14913e-01	1.38019e+01	1.29652e+01	-6.33000e+00	3.00000e+00	
monocrop	Wed Nov 05 16:59:48 CET 2025	22/8/1998	22	8	1998	234	1998	1.92538e+01	3.06245e+01	3.70000e+01	6.60000e+01	0.00000e+00	0.00000e+00	0.00000e+00	0.00000e+00	0.00000e+00	0.00000e+00	0.00000e+00	0.00000e+00	6.81095e+00	5.21364e+01	2.35700e+01	1.62972e+01	3.58392e+01	3.45285e+01	-9.20511e+01	2.09109e-01	1.37541e+01	1.62487e+01	-6.33000e+00	4.30000e+00	
monocrop	Wed Nov 05 16:59:48 CET 2025	23/8/1998	23	8	1998	235	1998	2.07352e+01	3.16692e+01	3.10000e+01	6.90000e+01	0.00000e+00	0.00000e+00	0.00000e+00	0.00000e+00	0.00000e+00	0.00000e+00	0.00000e+00	0.00000e+00	6.37425e+00	5.49456e+01	2.48400e+01	1.42171e+01	4.07285e+01	3.43075e+01	-9.98956e+01	2.03249e-01	1.37060e+01	1.70041e+01	-6.33000e+00	2.80000e+00	
monocrop	Wed Nov 05 16:59:48 CET 2025	24/8/1998	24	8	1998	236	1998	1.23406e+01	3.14603e+01	2.10000e+01	8.80000e+01	0.00000e+00	0.00000e+00	0.00000e+00	0.00000e+00	0.00000e+00	0.00000e+00	0.00000e+00	0.00000e+00	5.29719e+00	5.31539e+01	2.40300e+01	1.50678e+01	3.80861e+01	3.40842e+01	-9.30344e+01	1.97336e-01	1.36576e+01	1.43137e+01	-6.34000e+00	2.50000e+00	
monocrop	Wed Nov 05 16:59:48 CET 2025	25/8/1998	25	8	1998	237	1998	1.22419e+01	3.25050e+01	1.60000e+01	6.50000e+01	0.00000e+00	0.00000e+00	0.00000e+00	0.00000e+00	0.00000e+00	0.00000e+00	0.00000e+00	0.00000e+00	4.54150e+00	5.52111e+01	2.49600e+01	1.33424e+01	4.18687e+01	3.38586e+01	-9.86194e+01	1.91371e-01	1.36090e+01	1.09479e+01	-6.34000e+00	7.00000e-01	
monocrop	Wed Nov 05 16:59:48 CET 2025	26/8/1998	26	8	1998	238	1998	1.02667e+01	2.95798e+01	2.50000e+01	8.60000e+01	0.00000e+00	0.00000e+00	0.00000e+00	0.00000e+00	0.00000e+00	0.00000e+00	0.00000e+00	0.00000e+00	4.19851e+00	5.27558e+01	2.38500e+01	1.46701e+01	3.80856e+01	3.36308e+01	-9.12654e+01	1.85356e-01	1.35602e+01	1.29067e+01	-6.34000e+00	9.00000e-01	
monocrop	Wed Nov 05 16:59:48 CET 2025	27/8/1998	27	8	1998	239	1998	1.29332e+01	3.16692e+01	2.10000e+01	7.60000e+01	0.00000e+00	0.00000e+00	0.00000e+00	0.00000e+00	0.00000e+00	0.00000e+00	0.00000e+00	0.00000e+00	4.49395e+00	5.00793e+01	2.26400e+01	1.59664e+01	3.41129e+01	3.34007e+01	-8.94934e+01	1.79291e-01	1.35112e+01	1.30530e+01	-6.35000e+00	1.10000e+00	
monocrop	Wed Nov 05 16:59:48 CET 2025	28/8/1998	28	8	1998	240	1998	7.69892e+00	2.68636e+01	1.60000e+01	6.30000e+01	0.00000e+00	0.00000e+00	0.00000e+00	0.00000e+00	0.00000e+00	0.00000e+00	0.00000e+00	0.00000e+00	4.14162e+00	5.45475e+01	2.46600e+01	1.27359e+01	4.18115e+01	3.31686e+01	-9.28065e+01	1.73180e-01	1.34620e+01	7.78490e+00	-6.35000e+00	1.20000e+00	
monocrop	Wed Nov 05 16:59:48 CET 2025	29/8/1998	29	8	1998	241	1998	5.82248e+00	2.71770e+01	1.50000e+01	7.50000e+01	0.00000e+00	0.00000e+00	0.00000e+00	0.00000e+00	0.00000e+00	0.00000e+00	0.00000e+00	0.00000e+00	3.79563e+00	5.32424e+01	2.40700e+01	1.33052e+01	3.99372e+01	3.29344e+01	-9.05139e+01	1.67022e-01	1.34126e+01	8.43969e+00	-6.35000e+00	9.00000e-01	
monocrop	Wed Nov 05 16:59:48 CET 2025	30/8/1998	30	8	1998	242	1998	8.39024e+00	2.63412e+01	2.30000e+01	8.70000e+01	0.00000e+00	0.00000e+00	0.00000e+00	0.00000e+00	0.00000e+00	0.00000e+00	0.00000e+00	0.00000e+00	3.67866e+00	4.87300e+01	2.20300e+01	1.57952e+01	3.29347e+01	3.26981e+01	-8.31142e+01	1.60820e-01	1.33629e+01	1.08978e+01	-6.35000e+00	1.00000e+00	
monocrop	Wed Nov 05 16:59:48 CET 2025	31/8/1998	31	8	1998	243	1998	1.40196e+01	2.39384e+01	5.10000e+01	9.10000e+01	0.00000e+00	0.00000e+00	0.00000e+00	0.00000e+00	0.00000e+00	0.00000e+00	0.00000e+00	0.00000e+00	1.94869e+00	1.39134e+01	6.29000e+00	1.31911e+01	7.22261e-01	3.24598e+01	-1.70633e+01	1.54575e-01	1.33132e+01	1.55691e+01	-6.36000e+00	1.10000e+00	
monocrop	Wed Nov 05 16:59:48 CET 2025	1/9/1998	1	9	1998	244	1998	1.53700e+01	2.74400e+01	3.60000e+01	9.70000e+01	0.00000e+00	0.00000e+00	0.00000e+00	0.00000e+00	0.00000e+00	0.00000e+00	0.00000e+00	0.00000e+00	3.88084e+00	4.44166e+01	2.00800e+01	1.73141e+01	2.71025e+01	3.22196e+01	-7.94750e+01	1.48289e-01	1.32632e+01	1.69439e+01	-6.36000e+00	1.20000e+00	
monocrop	Wed Nov 05 16:59:48 CET 2025	2/9/1998	2	9	1998	245	1998	1.35000e+01	2.89200e+01	4.00000e+01	9.80000e+01	2.80000e+00	2.80000e+00	0.00000e+00	0.00000e+00	0.00000e+00	0.00000e+00	0.00000e+00	2.80000e+00	3.48205e+00	3.84664e+01	1.73900e+01	1.89653e+01	1.95011e+01	3.19776e+01	-6.83111e+01	1.41964e-01	1.32131e+01	1.73719e+01	-6.36000e+00	1.20000e+00	
monocrop	Wed Nov 05 16:59:48 CET 2025	3/9/1998	3	9	1998	246	1998	1.64500e+01	3.30200e+01	3.00000e+01	9.90000e+01	1.80000e+00	1.80000e+00	0.00000e+00	0.00000e+00	0.00000e+00	0.00000e+00	0.00000e+00	1.80000e+00	4.70391e+00	4.74691e+01	2.14600e+01	1.52315e+01	3.22376e+01	3.17337e+01	-9.19037e+01	1.35600e-01	1.31628e+01	2.01038e+01	-6.37000e+00	1.70000e+00	
monocrop	Wed Nov 05 16:59:48 CET 2025	4/9/1998	4	9	1998	247	1998	1.38700e+01	2.80100e+01	4.00000e+01	9.90000e+01	3.08000e+01	3.08000e+01	0.00000e+00	0.00000e+00	0.00000e+00	0.00000e+00	0.00000e+00	3.08000e+01	2.70748e+00	2.40885e+01	1.08900e+01	1.80760e+01	6.01246e+00	3.14881e+01	-3.94280e+01	1.29200e-01	1.31124e+01	1.72098e+01	-6.37000e+00	1.40000e+00	
monocrop	Wed Nov 05 16:59:48 CET 2025	5/9/1998	5	9	1998	248	1998	1.41600e+01	2.55500e+01	3.30000e+01	8.10000e+01	0.00000e+00	0.00000e+00	0.00000e+00	0.00000e+00	0.00000e+00	0.00000e+00	0.00000e+00	0.00000e+00	4.28315e+00	4.21604e+01	1.90600e+01	1.71537e+01	2.50066e+01	3.12407e+01	-7.59286e+01	1.22765e-01	1.30618e+01	1.31995e+01	-6.37000e+00	2.70000e+00	
monocrop	Wed Nov 05 16:59:48 CET 2025	6/9/1998	6	9	1998	249	1998	9.71000e+00	2.61100e+01	2.90000e+01	9.90000e+01	0.00000e+00	0.00000e+00	0.00000e+00	0.00000e+00	0.00000e+00	0.00000e+00	0.00000e+00	0.00000e+00	3.52537e+00	4.96590e+01	2.24500e+01	1.28268e+01	3.68322e+01	3.09917e+01	-9.05815e+01	1.16296e-01	1.30112e+01	1.31242e+01	-6.37000e+00	9.00000e-01	
monocrop	Wed Nov 05 16:59:48 CET 2025	7/9/1998	7	9	1998	250	1998	1.34700e+01	2.22300e+01	5.90000e+01	9.90000e+01	2.58000e+01	2.58000e+01	0.00000e+00	0.00000e+00	0.00000e+00	0.00000e+00	0.00000e+00	2.58000e+01	1.37155e+00	8.29493e+00	3.75000e+00	8.21198e+00	8.29496e-02	3.07411e+01	-7.05905e+00	1.09796e-01	1.29603e+01	1.61390e+01	-6.38000e+00	1.10000e+00	
monocrop	Wed Nov 05 16:59:48 CET 2025	8/9/1998	8	9	1998	251	1998	1.32600e+01	2.71400e+01	3.30000e+01	8.50000e+01	2.00000e-01	2.00000e-01	0.00000e+00	0.00000e+00	0.00000e+00	0.00000e+00	0.00000e+00	2.00000e-01	4.11618e+00	4.84203e+01	2.18900e+01	1.29112e+01	3.55091e+01	3.04890e+01	-9.20554e+01	1.03266e-01	1.29094e+01	1.39578e+01	-6.38000e+00	1.80000e+00	
monocrop	Wed Nov 05 16:59:48 CET 2025	9/9/1998	9	9	1998	252	1998	1.26600e+01	2.65100e+01	4.10000e+01	9.90000e+01	0.00000e+00	0.00000e+00	0.00000e+00	0.00000e+00	0.00000e+00	0.00000e+00	0.00000e+00	0.00000e+00	3.59428e+00	4.70710e+01	2.12800e+01	1.34175e+01	3.36535e+01	3.02354e+01	-8.93042e+01	9.67068e-02	1.28584e+01	1.59405e+01	-6.38000e+00	1.20000e+00	
monocrop	Wed Nov 05 16:59:48 CET 2025	10/9/1998	10	9	1998	253	1998	1.83900e+01	2.39500e+01	8.00000e+01	9.90000e+01	8.00000e-01	8.00000e-01	0.00000e+00	0.00000e+00	0.00000e+00	0.00000e+00	0.00000e+00	8.00000e-01	2.69488e+00	3.16535e+01	1.43100e+01	1.83430e+01	1.33104e+01	2.99805e+01	-5.75581e+01	9.01207e-02	1.28073e+01	2.24778e+01	-6.38000e+00	2.00000e+00	
monocrop	Wed Nov 05 16:59:48 CET 2025	11/9/1998	11	9	1998	254	1998	1.37100e+01	2.19000e+01	6.40000e+01	9.90000e+01	6.80000e+00	6.80000e+00	0.00000e+00	0.00000e+00	0.00000e+00	0.00000e+00	0.00000e+00	6.80000e+00	1.60829e+00	1.49088e+01	6.74000e+00	1.34957e+01	1.41301e+00	2.97241e+01	-2.12998e+01	8.35092e-02	1.27560e+01	1.66026e+01	-6.39000e+00	1.10000e+00	
monocrop	Wed Nov 05 16:59:48 CET 2025	12/9/1998	12	9	1998	255	1998	1.21300e+01	2.14900e+01	3.00000e+01	8.70000e+01	0.00000e+00	0.00000e+00	0.00000e+00	0.00000e+00	0.00000e+00	0.00000e+00	0.00000e+00	0.00000e+00	3.92187e+00	4.45493e+01	2.01400e+01	1.38756e+01	3.06737e+01	2.94665e+01	-8.24949e+01	7.68738e-02	1.27047e+01	1.11902e+01	-6.39000e+00	3.00000e+00	
monocrop	Wed Nov 05 16:59:48 CET 2025	13/9/1998	13	9	1998	256	1998	1.10100e+01	2.01400e+01	3.30000e+01	9.20000e+01	0.00000e+00	0.00000e+00	0.00000e+00	0.00000e+00	0.00000e+00	0.00000e+00	0.00000e+00	0.00000e+00	3.37641e+00	4.01696e+01	1.81600e+01	1.57352e+01	2.44344e+01	2.92076e+01	-7.29361e+01	7.02161e-02	1.26533e+01	1.10493e+01	-6.39000e+00	2.70000e+00	
monocrop	Wed Nov 05 16:59:48 CET 2025	14/9/1998	14	9	1998	257	1998	7.85000e+00	2.12800e+01	3.10000e+01	8.00000e+01	0.00000e+00	0.00000e+00	0.00000e+00	0.00000e+00	0.00000e+00	0.00000e+00	0.00000e+00	0.00000e+00	3.61037e+00	4.61419e+01	2.08600e+01	1.21448e+01	3.39971e+01	2.89476e+01	-8.56043e+01	6.35377e-02	1.26019e+01	9.19413e+00	-6.39000e+00	2.70000e+00	
monocrop	Wed Nov 05 16:59:48 CET 2025	15/9/1998	15	9	1998	258	1998	1.10900e+01	2.24400e+01	3.20000e+01	7.10000e+01	0.00000e+00	0.00000e+00	0.00000e+00	0.00000e+00	0.00000e+00	0.00000e+00	0.00000e+00	0.00000e+00	3.98004e+00	4.58101e+01	2.07100e+01	1.19783e+01	3.38319e+01	2.86866e+01	-8.80132e+01	5.68402e-02	1.25503e+01	9.82308e+00	-6.39000e+00	2.80000e+00	
monocrop	Wed Nov 05 16:59:48 CET 2025	16/9/1998	16	9	1998	259	1998	1.22900e+01	2.59800e+01	3.60000e+01	7.60000e+01	0.00000e+00	0.00000e+00	0.00000e+00	0.00000e+00	0.00000e+00	0.00000e+00	0.00000e+00	0.00000e+00	3.91664e+00	4.05235e+01	1.83200e+01	1.46748e+01	2.58487e+01	2.84244e+01	-8.04949e+01	5.01253e-02	1.24987e+01	1.24000e+01	-6.40000e+00	2.70000e+00	
monocrop	Wed Nov 05 16:59:48 CET 2025	17/9/1998	17	9	1998	260	1998	7.05000e+00	2.58300e+01	2.60000e+01	9.30000e+01	0.00000e+00	0.00000e+00	0.00000e+00	0.00000e+00	0.00000e+00	0.00000e+00	0.00000e+00	0.00000e+00	2.90180e+00	4.34876e+01	1.96600e+01	1.27177e+01	3.07698e+01	2.81614e+01	-8.58222e+01	4.33944e-02	1.24470e+01	1.11168e+01	-6.40000e+00	9.00000e-01	
monocrop	Wed Nov 05 16:59:48 CET 2025	18/9/1998	18	9	1998	261	1998	7.36000e+00	2.75700e+01	2.70000e+01	7.80000e+01	0.00000e+00	0.00000e+00	0.00000e+00	0.00000e+00	0.00000e+00	0.00000e+00	0.00000e+00	0.00000e+00	3.08396e+00	4.52350e+01	2.04500e+01	1.11751e+01	3.40599e+01	2.78974e+01	-9.21708e+01	3.66493e-02	1.23953e+01	1.04679e+01	-6.40000e+00	9.00000e-01	
monocrop	Wed Nov 05 16:59:48 CET 2025	19/9/1998	19	9	1998	262	1998	9.20000e+00	2.66000e+01	3.00000e+01	9.40000e+01	0.00000e+00	0.00000e+00	0.00000e+00	0.00000e+00	0.00000e+00	0.00000e+00	0.00000e+00	0.00000e+00	3.15715e+00	4.42396e+01	2.00000e+01	1.14618e+01	3.27778e+01	2.76327e+01	-9.08754e+01	2.98916e-02	1.23435e+01	1.27060e+01	-6.40000e+00	1.30000e+00	
monocrop	Wed Nov 05 16:59:48 CET 2025	20/9/1998	20	9	1998	263	1998	6.87100e+00	2.44500e+01	3.40000e+01	9.90000e+01	0.00000e+00	0.00000e+00	0.00000e+00	0.00000e+00	0.00000e+00	0.00000e+00	0.00000e+00	0.00000e+00	2.68038e+00	4.32885e+01	1.95700e+01	1.17044e+01	3.15840e+01	2.73672e+01	-8.70288e+01	2.31228e-02	1.22917e+01	1.18211e+01	-6.40000e+00	9.00000e-01	
monocrop	Wed Nov 05 16:59:48 CET 2025	21/9/1998	21	9	1998	264	1998	7.85000e+00	2.43900e+01	3.00000e+01	9.90000e+01	0.00000e+00	0.00000e+00	0.00000e+00	0.00000e+00	0.00000e+00	0.00000e+00	0.00000e+00	0.00000e+00	2.62024e+00	4.12756e+01	1.86600e+01	1.25851e+01	2.86905e+01	2.71010e+01	-8.37912e+01	1.63446e-02	1.22399e+01	1.18075e+01	-6.41000e+00	8.00000e-01	
monocrop	Wed Nov 05 16:59:48 CET 2025	22/9/1998	22	9	1998	265	1998	6.38400e+00	2.39900e+01	3.40000e+01	9.70000e+01	0.00000e+00	0.00000e+00	0.00000e+00	0.00000e+00	0.00000e+00	0.00000e+00	0.00000e+00	0.00000e+00	2.52428e+00	4.01475e+01	1.81500e+01	1.28758e+01	2.72717e+01	2.68342e+01	-8.13150e+01	9.55863e-03	1.21880e+01	1.12947e+01	-6.41000e+00	1.00000e+00	
monocrop	Wed Nov 05 16:59:48 CET 2025	23/9/1998	23	9	1998	266	1998	9.92000e+00	2.24100e+01	5.30000e+01	9.90000e+01	0.00000e+00	0.00000e+00	0.00000e+00	0.00000e+00	0.00000e+00	0.00000e+00	0.00000e+00	0.00000e+00	2.10601e+00	3.00166e+01	1.35700e+01	1.60882e+01	1.39283e+01	2.65669e+01	-5.92386e+01	2.76656e-03	1.21361e+01	1.39528e+01	-6.41000e+00	1.00000e+00	
monocrop	Wed Nov 05 16:59:48 CET 2025	24/9/1998	24	9	1998	267	1998	1.38300e+01	2.12500e+01	6.70000e+01	9.80000e+01	1.00000e+00	1.00000e+00	0.00000e+00	0.00000e+00	0.00000e+00	0.00000e+00	0.00000e+00	1.00000e+00	1.30348e+00	1.23871e+01	5.60000e+00	1.14356e+01	9.51514e-01	2.62992e+01	-1.93527e+01	-4.03000e-03	1.20842e+01	1.65277e+01	-6.41000e+00	7.00000e-01	
monocrop	Wed Nov 05 16:59:48 CET 2025	25/9/1998	25	9	1998	268	1998	1.42400e+01	1.97000e+01	8.10000e+01	9.50000e+01	5.40000e+00	5.40000e+00	0.00000e+00	0.00000e+00	0.00000e+00	0.00000e+00	0.00000e+00	5.40000e+00	1.43375e+00	1.43779e+01	6.50000e+00	1.25862e+01	1.79167e+00	2.60310e+01	-2.40740e+01	-1.08294e-02	1.20322e+01	1.70049e+01	-6.42000e+00	2.40000e+00	
monocrop	Wed Nov 05 16:59:48 CET 2025	26/9/1998	26	9	1998	269	1998	1.31200e+01	2.13800e+01	7.50000e+01	9.90000e+01	2.20000e+01	2.20000e+01	0.00000e+00	0.00000e+00	0.00000e+00	0.00000e+00	0.00000e+00	2.20000e+01	2.11541e+00	2.68977e+01	1.21600e+01	1.57727e+01	1.11250e+01	2.57626e+01	-5.43204e+01	-1.76299e-02	1.19803e+01	1.71126e+01	-6.42000e+00	3.30000e+00	
monocrop	Wed Nov 05 16:59:48 CET 2025	27/9/1998	27	9	1998	270	1998	1.29600e+01	2.42800e+01	3.70000e+01	9.90000e+01	2.00000e-01	2.00000e-01	0.00000e+00	0.00000e+00	0.00000e+00	0.00000e+00	0.00000e+00	2.00000e-01	2.82186e+00	3.60332e+01	1.62900e+01	1.33082e+01	2.27250e+01	2.54939e+01	-7.88618e+01	-2.44300e-02	1.19283e+01	1.45802e+01	-6.42000e+00	1.80000e+00	
monocrop	Wed Nov 05 16:59:48 CET 2025	28/9/1998	28	9	1998	271	1998	1.17600e+01	2.45600e+01	3.90000e+01	8.70000e+01	2.00000e-01	2.00000e-01	0.00000e+00	0.00000e+00	0.00000e+00	0.00000e+00	0.00000e+00	2.00000e-01	2.90185e+00	3.44848e+01	1.55900e+01	1.36751e+01	2.08096e+01	2.52252e+01	-7.57492e+01	-3.12279e-02	1.18764e+01	1.31239e+01	-6.42000e+00	2.10000e+00	
monocrop	Wed Nov 05 16:59:48 CET 2025	29/9/1998	29	9	1998	272	1998	9.73000e+00	2.29400e+01	3.90000e+01	9.80000e+01	6.00000e-01	6.00000e-01	0.00000e+00	0.00000e+00	0.00000e+00	0.00000e+00	0.00000e+00	6.00000e-01	2.27842e+00	3.44184e+01	1.55600e+01	1.34047e+01	2.10137e+01	2.49563e+01	-7.47244e+01	-3.80219e-02	1.18244e+01	1.27130e+01	-6.42000e+00	1.10000e+00	
monocrop	Wed Nov 05 16:59:48 CET 2025	30/9/1998	30	9	1998	273	1998	1.14800e+01	2.19600e+01	4.80000e+01	9.90000e+01	6.80000e+00	6.80000e+00	0.00000e+00	0.00000e+00	0.00000e+00	0.00000e+00	0.00000e+00	6.80000e+00	1.81317e+00	1.93991e+01	8.77000e+00	1.43201e+01	5.07894e+00	2.46874e+01	-3.84834e+01	-4.48104e-02	1.17725e+01	1.39793e+01	-6.42000e+00	1.40000e+00	
monocrop	Wed Nov 05 16:59:48 CET 2025	1/10/1998	1	10	1998	274	1998	1.07800e+01	2.08000e+01	4.50000e+01	9.50000e+01	1.20000e+00	1.20000e+00	0.00000e+00	0.00000e+00	0.00000e+00	0.00000e+00	0.00000e+00	1.20000e+00	1.96730e+00	3.03926e+01	1.37400e+01	1.42393e+01	1.61533e+01	2.44187e+01	-6.55670e+01	-5.15916e-02	1.17206e+01	1.25469e+01	-6.43000e+00	8.00000e-01	
monocrop	Wed Nov 05 16:59:48 CET 2025	2/10/1998	2	10	1998	275	1998	1.19500e+01	2.02400e+01	5.40000e+01	9.70000e+01	4.00000e-01	4.00000e-01	0.00000e+00	0.00000e+00	0.00000e+00	0.00000e+00	0.00000e+00	4.00000e-01	2.06124e+00	2.68092e+01	1.21200e+01	1.46802e+01	1.21290e+01	2.41501e+01	-5.74947e+01	-5.83639e-02	1.16687e+01	1.37992e+01	-6.43000e+00	2.00000e+00	
monocrop	Wed Nov 05 16:59:48 CET 2025	3/10/1998	3	10	1998	276	1998	8.45000e+00	2.18900e+01	3.70000e+01	8.70000e+01	0.00000e+00	0.00000e+00	0.00000e+00	0.00000e+00	0.00000e+00	0.00000e+00	0.00000e+00	0.00000e+00	2.68085e+00	3.82230e+01	1.72800e+01	9.91383e+00	2.83092e+01	2.38818e+01	-8.69299e+01	-6.51256e-02	1.16168e+01	1.06795e+01	-6.43000e+00	2.40000e+00	
monocrop	Wed Nov 05 16:59:48 CET 2025	4/10/1998	4	10	1998	277	1998	8.00000e+00	1.67700e+01	6.90000e+01	9.90000e+01	0.00000e+00	0.00000e+00	0.00000e+00	0.00000e+00	0.00000e+00	0.00000e+00	0.00000e+00	0.00000e+00	9.34521e-01	1.11041e+01	5.02000e+00	1.02562e+01	8.47950e-01	2.36138e+01	-1.82733e+01	-7.18748e-02	1.15650e+01	1.20721e+01	-6.43000e+00	4.00000e-01	
monocrop	Wed Nov 05 16:59:48 CET 2025	5/10/1998	5	10	1998	278	1998	8.98000e+00	1.88300e+01	5.00000e+01	9.90000e+01	1.55200e+02	1.55200e+02	0.00000e+00	0.00000e+00	0.00000e+00	0.00000e+00	0.00000e+00	1.55200e+02	1.38339e+00	2.15005e+01	9.72000e+00	1.41636e+01	7.33687e+00	2.33463e+01	-4.49877e+01	-7.86100e-02	1.15132e+01	1.18250e+01	-6.43000e+00	4.00000e-01	
monocrop	Wed Nov 05 16:59:48 CET 2025	6/10/1998	6	10	1998	279	1998	7.47000e+00	1.95600e+01	5.70000e+01	9.90000e+01	3.20000e+00	3.20000e+00	0.00000e+00	0.00000e+00	0.00000e+00	0.00000e+00	0.00000e+00	3.20000e+00	1.19937e+00	1.63687e+01	7.40000e+00	1.28195e+01	3.54913e+00	2.30793e+01	-3.26109e+01	-8.53292e-02	1.14615e+01	1.20703e+01	-4.27000e+00	5.00000e-01	
monocrop	Wed Nov 05 16:59:48 CET 2025	7/10/1998	7	10	1998	280	1998	6.22400e+00	1.91900e+01	4.00000e+01	9.90000e+01	0.00000e+00	0.00000e+00	0.00000e+00	0.00000e+00	0.00000e+00	0.00000e+00	0.00000e+00	0.00000e+00	1.54016e+00	2.64774e+01	1.19700e+01	1.37122e+01	1.27652e+01	2.28128e+01	-5.84979e+01	-9.20309e-02	1.14098e+01	1.02017e+01	-4.31000e+00	8.00000e-01	
monocrop	Wed Nov 05 16:59:48 CET 2025	8/10/1998	8	10	1998	281	1998	5.72800e+00	1.99800e+01	3.70000e+01	8.00000e+01	0.00000e+00	0.00000e+00	0.00000e+00	0.00000e+00	0.00000e+00	0.00000e+00	0.00000e+00	0.00000e+00	1.88698e+00	2.73401e+01	1.23600e+01	1.33244e+01	1.40157e+01	2.25470e+01	-6.18262e+01	-9.87132e-02	1.13582e+01	8.67015e+00	-4.42000e+00	1.40000e+00	
monocrop	Wed Nov 05 16:59:48 CET 2025	9/10/1998	9	10	1998	282	1998	4.19700e+00	1.98400e+01	4.10000e+01	9.90000e+01	0.00000e+00	0.00000e+00	0.00000e+00	0.00000e+00	0.00000e+00	0.00000e+00	0.00000e+00	0.00000e+00	1.55300e+00	3.46396e+01	1.56600e+01	9.91903e+00	2.47206e+01	2.22820e+01	-8.11005e+01	-1.05374e-01	1.13066e+01	9.82027e+00	-4.51000e+00	7.00000e-01	
monocrop	Wed Nov 05 16:59:48 CET 2025	10/10/1998	10	10	1998	283	1998	3.25200e+00	1.94300e+01	5.10000e+01	9.90000e+01	0.00000e+00	0.00000e+00	0.00000e+00	0.00000e+00	0.00000e+00	0.00000e+00	0.00000e+00	0.00000e+00	1.35988e+00	2.88442e+01	1.30400e+01	1.24053e+01	1.64389e+01	2.20179e+01	-6.64507e+01	-1.12013e-01	1.12552e+01	1.00609e+01	-4.60000e+00	8.00000e-01	
monocrop	Wed Nov 05 16:59:48 CET 2025	11/10/1998	11	10	1998	284	1998	8.94000e+00	2.06600e+01	3.70000e+01	8.80000e+01	0.00000e+00	0.00000e+00	0.00000e+00	0.00000e+00	0.00000e+00	0.00000e+00	0.00000e+00	0.00000e+00	2.26299e+00	3.31134e+01	1.49700e+01	1.01139e+01	2.29994e+01	2.17547e+01	-8.15495e+01	-1.18626e-01	1.12038e+01	1.05121e+01	-4.68000e+00	2.30000e+00	
monocrop	Wed Nov 05 16:59:48 CET 2025	12/10/1998	12	10	1998	285	1998	9.87000e+00	2.31200e+01	3.80000e+01	8.60000e+01	0.00000e+00	0.00000e+00	0.00000e+00	0.00000e+00	0.00000e+00	0.00000e+00	0.00000e+00	0.00000e+00	2.31021e+00	3.41751e+01	1.54500e+01	9.07305e+00	2.51021e+01	2.14925e+01	-8.79407e+01	-1.25213e-01	1.11525e+01	1.16245e+01	-4.76000e+00	2.00000e+00	
monocrop	Wed Nov 05 16:59:48 CET 2025	13/10/1998	13	10	1998	286	1998	5.53600e+00	2.35900e+01	2.30000e+01	9.20000e+01	0.00000e+00	0.00000e+00	0.00000e+00	0.00000e+00	0.00000e+00	0.00000e+00	0.00000e+00	0.00000e+00	1.73839e+00	3.46396e+01	1.56600e+01	8.35290e+00	2.62867e+01	2.12314e+01	-8.91739e+01	-1.31772e-01	1.11014e+01	9.52422e+00	-4.83000e+00	8.00000e-01	
monocrop	Wed Nov 05 16:59:48 CET 2025	14/10/1998	14	10	1998	287	1998	5.21500e+00	2.38700e+01	3.90000e+01	9.80000e+01	0.00000e+00	0.00000e+00	0.00000e+00	0.00000e+00	0.00000e+00	0.00000e+00	0.00000e+00	0.00000e+00	1.53704e+00	3.25604e+01	1.47200e+01	9.36190e+00	2.31985e+01	2.09715e+01	-8.45259e+01	-1.38300e-01	1.10503e+01	1.13312e+01	-4.90000e+00	6.00000e-01	
monocrop	Wed Nov 05 16:59:48 CET 2025	15/10/1998	15	10	1998	288	1998	4.92700e+00	2.33400e+01	4.30000e+01	9.90000e+01	0.00000e+00	0.00000e+00	0.00000e+00	0.00000e+00	0.00000e+00	0.00000e+00	0.00000e+00	0.00000e+00	1.44265e+00	2.96406e+01	1.34000e+01	1.06404e+01	1.90002e+01	2.07129e+01	-7.67183e+01	-1.44797e-01	1.09993e+01	1.14379e+01	-4.96000e+00	7.00000e-01	
monocrop	Wed Nov 05 16:59:48 CET 2025	16/10/1998	16	10	1998	289	1998	5.99300e+00	1.97800e+01	7.10000e+01	9.90000e+01	2.00000e-01	2.00000e-01	0.00000e+00	0.00000e+00	0.00000e+00	0.00000e+00	0.00000e+00	2.00000e-01	1.07786e+00	1.82488e+01	8.25000e+00	1.23307e+01	5.91816e+00	2.04557e+01	-4.31710e+01	-1.51260e-01	1.09485e+01	1.26245e+01	-5.01000e+00	1.40000e+00	
monocrop	Wed Nov 05 16:59:48 CET 2025	17/10/1998	17	10	1998	290	1998	1.52300e+01	1.81400e+01	8.50000e+01	9.90000e+01	2.42000e+01	2.42000e+01	0.00000e+00	0.00000e+00	0.00000e+00	0.00000e+00	0.00000e+00	2.42000e+01	8.60647e-01	9.22396e+00	4.17000e+00	8.59335e+00	6.30612e-01	2.02000e+01	-1.81574e+01	-1.57687e-01	1.08979e+01	1.74590e+01	-5.06000e+00	1.70000e+00	
monocrop	Wed Nov 05 16:59:48 CET 2025	18/10/1998	18	10	1998	291	1998	1.21000e+01	2.14300e+01	4.70000e+01	9.90000e+01	1.20000e+00	1.20000e+00	0.00000e+00	0.00000e+00	0.00000e+00	0.00000e+00	0.00000e+00	1.20000e+00	1.44926e+00	2.63226e+01	1.19000e+01	1.11712e+01	1.51513e+01	1.99458e+01	-7.09986e+01	-1.64077e-01	1.08473e+01	1.39240e+01	-4.69000e+00	6.00000e-01	
monocrop	Wed Nov 05 16:59:48 CET 2025	19/10/1998	19	10	1998	292	1998	1.07400e+01	1.84300e+01	3.70000e+01	9.90000e+01	2.40000e+00	2.40000e+00	0.00000e+00	0.00000e+00	0.00000e+00	0.00000e+00	0.00000e+00	2.40000e+00	1.34743e+00	1.94876e+01	8.81000e+00	1.20517e+01	7.43588e+00	1.96932e+01	-4.92475e+01	-1.70427e-01	1.07970e+01	1.12795e+01	-4.74000e+00	9.00000e-01	
monocrop	Wed Nov 05 16:59:48 CET 2025	20/10/1998	20	10	1998	293	1998	4.35000e+00	1.92500e+01	3.30000e+01	8.40000e+01	0.00000e+00	0.00000e+00	0.00000e+00	0.00000e+00	0.00000e+00	0.00000e+00	0.00000e+00	0.00000e+00	1.32443e+00	3.12553e+01	1.41300e+01	7.97665e+00	2.32786e+01	1.94424e+01	-8.38844e+01	-1.76736e-01	1.07468e+01	8.08945e+00	-4.76000e+00	9.00000e-01	
monocrop	Wed Nov 05 16:59:48 CET 2025	21/10/1998	21	10	1998	294	1998	3.46100e+00	1.90900e+01	5.00000e+01	9.90000e+01	0.00000e+00	0.00000e+00	0.00000e+00	0.00000e+00	0.00000e+00	0.00000e+00	0.00000e+00	0.00000e+00	1.06392e+00	2.75834e+01	1.24700e+01	9.80279e+00	1.77806e+01	1.91934e+01	-7.36847e+01	-1.83002e-01	1.06967e+01	9.95047e+00	-4.83000e+00	8.00000e-01	
monocrop	Wed Nov 05 16:59:48 CET 2025	22/10/1998	22	10	1998	295	1998	6.17500e+00	1.88700e+01	7.40000e+01	9.90000e+01	2.00000e-01	2.00000e-01	0.00000e+00	0.00000e+00	0.00000e+00	0.00000e+00	0.00000e+00	2.00000e-01	9.12096e-01	2.26286e+01	1.02300e+01	1.12706e+01	1.13580e+01	1.89463e+01	-6.03669e+01	-1.89222e-01	1.06469e+01	1.25442e+01	-4.89000e+00	8.00000e-01	
monocrop	Wed Nov 05 16:59:48 CET 2025	23/10/1998	23	10	1998	296	1998	1.11000e+01	2.04200e+01	6.10000e+01	9.90000e+01	0.00000e+00	0.00000e+00	0.00000e+00	0.00000e+00	0.00000e+00	0.00000e+00	0.00000e+00	0.00000e+00	1.12229e+00	2.24074e+01	1.01300e+01	1.11101e+01	1.12973e+01	1.87012e+01	-6.27669e+01	-1.95396e-01	1.05973e+01	1.43118e+01	-4.95000e+00	6.00000e-01	
monocrop	Wed Nov 05 16:59:48 CET 2025	24/10/1998	24	10	1998	297	1998	1.15400e+01	2.23700e+01	3.40000e+01	9.90000e+01	0.00000e+00	0.00000e+00	0.00000e+00	0.00000e+00	0.00000e+00	0.00000e+00	0.00000e+00	0.00000e+00	1.65451e+00	2.01512e+01	9.11000e+00	1.12522e+01	8.89898e+00	1.84582e+01	-5.74916e+01	-2.01521e-01	1.05479e+01	1.28381e+01	-5.00000e+00	1.70000e+00	
monocrop	Wed Nov 05 16:59:48 CET 2025	25/10/1998	25	10	1998	298	1998	1.00100e+01	1.91400e+01	4.40000e+01	9.50000e+01	0.00000e+00	0.00000e+00	0.00000e+00	0.00000e+00	0.00000e+00	0.00000e+00	0.00000e+00	0.00000e+00	1.59691e+00	1.13032e+01	5.11000e+00	9.44213e+00	1.86110e+00	1.82174e+01	-2.76433e+01	-2.07595e-01	1.04987e+01	1.15208e+01	-5.06000e+00	2.50000e+00	
monocrop	Wed Nov 05 16:59:48 CET 2025	26/10/1998	26	10	1998	299	1998	5.40200e+00	1.97900e+01	4.10000e+01	8.10000e+01	0.00000e+00	0.00000e+00	0.00000e+00	0.00000e+00	0.00000e+00	0.00000e+00	0.00000e+00	0.00000e+00	1.68283e+00	2.48848e+01	1.12500e+01	9.61901e+00	1.52658e+01	1.79788e+01	-7.17596e+01	-2.13617e-01	1.04498e+01	8.88902e+00	-5.11000e+00	2.50000e+00	
monocrop	Wed Nov 05 16:59:48 CET 2025	27/10/1998	27	10	1998	300	1998	4.26400e+00	1.98400e+01	3.10000e+01	9.70000e+01	0.00000e+00	0.00000e+00	0.00000e+00	0.00000e+00	0.00000e+00	0.00000e+00	0.00000e+00	0.00000e+00	1.05783e+00	2.77825e+01	1.25600e+01	7.77151e+00	2.00110e+01	1.77426e+01	-8.19859e+01	-2.19584e-01	1.04011e+01	8.99838e+00	-5.16000e+00	9.00000e-01	
monocrop	Wed Nov 05 16:59:48 CET 2025	28/10/1998	28	10	1998	301	1998	3.79100e+00	2.28000e+01	4.40000e+01	9.90000e+01	0.00000e+00	0.00000e+00	0.00000e+00	0.00000e+00	0.00000e+00	0.00000e+00	0.00000e+00	0.00000e+00	1.26290e+00	2.69862e+01	1.22000e+01	7.93847e+00	1.90477e+01	1.75088e+01	-8.26933e+01	-2.25494e-01	1.03528e+01	1.09072e+01	-5.20000e+00	1.90000e+00	
monocrop	Wed Nov 05 16:59:48 CET 2025	29/10/1998	29	10	1998	302	1998	6.15500e+00	2.12900e+01	4.10000e+01	9.30000e+01	0.00000e+00	0.00000e+00	0.00000e+00	0.00000e+00	0.00000e+00	0.00000e+00	0.00000e+00	0.00000e+00	1.69442e+00	1.76516e+01	7.98000e+00	1.05833e+01	7.06831e+00	1.72775e+01	-5.15415e+01	-2.31346e-01	1.03046e+01	1.05091e+01	-5.24000e+00	3.00000e+00	
monocrop	Wed Nov 05 16:59:48 CET 2025	30/10/1998	30	10	1998	303	1998	2.44000e+00	1.41600e+01	4.40000e+01	8.90000e+01	0.00000e+00	0.00000e+00	0.00000e+00	0.00000e+00	0.00000e+00	0.00000e+00	0.00000e+00	0.00000e+00	9.81532e-01	1.44442e+01	6.53000e+00	1.01410e+01	4.30327e+00	1.70488e+01	-3.80481e+01	-2.37137e-01	1.02568e+01	7.27427e+00	-5.28000e+00	1.30000e+00	
monocrop	Wed Nov 05 16:59:48 CET 2025	31/10/1998	31	10	1998	304	1998	4.05600e+00	1.91500e+01	4.10000e+01	9.00000e+01	0.00000e+00	0.00000e+00	0.00000e+00	0.00000e+00	0.00000e+00	0.00000e+00	0.00000e+00	0.00000e+00	1.13023e+00	2.50396e+01	1.13200e+01	8.14381e+00	1.68958e+01	1.68228e+01	-7.69645e+01	-2.42866e-01	1.02094e+01	8.94025e+00	-5.32000e+00	1.70000e+00	
monocrop	Wed Nov 05 16:59:48 CET 2025	1/11/1998	1	11	1998	305	1998	9.22000e+00	2.12900e+01	5.50000e+01	8.00000e+01	0.00000e+00	0.00000e+00	0.00000e+00	0.00000e+00	0.00000e+00	0.00000e+00	0.00000e+00	0.00000e+00	1.60558e+00	2.12793e+01	9.62000e+00	9.50353e+00	1.17757e+01	1.65996e+01	-6.78644e+01	-2.48530e-01	1.01622e+01	1.16906e+01	-5.35000e+00	2.70000e+00	
monocrop	Wed Nov 05 16:59:48 CET 2025	2/11/1998	2	11	1998	306	1998	3.99100e+00	1.93000e+01	5.50000e+01	9.90000e+01	0.00000e+00	0.00000e+00	0.00000e+00	0.00000e+00	0.00000e+00	0.00000e+00	0.00000e+00	0.00000e+00	7.00185e-01	1.94876e+01	8.81000e+00	9.75865e+00	9.72891e+00	1.63793e+01	-5.98668e+01	-2.54128e-01	1.01154e+01	1.05395e+01	-5.39000e+00	6.00000e-01	
monocrop	Wed Nov 05 16:59:48 CET 2025	3/11/1998	3	11	1998	307	1998	1.12300e+01	1.82300e+01	6.70000e+01	9.90000e+01	1.40000e+00	1.40000e+00	0.00000e+00	0.00000e+00	0.00000e+00	0.00000e+00	0.00000e+00	1.40000e+00	7.37589e-01	9.88756e+00	4.47000e+00	8.31000e+00	1.57756e+00	1.61619e+01	-2.70628e+01	-2.59658e-01	1.00690e+01	1.38971e+01	-5.42000e+00	6.00000e-01	
monocrop	Wed Nov 05 16:59:48 CET 2025	4/11/1998	4	11	1998	308	1998	8.46000e+00	1.34300e+01	6.30000e+01	9.90000e+01	8.00000e-01	8.00000e-01	0.00000e+00	0.00000e+00	0.00000e+00	0.00000e+00	0.00000e+00	8.00000e-01	7.53209e-01	5.90599e+00	2.67000e+00	5.80174e+00	1.04252e-01	1.59475e+01	-1.23274e+01	-2.65117e-01	1.00229e+01	1.05838e+01	-5.42000e+00	1.10000e+00	
monocrop	Wed Nov 05 16:59:48 CET 2025	5/11/1998	5	11	1998	309	1998	-1.64600e+00	1.66900e+01	3.10000e+01	9.90000e+01	0.00000e+00	0.00000e+00	0.00000e+00	0.00000e+00	0.00000e+00	0.00000e+00	0.00000e+00	0.00000e+00	5.28460e-01	2.55484e+01	1.15500e+01	6.28058e+00	1.92678e+01	1.57362e+01	-8.08070e+01	-2.70504e-01	9.97731e+00	6.74320e+00	-5.43000e+00	7.00000e-01	
monocrop	Wed Nov 05 16:59:48 CET 2025	6/11/1998	6	11	1998	310	1998	-3.76600e+00	1.67500e+01	2.80000e+01	9.90000e+01	2.00000e-01	2.00000e-01	0.00000e+00	0.00000e+00	0.00000e+00	0.00000e+00	0.00000e+00	2.00000e-01	4.33070e-01	2.53493e+01	1.14600e+01	6.09849e+00	1.92508e+01	1.55281e+01	-8.06185e+01	-2.75817e-01	9.93211e+00	6.13812e+00	-5.46000e+00	5.00000e-01	
monocrop	Wed Nov 05 16:59:48 CET 2025	7/11/1998	7	11	1998	311	1998	-2.79800e+00	1.73700e+01	3.20000e+01	9.60000e+01	0.00000e+00	0.00000e+00	0.00000e+00	0.00000e+00	0.00000e+00	0.00000e+00	0.00000e+00	0.00000e+00	5.16038e-01	2.54820e+01	1.15200e+01	5.67388e+00	1.98082e+01	1.53233e+01	-8.31287e+01	-2.81054e-01	9.88735e+00	6.53315e+00	-5.48000e+00	9.00000e-01	
monocrop	Wed Nov 05 16:59:48 CET 2025	8/11/1998	8	11	1998	312	1998	-4.30000e-01	1.64300e+01	5.30000e+01	9.90000e+01	0.00000e+00	0.00000e+00	0.00000e+00	0.00000e+00	0.00000e+00	0.00000e+00	0.00000e+00	0.00000e+00	4.32496e-01	2.08147e+01	9.41000e+00	8.13925e+00	1.26755e+01	1.51217e+01	-6.74924e+01	-2.86212e-01	9.84305e+00	8.14560e+00	-5.51000e+00	7.00000e-01	
monocrop	Wed Nov 05 16:59:48 CET 2025	9/11/1998	9	11	1998	313	1998	2.57000e-01	1.79600e+01	5.40000e+01	9.90000e+01	0.00000e+00	0.00000e+00	0.00000e+00	0.00000e+00	0.00000e+00	0.00000e+00	0.00000e+00	0.00000e+00	3.91889e-01	2.23631e+01	1.01100e+01	7.14094e+00	1.52222e+01	1.49237e+01	-7.55268e+01	-2.91291e-01	9.79925e+00	8.83884e+00	-5.54000e+00	6.00000e-01	
monocrop	Wed Nov 05 16:59:48 CET 2025	10/11/1998	10	11	1998	314	1998	4.11400e+00	1.91600e+01	4.80000e+01	9.90000e+01	4.00000e+00	4.00000e+00	0.00000e+00	0.00000e+00	0.00000e+00	0.00000e+00	0.00000e+00	4.00000e+00	8.89416e-01	9.62212e+00	4.35000e+00	7.85227e+00	1.76985e+00	1.47290e+01	-2.89631e+01	-2.96287e-01	9.75595e+00	1.00548e+01	-5.56000e+00	1.40000e+00	
monocrop	Wed Nov 05 16:59:48 CET 2025	11/11/1998	11	11	1998	315	1998	2.49000e-01	1.56800e+01	2.50000e+01	8.10000e+01	0.00000e+00	0.00000e+00	0.00000e+00	0.00000e+00	0.00000e+00	0.00000e+00	0.00000e+00	0.00000e+00	5.66945e-01	2.43097e+01	1.09900e+01	5.28164e+00	1.90280e+01	1.45380e+01	-8.33863e+01	-3.01199e-01	9.71317e+00	5.66678e+00	-5.50000e+00	1.00000e+00	
monocrop	Wed Nov 05 16:59:48 CET 2025	12/11/1998	12	11	1998	316	1998	-1.28824e+00	1.49540e+01	4.30000e+01	9.50000e+01	0.00000e+00	0.00000e+00	0.00000e+00	0.00000e+00	0.00000e+00	0.00000e+00	0.00000e+00	0.00000e+00	7.40708e-01	1.34488e+01	6.08000e+00	8.73127e+00	4.71757e+00	1.43506e+01	-4.26495e+01	-3.06025e-01	9.67096e+00	6.82804e+00	-5.53000e+00	1.60000e+00	
monocrop	Wed Nov 05 16:59:48 CET 2025	13/11/1998	13	11	1998	317	1998	-9.91960e-01	1.12976e+01	4.90000e+01	9.90000e+01	2.00000e+00	2.00000e+00	0.00000e+00	0.00000e+00	0.00000e+00	0.00000e+00	0.00000e+00	2.00000e+00	4.90208e-01	8.82581e+00	3.99000e+00	7.35952e+00	1.46628e+00	1.41669e+01	-2.49322e+01	-3.10764e-01	9.62931e+00	6.51940e+00	-5.55000e+00	4.00000e-01	
monocrop	Wed Nov 05 16:59:48 CET 2025	14/11/1998	14	11	1998	318	1998	4.63736e+00	1.40138e+01	5.80000e+01	9.90000e+01	4.00000e+00	4.00000e+00	0.00000e+00	0.00000e+00	0.00000e+00	0.00000e+00	0.00000e+00	4.00000e+00	6.29890e-01	1.27853e+01	5.78000e+00	8.47386e+00	4.31139e+00	1.39869e+01	-4.20462e+01	-3.15412e-01	9.58827e+00	9.20362e+00	-5.53000e+00	1.70000e+00	
monocrop	Wed Nov 05 16:59:48 CET 2025	15/11/1998	15	11	1998	319	1998	-3.99400e-01	1.43272e+01	3.80000e+01	9.80000e+01	0.00000e+00	0.00000e+00	0.00000e+00	0.00000e+00	0.00000e+00	0.00000e+00	0.00000e+00	0.00000e+00	5.14761e-01	2.16332e+01	9.78000e+00	6.04470e+00	1.55885e+01	1.38108e+01	-7.64076e+01	-3.19969e-01	9.54784e+00	6.78989e+00	-5.47000e+00	1.80000e+00	
monocrop	Wed Nov 05 16:59:48 CET 2025	16/11/1998	16	11	1998	320	1998	-2.67088e+00	1.46406e+01	3.10000e+01	9.90000e+01	0.00000e+00	0.00000e+00	0.00000e+00	0.00000e+00	0.00000e+00	0.00000e+00	0.00000e+00	0.00000e+00	3.22545e-01	2.22968e+01	1.00800e+01	5.33338e+00	1.69634e+01	1.36386e+01	-7.95744e+01	-3.24432e-01	9.50806e+00	6.06695e+00	-5.50000e+00	1.10000e+00	
monocrop	Wed Nov 05 16:59:48 CET 2025	17/11/1998	17	11	1998	321	1998	-2.86840e+00	1.29691e+01	2.70000e+01	5.50000e+01	0.00000e+00	0.00000e+00	0.00000e+00	0.00000e+00	0.00000e+00	0.00000e+00	0.00000e+00	0.00000e+00	7.06410e-01	2.04608e+01	9.25000e+00	6.28766e+00	1.41732e+01	1.34704e+01	-7.21348e+01	-3.28799e-01	9.46896e+00	3.58641e+00	-5.53000e+00	1.40000e+00	
monocrop	Wed Nov 05 16:59:48 CET 2025	18/11/1998	18	11	1998	322	1998	1.47704e+00	1.08797e+01	3.90000e+01	6.00000e+01	0.00000e+00	0.00000e+00	0.00000e+00	0.00000e+00	0.00000e+00	0.00000e+00	0.00000e+00	0.00000e+00	5.97736e-01	1.74747e+01	7.90000e+00	7.48229e+00	9.99236e+00	1.33062e+01	-6.12140e+01	-3.33069e-01	9.43054e+00	4.68242e+00	-5.55000e+00	1.00000e+00	
monocrop	Wed Nov 05 16:59:48 CET 2025	19/11/1998	19	11	1998	323	1998	-4.64608e+00	1.17154e+01	2.70000e+01	9.70000e+01	0.00000e+00	0.00000e+00	0.00000e+00	0.00000e+00	0.00000e+00	0.00000e+00	0.00000e+00	0.00000e+00	1.47167e-01	2.11908e+01	9.58000e+00	5.35379e+00	1.58370e+01	1.31461e+01	-7.55040e+01	-3.37240e-01	9.39285e+00	4.87649e+00	-5.58000e+00	6.00000e-01	
monocrop	Wed Nov 05 16:59:48 CET 2025	20/11/1998	20	11	1998	324	1998	-6.81880e+00	1.04618e+01	2.50000e+01	8.70000e+01	0.00000e+00	0.00000e+00	0.00000e+00	0.00000e+00	0.00000e+00	0.00000e+00	0.00000e+00	0.00000e+00	2.62917e-01	2.14120e+01	9.68000e+00	4.95187e+00	1.64601e+01	1.29902e+01	-7.57116e+01	-3.41310e-01	9.35590e+00	3.89978e+00	-5.60000e+00	1.10000e+00	
monocrop	Wed Nov 05 16:59:48 CET 2025	21/11/1998	21	11	1998	325	1998	-3.55972e+00	6.38747e+00	3.00000e+01	6.30000e+01	0.00000e+00	0.00000e+00	0.00000e+00	0.00000e+00	0.00000e+00	0.00000e+00	0.00000e+00	0.00000e+00	4.61270e-01	2.01512e+01	9.11000e+00	5.59262e+00	1.45585e+01	1.28384e+01	-6.98539e+01	-3.45277e-01	9.31972e+00	3.14498e+00	-5.62000e+00	1.40000e+00	
monocrop	Wed Nov 05 16:59:48 CET 2025	22/11/1998	22	11	1998	326	1998	-6.12748e+00	2.83549e+00	4.90000e+01	9.70000e+01	4.00000e-01	0.00000e+00	4.00000e-01	0.00000e+00	4.00000e-01	4.00000e-01	0.00000e+00	0.00000e+00	3.98756e-01	6.03871e+00	2.73000e+00	5.55774e+00	4.80974e-01	1.26909e+01	-1.58328e+01	-3.49140e-01	9.28433e+00	3.95259e+00	-5.65000e+00	6.00000e-01	
monocrop	Wed Nov 05 16:59:48 CET 2025	23/11/1998	23	11	1998	327	1998	-5.43616e+00	8.79028e+00	4.10000e+01	9.60000e+01	0.00000e+00	0.00000e+00	0.00000e+00	0.00000e+00	4.00000e-01	4.00000e-01	0.00000e+00	0.00000e+00	1.70969e-01	1.63023e+01	7.37000e+00	7.11495e+00	9.18736e+00	1.25478e+01	-5.75742e+01	-3.52896e-01	9.24977e+00	4.72119e+00	-5.66000e+00	7.00000e-01	
monocrop	Wed Nov 05 16:59:48 CET 2025	24/11/1998	24	11	1998	328	1998	-8.00392e+00	1.18199e+01	1.80000e+01	8.90000e+01	2.00000e-01	2.00000e-01	0.00000e+00	0.00000e+00	6.00000e-01	2.00000e-01	2.00000e-01	0.00000e+00	1.63787e-01	1.82931e+01	8.27000e+00	6.10278e+00	1.21903e+01	1.24090e+01	-6.75686e+01	-3.56544e-01	9.21606e+00	3.74880e+00	-5.68000e+00	5.00000e-01	
monocrop	Wed Nov 05 16:59:48 CET 2025	25/11/1998	25	11	1998	329	1998	-5.43616e+00	9.41710e+00	4.10000e+01	9.50000e+01	4.00000e-01	4.00000e-01	0.00000e+00	0.00000e+00	8.00000e-01	0.00000e+00	2.00000e-01	2.00000e-01	6.43385e-01	3.56129e+00	1.61000e+00	3.52568e+00	3.56128e-02	1.22746e+01	-7.48456e+00	-3.60082e-01	9.18322e+00	4.79300e+00	-5.69000e+00	8.00000e-01	
monocrop	Wed Nov 05 16:59:48 CET 2025	26/11/1998	26	11	1998	330	1998	-1.28824e+00	1.49540e+01	3.30000e+01	8.30000e+01	2.00000e-01	2.00000e-01	0.00000e+00	8.00000e-01	0.00000e+00	0.00000e+00	0.00000e+00	1.00000e+00	3.23468e-01	1.92885e+01	8.72000e+00	5.14212e+00	1.41464e+01	1.21447e+01	-7.78517e+01	-3.63508e-01	9.15128e+00	5.73951e+00	-5.70000e+00	1.30000e+00	
monocrop	Wed Nov 05 16:59:48 CET 2025	27/11/1998	27	11	1998	331	1998	1.87208e+00	1.34914e+01	4.70000e+01	8.10000e+01	0.00000e+00	0.00000e+00	0.00000e+00	0.00000e+00	0.00000e+00	0.00000e+00	0.00000e+00	0.00000e+00	8.43192e-01	1.03963e+01	4.70000e+00	7.19063e+00	3.20568e+00	1.20193e+01	-3.87653e+01	-3.66822e-01	9.12027e+00	6.71228e+00	-5.71000e+00	2.00000e+00	
monocrop	Wed Nov 05 16:59:48 CET 2025	28/11/1998	28	11	1998	332	1998	-3.75724e+00	1.66255e+01	2.80000e+01	9.40000e+01	2.00000e-01	2.00000e-01	0.00000e+00	0.00000e+00	0.00000e+00	0.00000e+00	0.00000e+00	2.00000e-01	1.43664e-01	1.67889e+01	7.59000e+00	6.22428e+00	1.05647e+01	1.18985e+01	-6.87236e+01	-3.70021e-01	9.09021e+00	5.87300e+00	-5.73000e+00	5.00000e-01	
monocrop	Wed Nov 05 16:59:48 CET 2025	29/11/1998	29	11	1998	333	1998	1.57580e+00	1.40138e+01	3.70000e+01	9.90000e+01	1.40000e+00	1.40000e+00	0.00000e+00	0.00000e+00	0.00000e+00	0.00000e+00	0.00000e+00	1.40000e+00	3.36824e-01	1.39134e+01	6.29000e+00	7.04006e+00	6.87331e+00	1.17823e+01	-5.60175e+01	-3.73104e-01	9.06112e+00	7.18700e+00	-5.74000e+00	1.00000e+00	
monocrop	Wed Nov 05 16:59:48 CET 2025	30/11/1998	30	11	1998	334	1998	-1.48576e+00	1.30736e+01	4.50000e+01	9.20000e+01	0.00000e+00	0.00000e+00	0.00000e+00	0.00000e+00	0.00000e+00	0.00000e+00	0.00000e+00	0.00000e+00	1.02572e-01	1.70323e+01	7.70000e+00	5.83011e+00	1.12021e+01	1.16707e+01	-6.95597e+01	-3.76069e-01	9.03304e+00	6.30966e+00	-5.73000e+00	9.00000e-01	
monocrop	Wed Nov 05 16:59:48 CET 2025	1/12/1998	1	12	1998	335	1998	-2.57212e+00	1.09841e+01	4.40000e+01	8.50000e+01	0.00000e+00	0.00000e+00	0.00000e+00	0.00000e+00	0.00000e+00	0.00000e+00	0.00000e+00	0.00000e+00	4.22386e-01	9.13548e+00	4.13000e+00	6.72104e+00	2.41444e+00	1.15638e+01	-3.33480e+01	-3.78915e-01	9.00599e+00	5.31852e+00	-5.74000e+00	6.00000e-01	
monocrop	Wed Nov 05 16:59:48 CET 2025	2/12/1998	2	12	1998	336	1998	-4.33700e+00	8.10000e+00	4.90000e+01	9.80000e+01	0.00000e+00	0.00000e+00	0.00000e+00	0.00000e+00	0.00000e+00	0.00000e+00	0.00000e+00	0.00000e+00	2.20530e-01	1.02194e+01	4.62000e+00	6.90821e+00	3.31115e+00	1.14617e+01	-3.72706e+01	-3.81640e-01	8.97999e+00	5.14047e+00	-5.76000e+00	6.00000e-01	
monocrop	Wed Nov 05 16:59:48 CET 2025	3/12/1998	3	12	1998	337	1998	1.47900e+00	9.10000e+00	5.10000e+01	7.80000e+01	0.00000e+00	0.00000e+00	0.00000e+00	0.00000e+00	0.00000e+00	0.00000e+00	0.00000e+00	0.00000e+00	7.06436e-01	6.34839e+00	2.87000e+00	5.53382e+00	8.14562e-01	1.13643e+01	-2.13950e+01	-3.84244e-01	8.95506e+00	5.73677e+00	-5.78000e+00	1.20000e+00	
monocrop	Wed Nov 05 16:59:48 CET 2025	4/12/1998	4	12	1998	338	1998	-2.95900e+00	1.41200e+01	2.70000e+01	9.00000e+01	2.00000e-01	2.00000e-01	0.00000e+00	0.00000e+00	0.00000e+00	0.00000e+00	0.00000e+00	2.00000e-01	3.72705e-01	1.80055e+01	8.14000e+00	4.70274e+00	1.33028e+01	1.12716e+01	-7.72124e+01	-3.86724e-01	8.93124e+00	5.30939e+00	-5.79000e+00	2.00000e+00	
monocrop	Wed Nov 05 16:59:48 CET 2025	5/12/1998	5	12	1998	339	1998	-3.76000e-01	1.04100e+01	3.10000e+01	7.60000e+01	0.00000e+00	0.00000e+00	0.00000e+00	0.00000e+00	0.00000e+00	0.00000e+00	0.00000e+00	0.00000e+00	4.59714e-01	1.73862e+01	7.86000e+00	4.97871e+00	1.24075e+01	1.11838e+01	-7.29954e+01	-3.89080e-01	8.90854e+00	4.66896e+00	-5.80000e+00	2.00000e+00	
monocrop	Wed Nov 05 16:59:48 CET 2025	6/12/1998	6	12	1998	340	1998	-2.92400e+00	1.14200e+01	3.40000e+01	7.60000e+01	0.00000e+00	0.00000e+00	0.00000e+00	0.00000e+00	0.00000e+00	0.00000e+00	0.00000e+00	0.00000e+00	5.13719e-01	1.78065e+01	8.05000e+00	4.58131e+00	1.32251e+01	1.11009e+01	-7.55202e+01	-3.91309e-01	8.88698e+00	4.54855e+00	-5.82000e+00	2.50000e+00	
monocrop	Wed Nov 05 16:59:48 CET 2025	7/12/1998	7	12	1998	341	1998	-8.17000e+00	1.00800e+01	2.10000e+01	8.30000e+01	0.00000e+00	0.00000e+00	0.00000e+00	0.00000e+00	0.00000e+00	0.00000e+00	0.00000e+00	0.00000e+00	0.00000e+00	1.80940e+01	8.18000e+00	4.25709e+00	1.38369e+01	1.10228e+01	-7.47600e+01	-3.93412e-01	8.86660e+00	3.40279e+00	-5.83000e+00	7.00000e-01	
monocrop	Wed Nov 05 16:59:48 CET 2025	8/12/1998	8	12	1998	342	1998	-9.13000e+00	1.11100e+01	2.90000e+01	9.20000e+01	0.00000e+00	0.00000e+00	0.00000e+00	0.00000e+00	0.00000e+00	0.00000e+00	0.00000e+00	0.00000e+00	0.00000e+00	1.80498e+01	8.16000e+00	4.17322e+00	1.38766e+01	1.09497e+01	-7.55919e+01	-3.95387e-01	8.84740e+00	3.96901e+00	-5.85000e+00	7.00000e-01	
monocrop	Wed Nov 05 16:59:48 CET 2025	9/12/1998	9	12	1998	343	1998	-5.64100e+00	8.63000e+00	3.80000e+01	8.60000e+01	0.00000e+00	0.00000e+00	0.00000e+00	0.00000e+00	0.00000e+00	0.00000e+00	0.00000e+00	0.00000e+00	2.92381e-01	9.20184e+00	4.16000e+00	6.46898e+00	2.73286e+00	1.08815e+01	-3.49986e+01	-3.97233e-01	8.82941e+00	4.21763e+00	-5.86000e+00	4.00000e-01	
monocrop	Wed Nov 05 16:59:48 CET 2025	10/12/1998	10	12	1998	344	1998	-2.40200e+00	1.17100e+01	5.90000e+01	9.90000e+01	8.00000e-01	8.00000e-01	0.00000e+00	0.00000e+00	0.00000e+00	0.00000e+00	0.00000e+00	8.00000e-01	1.13707e-01	1.01751e+01	4.60000e+00	6.58564e+00	3.58948e+00	1.08182e+01	-4.14355e+01	-3.98948e-01	8.81264e+00	6.72182e+00	-5.88000e+00	5.00000e-01	
monocrop	Wed Nov 05 16:59:48 CET 2025	11/12/1998	11	12	1998	345	1998	5.31800e+00	1.54800e+01	3.50000e+01	9.90000e+01	4.00000e-01	4.00000e-01	0.00000e+00	0.00000e+00	0.00000e+00	0.00000e+00	0.00000e+00	4.00000e-01	2.05325e-01	1.62359e+01	7.34000e+00	5.08501e+00	1.11509e+01	1.07600e+01	-7.60426e+01	-4.00533e-01	8.79712e+00	8.44169e+00	-5.87000e+00	1.40000e+00	
monocrop	Wed Nov 05 16:59:48 CET 2025	12/12/1998	12	12	1998	346	1998	3.09000e+00	1.82200e+01	4.80000e+01	9.60000e+01	0.00000e+00	0.00000e+00	0.00000e+00	0.00000e+00	0.00000e+00	0.00000e+00	0.00000e+00	0.00000e+00	3.25031e-01	1.24977e+01	5.65000e+00	6.42358e+00	6.07411e+00	1.07067e+01	-5.79543e+01	-4.01986e-01	8.78286e+00	9.22793e+00	-5.87000e+00	1.30000e+00	
monocrop	Wed Nov 05 16:59:48 CET 2025	13/12/1998	13	12	1998	347	1998	-9.78000e-01	2.03800e+01	3.80000e+01	9.90000e+01	0.00000e+00	0.00000e+00	0.00000e+00	0.00000e+00	0.00000e+00	0.00000e+00	0.00000e+00	0.00000e+00	1.54435e-01	1.33382e+01	6.03000e+00	6.19599e+00	7.14226e+00	1.06585e+01	-6.30416e+01	-4.03306e-01	8.76988e+00	8.23654e+00	-5.88000e+00	7.00000e-01	
monocrop	Wed Nov 05 16:59:48 CET 2025	14/12/1998	14	12	1998	348	1998	-3.39600e+00	1.76700e+01	2.60000e+01	9.90000e+01	2.00000e-01	2.00000e-01	0.00000e+00	0.00000e+00	0.00000e+00	0.00000e+00	0.00000e+00	2.00000e-01	1.50357e-01	1.27410e+01	5.76000e+00	6.30171e+00	6.43931e+00	1.06153e+01	-5.80003e+01	-4.04492e-01	8.75819e+00	6.31524e+00	-5.90000e+00	5.00000e-01	
monocrop	Wed Nov 05 16:59:48 CET 2025	15/12/1998	15	12	1998	349	1998	-3.98400e+00	1.79600e+01	3.30000e+01	9.90000e+01	0.00000e+00	0.00000e+00	0.00000e+00	0.00000e+00	0.00000e+00	0.00000e+00	0.00000e+00	0.00000e+00	0.00000e+00	1.62138e+01	7.33000e+00	4.84943e+00	1.13644e+01	1.05771e+01	-7.63654e+01	-4.05544e-01	8.74781e+00	6.60110e+00	-5.90000e+00	5.00000e-01	
monocrop	Wed Nov 05 16:59:48 CET 2025	16/12/1998	16	12	1998	350	1998	-4.19300e+00	2.05800e+01	2.60000e+01	9.90000e+01	0.00000e+00	0.00000e+00	0.00000e+00	0.00000e+00	0.00000e+00	0.00000e+00	0.00000e+00	0.00000e+00	0.00000e+00	1.69438e+01	7.66000e+00	4.33049e+00	1.26133e+01	1.05440e+01	-8.24862e+01	-4.06462e-01	8.73874e+00	6.78743e+00	-5.91000e+00	7.00000e-01	
monocrop	Wed Nov 05 16:59:48 CET 2025	17/12/1998	17	12	1998	351	1998	-4.79400e+00	1.48600e+01	4.00000e+01	9.90000e+01	0.00000e+00	0.00000e+00	0.00000e+00	0.00000e+00	0.00000e+00	0.00000e+00	0.00000e+00	0.00000e+00	0.00000e+00	1.59705e+01	7.22000e+00	4.91027e+00	1.10602e+01	1.05160e+01	-7.30562e+01	-4.07245e-01	8.73100e+00	6.07205e+00	-5.93000e+00	6.00000e-01	
monocrop	Wed Nov 05 16:59:48 CET 2025	18/12/1998	18	12	1998	352	1998	-4.85300e+00	1.44500e+01	4.90000e+01	9.90000e+01	2.00000e-01	2.00000e-01	0.00000e+00	0.00000e+00	0.00000e+00	0.00000e+00	0.00000e+00	2.00000e-01	0.00000e+00	1.54839e+01	7.00000e+00	5.15252e+00	1.03313e+01	1.04931e+01	-7.04627e+01	-4.07891e-01	8.72459e+00	6.36029e+00	-5.94000e+00	5.00000e-01	
monocrop	Wed Nov 05 16:59:48 CET 2025	19/12/1998	19	12	1998	353	1998	-3.77400e+00	1.30200e+01	4.80000e+01	9.90000e+01	0.00000e+00	0.00000e+00	0.00000e+00	0.00000e+00	0.00000e+00	0.00000e+00	0.00000e+00	0.00000e+00	2.26592e-01	1.14581e+01	5.18000e+00	6.38395e+00	5.07411e+00	1.04754e+01	-4.97713e+01	-4.08402e-01	8.71953e+00	6.24030e+00	-5.94000e+00	1.50000e+00	
monocrop	Wed Nov 05 16:59:48 CET 2025	20/12/1998	20	12	1998	354	1998	-3.13900e+00	5.38500e+00	8.20000e+01	9.90000e+01	6.40000e+00	6.40000e+00	0.00000e+00	0.00000e+00	0.00000e+00	0.00000e+00	0.00000e+00	6.40000e+00	2.51160e-01	3.14101e+00	1.42000e+00	3.10960e+00	3.14102e-02	1.04627e+01	-7.85135e+00	-4.08776e-01	8.71582e+00	5.99423e+00	-5.95000e+00	5.00000e-01	
monocrop	Wed Nov 05 16:59:48 CET 2025	21/12/1998	21	12	1998	355	1998	4.06000e-01	8.55000e+00	2.90000e+01	8.70000e+01	0.00000e+00	0.00000e+00	0.00000e+00	0.00000e+00	0.00000e+00	0.00000e+00	0.00000e+00	0.00000e+00	4.02459e-02	1.73641e+01	7.85000e+00	3.88823e+00	1.34758e+01	1.04551e+01	-7.73059e+01	-4.09013e-01	8.71346e+00	4.87460e+00	-5.84000e+00	1.30000e+00	
monocrop	Wed Nov 05 16:59:48 CET 2025	22/12/1998	22	12	1998	356	1998	-6.20000e+00	8.94000e+00	3.10000e+01	8.80000e+01	0.00000e+00	0.00000e+00	0.00000e+00	0.00000e+00	0.00000e+00	0.00000e+00	0.00000e+00	0.00000e+00	0.00000e+00	1.71650e+01	7.76000e+00	4.03189e+00	1.31331e+01	1.04527e+01	-7.45768e+01	-4.09114e-01	8.71246e+00	4.01156e+00	-5.85000e+00	5.00000e-01	
monocrop	Wed Nov 05 16:59:48 CET 2025	23/12/1998	23	12	1998	357	1998	1.51800e+00	7.55000e+00	4.90000e+01	9.90000e+01	1.60000e+00	1.60000e+00	0.00000e+00	0.00000e+00	0.00000e+00	0.00000e+00	0.00000e+00	1.60000e+00	3.35868e-01	7.32166e+00	3.31000e+00	5.77271e+00	1.54895e+00	1.04554e+01	-2.82817e+01	-4.09078e-01	8.71283e+00	6.24375e+00	-5.86000e+00	8.00000e-01	
monocrop	Wed Nov 05 16:59:48 CET 2025	24/12/1998	24	12	1998	358	1998	8.57000e-01	1.01700e+01	4.40000e+01	9.90000e+01	8.00000e-01	8.00000e-01	0.00000e+00	0.00000e+00	0.00000e+00	0.00000e+00	0.00000e+00	8.00000e-01	3.39794e-01	8.80369e+00	3.98000e+00	6.21107e+00	2.59262e+00	1.04633e+01	-3.62211e+01	-4.08904e-01	8.71455e+00	6.45915e+00	-5.84000e+00	1.00000e+00	
monocrop	Wed Nov 05 16:59:48 CET 2025	25/12/1998	25	12	1998	359	1998	-5.75700e+00	1.19000e+01	2.50000e+01	9.50000e+01	0.00000e+00	0.00000e+00	0.00000e+00	0.00000e+00	0.00000e+00	0.00000e+00	0.00000e+00	0.00000e+00	0.00000e+00	1.70323e+01	7.70000e+00	4.16446e+00	1.28678e+01	1.04762e+01	-7.61472e+01	-4.08594e-01	8.71763e+00	4.56717e+00	-5.83000e+00	5.00000e-01	
monocrop	Wed Nov 05 16:59:48 CET 2025	26/12/1998	26	12	1998	360	1998	-5.00700e+00	8.88000e+00	5.00000e+01	9.90000e+01	0.00000e+00	0.00000e+00	0.00000e+00	0.00000e+00	0.00000e+00	0.00000e+00	0.00000e+00	0.00000e+00	0.00000e+00	1.32940e+01	6.01000e+00	6.05548e+00	7.23853e+00	1.04944e+01	-5.61813e+01	-4.08146e-01	8.72206e+00	5.23094e+00	-5.85000e+00	6.00000e-01	
monocrop	Wed Nov 05 16:59:48 CET 2025	27/12/1998	27	12	1998	361	1998	1.12200e+00	1.19100e+01	6.60000e+01	9.70000e+01	0.00000e+00	0.00000e+00	0.00000e+00	0.00000e+00	0.00000e+00	0.00000e+00	0.00000e+00	0.00000e+00	9.64864e-02	1.13253e+01	5.12000e+00	6.42325e+00	4.90210e+00	1.05176e+01	-4.93105e+01	-4.07563e-01	8.72785e+00	7.89109e+00	-5.86000e+00	1.20000e+00	
monocrop	Wed Nov 05 16:59:48 CET 2025	28/12/1998	28	12	1998	362	1998	1.12200e+01	1.29300e+01	8.20000e+01	9.50000e+01	2.00000e-01	2.00000e-01	0.00000e+00	0.00000e+00	0.00000e+00	0.00000e+00	0.00000e+00	2.00000e-01	4.08248e-01	6.70230e+00	3.03000e+00	5.53941e+00	1.16289e+00	1.05460e+01	-2.71983e+01	-4.06842e-01	8.73498e+00	1.24619e+01	-5.88000e+00	2.20000e+00	
monocrop	Wed Nov 05 16:59:48 CET 2025	29/12/1998	29	12	1998	363	1998	8.77000e+00	1.27400e+01	8.10000e+01	9.70000e+01	4.00000e-01	4.00000e-01	0.00000e+00	0.00000e+00	0.00000e+00	0.00000e+00	0.00000e+00	4.00000e-01	1.55403e-01	1.11041e+01	5.02000e+00	6.47537e+00	4.62878e+00	1.05795e+01	-4.97411e+01	-4.05986e-01	8.74345e+00	1.14830e+01	-5.88000e+00	2.20000e+00	
monocrop	Wed Nov 05 16:59:48 CET 2025	30/12/1998	30	12	1998	364	1998	9.79000e+00	1.27500e+01	8.10000e+01	9.20000e+01	8.00000e-01	8.00000e-01	0.00000e+00	0.00000e+00	0.00000e+00	0.00000e+00	0.00000e+00	8.00000e-01	4.57140e-01	7.52074e+00	3.40000e+00	5.89425e+00	1.62649e+00	1.06182e+01	-3.10430e+01	-4.04994e-01	8.75324e+00	1.15490e+01	-5.88000e+00	2.60000e+00	
monocrop	Wed Nov 05 16:59:48 CET 2025	31/12/1998	31	12	1998	365	1998	8.71000e+00	1.11800e+01	8.50000e+01	9.90000e+01	6.00000e+01	6.00000e+01	0.00000e+00	0.00000e+00	0.00000e+00	0.00000e+00	0.00000e+00	6.00000e+01	6.25930e-01	1.50415e+00	6.80000e-01	1.48911e+00	1.50415e-02	1.06619e+01	2.84271e-01	-4.03866e-01	8.76436e+00	1.12448e+01	-5.88000e+00	4.10000e+00	
monocrop	Wed Nov 05 16:59:48 CET 2025	1/1/1999	1	1	1999	1	1999	7.90000e+00	1.08400e+01	9.30000e+01	9.90000e+01	1.62000e+01	1.62000e+01	0.00000e+00	0.00000e+00	0.00000e+00	0.00000e+00	0.00000e+00	1.62000e+01	2.47729e-01	3.82673e+00	1.73000e+00	3.78959e+00	3.71399e-02	1.07246e+01	-1.13635e+01	-4.02256e-01	8.78021e+00	1.12891e+01	-4.95000e+00	1.10000e+00	
monocrop	Wed Nov 05 16:59:48 CET 2025	2/1/1999	2	1	1999	2	1999	4.74700e+00	1.19000e+01	7.60000e+01	9.90000e+01	6.00000e-01	6.00000e-01	0.00000e+00	0.00000e+00	0.00000e+00	0.00000e+00	0.00000e+00	6.00000e-01	1.41129e-01	8.58249e+00	3.88000e+00	6.28313e+00	2.29936e+00	1.07798e+01	-3.49449e+01	-4.00825e-01	8.79425e+00	9.58669e+00	-4.72000e+00	6.00000e-01	
monocrop	Wed Nov 05 16:59:48 CET 2025	3/1/1999	3	1	1999	3	1999	4.55900e+00	1.52800e+01	5.50000e+01	9.20000e+01	0.00000e+00	0.00000e+00	0.00000e+00	0.00000e+00	0.00000e+00	0.00000e+00	0.00000e+00	0.00000e+00	6.31424e-01	1.05290e+01	4.76000e+00	6.62441e+00	3.90463e+00	1.08401e+01	-4.57686e+01	-3.99262e-01	8.80958e+00	8.96826e+00	-4.77000e+00	2.40000e+00	
monocrop	Wed Nov 05 16:59:48 CET 2025	4/1/1999	4	1	1999	4	1999	4.41500e+00	1.96800e+01	4.60000e+01	9.90000e+01	0.00000e+00	0.00000e+00	0.00000e+00	0.00000e+00	0.00000e+00	0.00000e+00	0.00000e+00	0.00000e+00	1.43609e-01	1.61917e+01	7.32000e+00	5.30133e+00	1.08904e+01	1.09055e+01	-7.75299e+01	-3.97565e-01	8.82616e+00	1.01905e+01	-4.84000e+00	1.10000e+00	
monocrop	Wed Nov 05 16:59:48 CET 2025	5/1/1999	5	1	1999	5	1999	2.33800e+00	1.23100e+01	8.40000e+01	9.90000e+01	2.00000e-01	2.00000e-01	0.00000e+00	0.00000e+00	0.00000e+00	0.00000e+00	0.00000e+00	2.00000e-01	2.33337e-01	5.04332e+00	2.28000e+00	4.69005e+00	3.53266e-01	1.09759e+01	-1.67790e+01	-3.95738e-01	8.84398e+00	9.36469e+00	-4.91000e+00	4.00000e-01	
monocrop	Wed Nov 05 16:59:48 CET 2025	6/1/1999	6	1	1999	6	1999	9.29000e+00	1.21100e+01	8.10000e+01	9.80000e+01	0.00000e+00	0.00000e+00	0.00000e+00	0.00000e+00	0.00000e+00	0.00000e+00	0.00000e+00	0.00000e+00	2.34436e-01	7.45438e+00	3.37000e+00	5.99018e+00	1.46420e+00	1.10514e+01	-2.89500e+01	-3.93779e-01	8.86303e+00	1.15053e+01	-4.96000e+00	7.00000e-01	
monocrop	Wed Nov 05 16:59:48 CET 2025	7/1/1999	7	1	1999	7	1999	9.25000e+00	1.51700e+01	6.50000e+01	9.70000e+01	0.00000e+00	0.00000e+00	0.00000e+00	0.00000e+00	0.00000e+00	0.00000e+00	0.00000e+00	0.00000e+00	2.65245e-01	1.11263e+01	5.03000e+00	6.81579e+00	4.31047e+00	1.11318e+01	-4.81618e+01	-3.91691e-01	8.88329e+00	1.15077e+01	-5.02000e+00	8.00000e-01	
monocrop	Wed Nov 05 16:59:48 CET 2025	8/1/1999	8	1	1999	8	1999	6.92600e+00	1.45800e+01	5.30000e+01	7.80000e+01	0.00000e+00	0.00000e+00	0.00000e+00	0.00000e+00	0.00000e+00	0.00000e+00	0.00000e+00	0.00000e+00	1.12506e+00	9.46728e+00	4.28000e+00	6.66479e+00	2.80249e+00	1.12173e+01	-3.87864e+01	-3.89475e-01	8.90473e+00	8.44984e+00	-5.07000e+00	2.90000e+00	
monocrop	Wed Nov 05 16:59:48 CET 2025	9/1/1999	9	1	1999	9	1999	4.31100e+00	1.23000e+01	4.30000e+01	8.70000e+01	0.00000e+00	0.00000e+00	0.00000e+00	0.00000e+00	0.00000e+00	0.00000e+00	0.00000e+00	0.00000e+00	6.80225e-01	1.05069e+01	4.75000e+00	6.87063e+00	3.63628e+00	1.13078e+01	-4.21711e+01	-3.87130e-01	8.92733e+00	7.11284e+00	-5.12000e+00	1.70000e+00	
monocrop	Wed Nov 05 16:59:48 CET 2025	10/1/1999	10	1	1999	10	1999	1.95100e+00	7.11000e+00	5.60000e+01	9.90000e+01	2.82000e+01	2.82000e+01	0.00000e+00	0.00000e+00	0.00000e+00	0.00000e+00	0.00000e+00	2.82000e+01	7.83551e-01	7.07834e-01	3.20000e-01	7.00756e-01	7.07835e-03	1.14032e+01	3.98639e+00	-3.84659e-01	8.95108e+00	6.53746e+00	-5.17000e+00	1.70000e+00	
monocrop	Wed Nov 05 16:59:48 CET 2025	11/1/1999	11	1	1999	11	1999	-9.02000e-01	6.01300e+00	4.90000e+01	8.20000e+01	0.00000e+00	0.00000e+00	0.00000e+00	0.00000e+00	0.00000e+00	0.00000e+00	0.00000e+00	0.00000e+00	3.84573e-01	1.78286e+01	8.06000e+00	5.15505e+00	1.26735e+01	1.15035e+01	-6.94436e+01	-3.82063e-01	8.97595e+00	4.80654e+00	-4.73000e+00	2.70000e+00	
monocrop	Wed Nov 05 16:59:48 CET 2025	12/1/1999	12	1	1999	12	1999	-4.90000e+00	6.52900e+00	4.40000e+01	9.80000e+01	0.00000e+00	0.00000e+00	0.00000e+00	0.00000e+00	0.00000e+00	0.00000e+00	0.00000e+00	0.00000e+00	0.00000e+00	1.77622e+01	8.03000e+00	5.34217e+00	1.24200e+01	1.16087e+01	-6.76737e+01	-3.79343e-01	9.00191e+00	4.59928e+00	-4.80000e+00	8.00000e-01	
monocrop	Wed Nov 05 16:59:48 CET 2025	13/1/1999	13	1	1999	13	1999	-1.54200e+00	1.02700e+01	3.80000e+01	9.30000e+01	0.00000e+00	0.00000e+00	0.00000e+00	0.00000e+00	0.00000e+00	0.00000e+00	0.00000e+00	0.00000e+00	1.90929e-01	1.87576e+01	8.48000e+00	4.86361e+00	1.38940e+01	1.17188e+01	-7.48889e+01	-3.76500e-01	9.02895e+00	5.46115e+00	-4.87000e+00	1.60000e+00	
monocrop	Wed Nov 05 16:59:48 CET 2025	14/1/1999	14	1	1999	14	1999	-2.24100e+00	1.45400e+01	5.20000e+01	9.90000e+01	0.00000e+00	0.00000e+00	0.00000e+00	0.00000e+00	0.00000e+00	0.00000e+00	0.00000e+00	0.00000e+00	8.12385e-02	1.79834e+01	8.13000e+00	5.51859e+00	1.24648e+01	1.18337e+01	-7.35773e+01	-3.73536e-01	9.05704e+00	7.12765e+00	-4.93000e+00	1.30000e+00	
monocrop	Wed Nov 05 16:59:48 CET 2025	15/1/1999	15	1	1999	15	1999	-4.49900e+00	1.26500e+01	3.50000e+01	9.90000e+01	0.00000e+00	0.00000e+00	0.00000e+00	0.00000e+00	0.00000e+00	0.00000e+00	0.00000e+00	0.00000e+00	4.18015e-02	1.93106e+01	8.73000e+00	4.83849e+00	1.44721e+01	1.19534e+01	-7.65090e+01	-3.70452e-01	9.08615e+00	5.47427e+00	-4.99000e+00	9.00000e-01	
monocrop	Wed Nov 05 16:59:48 CET 2025	16/1/1999	16	1	1999	16	1999	5.50000e-01	1.18900e+01	7.70000e+01	9.90000e+01	2.00000e-01	2.00000e-01	0.00000e+00	0.00000e+00	0.00000e+00	0.00000e+00	0.00000e+00	2.00000e-01	3.95815e-01	5.72903e+00	2.59000e+00	5.27773e+00	4.51304e-01	1.20778e+01	-1.73980e+01	-3.67249e-01	9.11626e+00	8.34828e+00	-5.05000e+00	1.60000e+00	
monocrop	Wed Nov 05 16:59:48 CET 2025	17/1/1999	17	1	1999	17	1999	9.39000e+00	1.44800e+01	8.10000e+01	9.90000e+01	1.80000e+00	1.80000e+00	0.00000e+00	0.00000e+00	0.00000e+00	0.00000e+00	0.00000e+00	1.80000e+00	2.45092e-01	1.50194e+01	6.79000e+00	7.16260e+00	7.85675e+00	1.22070e+01	-6.08573e+01	-3.63930e-01	9.14735e+00	1.25567e+01	-5.09000e+00	2.20000e+00	
monocrop	Wed Nov 05 16:59:48 CET 2025	18/1/1999	18	1	1999	18	1999	4.44400e+00	9.70000e+00	9.70000e+01	9.90000e+01	9.40000e+00	9.40000e+00	0.00000e+00	0.00000e+00	0.00000e+00	0.00000e+00	0.00000e+00	9.40000e+00	2.62002e-01	2.89770e+00	1.31000e+00	2.86872e+00	2.89769e-02	1.23409e+01	-4.76603e+00	-3.60494e-01	9.17938e+00	9.85827e+00	-5.10000e+00	4.00000e-01	
monocrop	Wed Nov 05 16:59:48 CET 2025	19/1/1999	19	1	1999	19	1999	-4.57000e-01	1.41200e+01	6.30000e+01	9.90000e+01	2.00000e-01	2.00000e-01	0.00000e+00	0.00000e+00	0.00000e+00	0.00000e+00	0.00000e+00	2.00000e-01	0.00000e+00	1.92442e+01	8.70000e+00	5.65212e+00	1.35921e+01	1.24794e+01	-7.49914e+01	-3.56945e-01	9.21234e+00	8.01476e+00	-4.96000e+00	5.00000e-01	
monocrop	Wed Nov 05 16:59:48 CET 2025	20/1/1999	20	1	1999	20	1999	9.60000e-02	1.33500e+01	7.10000e+01	9.90000e+01	2.00000e-01	2.00000e-01	0.00000e+00	0.00000e+00	0.00000e+00	0.00000e+00	0.00000e+00	2.00000e-01	7.42680e-02	1.63687e+01	7.40000e+00	7.16729e+00	9.20138e+00	1.26225e+01	-6.14919e+01	-3.53284e-01	9.24619e+00	8.34806e+00	-5.01000e+00	7.00000e-01	
monocrop	Wed Nov 05 16:59:48 CET 2025	21/1/1999	21	1	1999	21	1999	7.79000e+00	1.21100e+01	7.90000e+01	9.90000e+01	0.00000e+00	0.00000e+00	0.00000e+00	0.00000e+00	0.00000e+00	0.00000e+00	0.00000e+00	0.00000e+00	3.52101e-01	8.18433e+00	3.70000e+00	6.73848e+00	1.44586e+00	1.27701e+01	-2.69472e+01	-3.49512e-01	9.28091e+00	1.08818e+01	-5.06000e+00	9.00000e-01	
monocrop	Wed Nov 05 16:59:48 CET 2025	22/1/1999	22	1	1999	22	1999	7.08000e-01	1.34800e+01	6.00000e+01	9.90000e+01	0.00000e+00	0.00000e+00	0.00000e+00	0.00000e+00	0.00000e+00	0.00000e+00	0.00000e+00	0.00000e+00	2.29932e-01	1.44885e+01	6.55000e+00	7.83909e+00	6.64938e+00	1.29222e+01	-5.23044e+01	-3.45631e-01	9.31648e+00	8.00935e+00	-5.11000e+00	6.00000e-01	
monocrop	Wed Nov 05 16:59:48 CET 2025	23/1/1999	23	1	1999	23	1999	-7.23000e-01	1.25900e+01	5.80000e+01	9.90000e+01	0.00000e+00	0.00000e+00	0.00000e+00	0.00000e+00	0.00000e+00	0.00000e+00	0.00000e+00	0.00000e+00	8.86570e-02	1.93991e+01	8.77000e+00	6.36838e+00	1.30307e+01	1.30788e+01	-7.06560e+01	-3.41643e-01	9.35287e+00	7.30101e+00	-5.16000e+00	6.00000e-01	
monocrop	Wed Nov 05 16:59:48 CET 2025	24/1/1999	24	1	1999	24	1999	-2.40000e+00	1.31200e+01	5.20000e+01	9.90000e+01	2.00000e-01	2.00000e-01	0.00000e+00	0.00000e+00	0.00000e+00	0.00000e+00	0.00000e+00	2.00000e-01	1.09147e-01	2.01290e+01	9.10000e+00	6.16910e+00	1.39599e+01	1.32397e+01	-7.24745e+01	-3.37549e-01	9.39005e+00	6.74814e+00	-5.20000e+00	6.00000e-01	
monocrop	Wed Nov 05 16:59:48 CET 2025	25/1/1999	25	1	1999	25	1999	-2.83600e+00	1.46900e+01	4.30000e+01	9.90000e+01	0.00000e+00	0.00000e+00	0.00000e+00	0.00000e+00	0.00000e+00	0.00000e+00	0.00000e+00	0.00000e+00	1.75235e-01	2.04608e+01	9.25000e+00	6.19858e+00	1.42622e+01	1.34050e+01	-7.37818e+01	-3.33352e-01	9.42799e+00	6.60049e+00	-5.24000e+00	6.00000e-01	
monocrop	Wed Nov 05 16:59:48 CET 2025	26/1/1999	26	1	1999	26	1999	-2.08900e+00	1.58700e+01	5.10000e+01	9.90000e+01	2.00000e-01	2.00000e-01	0.00000e+00	0.00000e+00	0.00000e+00	0.00000e+00	0.00000e+00	2.00000e-01	5.51881e-01	1.40682e+01	6.36000e+00	8.31320e+00	5.75500e+00	1.35746e+01	-4.82845e+01	-3.29053e-01	9.46668e+00	7.45121e+00	-5.28000e+00	1.70000e+00	
monocrop	Wed Nov 05 16:59:48 CET 2025	27/1/1999	27	1	1999	27	1999	-1.10000e-01	1.20800e+01	3.40000e+01	9.20000e+01	2.00000e+00	2.00000e+00	0.00000e+00	0.00000e+00	0.00000e+00	0.00000e+00	0.00000e+00	2.00000e+00	9.03866e-01	1.29180e+01	5.84000e+00	8.36813e+00	4.54984e+00	1.37484e+01	-4.18550e+01	-3.24654e-01	9.50608e+00	5.88033e+00	-5.31000e+00	2.10000e+00	
monocrop	Wed Nov 05 16:59:48 CET 2025	28/1/1999	28	1	1999	28	1999	-1.00400e+00	1.59500e+01	5.00000e+01	8.20000e+01	2.00000e-01	2.00000e-01	0.00000e+00	0.00000e+00	0.00000e+00	0.00000e+00	0.00000e+00	2.00000e-01	1.41605e+00	1.11041e+01	5.02000e+00	8.12148e+00	2.98267e+00	1.39263e+01	-3.54877e+01	-3.20157e-01	9.54617e+00	6.82405e+00	-5.30000e+00	4.00000e+00	
monocrop	Wed Nov 05 16:59:48 CET 2025	29/1/1999	29	1	1999	29	1999	2.73300e+00	1.36100e+01	3.00000e+01	8.30000e+01	4.00000e-01	4.00000e-01	0.00000e+00	0.00000e+00	0.00000e+00	0.00000e+00	0.00000e+00	4.00000e-01	6.62293e-01	2.19871e+01	9.94000e+00	6.24630e+00	1.57408e+01	1.41084e+01	-7.64475e+01	-3.15563e-01	9.58693e+00	6.12667e+00	-5.33000e+00	1.40000e+00	
monocrop	Wed Nov 05 16:59:48 CET 2025	30/1/1999	30	1	1999	30	1999	-1.27700e+00	8.45000e+00	1.50000e+01	4.40000e+01	0.00000e+00	0.00000e+00	0.00000e+00	0.00000e+00	0.00000e+00	0.00000e+00	0.00000e+00	0.00000e+00	7.17849e-01	2.45972e+01	1.11200e+01	4.64140e+00	1.99558e+01	1.42944e+01	-7.95931e+01	-3.10875e-01	9.62833e+00	2.32876e+00	-5.35000e+00	1.30000e+00	
monocrop	Wed Nov 05 16:59:48 CET 2025	31/1/1999	31	1	1999	31	1999	-6.18300e+00	5.34700e+00	2.50000e+01	6.20000e+01	0.00000e+00	0.00000e+00	0.00000e+00	0.00000e+00	0.00000e+00	0.00000e+00	0.00000e+00	0.00000e+00	5.04822e-01	2.34249e+01	1.05900e+01	5.84525e+00	1.75796e+01	1.44844e+01	-7.05710e+01	-3.06094e-01	9.67035e+00	2.57698e+00	-5.39000e+00	1.10000e+00	
monocrop	Wed Nov 05 16:59:48 CET 2025	1/2/1999	1	2	1999	32	1999	-1.02000e+01	6.50100e+00	2.30000e+01	9.00000e+01	0.00000e+00	0.00000e+00	0.00000e+00	0.00000e+00	0.00000e+00	0.00000e+00	0.00000e+00	0.00000e+00	2.92824e-01	2.38673e+01	1.07900e+01	5.83255e+00	1.80347e+01	1.46783e+01	-7.05585e+01	-3.01223e-01	9.71296e+00	3.01366e+00	-5.42000e+00	7.00000e-01	
monocrop	Wed Nov 05 16:59:48 CET 2025	2/2/1999	2	2	1999	33	1999	-8.53000e+00	1.08200e+01	4.10000e+01	9.50000e+01	0.00000e+00	0.00000e+00	0.00000e+00	0.00000e+00	0.00000e+00	0.00000e+00	0.00000e+00	0.00000e+00	3.08313e-01	2.17217e+01	9.82000e+00	7.42540e+00	1.42963e+01	1.48761e+01	-6.59292e+01	-2.96264e-01	9.75615e+00	4.51109e+00	-5.45000e+00	7.00000e-01	
monocrop	Wed Nov 05 16:59:48 CET 2025	3/2/1999	3	2	1999	34	1999	-6.40600e+00	1.01200e+01	4.60000e+01	9.90000e+01	0.00000e+00	0.00000e+00	0.00000e+00	0.00000e+00	0.00000e+00	0.00000e+00	0.00000e+00	0.00000e+00	4.17674e-01	1.35152e+01	6.11000e+00	9.09830e+00	4.41691e+00	1.50775e+01	-3.78419e+01	-2.91218e-01	9.79988e+00	5.06166e+00	-5.48000e+00	5.00000e-01	
monocrop	Wed Nov 05 16:59:48 CET 2025	4/2/1999	4	2	1999	35	1999	-1.81600e+00	1.59600e+01	3.50000e+01	9.90000e+01	0.00000e+00	0.00000e+00	0.00000e+00	0.00000e+00	0.00000e+00	0.00000e+00	0.00000e+00	0.00000e+00	5.25135e-01	2.17438e+01	9.83000e+00	7.91090e+00	1.38329e+01	1.52827e+01	-6.93081e+01	-2.86087e-01	9.84414e+00	6.73984e+00	-5.51000e+00	8.00000e-01	
monocrop	Wed Nov 05 16:59:48 CET 2025	5/2/1999	5	2	1999	36	1999	3.71500e+00	1.58300e+01	3.80000e+01	7.40000e+01	0.00000e+00	0.00000e+00	0.00000e+00	0.00000e+00	0.00000e+00	0.00000e+00	0.00000e+00	0.00000e+00	1.50932e+00	2.51945e+01	1.13900e+01	6.15196e+00	1.90425e+01	1.54914e+01	-8.21703e+01	-2.80873e-01	9.88890e+00	6.76592e+00	-5.54000e+00	3.30000e+00	
monocrop	Wed Nov 05 16:59:48 CET 2025	6/2/1999	6	2	1999	37	1999	4.81400e+00	1.20200e+01	3.70000e+01	6.00000e+01	0.00000e+00	0.00000e+00	0.00000e+00	0.00000e+00	0.00000e+00	0.00000e+00	0.00000e+00	0.00000e+00	1.57234e+00	2.26286e+01	1.02300e+01	7.99074e+00	1.46378e+01	1.57036e+01	-6.95884e+01	-2.75579e-01	9.93414e+00	5.34759e+00	-5.56000e+00	2.90000e+00	
monocrop	Wed Nov 05 16:59:48 CET 2025	7/2/1999	7	2	1999	38	1999	4.14100e+00	1.41900e+01	4.00000e+01	7.20000e+01	0.00000e+00	0.00000e+00	0.00000e+00	0.00000e+00	0.00000e+00	0.00000e+00	0.00000e+00	0.00000e+00	1.59705e+00	2.55705e+01	1.15600e+01	6.54577e+00	1.90247e+01	1.59193e+01	-7.99057e+01	-2.70206e-01	9.97985e+00	6.49519e+00	-5.59000e+00	3.50000e+00	
monocrop	Wed Nov 05 16:59:48 CET 2025	8/2/1999	8	2	1999	39	1999	-5.53000e-01	1.04800e+01	3.00000e+01	7.80000e+01	0.00000e+00	0.00000e+00	0.00000e+00	0.00000e+00	0.00000e+00	0.00000e+00	0.00000e+00	0.00000e+00	1.01928e+00	2.20756e+01	9.98000e+00	8.74360e+00	1.33320e+01	1.61383e+01	-6.32076e+01	-2.64756e-01	1.00260e+01	4.69505e+00	-5.61000e+00	1.90000e+00	
monocrop	Wed Nov 05 16:59:48 CET 2025	9/2/1999	9	2	1999	40	1999	3.61200e+00	1.48900e+01	4.20000e+01	8.40000e+01	6.00000e-01	6.00000e-01	0.00000e+00	0.00000e+00	0.00000e+00	0.00000e+00	0.00000e+00	6.00000e-01	1.43383e+00	1.13032e+01	5.11000e+00	8.97436e+00	2.32887e+00	1.63606e+01	-2.99000e+01	-2.59232e-01	1.00726e+01	7.34933e+00	-5.63000e+00	2.60000e+00	
monocrop	Wed Nov 05 16:59:48 CET 2025	10/2/1999	10	2	1999	41	1999	5.39000e-01	7.09000e+00	2.50000e+01	4.50000e+01	0.00000e+00	0.00000e+00	0.00000e+00	0.00000e+00	0.00000e+00	0.00000e+00	0.00000e+00	0.00000e+00	1.19939e+00	2.75834e+01	1.24700e+01	6.14052e+00	2.14429e+01	1.65861e+01	-7.62033e+01	-2.53635e-01	1.01195e+01	2.80768e+00	-5.64000e+00	1.90000e+00	
monocrop	Wed Nov 05 16:59:48 CET 2025	11/2/1999	11	2	1999	42	1999	4.26000e-01	8.81000e+00	2.00000e+01	4.40000e+01	0.00000e+00	0.00000e+00	0.00000e+00	0.00000e+00	0.00000e+00	0.00000e+00	0.00000e+00	0.00000e+00	1.27816e+00	2.36240e+01	1.06800e+01	8.84231e+00	1.47817e+01	1.68147e+01	-6.43244e+01	-2.47968e-01	1.01669e+01	2.71591e+00	-5.66000e+00	1.60000e+00	
monocrop	Wed Nov 05 16:59:48 CET 2025	12/2/1999	12	2	1999	43	1999	-1.07200e+00	8.17000e+00	1.50000e+01	3.60000e+01	0.00000e+00	0.00000e+00	0.00000e+00	0.00000e+00	0.00000e+00	0.00000e+00	0.00000e+00	0.00000e+00	1.06148e+00	2.94636e+01	1.33200e+01	5.42655e+00	2.40370e+01	1.70463e+01	-7.97501e+01	-2.42232e-01	1.02146e+01	2.00768e+00	-5.68000e+00	1.30000e+00	
monocrop	Wed Nov 05 16:59:48 CET 2025	13/2/1999	13	2	1999	44	1999	-8.56000e+00	4.23900e+00	2.20000e+01	7.00000e+01	0.00000e+00	0.00000e+00	0.00000e+00	0.00000e+00	0.00000e+00	0.00000e+00	0.00000e+00	0.00000e+00	6.52807e-01	2.70968e+01	1.22500e+01	7.54531e+00	1.95515e+01	1.72808e+01	-6.66737e+01	-2.36429e-01	1.02627e+01	2.39790e+00	-5.70000e+00	9.00000e-01	
monocrop	Wed Nov 05 16:59:48 CET 2025	14/2/1999	14	2	1999	45	1999	-1.15700e+01	8.69000e+00	2.50000e+01	8.80000e+01	0.00000e+00	0.00000e+00	0.00000e+00	0.00000e+00	0.00000e+00	0.00000e+00	0.00000e+00	0.00000e+00	5.62030e-01	2.75170e+01	1.24400e+01	7.61794e+00	1.98991e+01	1.75182e+01	-6.88879e+01	-2.30562e-01	1.03111e+01	3.10590e+00	-5.72000e+00	7.00000e-01	
monocrop	Wed Nov 05 16:59:48 CET 2025	15/2/1999	15	2	1999	46	1999	-4.60500e+00	8.32000e+00	4.50000e+01	9.10000e+01	0.00000e+00	0.00000e+00	0.00000e+00	0.00000e+00	0.00000e+00	0.00000e+00	0.00000e+00	0.00000e+00	7.05784e-01	1.30286e+01	5.89000e+00	1.00166e+01	3.01194e+00	1.77583e+01	-2.93847e+01	-2.24632e-01	1.03598e+01	4.74765e+00	-5.74000e+00	9.00000e-01	
monocrop	Wed Nov 05 16:59:48 CET 2025	16/2/1999	16	2	1999	47	1999	-2.30700e+00	1.40000e+01	4.60000e+01	9.40000e+01	0.00000e+00	0.00000e+00	0.00000e+00	0.00000e+00	0.00000e+00	0.00000e+00	0.00000e+00	0.00000e+00	1.02895e+00	2.20313e+01	9.96000e+00	1.05906e+01	1.14407e+01	1.80010e+01	-5.72074e+01	-2.18642e-01	1.04088e+01	6.47136e+00	-5.75000e+00	2.20000e+00	
monocrop	Wed Nov 05 16:59:48 CET 2025	17/2/1999	17	2	1999	48	1999	3.32700e+00	1.31600e+01	3.10000e+01	7.80000e+01	0.00000e+00	0.00000e+00	0.00000e+00	0.00000e+00	0.00000e+00	0.00000e+00	0.00000e+00	0.00000e+00	1.68177e+00	2.82249e+01	1.27600e+01	8.21023e+00	2.00147e+01	1.82463e+01	-7.55641e+01	-2.12594e-01	1.04581e+01	5.93878e+00	-5.77000e+00	2.90000e+00	
monocrop	Wed Nov 05 16:59:48 CET 2025	18/2/1999	18	2	1999	49	1999	2.89200e+00	1.65500e+01	3.80000e+01	6.60000e+01	0.00000e+00	0.00000e+00	0.00000e+00	0.00000e+00	0.00000e+00	0.00000e+00	0.00000e+00	0.00000e+00	2.05227e+00	2.91760e+01	1.31900e+01	7.96041e+00	2.12156e+01	1.84941e+01	-7.96162e+01	-2.06488e-01	1.05077e+01	6.26096e+00	-5.79000e+00	3.40000e+00	
monocrop	Wed Nov 05 16:59:48 CET 2025	19/2/1999	19	2	1999	50	1999	2.90200e+00	1.73000e+01	4.30000e+01	7.60000e+01	0.00000e+00	0.00000e+00	0.00000e+00	0.00000e+00	0.00000e+00	0.00000e+00	0.00000e+00	0.00000e+00	1.83552e+00	2.29382e+01	1.03700e+01	1.10286e+01	1.19097e+01	1.87443e+01	-6.03259e+01	-2.00329e-01	1.05575e+01	7.34883e+00	-5.80000e+00	3.10000e+00	
monocrop	Wed Nov 05 16:59:48 CET 2025	20/2/1999	20	2	1999	51	1999	1.13500e+01	1.42300e+01	5.70000e+01	7.20000e+01	0.00000e+00	0.00000e+00	0.00000e+00	0.00000e+00	0.00000e+00	0.00000e+00	0.00000e+00	0.00000e+00	2.02990e+00	9.99816e+00	4.52000e+00	8.90519e+00	1.09297e+00	1.89967e+01	-2.13256e+01	-1.94116e-01	1.06076e+01	9.51939e+00	-5.82000e+00	3.60000e+00	
monocrop	Wed Nov 05 16:59:48 CET 2025	21/2/1999	21	2	1999	52	1999	1.14300e+01	1.76400e+01	4.70000e+01	9.10000e+01	2.00000e-01	2.00000e-01	0.00000e+00	0.00000e+00	0.00000e+00	0.00000e+00	0.00000e+00	2.00000e-01	2.15613e+00	2.21862e+01	1.00300e+01	1.15966e+01	1.05895e+01	1.92513e+01	-5.85810e+01	-1.87854e-01	1.06579e+01	1.14084e+01	-5.83000e+00	4.00000e+00	
monocrop	Wed Nov 05 16:59:48 CET 2025	22/2/1999	22	2	1999	53	1999	7.14000e+00	1.52400e+01	3.30000e+01	8.40000e+01	2.00000e-01	2.00000e-01	0.00000e+00	0.00000e+00	0.00000e+00	0.00000e+00	0.00000e+00	2.00000e-01	2.38399e+00	2.46636e+01	1.11500e+01	1.12706e+01	1.33930e+01	1.95080e+01	-6.25157e+01	-1.81543e-01	1.07084e+01	7.76926e+00	-5.84000e+00	4.20000e+00	
monocrop	Wed Nov 05 16:59:48 CET 2025	23/2/1999	23	2	1999	54	1999	-2.61000e-01	1.26800e+01	2.80000e+01	7.30000e+01	0.00000e+00	0.00000e+00	0.00000e+00	0.00000e+00	0.00000e+00	0.00000e+00	0.00000e+00	0.00000e+00	1.75892e+00	2.73180e+01	1.23500e+01	1.05933e+01	1.67247e+01	1.97668e+01	-6.52885e+01	-1.75185e-01	1.07591e+01	4.78730e+00	-5.85000e+00	2.70000e+00	
monocrop	Wed Nov 05 16:59:48 CET 2025	24/2/1999	24	2	1999	55	1999	-4.49000e-01	8.42000e+00	6.60000e+01	9.90000e+01	0.00000e+00	0.00000e+00	0.00000e+00	0.00000e+00	0.00000e+00	0.00000e+00	0.00000e+00	0.00000e+00	6.30483e-01	9.86544e+00	4.46000e+00	8.98244e+00	8.82997e-01	2.00274e+01	-1.77346e+01	-1.68783e-01	1.08100e+01	6.69821e+00	-5.86000e+00	7.00000e-01	
monocrop	Wed Nov 05 16:59:48 CET 2025	25/2/1999	25	2	1999	56	1999	-2.61000e+00	1.93600e+01	3.00000e+01	9.90000e+01	0.00000e+00	0.00000e+00	0.00000e+00	0.00000e+00	0.00000e+00	0.00000e+00	0.00000e+00	0.00000e+00	1.18919e+00	3.32461e+01	1.50300e+01	7.87937e+00	2.53667e+01	2.02898e+01	-8.31341e+01	-1.62338e-01	1.08611e+01	7.09150e+00	-5.88000e+00	9.00000e-01	
monocrop	Wed Nov 05 16:59:48 CET 2025	26/2/1999	26	2	1999	57	1999	-3.56600e+00	1.56500e+01	3.70000e+01	9.90000e+01	0.00000e+00	0.00000e+00	0.00000e+00	0.00000e+00	0.00000e+00	0.00000e+00	0.00000e+00	0.00000e+00	1.06978e+00	3.38212e+01	1.52900e+01	7.87800e+00	2.59432e+01	2.05539e+01	-8.02505e+01	-1.55853e-01	1.09123e+01	6.37209e+00	-5.89000e+00	9.00000e-01	
monocrop	Wed Nov 05 16:59:48 CET 2025	27/2/1999	27	2	1999	58	1999	4.00200e+00	1.28000e+01	6.00000e+01	9.90000e+01	0.00000e+00	0.00000e+00	0.00000e+00	0.00000e+00	0.00000e+00	0.00000e+00	0.00000e+00	0.00000e+00	8.99600e-01	1.43115e+01	6.47000e+00	1.13920e+01	2.91948e+00	2.08196e+01	-2.91709e+01	-1.49329e-01	1.09637e+01	8.75613e+00	-5.90000e+00	9.00000e-01	
monocrop	Wed Nov 05 16:59:48 CET 2025	28/2/1999	28	2	1999	59	1999	-6.10000e-01	1.47700e+01	5.10000e+01	9.90000e+01	0.00000e+00	0.00000e+00	0.00000e+00	0.00000e+00	0.00000e+00	0.00000e+00	0.00000e+00	0.00000e+00	9.07565e-01	1.86028e+01	8.41000e+00	1.26782e+01	5.92455e+00	2.10868e+01	-3.95878e+01	-1.42768e-01	1.10153e+01	7.54874e+00	-5.91000e+00	5.00000e-01	
monocrop	Wed Nov 05 16:59:48 CET 2025	1/3/1999	1	3	1999	60	1999	-4.65300e+00	1.95200e+01	1.80000e+01	9.90000e+01	0.00000e+00	0.00000e+00	0.00000e+00	0.00000e+00	0.00000e+00	0.00000e+00	0.00000e+00	0.00000e+00	1.36302e+00	3.58562e+01	1.62100e+01	7.64539e+00	2.82108e+01	2.13554e+01	-8.46701e+01	-1.36173e-01	1.10669e+01	6.03228e+00	-5.93000e+00	1.00000e+00	
monocrop	Wed Nov 05 16:59:48 CET 2025	2/3/1999	2	3	1999	61	1999	1.93100e+00	2.02400e+01	3.90000e+01	9.20000e+01	0.00000e+00	0.00000e+00	0.00000e+00	0.00000e+00	0.00000e+00	0.00000e+00	0.00000e+00	0.00000e+00	1.73036e+00	3.49051e+01	1.57800e+01	8.77479e+00	2.61303e+01	2.16253e+01	-8.40504e+01	-1.29544e-01	1.11188e+01	8.63877e+00	-5.94000e+00	1.70000e+00	
monocrop	Wed Nov 05 16:59:48 CET 2025	3/3/1999	3	3	1999	62	1999	2.56300e+00	1.49300e+01	5.70000e+01	9.60000e+01	6.00000e-01	6.00000e-01	0.00000e+00	0.00000e+00	0.00000e+00	0.00000e+00	0.00000e+00	6.00000e-01	1.21671e+00	1.82046e+01	8.23000e+00	1.29504e+01	5.25417e+00	2.18965e+01	-3.73961e+01	-1.22885e-01	1.11707e+01	8.62528e+00	-5.95000e+00	1.80000e+00	
monocrop	Wed Nov 05 16:59:48 CET 2025	4/3/1999	4	3	1999	63	1999	4.78600e+00	1.23100e+01	4.90000e+01	9.80000e+01	2.40000e+00	2.40000e+00	0.00000e+00	0.00000e+00	0.00000e+00	0.00000e+00	0.00000e+00	2.40000e+00	1.44672e+00	1.85143e+01	8.37000e+00	1.31298e+01	5.38444e+00	2.21687e+01	-3.70750e+01	-1.16197e-01	1.12227e+01	8.17638e+00	-5.94000e+00	2.60000e+00	
monocrop	Wed Nov 05 16:59:48 CET 2025	5/3/1999	5	3	1999	64	1999	3.64100e+00	1.48100e+01	3.90000e+01	8.00000e+01	0.00000e+00	0.00000e+00	0.00000e+00	0.00000e+00	0.00000e+00	0.00000e+00	0.00000e+00	0.00000e+00	2.05544e+00	2.85346e+01	1.29000e+01	1.29188e+01	1.56158e+01	2.24420e+01	-6.16491e+01	-1.09482e-01	1.12748e+01	6.92911e+00	-5.90000e+00	2.80000e+00	
monocrop	Wed Nov 05 16:59:48 CET 2025	6/3/1999	6	3	1999	65	1999	-8.30000e-02	1.13600e+01	3.00000e+01	8.60000e+01	0.00000e+00	0.00000e+00	0.00000e+00	0.00000e+00	0.00000e+00	0.00000e+00	0.00000e+00	0.00000e+00	1.90616e+00	3.56793e+01	1.61300e+01	9.88016e+00	2.57991e+01	2.27162e+01	-7.42544e+01	-1.02741e-01	1.13270e+01	5.28524e+00	-5.91000e+00	2.80000e+00	
monocrop	Wed Nov 05 16:59:48 CET 2025	7/3/1999	7	3	1999	66	1999	-1.90200e+00	1.25600e+01	2.80000e+01	9.00000e+01	0.00000e+00	0.00000e+00	0.00000e+00	0.00000e+00	0.00000e+00	0.00000e+00	0.00000e+00	0.00000e+00	1.58439e+00	3.70065e+01	1.67300e+01	9.40084e+00	2.76056e+01	2.29913e+01	-7.65087e+01	-9.59776e-02	1.13793e+01	5.26203e+00	-5.93000e+00	1.60000e+00	
monocrop	Wed Nov 05 16:59:48 CET 2025	8/3/1999	8	3	1999	67	1999	-3.18000e-01	1.24700e+01	4.80000e+01	9.00000e+01	0.00000e+00	0.00000e+00	0.00000e+00	0.00000e+00	0.00000e+00	0.00000e+00	0.00000e+00	0.00000e+00	1.28447e+00	1.87355e+01	8.47000e+00	1.36161e+01	5.11937e+00	2.32670e+01	-3.47357e+01	-8.91925e-02	1.14317e+01	6.48101e+00	-5.94000e+00	1.60000e+00	
monocrop	Wed Nov 05 16:59:48 CET 2025	9/3/1999	9	3	1999	68	1999	1.02400e+01	1.44900e+01	6.60000e+01	9.10000e+01	0.00000e+00	0.00000e+00	0.00000e+00	0.00000e+00	0.00000e+00	0.00000e+00	0.00000e+00	0.00000e+00	1.63668e+00	2.00184e+01	9.05000e+00	1.40186e+01	5.99981e+00	2.35434e+01	-3.95359e+01	-8.23877e-02	1.14841e+01	1.12669e+01	-5.95000e+00	2.70000e+00	
monocrop	Wed Nov 05 16:59:48 CET 2025	10/3/1999	10	3	1999	69	1999	9.24000e+00	1.61700e+01	5.70000e+01	8.80000e+01	0.00000e+00	0.00000e+00	0.00000e+00	0.00000e+00	0.00000e+00	0.00000e+00	0.00000e+00	0.00000e+00	1.67608e+00	2.27613e+01	1.02900e+01	1.45313e+01	8.22998e+00	2.38204e+01	-4.59582e+01	-7.55652e-02	1.15366e+01	1.06406e+01	-5.96000e+00	1.60000e+00	
monocrop	Wed Nov 05 16:59:48 CET 2025	11/3/1999	11	3	1999	70	1999	9.49000e+00	1.49600e+01	7.00000e+01	9.60000e+01	0.00000e+00	0.00000e+00	0.00000e+00	0.00000e+00	0.00000e+00	0.00000e+00	0.00000e+00	0.00000e+00	1.10867e+00	1.20111e+01	5.43000e+00	1.08949e+01	1.11621e+00	2.40978e+01	-1.97127e+01	-6.87269e-02	1.15892e+01	1.18035e+01	-5.97000e+00	1.30000e+00	
monocrop	Wed Nov 05 16:59:48 CET 2025	12/3/1999	12	3	1999	71	1999	5.93600e+00	1.67200e+01	6.10000e+01	9.90000e+01	0.00000e+00	0.00000e+00	0.00000e+00	0.00000e+00	0.00000e+00	0.00000e+00	0.00000e+00	0.00000e+00	1.45157e+00	2.55926e+01	1.15700e+01	1.49191e+01	1.06735e+01	2.43755e+01	-5.08443e+01	-6.18745e-02	1.16418e+01	1.07223e+01	-5.98000e+00	1.10000e+00	
monocrop	Wed Nov 05 16:59:48 CET 2025	13/3/1999	13	3	1999	72	1999	6.18700e+00	1.81600e+01	4.30000e+01	9.90000e+01	0.00000e+00	0.00000e+00	0.00000e+00	0.00000e+00	0.00000e+00	0.00000e+00	0.00000e+00	0.00000e+00	1.67903e+00	2.78931e+01	1.26100e+01	1.49246e+01	1.29685e+01	2.46535e+01	-5.62296e+01	-5.50100e-02	1.16944e+01	1.00628e+01	-5.99000e+00	9.00000e-01	
monocrop	Wed Nov 05 16:59:48 CET 2025	14/3/1999	14	3	1999	73	1999	4.57600e+00	1.97100e+01	3.10000e+01	9.90000e+01	0.00000e+00	0.00000e+00	0.00000e+00	0.00000e+00	0.00000e+00	0.00000e+00	0.00000e+00	0.00000e+00	1.73107e+00	2.94636e+01	1.33200e+01	1.48927e+01	1.45709e+01	2.49317e+01	-5.95170e+01	-4.81351e-02	1.17470e+01	9.19394e+00	-6.00000e+00	6.00000e-01	
monocrop	Wed Nov 05 16:59:48 CET 2025	15/3/1999	15	3	1999	74	1999	4.63400e+00	2.35700e+01	2.30000e+01	8.50000e+01	0.00000e+00	0.00000e+00	0.00000e+00	0.00000e+00	0.00000e+00	0.00000e+00	0.00000e+00	0.00000e+00	2.24713e+00	3.57677e+01	1.61700e+01	1.30967e+01	2.26710e+01	2.52099e+01	-7.58376e+01	-4.12516e-02	1.17997e+01	8.68146e+00	-6.01000e+00	9.00000e-01	
monocrop	Wed Nov 05 16:59:48 CET 2025	16/3/1999	16	3	1999	75	1999	2.59200e+00	2.25400e+01	2.10000e+01	8.90000e+01	0.00000e+00	0.00000e+00	0.00000e+00	0.00000e+00	0.00000e+00	0.00000e+00	0.00000e+00	0.00000e+00	2.35353e+00	4.07226e+01	1.84100e+01	1.06291e+01	3.00935e+01	2.54881e+01	-8.49358e+01	-3.43614e-02	1.18524e+01	7.99892e+00	-6.02000e+00	1.20000e+00	
monocrop	Wed Nov 05 16:59:48 CET 2025	17/3/1999	17	3	1999	76	1999	-1.29600e+00	1.83600e+01	2.80000e+01	9.80000e+01	0.00000e+00	0.00000e+00	0.00000e+00	0.00000e+00	0.00000e+00	0.00000e+00	0.00000e+00	0.00000e+00	1.79476e+00	3.45290e+01	1.56100e+01	1.42404e+01	2.02886e+01	2.57662e+01	-6.59885e+01	-2.74663e-02	1.19051e+01	7.00073e+00	-6.03000e+00	1.00000e+00	
monocrop	Wed Nov 05 16:59:48 CET 2025	18/3/1999	18	3	1999	77	1999	-2.46800e+00	1.68800e+01	1.50000e+01	9.90000e+01	0.00000e+00	0.00000e+00	0.00000e+00	0.00000e+00	0.00000e+00	0.00000e+00	0.00000e+00	0.00000e+00	1.87934e+00	3.91078e+01	1.76800e+01	1.24166e+01	2.66912e+01	2.60441e+01	-7.34871e+01	-2.05680e-02	1.19578e+01	5.78680e+00	-6.04000e+00	1.00000e+00	
monocrop	Wed Nov 05 16:59:48 CET 2025	19/3/1999	19	3	1999	78	1999	8.70000e-02	1.72600e+01	2.50000e+01	6.50000e+01	0.00000e+00	0.00000e+00	0.00000e+00	0.00000e+00	0.00000e+00	0.00000e+00	0.00000e+00	0.00000e+00	2.10428e+00	3.71171e+01	1.67800e+01	1.37799e+01	2.33372e+01	2.63217e+01	-6.95742e+01	-1.36683e-02	1.20105e+01	5.04869e+00	-6.05000e+00	1.00000e+00	
monocrop	Wed Nov 05 16:59:48 CET 2025	20/3/1999	20	3	1999	79	1999	-3.21500e+00	1.68600e+01	2.50000e+01	8.50000e+01	0.00000e+00	0.00000e+00	0.00000e+00	0.00000e+00	0.00000e+00	0.00000e+00	0.00000e+00	0.00000e+00	1.99278e+00	4.32000e+01	1.95300e+01	1.06051e+01	3.25949e+01	2.65989e+01	-7.98033e+01	-6.76899e-03	1.20632e+01	5.43876e+00	-6.05000e+00	1.00000e+00	
monocrop	Wed Nov 05 16:59:48 CET 2025	21/3/1999	21	3	1999	80	1999	-3.43400e+00	2.04300e+01	2.40000e+01	9.00000e+01	0.00000e+00	0.00000e+00	0.00000e+00	0.00000e+00	0.00000e+00	0.00000e+00	0.00000e+00	0.00000e+00	2.53746e+00	4.36645e+01	1.97400e+01	1.07048e+01	3.29597e+01	2.68757e+01	-8.24298e+01	1.28135e-04	1.21159e+01	6.31942e+00	-6.06000e+00	2.30000e+00	
monocrop	Wed Nov 05 16:59:48 CET 2025	22/3/1999	22	3	1999	81	1999	6.61100e+00	1.58800e+01	3.50000e+01	8.10000e+01	0.00000e+00	0.00000e+00	0.00000e+00	0.00000e+00	0.00000e+00	0.00000e+00	0.00000e+00	0.00000e+00	3.07998e+00	4.10765e+01	1.85700e+01	1.27704e+01	2.83061e+01	2.71519e+01	-7.65365e+01	7.02133e-03	1.21686e+01	7.73128e+00	-6.07000e+00	3.30000e+00	
monocrop	Wed Nov 05 16:59:48 CET 2025	23/3/1999	23	3	1999	82	1999	3.68000e-01	1.93000e+01	3.30000e+01	8.50000e+01	0.00000e+00	0.00000e+00	0.00000e+00	0.00000e+00	0.00000e+00	0.00000e+00	0.00000e+00	0.00000e+00	2.37515e+00	4.40848e+01	1.99300e+01	1.12577e+01	3.28271e+01	2.74275e+01	-8.20227e+01	1.39089e-02	1.22213e+01	7.15786e+00	-6.08000e+00	1.30000e+00	
monocrop	Wed Nov 05 16:59:48 CET 2025	24/3/1999	24	3	1999	83	1999	-1.95000e-01	1.65300e+01	4.00000e+01	9.70000e+01	4.80000e+00	4.80000e+00	0.00000e+00	0.00000e+00	0.00000e+00	0.00000e+00	0.00000e+00	4.80000e+00	2.31495e+00	4.21382e+01	1.90500e+01	1.28957e+01	2.92425e+01	2.77024e+01	-7.50140e+01	2.07889e-02	1.22739e+01	7.42589e+00	-6.09000e+00	2.30000e+00	
monocrop	Wed Nov 05 16:59:48 CET 2025	25/3/1999	25	3	1999	84	1999	8.93000e+00	1.16000e+01	8.20000e+01	9.90000e+01	3.50000e+01	3.50000e+01	0.00000e+00	0.00000e+00	0.00000e+00	0.00000e+00	0.00000e+00	3.50000e+01	8.58903e-01	3.53917e+00	1.60000e+00	3.50378e+00	3.53918e-02	2.79765e+01	1.09198e+00	2.76599e-02	1.23265e+01	1.13009e+01	-6.09000e+00	3.70000e+00	
monocrop	Wed Nov 05 16:59:48 CET 2025	26/3/1999	26	3	1999	85	1999	7.78000e+00	1.59900e+01	5.50000e+01	9.90000e+01	6.60000e+00	6.60000e+00	0.00000e+00	0.00000e+00	0.00000e+00	0.00000e+00	0.00000e+00	6.60000e+00	1.55223e+00	1.77622e+01	8.03000e+00	1.47510e+01	3.01117e+00	2.82496e+01	-2.70820e+01	3.45199e-02	1.23790e+01	1.07076e+01	-5.52000e+00	1.40000e+00	
monocrop	Wed Nov 05 16:59:48 CET 2025	27/3/1999	27	3	1999	86	1999	3.50700e+00	1.42800e+01	3.60000e+01	9.90000e+01	1.00000e+00	1.00000e+00	0.00000e+00	0.00000e+00	0.00000e+00	0.00000e+00	0.00000e+00	1.00000e+00	2.29835e+00	3.93733e+01	1.78000e+01	1.53041e+01	2.40692e+01	2.85219e+01	-6.70879e+01	4.13673e-02	1.24315e+01	7.68657e+00	-5.41000e+00	1.90000e+00	
monocrop	Wed Nov 05 16:59:48 CET 2025	28/3/1999	28	3	1999	87	1999	2.45000e+00	1.40900e+01	3.60000e+01	9.90000e+01	2.00000e-01	2.00000e-01	0.00000e+00	0.00000e+00	0.00000e+00	0.00000e+00	0.00000e+00	2.00000e-01	1.52701e+00	1.99963e+01	9.04000e+00	1.58340e+01	4.16232e+00	2.87930e+01	-2.96052e+01	4.82004e-02	1.24839e+01	7.36862e+00	-5.42000e+00	9.00000e-01	
monocrop	Wed Nov 05 16:59:48 CET 2025	29/3/1999	29	3	1999	88	1999	-1.50500e+00	1.79000e+01	3.80000e+01	9.50000e+01	0.00000e+00	0.00000e+00	0.00000e+00	0.00000e+00	0.00000e+00	0.00000e+00	0.00000e+00	0.00000e+00	2.20450e+00	4.67834e+01	2.11500e+01	1.18809e+01	3.49025e+01	2.90631e+01	-8.02932e+01	5.50175e-02	1.25363e+01	7.22379e+00	-5.44000e+00	7.00000e-01	
monocrop	Wed Nov 05 16:59:48 CET 2025	30/3/1999	30	3	1999	89	1999	-1.86000e-01	2.04900e+01	3.00000e+01	9.90000e+01	0.00000e+00	0.00000e+00	0.00000e+00	0.00000e+00	0.00000e+00	0.00000e+00	0.00000e+00	0.00000e+00	2.49497e+00	4.68940e+01	2.12000e+01	1.22117e+01	3.46824e+01	2.93319e+01	-8.21041e+01	6.18167e-02	1.25886e+01	7.99362e+00	-5.47000e+00	1.00000e+00	
monocrop	Wed Nov 05 16:59:48 CET 2025	31/3/1999	31	3	1999	90	1999	1.15300e+00	1.98800e+01	3.70000e+01	9.90000e+01	0.00000e+00	0.00000e+00	0.00000e+00	0.00000e+00	0.00000e+00	0.00000e+00	0.00000e+00	0.00000e+00	2.50317e+00	4.57659e+01	2.06900e+01	1.33317e+01	3.24342e+01	2.95995e+01	-7.91723e+01	6.85966e-02	1.26408e+01	8.63514e+00	-5.50000e+00	1.10000e+00	
monocrop	Wed Nov 05 16:59:48 CET 2025	1/4/1999	1	4	1999	91	1999	6.23000e+00	1.66900e+01	5.60000e+01	9.90000e+01	0.00000e+00	0.00000e+00	0.00000e+00	0.00000e+00	0.00000e+00	0.00000e+00	0.00000e+00	0.00000e+00	2.06562e+00	3.24940e+01	1.46900e+01	1.82152e+01	1.42788e+01	2.98657e+01	-5.29380e+01	7.53552e-02	1.26930e+01	1.04785e+01	-5.53000e+00	1.30000e+00	
monocrop	Wed Nov 05 16:59:48 CET 2025	2/4/1999	2	4	1999	92	1999	5.18500e+00	2.01800e+01	3.40000e+01	9.90000e+01	0.00000e+00	0.00000e+00	0.00000e+00	0.00000e+00	0.00000e+00	0.00000e+00	0.00000e+00	0.00000e+00	2.75409e+00	4.61198e+01	2.08500e+01	1.38550e+01	3.22648e+01	3.01305e+01	-7.99933e+01	8.20910e-02	1.27451e+01	9.74564e+00	-5.55000e+00	1.00000e+00	
monocrop	Wed Nov 05 16:59:48 CET 2025	3/4/1999	3	4	1999	93	1999	3.92400e+00	2.26500e+01	3.40000e+01	9.90000e+01	0.00000e+00	0.00000e+00	0.00000e+00	0.00000e+00	0.00000e+00	0.00000e+00	0.00000e+00	0.00000e+00	2.50135e+00	3.10562e+01	1.40400e+01	1.86177e+01	1.24385e+01	3.03938e+01	-5.12833e+01	8.88023e-02	1.27970e+01	1.01389e+01	-5.58000e+00	1.70000e+00	
monocrop	Wed Nov 05 16:59:48 CET 2025	4/4/1999	4	4	1999	94	1999	6.68200e+00	2.41600e+01	3.00000e+01	9.40000e+01	0.00000e+00	0.00000e+00	0.00000e+00	0.00000e+00	0.00000e+00	0.00000e+00	0.00000e+00	0.00000e+00	3.19520e+00	4.89069e+01	2.21100e+01	1.28326e+01	3.60743e+01	3.06555e+01	-8.73871e+01	9.54873e-02	1.28489e+01	1.08531e+01	-5.60000e+00	9.00000e-01	
monocrop	Wed Nov 05 16:59:48 CET 2025	5/4/1999	5	4	1999	95	1999	3.82700e+00	2.71100e+01	1.80000e+01	9.90000e+01	0.00000e+00	0.00000e+00	0.00000e+00	0.00000e+00	0.00000e+00	0.00000e+00	0.00000e+00	0.00000e+00	3.07672e+00	4.51465e+01	2.04100e+01	1.54293e+01	2.97172e+01	3.09156e+01	-8.02020e+01	1.02144e-01	1.29007e+01	1.02717e+01	-5.63000e+00	8.00000e-01	
monocrop	Wed Nov 05 16:59:48 CET 2025	6/4/1999	6	4	1999	96	1999	4.14100e+00	2.12100e+01	4.80000e+01	9.90000e+01	0.00000e+00	0.00000e+00	0.00000e+00	0.00000e+00	0.00000e+00	0.00000e+00	0.00000e+00	0.00000e+00	2.56092e+00	3.93290e+01	1.77800e+01	1.80343e+01	2.12948e+01	3.11740e+01	-6.46258e+01	1.08772e-01	1.29524e+01	1.07666e+01	-5.65000e+00	1.30000e+00	
monocrop	Wed Nov 05 16:59:48 CET 2025	7/4/1999	7	4	1999	97	1999	9.41000e+00	1.93800e+01	3.30000e+01	9.90000e+01	6.00000e-01	6.00000e-01	0.00000e+00	0.00000e+00	0.00000e+00	0.00000e+00	0.00000e+00	6.00000e-01	3.19428e+00	3.48608e+01	1.57600e+01	1.91090e+01	1.57519e+01	3.14306e+01	-5.62210e+01	1.15368e-01	1.30039e+01	1.08140e+01	-5.67000e+00	3.00000e+00	
monocrop	Wed Nov 05 16:59:48 CET 2025	8/4/1999	8	4	1999	98	1999	8.75000e+00	1.78800e+01	2.70000e+01	6.00000e+01	0.00000e+00	0.00000e+00	0.00000e+00	0.00000e+00	0.00000e+00	0.00000e+00	0.00000e+00	0.00000e+00	3.71811e+00	5.14065e+01	2.32400e+01	1.26716e+01	3.87349e+01	3.16853e+01	-8.49311e+01	1.21932e-01	1.30553e+01	6.64431e+00	-5.67000e+00	1.80000e+00	
monocrop	Wed Nov 05 16:59:48 CET 2025	9/4/1999	9	4	1999	99	1999	2.32900e+00	2.20700e+01	2.40000e+01	7.50000e+01	0.00000e+00	0.00000e+00	0.00000e+00	0.00000e+00	0.00000e+00	0.00000e+00	0.00000e+00	0.00000e+00	3.03913e+00	4.88848e+01	2.21000e+01	1.46873e+01	3.41975e+01	3.19381e+01	-8.01618e+01	1.28461e-01	1.31066e+01	7.02764e+00	-5.69000e+00	8.00000e-01	
monocrop	Wed Nov 05 16:59:48 CET 2025	10/4/1999	10	4	1999	100	1999	5.69800e+00	2.21100e+01	2.60000e+01	6.30000e+01	0.00000e+00	0.00000e+00	0.00000e+00	0.00000e+00	0.00000e+00	0.00000e+00	0.00000e+00	0.00000e+00	3.74382e+00	4.74691e+01	2.14600e+01	1.58217e+01	3.16474e+01	3.21890e+01	-7.81773e+01	1.34953e-01	1.31577e+01	7.06280e+00	-5.71000e+00	1.90000e+00	
monocrop	Wed Nov 05 16:59:48 CET 2025	11/4/1999	11	4	1999	101	1999	9.23000e+00	1.82300e+01	2.50000e+01	6.30000e+01	0.00000e+00	0.00000e+00	0.00000e+00	0.00000e+00	0.00000e+00	0.00000e+00	0.00000e+00	0.00000e+00	4.63220e+00	4.94599e+01	2.23600e+01	1.50301e+01	3.44298e+01	3.24378e+01	-7.97072e+01	1.41408e-01	1.32087e+01	6.90490e+00	-5.73000e+00	3.60000e+00	
monocrop	Wed Nov 05 16:59:48 CET 2025	12/4/1999	12	4	1999	102	1999	8.93000e+00	1.55600e+01	4.90000e+01	7.20000e+01	0.00000e+00	0.00000e+00	0.00000e+00	0.00000e+00	0.00000e+00	0.00000e+00	0.00000e+00	0.00000e+00	2.66938e+00	1.76074e+01	7.96000e+00	1.55543e+01	2.05307e+00	3.26845e+01	-2.20025e+01	1.47823e-01	1.32595e+01	8.61510e+00	-5.75000e+00	3.20000e+00	
monocrop	Wed Nov 05 16:59:48 CET 2025	13/4/1999	13	4	1999	103	1999	8.65000e+00	1.82900e+01	2.80000e+01	6.50000e+01	0.00000e+00	0.00000e+00	0.00000e+00	0.00000e+00	0.00000e+00	0.00000e+00	0.00000e+00	0.00000e+00	4.70226e+00	5.51005e+01	2.49100e+01	1.19337e+01	4.31667e+01	3.29290e+01	-8.81087e+01	1.54197e-01	1.33102e+01	7.17471e+00	-5.77000e+00	3.50000e+00	
monocrop	Wed Nov 05 16:59:48 CET 2025	14/4/1999	14	4	1999	104	1999	7.06000e+00	1.61900e+01	4.10000e+01	9.90000e+01	1.00000e+00	1.00000e+00	0.00000e+00	0.00000e+00	0.00000e+00	0.00000e+00	0.00000e+00	1.00000e+00	2.54690e+00	3.30249e+01	1.49300e+01	2.03065e+01	1.27183e+01	3.31713e+01	-4.76435e+01	1.60529e-01	1.33606e+01	9.56837e+00	-5.78000e+00	1.90000e+00	
monocrop	Wed Nov 05 16:59:48 CET 2025	15/4/1999	15	4	1999	105	1999	1.08400e+00	9.74000e+00	5.30000e+01	9.30000e+01	2.40000e+00	2.40000e+00	0.00000e+00	0.00000e+00	0.00000e+00	0.00000e+00	0.00000e+00	2.40000e+00	1.32069e+00	1.49530e+01	6.76000e+00	1.40106e+01	9.42404e-01	3.34114e+01	-1.56523e+01	1.66815e-01	1.34109e+01	6.54832e+00	-5.80000e+00	1.20000e+00	
monocrop	Wed Nov 05 16:59:48 CET 2025	16/4/1999	16	4	1999	106	1999	-4.41000e-01	1.76900e+01	2.00000e+01	9.80000e+01	0.00000e+00	0.00000e+00	0.00000e+00	0.00000e+00	0.00000e+00	0.00000e+00	0.00000e+00	0.00000e+00	3.10526e+00	5.55650e+01	2.51200e+01	1.27528e+01	4.28122e+01	3.36490e+01	-8.25575e+01	1.73056e-01	1.34610e+01	6.59746e+00	-5.81000e+00	1.30000e+00	
monocrop	Wed Nov 05 16:59:48 CET 2025	17/4/1999	17	4	1999	107	1999	3.36600e+00	1.78400e+01	3.00000e+01	9.60000e+01	0.00000e+00	0.00000e+00	0.00000e+00	0.00000e+00	0.00000e+00	0.00000e+00	0.00000e+00	0.00000e+00	3.15365e+00	4.21382e+01	1.90500e+01	1.97684e+01	2.23699e+01	3.38843e+01	-6.13755e+01	1.79249e-01	1.35109e+01	8.04649e+00	-5.83000e+00	2.50000e+00	
monocrop	Wed Nov 05 16:59:48 CET 2025	18/4/1999	18	4	1999	108	1999	8.13000e+00	1.75100e+01	2.20000e+01	7.20000e+01	0.00000e+00	0.00000e+00	0.00000e+00	0.00000e+00	0.00000e+00	0.00000e+00	0.00000e+00	0.00000e+00	4.32651e+00	5.06101e+01	2.28800e+01	1.66093e+01	3.40009e+01	3.41171e+01	-7.63555e+01	1.85393e-01	1.35605e+01	6.95026e+00	-5.84000e+00	3.00000e+00	
monocrop	Wed Nov 05 16:59:48 CET 2025	19/4/1999	19	4	1999	109	1999	7.58000e+00	1.98400e+01	3.90000e+01	8.10000e+01	0.00000e+00	0.00000e+00	0.00000e+00	0.00000e+00	0.00000e+00	0.00000e+00	0.00000e+00	0.00000e+00	2.97770e+00	3.26488e+01	1.47600e+01	2.09395e+01	1.17093e+01	3.43475e+01	-4.66323e+01	1.91486e-01	1.36100e+01	9.40352e+00	-5.86000e+00	1.80000e+00	
monocrop	Wed Nov 05 16:59:48 CET 2025	20/4/1999	20	4	1999	110	1999	8.68000e+00	1.76800e+01	6.00000e+01	9.80000e+01	6.00000e-01	6.00000e-01	0.00000e+00	0.00000e+00	0.00000e+00	0.00000e+00	0.00000e+00	6.00000e-01	2.41003e+00	3.17419e+01	1.43500e+01	2.09640e+01	1.07779e+01	3.45752e+01	-4.41472e+01	1.97526e-01	1.36592e+01	1.19608e+01	-5.87000e+00	1.60000e+00	
monocrop	Wed Nov 05 16:59:48 CET 2025	21/4/1999	21	4	1999	111	1999	6.38400e+00	1.63200e+01	8.20000e+01	9.90000e+01	8.40000e+00	8.40000e+00	0.00000e+00	0.00000e+00	0.00000e+00	0.00000e+00	0.00000e+00	8.40000e+00	1.26715e+00	1.60811e+01	7.27000e+00	1.49301e+01	1.15105e+00	3.48004e+01	-1.75819e+01	2.03512e-01	1.37081e+01	1.21490e+01	-5.88000e+00	9.00000e-01	
monocrop	Wed Nov 05 16:59:48 CET 2025	22/4/1999	22	4	1999	112	1999	3.71500e+00	1.96800e+01	4.20000e+01	9.90000e+01	0.00000e+00	0.00000e+00	0.00000e+00	0.00000e+00	0.00000e+00	0.00000e+00	0.00000e+00	0.00000e+00	2.57739e+00	3.53917e+01	1.60000e+01	2.14510e+01	1.39407e+01	3.50228e+01	-4.91303e+01	2.09442e-01	1.37568e+01	9.68303e+00	-5.90000e+00	1.30000e+00	
monocrop	Wed Nov 05 16:59:48 CET 2025	23/4/1999	23	4	1999	113	1999	2.21600e+00	1.56200e+01	5.80000e+01	9.90000e+01	2.40000e+00	2.40000e+00	0.00000e+00	0.00000e+00	0.00000e+00	0.00000e+00	0.00000e+00	2.40000e+00	1.55269e+00	1.74525e+01	7.89000e+00	1.58637e+01	1.58888e+00	3.52426e+01	-1.89996e+01	2.15315e-01	1.38052e+01	8.95401e+00	-5.91000e+00	1.50000e+00	
monocrop	Wed Nov 05 16:59:48 CET 2025	24/4/1999	24	4	1999	114	1999	3.76100e+00	2.00900e+01	2.80000e+01	8.70000e+01	0.00000e+00	0.00000e+00	0.00000e+00	0.00000e+00	0.00000e+00	0.00000e+00	0.00000e+00	0.00000e+00	3.83693e+00	5.55650e+01	2.51200e+01	1.55061e+01	4.00588e+01	3.54595e+01	-8.11858e+01	2.21129e-01	1.38533e+01	8.01732e+00	-5.92000e+00	1.90000e+00	
monocrop	Wed Nov 05 16:59:48 CET 2025	25/4/1999	25	4	1999	115	1999	1.01900e+00	1.93600e+01	2.80000e+01	9.20000e+01	2.00000e-01	2.00000e-01	0.00000e+00	0.00000e+00	0.00000e+00	0.00000e+00	0.00000e+00	2.00000e-01	3.10646e+00	4.89069e+01	2.21100e+01	1.92830e+01	2.96239e+01	3.56737e+01	-6.85553e+01	2.26882e-01	1.39012e+01	7.45460e+00	-5.93000e+00	1.10000e+00	
monocrop	Wed Nov 05 16:59:48 CET 2025	26/4/1999	26	4	1999	116	1999	9.61000e+00	1.25500e+01	7.50000e+01	9.90000e+01	6.00000e+01	6.00000e+01	0.00000e+00	0.00000e+00	0.00000e+00	0.00000e+00	0.00000e+00	6.00000e+01	9.01554e-01	4.97696e+00	2.25000e+00	4.92719e+00	4.97694e-02	3.58850e+01	4.79202e-01	2.32574e-01	1.39487e+01	1.14702e+01	-5.94000e+00	1.40000e+00	
monocrop	Wed Nov 05 16:59:48 CET 2025	27/4/1999	27	4	1999	117	1999	9.52000e+00	1.83800e+01	5.60000e+01	9.90000e+01	6.00000e-01	6.00000e-01	0.00000e+00	0.00000e+00	0.00000e+00	0.00000e+00	0.00000e+00	6.00000e-01	2.26900e+00	2.84018e+01	1.28400e+01	2.09473e+01	7.45455e+00	3.60934e+01	-3.69395e+01	2.38201e-01	1.39959e+01	1.23372e+01	-5.02000e+00	9.00000e-01	
monocrop	Wed Nov 05 16:59:48 CET 2025	28/4/1999	28	4	1999	118	1999	1.01500e+01	2.21300e+01	4.00000e+01	9.90000e+01	2.00000e-01	2.00000e-01	0.00000e+00	0.00000e+00	0.00000e+00	0.00000e+00	0.00000e+00	2.00000e-01	3.54671e+00	4.48147e+01	2.02600e+01	2.12606e+01	2.35541e+01	3.62988e+01	-6.52150e+01	2.43763e-01	1.40427e+01	1.27391e+01	-5.06000e+00	1.40000e+00	
monocrop	Wed Nov 05 16:59:48 CET 2025	29/4/1999	29	4	1999	119	1999	8.74000e+00	1.90900e+01	5.40000e+01	9.90000e+01	0.00000e+00	0.00000e+00	0.00000e+00	0.00000e+00	0.00000e+00	0.00000e+00	0.00000e+00	0.00000e+00	3.59759e+00	5.07871e+01	2.29600e+01	1.94146e+01	3.13725e+01	3.65012e+01	-7.22182e+01	2.49258e-01	1.40892e+01	1.21503e+01	-5.10000e+00	2.00000e+00	
monocrop	Wed Nov 05 16:59:48 CET 2025	30/4/1999	30	4	1999	120	1999	1.06000e+01	2.04200e+01	6.00000e+01	9.90000e+01	0.00000e+00	0.00000e+00	0.00000e+00	0.00000e+00	0.00000e+00	0.00000e+00	0.00000e+00	0.00000e+00	3.60233e+00	5.06765e+01	2.29100e+01	1.96872e+01	3.09893e+01	3.67006e+01	-7.30977e+01	2.54685e-01	1.41353e+01	1.39962e+01	-5.15000e+00	1.30000e+00	
monocrop	Wed Nov 05 16:59:48 CET 2025	1/5/1999	1	5	1999	121	1999	1.04100e+01	2.04400e+01	5.40000e+01	9.90000e+01	0.00000e+00	0.00000e+00	0.00000e+00	0.00000e+00	0.00000e+00	0.00000e+00	0.00000e+00	0.00000e+00	3.32346e+00	4.51244e+01	2.04000e+01	2.17157e+01	2.34087e+01	3.68969e+01	-6.36487e+01	2.60042e-01	1.41811e+01	1.33948e+01	-5.19000e+00	1.10000e+00	
monocrop	Wed Nov 05 16:59:48 CET 2025	2/5/1999	2	5	1999	122	1999	1.02500e+01	2.29000e+01	3.90000e+01	9.90000e+01	2.00000e-01	2.00000e-01	0.00000e+00	0.00000e+00	0.00000e+00	0.00000e+00	0.00000e+00	2.00000e-01	3.54756e+00	4.34433e+01	1.96400e+01	2.22265e+01	2.12168e+01	3.70900e+01	-6.18009e+01	2.65327e-01	1.42264e+01	1.30030e+01	-5.24000e+00	1.30000e+00	
monocrop	Wed Nov 05 16:59:48 CET 2025	3/5/1999	3	5	1999	123	1999	1.28100e+01	1.52400e+01	8.70000e+01	9.90000e+01	4.94000e+01	4.94000e+01	0.00000e+00	0.00000e+00	0.00000e+00	0.00000e+00	0.00000e+00	4.94000e+01	7.54417e-01	5.04332e+00	2.28000e+00	4.99288e+00	5.04332e-02	3.72800e+01	8.64726e-01	2.70540e-01	1.42713e+01	1.48769e+01	-5.27000e+00	6.00000e-01	
monocrop	Wed Nov 05 16:59:48 CET 2025	4/5/1999	4	5	1999	124	1999	1.47600e+01	1.79400e+01	8.10000e+01	9.90000e+01	3.56000e+01	3.56000e+01	0.00000e+00	0.00000e+00	0.00000e+00	0.00000e+00	0.00000e+00	3.56000e+01	1.59583e+00	1.71207e+01	7.74000e+00	1.59470e+01	1.17377e+00	3.74668e+01	-1.80882e+01	2.75677e-01	1.43158e+01	1.67192e+01	-4.52000e+00	1.00000e+00	
monocrop	Wed Nov 05 16:59:48 CET 2025	5/5/1999	5	5	1999	125	1999	1.12900e+01	2.31100e+01	5.70000e+01	9.90000e+01	0.00000e+00	0.00000e+00	0.00000e+00	0.00000e+00	0.00000e+00	0.00000e+00	0.00000e+00	0.00000e+00	3.73067e+00	4.93714e+01	2.23200e+01	2.11965e+01	2.81749e+01	3.76503e+01	-7.07753e+01	2.80739e-01	1.43599e+01	1.52939e+01	-4.02000e+00	9.00000e-01	
monocrop	Wed Nov 05 16:59:48 CET 2025	6/5/1999	6	5	1999	126	1999	8.48000e+00	2.58600e+01	2.90000e+01	9.90000e+01	0.00000e+00	0.00000e+00	0.00000e+00	0.00000e+00	0.00000e+00	0.00000e+00	0.00000e+00	0.00000e+00	4.30097e+00	5.55871e+01	2.51300e+01	1.87015e+01	3.68856e+01	3.78305e+01	-8.12102e+01	2.85723e-01	1.44034e+01	1.25250e+01	-4.16000e+00	1.10000e+00	
monocrop	Wed Nov 05 16:59:48 CET 2025	7/5/1999	7	5	1999	127	1999	1.44600e+01	1.67900e+01	8.20000e+01	9.90000e+01	4.00000e-01	4.00000e-01	0.00000e+00	0.00000e+00	0.00000e+00	0.00000e+00	0.00000e+00	4.00000e-01	1.53103e+00	1.49309e+01	6.75000e+00	1.44699e+01	4.61014e-01	3.80073e+01	-1.41524e+01	2.90628e-01	1.44465e+01	1.60508e+01	-4.28000e+00	2.10000e+00	
monocrop	Wed Nov 05 16:59:48 CET 2025	8/5/1999	8	5	1999	128	1999	9.70000e+00	2.04100e+01	6.70000e+01	9.90000e+01	2.80000e+00	2.80000e+00	0.00000e+00	0.00000e+00	0.00000e+00	0.00000e+00	0.00000e+00	2.80000e+00	2.49728e+00	3.19189e+01	1.44300e+01	2.26203e+01	9.29861e+00	3.81808e+01	-4.04609e+01	2.95452e-01	1.44891e+01	1.41913e+01	-4.38000e+00	9.00000e-01	
monocrop	Wed Nov 05 16:59:48 CET 2025	9/5/1999	9	5	1999	129	1999	6.63300e+00	2.34500e+01	4.00000e+01	9.90000e+01	2.00000e-01	2.00000e-01	0.00000e+00	0.00000e+00	0.00000e+00	0.00000e+00	0.00000e+00	2.00000e-01	4.33658e+00	6.13604e+01	2.77400e+01	1.59343e+01	4.54261e+01	3.83509e+01	-8.65997e+01	3.00195e-01	1.45312e+01	1.18728e+01	-4.42000e+00	1.30000e+00	
monocrop	Wed Nov 05 16:59:48 CET 2025	10/5/1999	10	5	1999	130	1999	1.36900e+01	2.08600e+01	6.10000e+01	9.90000e+01	2.00000e-01	2.00000e-01	0.00000e+00	0.00000e+00	0.00000e+00	0.00000e+00	0.00000e+00	2.00000e-01	3.04911e+00	3.65419e+01	1.65200e+01	2.34759e+01	1.30661e+01	3.85176e+01	-4.82279e+01	3.04853e-01	1.45727e+01	1.57606e+01	-4.51000e+00	1.10000e+00	
monocrop	Wed Nov 05 16:59:48 CET 2025	11/5/1999	11	5	1999	131	1999	1.20300e+01	2.05000e+01	7.40000e+01	9.90000e+01	0.00000e+00	0.00000e+00	0.00000e+00	0.00000e+00	0.00000e+00	0.00000e+00	0.00000e+00	0.00000e+00	1.88197e+00	2.07484e+01	9.38000e+00	1.83572e+01	2.39120e+00	3.86807e+01	-2.29699e+01	3.09427e-01	1.46137e+01	1.59821e+01	-4.59000e+00	8.00000e-01	
monocrop	Wed Nov 05 16:59:48 CET 2025	12/5/1999	12	5	1999	132	1999	1.39800e+01	2.62200e+01	4.60000e+01	9.90000e+01	0.00000e+00	0.00000e+00	0.00000e+00	0.00000e+00	0.00000e+00	0.00000e+00	0.00000e+00	0.00000e+00	4.18093e+00	4.77788e+01	2.16000e+01	2.27924e+01	2.49864e+01	3.88404e+01	-6.84036e+01	3.13915e-01	1.46541e+01	1.70457e+01	-4.67000e+00	1.10000e+00	
monocrop	Wed Nov 05 16:59:48 CET 2025	13/5/1999	13	5	1999	133	1999	1.27000e+01	2.76600e+01	4.50000e+01	9.90000e+01	2.00000e-01	2.00000e-01	0.00000e+00	0.00000e+00	0.00000e+00	0.00000e+00	0.00000e+00	2.00000e-01	4.43302e+00	5.18710e+01	2.34500e+01	2.16957e+01	3.01753e+01	3.89965e+01	-7.52023e+01	3.18314e-01	1.46939e+01	1.70122e+01	-4.75000e+00	1.00000e+00	
monocrop	Wed Nov 05 16:59:48 CET 2025	14/5/1999	14	5	1999	134	1999	1.18200e+01	2.83100e+01	4.00000e+01	9.90000e+01	1.00000e+00	1.00000e+00	0.00000e+00	0.00000e+00	0.00000e+00	0.00000e+00	0.00000e+00	1.00000e+00	5.08760e+00	5.86175e+01	2.65000e+01	1.87593e+01	3.98583e+01	3.91490e+01	-8.60077e+01	3.22625e-01	1.47330e+01	1.63050e+01	-4.82000e+00	1.70000e+00	
monocrop	Wed Nov 05 16:59:48 CET 2025	15/5/1999	15	5	1999	135	1999	1.05800e+01	2.44300e+01	4.30000e+01	9.90000e+01	2.00000e-01	2.00000e-01	0.00000e+00	0.00000e+00	0.00000e+00	0.00000e+00	0.00000e+00	2.00000e-01	3.35325e+00	3.99041e+01	1.80400e+01	2.40712e+01	1.58330e+01	3.92979e+01	-5.30090e+01	3.26845e-01	1.47716e+01	1.41925e+01	-4.86000e+00	7.00000e-01	
monocrop	Wed Nov 05 16:59:48 CET 2025	16/5/1999	16	5	1999	136	1999	6.71900e+00	2.50900e+01	3.10000e+01	9.90000e+01	0.00000e+00	0.00000e+00	0.00000e+00	0.00000e+00	0.00000e+00	0.00000e+00	0.00000e+00	0.00000e+00	3.80239e+00	4.86415e+01	2.19900e+01	2.31161e+01	2.55253e+01	3.94431e+01	-6.55113e+01	3.30973e-01	1.48095e+01	1.17363e+01	-4.91000e+00	9.00000e-01	
monocrop	Wed Nov 05 16:59:48 CET 2025	17/5/1999	17	5	1999	137	1999	1.39400e+01	1.77400e+01	7.90000e+01	9.90000e+01	3.50000e+01	3.50000e+01	0.00000e+00	0.00000e+00	0.00000e+00	0.00000e+00	0.00000e+00	3.50000e+01	1.15199e+00	5.50783e+00	2.49000e+00	5.45276e+00	5.50785e-02	3.95847e+01	7.79044e-01	3.35008e-01	1.48467e+01	1.60036e+01	-4.97000e+00	3.00000e+00	
monocrop	Wed Nov 05 16:59:48 CET 2025	18/5/1999	18	5	1999	138	1999	1.53400e+01	1.96100e+01	7.00000e+01	9.90000e+01	0.00000e+00	0.00000e+00	0.00000e+00	0.00000e+00	0.00000e+00	0.00000e+00	0.00000e+00	0.00000e+00	4.23509e+00	5.30212e+01	2.39700e+01	2.20321e+01	3.09891e+01	3.97226e+01	-7.14748e+01	3.38948e-01	1.48832e+01	1.68590e+01	-4.45000e+00	2.50000e+00	
monocrop	Wed Nov 05 16:59:48 CET 2025	19/5/1999	19	5	1999	139	1999	1.29600e+01	2.10900e+01	4.90000e+01	9.90000e+01	4.40000e+00	4.40000e+00	0.00000e+00	0.00000e+00	0.00000e+00	0.00000e+00	0.00000e+00	4.40000e+00	4.17292e+00	5.16055e+01	2.33300e+01	2.26573e+01	2.89482e+01	3.98567e+01	-6.90788e+01	3.42792e-01	1.49189e+01	1.43496e+01	-4.54000e+00	1.60000e+00	
monocrop	Wed Nov 05 16:59:48 CET 2025	20/5/1999	20	5	1999	140	1999	1.11200e+01	2.18100e+01	4.70000e+01	8.60000e+01	1.00000e+00	1.00000e+00	0.00000e+00	0.00000e+00	0.00000e+00	0.00000e+00	0.00000e+00	1.00000e+00	3.79305e+00	3.78691e+01	1.71200e+01	2.43657e+01	1.35034e+01	3.99870e+01	-4.78656e+01	3.46540e-01	1.49540e+01	1.24444e+01	-4.54000e+00	2.50000e+00	
monocrop	Wed Nov 05 16:59:48 CET 2025	21/5/1999	21	5	1999	141	1999	1.31800e+01	2.13500e+01	5.00000e+01	7.10000e+01	0.00000e+00	0.00000e+00	0.00000e+00	0.00000e+00	0.00000e+00	0.00000e+00	0.00000e+00	0.00000e+00	4.49698e+00	3.73382e+01	1.68800e+01	2.43801e+01	1.29581e+01	4.01136e+01	-4.71842e+01	3.50189e-01	1.49882e+01	1.19114e+01	-4.60000e+00	3.70000e+00	
monocrop	Wed Nov 05 16:59:48 CET 2025	22/5/1999	22	5	1999	142	1999	1.35700e+01	2.50000e+01	4.00000e+01	7.80000e+01	0.00000e+00	0.00000e+00	0.00000e+00	0.00000e+00	0.00000e+00	0.00000e+00	0.00000e+00	0.00000e+00	5.42903e+00	5.45475e+01	2.46600e+01	2.19967e+01	3.25508e+01	4.02363e+01	-7.54133e+01	3.53738e-01	1.50217e+01	1.31870e+01	-4.68000e+00	2.80000e+00	
monocrop	Wed Nov 05 16:59:48 CET 2025	23/5/1999	23	5	1999	143	1999	1.07500e+01	2.63000e+01	3.80000e+01	8.70000e+01	0.00000e+00	0.00000e+00	0.00000e+00	0.00000e+00	0.00000e+00	0.00000e+00	0.00000e+00	0.00000e+00	5.09350e+00	6.46120e+01	2.92100e+01	1.67365e+01	4.78755e+01	4.03552e+01	-9.05267e+01	3.57186e-01	1.50544e+01	1.33214e+01	-4.76000e+00	9.00000e-01	
monocrop	Wed Nov 05 16:59:48 CET 2025	24/5/1999	24	5	1999	144	1999	7.92000e+00	2.48400e+01	4.30000e+01	9.90000e+01	0.00000e+00	0.00000e+00	0.00000e+00	0.00000e+00	0.00000e+00	0.00000e+00	0.00000e+00	0.00000e+00	4.73488e+00	6.35502e+01	2.87300e+01	1.76112e+01	4.59390e+01	4.04702e+01	-8.62398e+01	3.60533e-01	1.50863e+01	1.32148e+01	-4.83000e+00	1.20000e+00	
monocrop	Wed Nov 05 16:59:48 CET 2025	25/5/1999	25	5	1999	145	1999	9.02000e+00	2.65800e+01	4.80000e+01	9.90000e+01	0.00000e+00	0.00000e+00	0.00000e+00	0.00000e+00	0.00000e+00	0.00000e+00	0.00000e+00	0.00000e+00	4.61959e+00	5.83963e+01	2.64000e+01	2.06892e+01	3.77071e+01	4.05813e+01	-7.98351e+01	3.63776e-01	1.51173e+01	1.49682e+01	-4.90000e+00	1.20000e+00	
monocrop	Wed Nov 05 16:59:48 CET 2025	26/5/1999	26	5	1999	146	1999	1.18800e+01	2.59400e+01	4.80000e+01	9.90000e+01	0.00000e+00	0.00000e+00	0.00000e+00	0.00000e+00	0.00000e+00	0.00000e+00	0.00000e+00	0.00000e+00	5.23910e+00	6.57401e+01	2.97200e+01	1.64642e+01	4.92759e+01	4.06884e+01	-9.16696e+01	3.66915e-01	1.51474e+01	1.60480e+01	-4.96000e+00	1.20000e+00	
monocrop	Wed Nov 05 16:59:48 CET 2025	27/5/1999	27	5	1999	147	1999	1.26600e+01	2.31400e+01	6.00000e+01	9.90000e+01	4.00000e-01	4.00000e-01	0.00000e+00	0.00000e+00	0.00000e+00	0.00000e+00	0.00000e+00	4.00000e-01	3.99458e+00	4.85530e+01	2.19500e+01	2.42993e+01	2.42537e+01	4.07917e+01	-6.37028e+01	3.69949e-01	1.51767e+01	1.62924e+01	-5.01000e+00	1.40000e+00	
monocrop	Wed Nov 05 16:59:48 CET 2025	28/5/1999	28	5	1999	148	1999	1.24200e+01	2.67300e+01	4.60000e+01	9.90000e+01	2.00000e-01	2.00000e-01	0.00000e+00	0.00000e+00	0.00000e+00	0.00000e+00	0.00000e+00	2.00000e-01	4.59728e+00	5.43484e+01	2.45700e+01	2.27651e+01	3.15833e+01	4.08909e+01	-7.43410e+01	3.72876e-01	1.52050e+01	1.64995e+01	-5.05000e+00	1.00000e+00	
monocrop	Wed Nov 05 16:59:48 CET 2025	29/5/1999	29	5	1999	149	1999	1.06700e+01	2.56700e+01	4.50000e+01	9.90000e+01	0.00000e+00	0.00000e+00	0.00000e+00	0.00000e+00	0.00000e+00	0.00000e+00	0.00000e+00	0.00000e+00	4.62906e+00	5.60516e+01	2.53400e+01	2.22113e+01	3.38403e+01	4.09861e+01	-7.54251e+01	3.75695e-01	1.52324e+01	1.50082e+01	-5.10000e+00	1.40000e+00	
monocrop	Wed Nov 05 16:59:48 CET 2025	30/5/1999	30	5	1999	150	1999	1.21000e+01	2.65200e+01	4.00000e+01	9.90000e+01	0.00000e+00	0.00000e+00	0.00000e+00	0.00000e+00	0.00000e+00	0.00000e+00	0.00000e+00	0.00000e+00	4.44180e+00	5.06544e+01	2.29000e+01	2.40745e+01	2.65799e+01	4.10774e+01	-6.80150e+01	3.78407e-01	1.52588e+01	1.55581e+01	-5.15000e+00	1.20000e+00	
monocrop	Wed Nov 05 16:59:48 CET 2025	31/5/1999	31	5	1999	151	1999	1.35700e+01	2.72200e+01	3.80000e+01	9.90000e+01	0.00000e+00	0.00000e+00	0.00000e+00	0.00000e+00	0.00000e+00	0.00000e+00	0.00000e+00	0.00000e+00	3.49708e+00	3.53032e+01	1.59600e+01	2.45701e+01	1.07331e+01	4.11645e+01	-4.48447e+01	3.81009e-01	1.52843e+01	1.64018e+01	-5.19000e+00	8.00000e-01	
monocrop	Wed Nov 05 16:59:48 CET 2025	1/6/1999	1	6	1999	152	1999	1.21100e+01	2.81900e+01	4.10000e+01	9.90000e+01	0.00000e+00	0.00000e+00	0.00000e+00	0.00000e+00	0.00000e+00	0.00000e+00	0.00000e+00	0.00000e+00	4.79517e+00	5.54323e+01	2.50600e+01	2.27375e+01	3.26947e+01	4.12477e+01	-7.60493e+01	3.83500e-01	1.53088e+01	1.65090e+01	-5.23000e+00	1.00000e+00	
monocrop	Wed Nov 05 16:59:48 CET 2025	2/6/1999	2	6	1999	153	1999	1.29900e+01	2.61400e+01	4.30000e+01	9.90000e+01	5.60000e+00	5.60000e+00	0.00000e+00	0.00000e+00	0.00000e+00	0.00000e+00	0.00000e+00	5.60000e+00	4.12609e+00	4.57659e+01	2.06900e+01	2.51329e+01	2.06330e+01	4.13267e+01	-6.01395e+01	3.85881e-01	1.53322e+01	1.61481e+01	-5.27000e+00	1.10000e+00	
monocrop	Wed Nov 05 16:59:48 CET 2025	3/6/1999	3	6	1999	154	1999	1.03000e+01	2.73800e+01	3.40000e+01	9.90000e+01	1.60000e+00	1.60000e+00	0.00000e+00	0.00000e+00	0.00000e+00	0.00000e+00	0.00000e+00	1.60000e+00	5.40771e+00	6.50986e+01	2.94300e+01	1.79611e+01	4.71375e+01	4.14016e+01	-8.92400e+01	3.88149e-01	1.53547e+01	1.44562e+01	-5.31000e+00	1.50000e+00	
monocrop	Wed Nov 05 16:59:48 CET 2025	4/6/1999	4	6	1999	155	1999	1.12600e+01	2.54900e+01	3.60000e+01	8.90000e+01	0.00000e+00	0.00000e+00	0.00000e+00	0.00000e+00	0.00000e+00	0.00000e+00	0.00000e+00	0.00000e+00	5.35872e+00	6.13382e+01	2.77300e+01	2.02890e+01	4.10492e+01	4.14725e+01	-8.24537e+01	3.90304e-01	1.53761e+01	1.31967e+01	-5.35000e+00	2.00000e+00	
monocrop	Wed Nov 05 16:59:48 CET 2025	5/6/1999	5	6	1999	156	1999	8.62000e+00	2.53500e+01	5.10000e+01	9.90000e+01	3.40000e+00	3.40000e+00	0.00000e+00	0.00000e+00	0.00000e+00	0.00000e+00	0.00000e+00	3.40000e+00	4.84774e+00	6.25106e+01	2.82600e+01	1.97272e+01	4.27834e+01	4.15392e+01	-8.28196e+01	3.92346e-01	1.53964e+01	1.45066e+01	-5.38000e+00	1.50000e+00	
monocrop	Wed Nov 05 16:59:48 CET 2025	6/6/1999	6	6	1999	157	1999	1.15300e+01	2.20200e+01	4.60000e+01	9.90000e+01	6.60000e+00	6.60000e+00	0.00000e+00	0.00000e+00	0.00000e+00	0.00000e+00	0.00000e+00	6.60000e+00	2.79160e+00	2.98175e+01	1.34800e+01	2.32209e+01	6.59660e+00	4.16017e+01	-3.40603e+01	3.94273e-01	1.54156e+01	1.38374e+01	-5.42000e+00	8.00000e-01	
monocrop	Wed Nov 05 16:59:48 CET 2025	7/6/1999	7	6	1999	158	1999	8.91000e+00	2.48400e+01	2.90000e+01	9.90000e+01	1.60000e+00	1.60000e+00	0.00000e+00	0.00000e+00	0.00000e+00	0.00000e+00	0.00000e+00	1.60000e+00	3.57633e+00	4.09217e+01	1.85000e+01	2.54823e+01	1.54393e+01	4.16601e+01	-5.06169e+01	3.96086e-01	1.54338e+01	1.22929e+01	-5.45000e+00	8.00000e-01	
monocrop	Wed Nov 05 16:59:48 CET 2025	8/6/1999	8	6	1999	159	1999	9.13000e+00	2.51700e+01	3.30000e+01	9.90000e+01	0.00000e+00	0.00000e+00	0.00000e+00	0.00000e+00	0.00000e+00	0.00000e+00	0.00000e+00	0.00000e+00	5.38408e+00	6.83281e+01	3.08900e+01	1.62166e+01	5.21115e+01	4.17144e+01	-9.10762e+01	3.97782e-01	1.54508e+01	1.29000e+01	-5.48000e+00	1.60000e+00	
monocrop	Wed Nov 05 16:59:48 CET 2025	9/6/1999	9	6	1999	160	1999	5.90800e+00	2.80400e+01	2.40000e+01	9.90000e+01	0.00000e+00	0.00000e+00	0.00000e+00	0.00000e+00	0.00000e+00	0.00000e+00	0.00000e+00	0.00000e+00	5.04815e+00	6.61382e+01	2.99000e+01	1.78113e+01	4.83270e+01	4.17644e+01	-8.83680e+01	3.99362e-01	1.54667e+01	1.18871e+01	-5.50000e+00	9.00000e-01	
monocrop	Wed Nov 05 16:59:48 CET 2025	10/6/1999	10	6	1999	161	1999	1.23900e+01	2.48500e+01	4.80000e+01	9.50000e+01	0.00000e+00	0.00000e+00	0.00000e+00	0.00000e+00	0.00000e+00	0.00000e+00	0.00000e+00	0.00000e+00	3.34644e+00	3.65198e+01	1.65100e+01	2.50766e+01	1.14432e+01	4.18103e+01	-4.47241e+01	4.00825e-01	1.54814e+01	1.53307e+01	-5.53000e+00	7.00000e-01	
monocrop	Wed Nov 05 16:59:48 CET 2025	11/6/1999	11	6	1999	162	1999	9.43000e+00	2.92800e+01	2.60000e+01	9.90000e+01	0.00000e+00	0.00000e+00	0.00000e+00	0.00000e+00	0.00000e+00	0.00000e+00	0.00000e+00	0.00000e+00	5.11788e+00	6.06525e+01	2.74200e+01	2.11243e+01	3.95283e+01	4.18519e+01	-8.23571e+01	4.02171e-01	1.54950e+01	1.40304e+01	-5.56000e+00	1.00000e+00	
monocrop	Wed Nov 05 16:59:48 CET 2025	12/6/1999	12	6	1999	163	1999	8.35000e+00	2.77500e+01	2.90000e+01	9.70000e+01	0.00000e+00	0.00000e+00	0.00000e+00	0.00000e+00	0.00000e+00	0.00000e+00	0.00000e+00	0.00000e+00	5.32517e+00	6.63373e+01	2.99900e+01	1.78638e+01	4.84735e+01	4.18894e+01	-8.92697e+01	4.03399e-01	1.55075e+01	1.30334e+01	-5.58000e+00	1.20000e+00	
monocrop	Wed Nov 05 16:59:48 CET 2025	13/6/1999	13	6	1999	164	1999	1.02800e+01	3.04900e+01	2.80000e+01	9.90000e+01	0.00000e+00	0.00000e+00	0.00000e+00	0.00000e+00	0.00000e+00	0.00000e+00	0.00000e+00	0.00000e+00	5.28131e+00	5.73124e+01	2.59100e+01	2.27269e+01	3.45856e+01	4.19226e+01	-7.82248e+01	4.04508e-01	1.55187e+01	1.51952e+01	-5.60000e+00	1.60000e+00	
monocrop	Wed Nov 05 16:59:48 CET 2025	14/6/1999	14	6	1999	165	1999	1.06800e+01	2.76600e+01	2.50000e+01	9.60000e+01	0.00000e+00	0.00000e+00	0.00000e+00	0.00000e+00	0.00000e+00	0.00000e+00	0.00000e+00	0.00000e+00	4.75621e+00	5.31982e+01	2.40500e+01	2.41912e+01	2.90070e+01	4.19516e+01	-7.03139e+01	4.05498e-01	1.55288e+01	1.34257e+01	-5.63000e+00	1.20000e+00	
monocrop	Wed Nov 05 16:59:48 CET 2025	15/6/1999	15	6	1999	166	1999	1.02800e+01	2.85400e+01	3.30000e+01	8.60000e+01	0.00000e+00	0.00000e+00	0.00000e+00	0.00000e+00	0.00000e+00	0.00000e+00	0.00000e+00	0.00000e+00	4.47940e+00	5.11410e+01	2.31200e+01	2.47512e+01	2.63898e+01	4.19764e+01	-6.75093e+01	4.06370e-01	1.55376e+01	1.34027e+01	-5.65000e+00	7.00000e-01	
monocrop	Wed Nov 05 16:59:48 CET 2025	16/6/1999	16	6	1999	167	1999	1.13000e+01	3.06800e+01	2.90000e+01	8.30000e+01	0.00000e+00	0.00000e+00	0.00000e+00	0.00000e+00	0.00000e+00	0.00000e+00	0.00000e+00	0.00000e+00	5.80215e+00	6.46341e+01	2.92200e+01	1.90998e+01	4.55343e+01	4.19970e+01	-8.99555e+01	4.07122e-01	1.55453e+01	1.39096e+01	-5.67000e+00	1.30000e+00	
monocrop	Wed Nov 05 16:59:48 CET 2025	17/6/1999	17	6	1999	168	1999	1.20600e+01	3.03600e+01	3.40000e+01	9.90000e+01	0.00000e+00	0.00000e+00	0.00000e+00	0.00000e+00	0.00000e+00	0.00000e+00	0.00000e+00	0.00000e+00	5.25292e+00	5.94359e+01	2.68700e+01	2.19065e+01	3.75295e+01	4.20133e+01	-8.19539e+01	4.07754e-01	1.55518e+01	1.67425e+01	-5.69000e+00	9.00000e-01	
monocrop	Wed Nov 05 16:59:48 CET 2025	18/6/1999	18	6	1999	169	1999	1.49600e+01	3.29000e+01	1.90000e+01	6.30000e+01	0.00000e+00	0.00000e+00	0.00000e+00	0.00000e+00	0.00000e+00	0.00000e+00	0.00000e+00	0.00000e+00	6.16713e+00	6.36830e+01	2.87900e+01	1.97047e+01	4.39782e+01	4.20254e+01	-9.17381e+01	4.08266e-01	1.55570e+01	1.21772e+01	-5.71000e+00	1.10000e+00	
monocrop	Wed Nov 05 16:59:48 CET 2025	19/6/1999	19	6	1999	170	1999	1.15200e+01	3.10500e+01	1.90000e+01	5.00000e+01	0.00000e+00	0.00000e+00	0.00000e+00	0.00000e+00	0.00000e+00	0.00000e+00	0.00000e+00	0.00000e+00	6.04779e+00	6.73327e+01	3.04400e+01	1.74091e+01	4.99236e+01	4.20332e+01	-9.44434e+01	4.08659e-01	1.55610e+01	8.72600e+00	-5.73000e+00	1.20000e+00	
monocrop	Wed Nov 05 16:59:48 CET 2025	20/6/1999	20	6	1999	171	1999	1.00100e+01	3.00600e+01	2.70000e+01	6.30000e+01	0.00000e+00	0.00000e+00	0.00000e+00	0.00000e+00	0.00000e+00	0.00000e+00	0.00000e+00	0.00000e+00	5.19172e+00	4.91502e+01	2.22200e+01	2.52062e+01	2.39440e+01	4.20368e+01	-6.50880e+01	4.08931e-01	1.55638e+01	1.05376e+01	-5.75000e+00	1.80000e+00	
monocrop	Wed Nov 05 16:59:48 CET 2025	21/6/1999	21	6	1999	172	1999	1.44100e+01	2.86500e+01	2.10000e+01	5.90000e+01	0.00000e+00	0.00000e+00	0.00000e+00	0.00000e+00	0.00000e+00	0.00000e+00	0.00000e+00	0.00000e+00	7.27476e+00	6.36830e+01	2.87900e+01	1.97193e+01	4.39636e+01	4.20362e+01	-8.83211e+01	4.09083e-01	1.55653e+01	1.02702e+01	-5.76000e+00	3.40000e+00	
monocrop	Wed Nov 05 16:59:48 CET 2025	22/6/1999	22	6	1999	173	1999	1.01600e+01	2.71100e+01	2.00000e+01	5.00000e+01	0.00000e+00	0.00000e+00	0.00000e+00	0.00000e+00	0.00000e+00	0.00000e+00	0.00000e+00	0.00000e+00	5.93977e+00	6.89032e+01	3.11500e+01	1.62993e+01	5.26040e+01	4.20314e+01	-9.31151e+01	4.09114e-01	1.55656e+01	7.51158e+00	-5.78000e+00	1.50000e+00	
monocrop	Wed Nov 05 16:59:48 CET 2025	23/6/1999	23	6	1999	174	1999	8.36000e+00	2.88600e+01	1.90000e+01	7.30000e+01	0.00000e+00	0.00000e+00	0.00000e+00	0.00000e+00	0.00000e+00	0.00000e+00	0.00000e+00	0.00000e+00	5.59390e+00	6.68682e+01	3.02300e+01	1.77071e+01	4.91611e+01	4.20223e+01	-9.05640e+01	4.09026e-01	1.55647e+01	9.85692e+00	-5.80000e+00	1.20000e+00	
monocrop	Wed Nov 05 16:59:48 CET 2025	24/6/1999	24	6	1999	175	1999	7.12000e+00	3.06100e+01	2.50000e+01	8.70000e+01	0.00000e+00	0.00000e+00	0.00000e+00	0.00000e+00	0.00000e+00	0.00000e+00	0.00000e+00	0.00000e+00	5.57950e+00	6.65143e+01	3.00700e+01	1.79231e+01	4.85912e+01	4.20090e+01	-9.07954e+01	4.08817e-01	1.55626e+01	1.21927e+01	-5.81000e+00	1.30000e+00	
monocrop	Wed Nov 05 16:59:48 CET 2025	25/6/1999	25	6	1999	176	1999	9.25000e+00	2.84600e+01	1.70000e+01	9.90000e+01	0.00000e+00	0.00000e+00	0.00000e+00	0.00000e+00	0.00000e+00	0.00000e+00	0.00000e+00	0.00000e+00	4.70064e+00	5.30212e+01	2.39700e+01	2.42796e+01	2.87416e+01	4.19916e+01	-6.99088e+01	4.08488e-01	1.55593e+01	1.26203e+01	-5.83000e+00	1.10000e+00	
monocrop	Wed Nov 05 16:59:48 CET 2025	26/6/1999	26	6	1999	177	1999	1.28300e+01	2.20300e+01	5.40000e+01	9.90000e+01	9.40000e+00	9.40000e+00	0.00000e+00	0.00000e+00	0.00000e+00	0.00000e+00	0.00000e+00	9.40000e+00	1.92070e+00	1.64571e+01	7.44000e+00	1.59560e+01	5.01137e-01	4.19699e+01	-1.44836e+01	4.08040e-01	1.55547e+01	1.52196e+01	-5.84000e+00	6.00000e-01	
monocrop	Wed Nov 05 16:59:48 CET 2025	27/6/1999	27	6	1999	178	1999	1.21200e+01	2.51700e+01	4.40000e+01	9.90000e+01	1.40000e+00	1.40000e+00	0.00000e+00	0.00000e+00	0.00000e+00	0.00000e+00	0.00000e+00	1.40000e+00	4.30778e+00	5.01899e+01	2.26900e+01	2.49320e+01	2.52579e+01	4.19440e+01	-6.49367e+01	4.07472e-01	1.55489e+01	1.53547e+01	-5.85000e+00	1.10000e+00	
monocrop	Wed Nov 05 16:59:48 CET 2025	28/6/1999	28	6	1999	179	1999	1.22200e+01	2.80300e+01	2.80000e+01	9.70000e+01	2.00000e-01	2.00000e-01	0.00000e+00	0.00000e+00	0.00000e+00	0.00000e+00	0.00000e+00	2.00000e-01	5.63162e+00	6.33733e+01	2.86500e+01	1.97340e+01	4.36392e+01	4.19140e+01	-8.66980e+01	4.06784e-01	1.55419e+01	1.47174e+01	-5.87000e+00	1.60000e+00	
monocrop	Wed Nov 05 16:59:48 CET 2025	29/6/1999	29	6	1999	180	1999	1.25600e+01	2.71900e+01	3.80000e+01	9.80000e+01	0.00000e+00	0.00000e+00	0.00000e+00	0.00000e+00	0.00000e+00	0.00000e+00	0.00000e+00	0.00000e+00	4.10803e+00	4.42396e+01	2.00000e+01	2.56225e+01	1.86172e+01	4.18797e+01	-5.72379e+01	4.05978e-01	1.55337e+01	1.57664e+01	-5.88000e+00	1.00000e+00	
monocrop	Wed Nov 05 16:59:48 CET 2025	30/6/1999	30	6	1999	181	1999	1.40200e+01	3.14500e+01	2.90000e+01	9.90000e+01	0.00000e+00	0.00000e+00	0.00000e+00	0.00000e+00	0.00000e+00	0.00000e+00	0.00000e+00	0.00000e+00	6.56779e+00	6.66028e+01	3.01100e+01	1.76158e+01	4.89870e+01	4.18414e+01	-9.53238e+01	4.05053e-01	1.55243e+01	1.76847e+01	-5.89000e+00	2.40000e+00	
monocrop	Wed Nov 05 16:59:48 CET 2025	1/7/1999	1	7	1999	182	1999	1.21900e+01	3.42900e+01	2.20000e+01	9.20000e+01	0.00000e+00	0.00000e+00	0.00000e+00	0.00000e+00	0.00000e+00	0.00000e+00	0.00000e+00	0.00000e+00	6.22026e+00	6.64700e+01	3.00500e+01	1.76415e+01	4.88285e+01	4.17989e+01	-9.65588e+01	4.04009e-01	1.55137e+01	1.62395e+01	-5.91000e+00	1.20000e+00	
monocrop	Wed Nov 05 16:59:48 CET 2025	2/7/1999	2	7	1999	183	1999	1.36200e+01	3.20200e+01	3.20000e+01	9.30000e+01	0.00000e+00	0.00000e+00	0.00000e+00	0.00000e+00	0.00000e+00	0.00000e+00	0.00000e+00	0.00000e+00	5.67829e+00	5.88166e+01	2.65900e+01	2.18852e+01	3.69314e+01	4.17523e+01	-8.33543e+01	4.02848e-01	1.55019e+01	1.73595e+01	-5.92000e+00	1.40000e+00	
monocrop	Wed Nov 05 16:59:48 CET 2025	3/7/1999	3	7	1999	184	1999	1.31500e+01	3.01800e+01	2.70000e+01	9.90000e+01	0.00000e+00	0.00000e+00	0.00000e+00	0.00000e+00	0.00000e+00	0.00000e+00	0.00000e+00	0.00000e+00	5.71665e+00	6.23336e+01	2.81800e+01	2.00414e+01	4.22922e+01	4.17015e+01	-8.75593e+01	4.01569e-01	1.54890e+01	1.63097e+01	-5.93000e+00	1.40000e+00	
monocrop	Wed Nov 05 16:59:48 CET 2025	4/7/1999	4	7	1999	185	1999	1.22200e+01	3.07800e+01	2.90000e+01	9.60000e+01	0.00000e+00	0.00000e+00	0.00000e+00	0.00000e+00	0.00000e+00	0.00000e+00	0.00000e+00	0.00000e+00	5.86349e+00	6.25327e+01	2.82700e+01	1.98575e+01	4.26753e+01	4.16467e+01	-8.80208e+01	4.00174e-01	1.54749e+01	1.60177e+01	-5.94000e+00	1.80000e+00	
monocrop	Wed Nov 05 16:59:48 CET 2025	5/7/1999	5	7	1999	186	1999	1.68600e+01	2.84100e+01	5.10000e+01	9.70000e+01	7.80000e+00	7.80000e+00	0.00000e+00	0.00000e+00	0.00000e+00	0.00000e+00	0.00000e+00	7.80000e+00	4.29523e+00	4.18507e+01	1.89200e+01	2.54694e+01	1.63813e+01	4.15878e+01	-5.57763e+01	3.98662e-01	1.54596e+01	2.03242e+01	-5.95000e+00	1.50000e+00	
monocrop	Wed Nov 05 16:59:48 CET 2025	6/7/1999	6	7	1999	187	1999	1.54300e+01	2.91800e+01	3.10000e+01	9.90000e+01	6.00000e-01	6.00000e-01	0.00000e+00	0.00000e+00	0.00000e+00	0.00000e+00	0.00000e+00	6.00000e-01	5.88330e+00	5.81530e+01	2.62900e+01	2.19209e+01	3.62321e+01	4.15249e+01	-8.16664e+01	3.97035e-01	1.54433e+01	1.74977e+01	-5.96000e+00	2.40000e+00	
monocrop	Wed Nov 05 16:59:48 CET 2025	7/7/1999	7	7	1999	188	1999	1.41200e+01	3.09500e+01	2.90000e+01	8.20000e+01	0.00000e+00	0.00000e+00	0.00000e+00	0.00000e+00	0.00000e+00	0.00000e+00	0.00000e+00	0.00000e+00	5.89744e+00	6.04092e+01	2.73100e+01	2.07589e+01	3.96503e+01	4.14579e+01	-8.60746e+01	3.95293e-01	1.54258e+01	1.51508e+01	-5.98000e+00	1.60000e+00	
monocrop	Wed Nov 05 16:59:48 CET 2025	8/7/1999	8	7	1999	189	1999	1.68300e+01	3.13600e+01	2.30000e+01	5.20000e+01	0.00000e+00	0.00000e+00	0.00000e+00	0.00000e+00	0.00000e+00	0.00000e+00	0.00000e+00	0.00000e+00	6.44358e+00	6.54083e+01	2.95700e+01	1.77375e+01	4.76708e+01	4.13870e+01	-9.58993e+01	3.93437e-01	1.54073e+01	1.12486e+01	-5.99000e+00	1.40000e+00	
monocrop	Wed Nov 05 16:59:48 CET 2025	9/7/1999	9	7	1999	190	1999	1.36400e+01	3.13400e+01	2.70000e+01	7.90000e+01	0.00000e+00	0.00000e+00	0.00000e+00	0.00000e+00	0.00000e+00	0.00000e+00	0.00000e+00	0.00000e+00	5.69305e+00	6.01438e+01	2.71900e+01	2.07129e+01	3.94309e+01	4.13120e+01	-8.60661e+01	3.91467e-01	1.53876e+01	1.44288e+01	-6.00000e+00	1.20000e+00	
monocrop	Wed Nov 05 16:59:48 CET 2025	10/7/1999	10	7	1999	191	1999	1.22500e+01	3.05100e+01	2.90000e+01	8.60000e+01	0.00000e+00	0.00000e+00	0.00000e+00	0.00000e+00	0.00000e+00	0.00000e+00	0.00000e+00	0.00000e+00	5.86389e+00	6.49438e+01	2.93600e+01	1.78164e+01	4.71274e+01	4.12331e+01	-9.26879e+01	3.89385e-01	1.53669e+01	1.46283e+01	-6.00000e+00	1.40000e+00	
monocrop	Wed Nov 05 16:59:48 CET 2025	11/7/1999	11	7	1999	192	1999	1.42200e+01	2.83900e+01	4.10000e+01	9.30000e+01	0.00000e+00	0.00000e+00	0.00000e+00	0.00000e+00	0.00000e+00	0.00000e+00	0.00000e+00	0.00000e+00	4.45798e+00	4.72700e+01	2.13700e+01	2.48115e+01	2.24585e+01	4.11503e+01	-6.43084e+01	3.87190e-01	1.53452e+01	1.69670e+01	-6.01000e+00	1.00000e+00	
monocrop	Wed Nov 05 16:59:48 CET 2025	12/7/1999	12	7	1999	193	1999	1.42500e+01	2.97000e+01	3.10000e+01	9.90000e+01	0.00000e+00	0.00000e+00	0.00000e+00	0.00000e+00	0.00000e+00	0.00000e+00	0.00000e+00	0.00000e+00	5.49919e+00	6.08959e+01	2.75300e+01	2.00011e+01	4.08948e+01	4.10635e+01	-8.69779e+01	3.84885e-01	1.53224e+01	1.71493e+01	-6.02000e+00	1.10000e+00	
monocrop	Wed Nov 05 16:59:48 CET 2025	13/7/1999	13	7	1999	194	1999	1.37100e+01	3.27500e+01	2.10000e+01	9.20000e+01	0.00000e+00	0.00000e+00	0.00000e+00	0.00000e+00	0.00000e+00	0.00000e+00	0.00000e+00	0.00000e+00	5.65588e+00	5.48571e+01	2.48000e+01	2.26635e+01	3.21936e+01	4.09729e+01	-7.92544e+01	3.82470e-01	1.52986e+01	1.60874e+01	-6.03000e+00	1.70000e+00	
monocrop	Wed Nov 05 16:59:48 CET 2025	14/7/1999	14	7	1999	195	1999	1.68200e+01	3.05700e+01	2.90000e+01	6.70000e+01	0.00000e+00	0.00000e+00	0.00000e+00	0.00000e+00	0.00000e+00	0.00000e+00	0.00000e+00	0.00000e+00	7.50224e+00	6.41253e+01	2.89900e+01	1.78313e+01	4.62940e+01	4.08784e+01	-9.45216e+01	3.79945e-01	1.52739e+01	1.40560e+01	-6.04000e+00	3.60000e+00	
monocrop	Wed Nov 05 16:59:48 CET 2025	15/7/1999	15	7	1999	196	1999	1.26300e+01	3.34200e+01	2.60000e+01	8.80000e+01	0.00000e+00	0.00000e+00	0.00000e+00	0.00000e+00	0.00000e+00	0.00000e+00	0.00000e+00	0.00000e+00	6.32070e+00	6.45677e+01	2.91900e+01	1.73991e+01	4.71686e+01	4.07800e+01	-9.57288e+01	3.77313e-01	1.52481e+01	1.60297e+01	-6.05000e+00	1.90000e+00	
monocrop	Wed Nov 05 16:59:48 CET 2025	16/7/1999	16	7	1999	197	1999	1.50800e+01	3.40000e+01	2.40000e+01	7.10000e+01	0.00000e+00	0.00000e+00	0.00000e+00	0.00000e+00	0.00000e+00	0.00000e+00	0.00000e+00	0.00000e+00	6.27349e+00	6.46341e+01	2.92200e+01	1.72040e+01	4.74301e+01	4.06779e+01	-9.77801e+01	3.74573e-01	1.52215e+01	1.46335e+01	-6.06000e+00	1.20000e+00	
monocrop	Wed Nov 05 16:59:48 CET 2025	17/7/1999	17	7	1999	198	1999	1.35900e+01	3.18100e+01	3.00000e+01	8.80000e+01	0.00000e+00	0.00000e+00	0.00000e+00	0.00000e+00	0.00000e+00	0.00000e+00	0.00000e+00	0.00000e+00	5.76946e+00	6.16479e+01	2.78700e+01	1.89256e+01	4.27223e+01	4.05720e+01	-9.06833e+01	3.71727e-01	1.51938e+01	1.62685e+01	-6.07000e+00	1.30000e+00	
monocrop	Wed Nov 05 16:59:48 CET 2025	18/7/1999	18	7	1999	199	1999	1.37300e+01	3.12000e+01	3.40000e+01	9.70000e+01	0.00000e+00	0.00000e+00	0.00000e+00	0.00000e+00	0.00000e+00	0.00000e+00	0.00000e+00	0.00000e+00	5.51901e+00	6.00553e+01	2.71500e+01	1.96806e+01	4.03747e+01	4.04623e+01	-8.79587e+01	3.68775e-01	1.51653e+01	1.78048e+01	-6.07000e+00	1.20000e+00	
monocrop	Wed Nov 05 16:59:48 CET 2025	19/7/1999	19	7	1999	200	1999	1.65100e+01	3.03900e+01	3.10000e+01	9.00000e+01	0.00000e+00	0.00000e+00	0.00000e+00	0.00000e+00	0.00000e+00	0.00000e+00	0.00000e+00	0.00000e+00	4.14682e+00	3.83336e+01	1.73300e+01	2.45966e+01	1.37370e+01	4.03490e+01	-5.28451e+01	3.65720e-01	1.51359e+01	1.74567e+01	-6.08000e+00	9.00000e-01	
monocrop	Wed Nov 05 16:59:48 CET 2025	20/7/1999	20	7	1999	201	1999	1.55700e+01	3.14500e+01	3.80000e+01	9.60000e+01	0.00000e+00	0.00000e+00	0.00000e+00	0.00000e+00	0.00000e+00	0.00000e+00	0.00000e+00	0.00000e+00	5.68899e+00	5.99226e+01	2.70900e+01	1.94539e+01	4.04687e+01	4.02319e+01	-8.93282e+01	3.62562e-01	1.51057e+01	1.94023e+01	-6.09000e+00	1.30000e+00	
monocrop	Wed Nov 05 16:59:48 CET 2025	21/7/1999	21	7	1999	202	1999	1.62300e+01	3.58600e+01	3.00000e+01	9.60000e+01	0.00000e+00	0.00000e+00	0.00000e+00	0.00000e+00	0.00000e+00	0.00000e+00	0.00000e+00	0.00000e+00	6.02941e+00	5.59189e+01	2.52800e+01	2.12871e+01	3.46318e+01	4.01112e+01	-8.62549e+01	3.59302e-01	1.50745e+01	2.12269e+01	-6.10000e+00	1.70000e+00	
monocrop	Wed Nov 05 16:59:48 CET 2025	22/7/1999	22	7	1999	203	1999	1.43300e+01	3.21300e+01	2.20000e+01	7.70000e+01	0.00000e+00	0.00000e+00	0.00000e+00	0.00000e+00	0.00000e+00	0.00000e+00	0.00000e+00	0.00000e+00	6.57179e+00	6.11392e+01	2.76400e+01	1.84277e+01	4.27115e+01	3.99869e+01	-9.19516e+01	3.55941e-01	1.50426e+01	1.40942e+01	-6.10000e+00	2.60000e+00	
monocrop	Wed Nov 05 16:59:48 CET 2025	23/7/1999	23	7	1999	204	1999	1.37000e+01	2.95100e+01	2.20000e+01	4.80000e+01	0.00000e+00	0.00000e+00	0.00000e+00	0.00000e+00	0.00000e+00	0.00000e+00	0.00000e+00	0.00000e+00	6.44220e+00	6.43908e+01	2.91100e+01	1.61349e+01	4.82559e+01	3.98590e+01	-9.53612e+01	3.52481e-01	1.50099e+01	9.02776e+00	-6.11000e+00	2.20000e+00	
monocrop	Wed Nov 05 16:59:48 CET 2025	24/7/1999	24	7	1999	205	1999	8.60000e+00	3.17400e+01	2.00000e+01	7.50000e+01	0.00000e+00	0.00000e+00	0.00000e+00	0.00000e+00	0.00000e+00	0.00000e+00	0.00000e+00	0.00000e+00	5.56757e+00	6.34839e+01	2.87000e+01	1.65599e+01	4.69240e+01	3.97275e+01	-9.35590e+01	3.48923e-01	1.49763e+01	1.12164e+01	-6.12000e+00	1.40000e+00	
monocrop	Wed Nov 05 16:59:48 CET 2025	25/7/1999	25	7	1999	206	1999	1.00600e+01	3.12200e+01	2.50000e+01	9.70000e+01	0.00000e+00	0.00000e+00	0.00000e+00	0.00000e+00	0.00000e+00	0.00000e+00	0.00000e+00	0.00000e+00	5.48230e+00	6.23558e+01	2.81900e+01	1.71101e+01	4.52456e+01	3.95925e+01	-9.23531e+01	3.45268e-01	1.49421e+01	1.48285e+01	-6.13000e+00	1.50000e+00	
monocrop	Wed Nov 05 16:59:48 CET 2025	26/7/1999	26	7	1999	207	1999	1.81400e+01	3.11400e+01	2.90000e+01	9.70000e+01	0.00000e+00	0.00000e+00	0.00000e+00	0.00000e+00	0.00000e+00	0.00000e+00	0.00000e+00	0.00000e+00	5.90938e+00	6.04756e+01	2.73400e+01	1.80915e+01	4.23841e+01	3.94540e+01	-9.32534e+01	3.41517e-01	1.49070e+01	1.95250e+01	-6.13000e+00	1.30000e+00	
monocrop	Wed Nov 05 16:59:48 CET 2025	27/7/1999	27	7	1999	208	1999	1.84400e+01	3.01600e+01	3.20000e+01	9.40000e+01	8.00000e-01	8.00000e-01	0.00000e+00	0.00000e+00	0.00000e+00	0.00000e+00	0.00000e+00	8.00000e-01	3.86709e+00	3.28479e+01	1.48500e+01	2.32869e+01	9.56108e+00	3.93120e+01	-4.55417e+01	3.37671e-01	1.48713e+01	1.91316e+01	-6.14000e+00	1.10000e+00	
monocrop	Wed Nov 05 16:59:48 CET 2025	28/7/1999	28	7	1999	209	1999	1.79000e+01	3.11900e+01	3.10000e+01	9.40000e+01	4.00000e-01	4.00000e-01	0.00000e+00	0.00000e+00	0.00000e+00	0.00000e+00	0.00000e+00	4.00000e-01	4.81484e+00	4.68276e+01	2.11700e+01	2.32891e+01	2.35386e+01	3.91667e+01	-7.02744e+01	3.33733e-01	1.48349e+01	1.92603e+01	-6.14000e+00	1.00000e+00	
monocrop	Wed Nov 05 16:59:48 CET 2025	29/7/1999	29	7	1999	210	1999	1.86200e+01	3.24600e+01	3.00000e+01	9.20000e+01	3.60000e+00	3.60000e+00	0.00000e+00	0.00000e+00	0.00000e+00	0.00000e+00	0.00000e+00	3.60000e+00	4.55576e+00	4.17180e+01	1.88600e+01	2.38469e+01	1.78711e+01	3.90179e+01	-6.25401e+01	3.29703e-01	1.47978e+01	1.99469e+01	-6.15000e+00	9.00000e-01	
monocrop	Wed Nov 05 16:59:48 CET 2025	30/7/1999	30	7	1999	211	1999	1.78400e+01	3.29400e+01	2.70000e+01	9.70000e+01	1.56000e+01	1.56000e+01	0.00000e+00	0.00000e+00	0.00000e+00	0.00000e+00	0.00000e+00	1.56000e+01	4.56762e+00	4.24258e+01	1.91800e+01	2.36931e+01	1.87327e+01	3.88658e+01	-6.40999e+01	3.25582e-01	1.47600e+01	2.00940e+01	-6.16000e+00	9.00000e-01	
monocrop	Wed Nov 05 16:59:48 CET 2025	31/7/1999	31	7	1999	212	1999	1.57600e+01	2.91900e+01	3.90000e+01	9.80000e+01	2.00000e-01	2.00000e-01	0.00000e+00	0.00000e+00	0.00000e+00	0.00000e+00	0.00000e+00	2.00000e-01	4.27018e+00	4.36866e+01	1.97500e+01	2.34484e+01	2.02382e+01	3.87104e+01	-6.40020e+01	3.21372e-01	1.47216e+01	1.86316e+01	-6.16000e+00	1.10000e+00	
monocrop	Wed Nov 05 16:59:48 CET 2025	1/8/1999	1	8	1999	213	1999	1.65800e+01	2.94600e+01	4.20000e+01	9.80000e+01	2.00000e-01	2.00000e-01	0.00000e+00	0.00000e+00	0.00000e+00	0.00000e+00	0.00000e+00	2.00000e-01	5.02994e+00	5.47908e+01	2.47700e+01	1.99839e+01	3.48069e+01	3.85517e+01	-8.38772e+01	3.17075e-01	1.46826e+01	1.96796e+01	-6.17000e+00	1.00000e+00	
monocrop	Wed Nov 05 16:59:48 CET 2025	2/8/1999	2	8	1999	214	1999	1.47900e+01	2.96100e+01	4.00000e+01	9.80000e+01	7.00000e+00	7.00000e+00	0.00000e+00	0.00000e+00	0.00000e+00	0.00000e+00	0.00000e+00	7.00000e+00	4.93933e+00	5.37733e+01	2.43100e+01	2.02609e+01	3.35124e+01	3.83897e+01	-8.18985e+01	3.12691e-01	1.46430e+01	1.84561e+01	-6.17000e+00	1.30000e+00	
monocrop	Wed Nov 05 16:59:48 CET 2025	3/8/1999	3	8	1999	215	1999	1.78900e+01	2.94700e+01	4.70000e+01	9.80000e+01	0.00000e+00	0.00000e+00	0.00000e+00	0.00000e+00	0.00000e+00	0.00000e+00	0.00000e+00	0.00000e+00	4.89808e+00	5.20479e+01	2.35300e+01	2.08064e+01	3.12415e+01	3.82245e+01	-8.04507e+01	3.08222e-01	1.46029e+01	2.12113e+01	-6.18000e+00	1.00000e+00	
monocrop	Wed Nov 05 16:59:48 CET 2025	4/8/1999	4	8	1999	216	1999	2.09600e+01	2.82300e+01	4.80000e+01	9.60000e+01	0.00000e+00	0.00000e+00	0.00000e+00	0.00000e+00	0.00000e+00	0.00000e+00	0.00000e+00	0.00000e+00	4.12674e+00	3.65419e+01	1.65200e+01	2.32288e+01	1.33131e+01	3.80562e+01	-5.38046e+01	3.03669e-01	1.45621e+01	2.22544e+01	-6.19000e+00	1.70000e+00	
monocrop	Wed Nov 05 16:59:48 CET 2025	5/8/1999	5	8	1999	217	1999	2.08600e+01	2.85500e+01	5.70000e+01	9.70000e+01	7.20000e+00	7.20000e+00	0.00000e+00	0.00000e+00	0.00000e+00	0.00000e+00	0.00000e+00	7.20000e+00	5.16512e+00	5.39724e+01	2.44000e+01	1.95770e+01	3.43953e+01	3.78847e+01	-8.52710e+01	2.99035e-01	1.45209e+01	2.39569e+01	-6.19000e+00	1.10000e+00	
monocrop	Wed Nov 05 16:59:48 CET 2025	6/8/1999	6	8	1999	218	1999	1.71100e+01	2.69800e+01	6.40000e+01	9.80000e+01	1.48000e+01	1.48000e+01	0.00000e+00	0.00000e+00	0.00000e+00	0.00000e+00	0.00000e+00	1.48000e+01	3.88408e+00	4.09880e+01	1.85300e+01	2.30027e+01	1.79853e+01	3.77101e+01	-6.05779e+01	2.94320e-01	1.44791e+01	2.14621e+01	-6.20000e+00	1.60000e+00	
monocrop	Wed Nov 05 16:59:48 CET 2025	7/8/1999	7	8	1999	219	1999	1.56500e+01	2.89100e+01	4.00000e+01	9.80000e+01	1.00000e+00	1.00000e+00	0.00000e+00	0.00000e+00	0.00000e+00	0.00000e+00	0.00000e+00	1.00000e+00	4.80508e+00	5.17604e+01	2.34000e+01	2.01608e+01	3.15996e+01	3.75325e+01	-8.03848e+01	2.89525e-01	1.44368e+01	1.85462e+01	-6.20000e+00	1.40000e+00	
monocrop	Wed Nov 05 16:59:48 CET 2025	8/8/1999	8	8	1999	220	1999	1.82800e+01	2.96200e+01	5.40000e+01	9.70000e+01	1.56000e+01	1.56000e+01	0.00000e+00	0.00000e+00	0.00000e+00	0.00000e+00	0.00000e+00	1.56000e+01	4.82809e+00	5.04111e+01	2.27900e+01	2.05079e+01	2.99032e+01	3.73519e+01	-7.99346e+01	2.84653e-01	1.43941e+01	2.24508e+01	-6.21000e+00	1.30000e+00	
monocrop	Wed Nov 05 16:59:48 CET 2025	9/8/1999	9	8	1999	221	1999	1.95700e+01	2.87000e+01	5.30000e+01	9.60000e+01	0.00000e+00	0.00000e+00	0.00000e+00	0.00000e+00	0.00000e+00	0.00000e+00	0.00000e+00	0.00000e+00	4.83889e+00	4.97032e+01	2.24700e+01	2.05814e+01	2.91218e+01	3.71682e+01	-7.89966e+01	2.79704e-01	1.43508e+01	2.24010e+01	-6.21000e+00	1.40000e+00	
monocrop	Wed Nov 05 16:59:48 CET 2025	10/8/1999	10	8	1999	222	1999	1.89000e+01	3.02200e+01	3.40000e+01	6.80000e+01	0.00000e+00	0.00000e+00	0.00000e+00	0.00000e+00	0.00000e+00	0.00000e+00	0.00000e+00	0.00000e+00	6.05018e+00	5.84406e+01	2.64200e+01	1.58531e+01	4.25874e+01	3.69817e+01	-9.62393e+01	2.74681e-01	1.43072e+01	1.57305e+01	-6.22000e+00	2.00000e+00	
monocrop	Wed Nov 05 16:59:48 CET 2025	11/8/1999	11	8	1999	223	1999	1.41500e+01	2.91700e+01	3.20000e+01	8.80000e+01	0.00000e+00	0.00000e+00	0.00000e+00	0.00000e+00	0.00000e+00	0.00000e+00	0.00000e+00	0.00000e+00	4.55951e+00	4.98802e+01	2.25500e+01	2.01131e+01	2.97671e+01	3.67922e+01	-7.84801e+01	2.69584e-01	1.42631e+01	1.55283e+01	-6.22000e+00	1.10000e+00	
monocrop	Wed Nov 05 16:59:48 CET 2025	12/8/1999	12	8	1999	224	1999	1.36800e+01	2.89300e+01	2.70000e+01	9.50000e+01	0.00000e+00	0.00000e+00	0.00000e+00	0.00000e+00	0.00000e+00	0.00000e+00	0.00000e+00	0.00000e+00	4.31515e+00	4.75576e+01	2.15000e+01	2.07511e+01	2.68065e+01	3.65998e+01	-7.44738e+01	2.64416e-01	1.42186e+01	1.54475e+01	-6.23000e+00	1.00000e+00	
monocrop	Wed Nov 05 16:59:48 CET 2025	13/8/1999	13	8	1999	225	1999	1.24400e+01	3.11700e+01	2.20000e+01	8.30000e+01	0.00000e+00	0.00000e+00	0.00000e+00	0.00000e+00	0.00000e+00	0.00000e+00	0.00000e+00	0.00000e+00	4.99824e+00	5.77327e+01	2.61000e+01	1.54711e+01	4.22617e+01	3.64047e+01	-9.44175e+01	2.59177e-01	1.41737e+01	1.37083e+01	-6.23000e+00	1.00000e+00	
monocrop	Wed Nov 05 16:59:48 CET 2025	14/8/1999	14	8	1999	226	1999	1.12400e+01	3.15800e+01	2.90000e+01	9.50000e+01	0.00000e+00	0.00000e+00	0.00000e+00	0.00000e+00	0.00000e+00	0.00000e+00	0.00000e+00	0.00000e+00	5.06202e+00	5.67373e+01	2.56500e+01	1.58320e+01	4.09054e+01	3.62068e+01	-9.29677e+01	2.53869e-01	1.41284e+01	1.58022e+01	-6.24000e+00	1.60000e+00	
monocrop	Wed Nov 05 16:59:48 CET 2025	15/8/1999	15	8	1999	227	1999	1.71500e+01	3.18600e+01	3.40000e+01	9.50000e+01	0.00000e+00	0.00000e+00	0.00000e+00	0.00000e+00	0.00000e+00	0.00000e+00	0.00000e+00	0.00000e+00	5.52392e+00	5.50120e+01	2.48700e+01	1.66174e+01	3.83946e+01	3.60061e+01	-9.32336e+01	2.48494e-01	1.40827e+01	1.98291e+01	-6.24000e+00	1.90000e+00	
monocrop	Wed Nov 05 16:59:48 CET 2025	16/8/1999	16	8	1999	228	1999	1.59900e+01	2.66700e+01	6.60000e+01	9.70000e+01	0.00000e+00	0.00000e+00	0.00000e+00	0.00000e+00	0.00000e+00	0.00000e+00	0.00000e+00	0.00000e+00	2.45679e+00	2.40664e+01	1.08800e+01	1.93721e+01	4.69423e+00	3.58027e+01	-3.32777e+01	2.43053e-01	1.40367e+01	2.06706e+01	-6.24000e+00	9.00000e-01	
monocrop	Wed Nov 05 16:59:48 CET 2025	17/8/1999	17	8	1999	229	1999	1.34500e+01	3.11500e+01	3.10000e+01	9.70000e+01	2.00000e-01	2.00000e-01	0.00000e+00	0.00000e+00	0.00000e+00	0.00000e+00	0.00000e+00	2.00000e-01	4.52044e+00	4.91060e+01	2.22000e+01	1.91146e+01	2.99914e+01	3.55967e+01	-8.11849e+01	2.37547e-01	1.39904e+01	1.72233e+01	-6.25000e+00	1.20000e+00	
monocrop	Wed Nov 05 16:59:48 CET 2025	18/8/1999	18	8	1999	230	1999	1.34500e+01	2.88300e+01	4.40000e+01	9.30000e+01	0.00000e+00	0.00000e+00	0.00000e+00	0.00000e+00	0.00000e+00	0.00000e+00	0.00000e+00	0.00000e+00	3.30142e+00	3.39760e+01	1.53600e+01	2.16000e+01	1.23760e+01	3.53881e+01	-5.22549e+01	2.31979e-01	1.39437e+01	1.71720e+01	-6.25000e+00	9.00000e-01	
monocrop	Wed Nov 05 16:59:48 CET 2025	19/8/1999	19	8	1999	231	1999	1.38600e+01	3.09100e+01	3.20000e+01	8.90000e+01	0.00000e+00	0.00000e+00	0.00000e+00	0.00000e+00	0.00000e+00	0.00000e+00	0.00000e+00	0.00000e+00	3.39405e+00	3.35779e+01	1.51800e+01	2.14565e+01	1.21214e+01	3.51769e+01	-5.28955e+01	2.26349e-01	1.38967e+01	1.63658e+01	-6.26000e+00	6.00000e-01	
monocrop	Wed Nov 05 16:59:48 CET 2025	20/8/1999	20	8	1999	232	1999	1.53000e+01	3.13000e+01	3.00000e+01	9.50000e+01	3.00000e+00	3.00000e+00	0.00000e+00	0.00000e+00	0.00000e+00	0.00000e+00	0.00000e+00	3.00000e+00	4.66330e+00	5.09198e+01	2.30200e+01	1.75201e+01	3.33997e+01	3.49632e+01	-8.72236e+01	2.20660e-01	1.38494e+01	1.78712e+01	-6.26000e+00	1.00000e+00	
monocrop	Wed Nov 05 16:59:48 CET 2025	21/8/1999	21	8	1999	233	1999	1.14800e+01	3.19000e+01	2.40000e+01	9.40000e+01	0.00000e+00	0.00000e+00	0.00000e+00	0.00000e+00	0.00000e+00	0.00000e+00	0.00000e+00	0.00000e+00	4.65200e+00	5.46359e+01	2.47000e+01	1.50737e+01	3.95623e+01	3.47471e+01	-9.38076e+01	2.14913e-01	1.38019e+01	1.52976e+01	-6.27000e+00	1.00000e+00	
monocrop	Wed Nov 05 16:59:48 CET 2025	22/8/1999	22	8	1999	234	1999	1.09600e+01	3.12600e+01	2.50000e+01	9.40000e+01	0.00000e+00	0.00000e+00	0.00000e+00	0.00000e+00	0.00000e+00	0.00000e+00	0.00000e+00	0.00000e+00	4.53762e+00	5.44147e+01	2.46000e+01	1.48992e+01	3.95156e+01	3.45285e+01	-9.33135e+01	2.09109e-01	1.37541e+01	1.48884e+01	-6.27000e+00	1.00000e+00	
monocrop	Wed Nov 05 16:59:48 CET 2025	23/8/1999	23	8	1999	235	1999	1.39000e+01	3.10100e+01	3.40000e+01	9.80000e+01	0.00000e+00	0.00000e+00	0.00000e+00	0.00000e+00	0.00000e+00	0.00000e+00	0.00000e+00	0.00000e+00	4.50487e+00	5.14949e+01	2.32800e+01	1.63682e+01	3.51267e+01	3.43075e+01	-8.94471e+01	2.03249e-01	1.37060e+01	1.79298e+01	-6.27000e+00	1.00000e+00	
monocrop	Wed Nov 05 16:59:48 CET 2025	24/8/1999	24	8	1999	236	1999	1.91200e+01	2.94600e+01	5.70000e+01	9.80000e+01	0.00000e+00	0.00000e+00	0.00000e+00	0.00000e+00	0.00000e+00	0.00000e+00	0.00000e+00	0.00000e+00	4.20385e+00	4.36424e+01	1.97300e+01	1.95291e+01	2.41133e+01	3.40842e+01	-7.55974e+01	1.97336e-01	1.36576e+01	2.35208e+01	-6.28000e+00	1.30000e+00	
monocrop	Wed Nov 05 16:59:48 CET 2025	25/8/1999	25	8	1999	237	1999	1.97300e+01	2.93300e+01	5.60000e+01	9.80000e+01	0.00000e+00	0.00000e+00	0.00000e+00	0.00000e+00	0.00000e+00	0.00000e+00	0.00000e+00	0.00000e+00	3.84431e+00	3.77806e+01	1.70800e+01	2.05607e+01	1.72199e+01	3.38586e+01	-6.45958e+01	1.91371e-01	1.36090e+01	2.37074e+01	-6.28000e+00	1.40000e+00	
monocrop	Wed Nov 05 16:59:48 CET 2025	26/8/1999	26	8	1999	238	1999	1.68800e+01	2.47100e+01	6.90000e+01	9.80000e+01	2.00000e+00	2.00000e+00	0.00000e+00	0.00000e+00	0.00000e+00	0.00000e+00	0.00000e+00	2.00000e+00	1.59865e+00	1.37364e+01	6.21000e+00	1.31863e+01	5.50117e-01	3.36308e+01	-1.60419e+01	1.85356e-01	1.35602e+01	2.04928e+01	-6.29000e+00	5.00000e-01	
monocrop	Wed Nov 05 16:59:48 CET 2025	27/8/1999	27	8	1999	239	1999	1.56500e+01	3.16700e+01	3.70000e+01	9.80000e+01	0.00000e+00	0.00000e+00	0.00000e+00	0.00000e+00	0.00000e+00	0.00000e+00	0.00000e+00	0.00000e+00	4.47691e+00	4.93493e+01	2.23100e+01	1.63675e+01	3.29818e+01	3.34007e+01	-8.91660e+01	1.79291e-01	1.35112e+01	1.97246e+01	-6.29000e+00	1.00000e+00	
monocrop	Wed Nov 05 16:59:48 CET 2025	28/8/1999	28	8	1999	240	1999	1.69400e+01	3.38200e+01	3.30000e+01	9.80000e+01	1.30000e+01	1.30000e+01	0.00000e+00	0.00000e+00	0.00000e+00	0.00000e+00	0.00000e+00	1.30000e+01	3.96539e+00	3.58120e+01	1.61900e+01	2.02500e+01	1.55620e+01	3.31686e+01	-6.37182e+01	1.73180e-01	1.34620e+01	2.12157e+01	-6.29000e+00	1.30000e+00	
monocrop	Wed Nov 05 16:59:48 CET 2025	29/8/1999	29	8	1999	241	1999	1.57100e+01	2.95500e+01	3.60000e+01	9.70000e+01	8.00000e-01	8.00000e-01	0.00000e+00	0.00000e+00	0.00000e+00	0.00000e+00	0.00000e+00	8.00000e-01	3.66693e+00	3.97051e+01	1.79500e+01	1.95138e+01	2.01912e+01	3.29344e+01	-6.95229e+01	1.67022e-01	1.34126e+01	1.82587e+01	-6.30000e+00	8.00000e-01	
monocrop	Wed Nov 05 16:59:48 CET 2025	30/8/1999	30	8	1999	242	1999	1.20900e+01	3.05300e+01	2.80000e+01	9.30000e+01	0.00000e+00	0.00000e+00	0.00000e+00	0.00000e+00	0.00000e+00	0.00000e+00	0.00000e+00	0.00000e+00	3.77454e+00	4.45272e+01	2.01300e+01	1.77965e+01	2.67307e+01	3.26981e+01	-7.92452e+01	1.60820e-01	1.33629e+01	1.53256e+01	-6.30000e+00	7.00000e-01	
monocrop	Wed Nov 05 16:59:48 CET 2025	31/8/1999	31	8	1999	243	1999	1.25900e+01	3.23300e+01	2.40000e+01	8.80000e+01	0.00000e+00	0.00000e+00	0.00000e+00	0.00000e+00	0.00000e+00	0.00000e+00	0.00000e+00	0.00000e+00	4.39281e+00	5.19152e+01	2.34700e+01	1.34999e+01	3.84153e+01	3.24598e+01	-9.66451e+01	1.54575e-01	1.33132e+01	1.52178e+01	-6.30000e+00	9.00000e-01	
monocrop	Wed Nov 05 16:59:48 CET 2025	1/9/1999	1	9	1999	244	1999	1.25400e+01	3.31900e+01	2.60000e+01	9.10000e+01	0.00000e+00	0.00000e+00	0.00000e+00	0.00000e+00	0.00000e+00	0.00000e+00	0.00000e+00	0.00000e+00	4.37108e+00	5.09419e+01	2.30300e+01	1.37943e+01	3.71477e+01	3.22196e+01	-9.61234e+01	1.48289e-01	1.32632e+01	1.62928e+01	-6.31000e+00	9.00000e-01	
monocrop	Wed Nov 05 16:59:48 CET 2025	2/9/1999	2	9	1999	245	1999	1.20000e+01	3.38200e+01	2.00000e+01	9.60000e+01	0.00000e+00	0.00000e+00	0.00000e+00	0.00000e+00	0.00000e+00	0.00000e+00	0.00000e+00	0.00000e+00	4.38408e+00	5.05659e+01	2.28600e+01	1.36862e+01	3.68797e+01	3.19776e+01	-9.64381e+01	1.41964e-01	1.32131e+01	1.61977e+01	-6.31000e+00	1.00000e+00	
monocrop	Wed Nov 05 16:59:48 CET 2025	3/9/1999	3	9	1999	246	1999	1.56100e+01	1.96600e+01	8.10000e+01	9.70000e+01	5.80000e+00	5.80000e+00	0.00000e+00	0.00000e+00	0.00000e+00	0.00000e+00	0.00000e+00	5.80000e+00	9.90774e-01	6.92350e+00	3.13000e+00	6.85427e+00	6.92348e-02	3.17337e+01	-3.88305e+00	1.35600e-01	1.31628e+01	1.79372e+01	-6.31000e+00	8.00000e-01	
monocrop	Wed Nov 05 16:59:48 CET 2025	4/9/1999	4	9	1999	247	1999	1.36800e+01	2.59900e+01	4.50000e+01	9.70000e+01	0.00000e+00	0.00000e+00	0.00000e+00	0.00000e+00	0.00000e+00	0.00000e+00	0.00000e+00	0.00000e+00	3.52981e+00	4.52350e+01	2.04500e+01	1.60906e+01	2.91444e+01	3.14881e+01	-8.15939e+01	1.29200e-01	1.31124e+01	1.64212e+01	-6.32000e+00	9.00000e-01	
monocrop	Wed Nov 05 16:59:48 CET 2025	5/9/1999	5	9	1999	248	1999	1.26800e+01	2.06300e+01	7.80000e+01	9.80000e+01	6.00000e-01	6.00000e-01	0.00000e+00	0.00000e+00	0.00000e+00	0.00000e+00	0.00000e+00	6.00000e-01	1.06856e+00	9.11336e+00	4.12000e+00	9.02223e+00	9.11341e-02	3.12407e+01	-8.32664e+00	1.22765e-01	1.30618e+01	1.66681e+01	-6.32000e+00	5.00000e-01	
monocrop	Wed Nov 05 16:59:48 CET 2025	6/9/1999	6	9	1999	249	1999	1.47200e+01	2.17200e+01	7.80000e+01	9.90000e+01	1.12000e+01	1.12000e+01	0.00000e+00	0.00000e+00	0.00000e+00	0.00000e+00	0.00000e+00	1.12000e+01	1.62284e+00	1.84037e+01	8.32000e+00	1.56616e+01	2.74208e+00	3.09917e+01	-2.70371e+01	1.16296e-01	1.30112e+01	1.85056e+01	-6.32000e+00	7.00000e-01	
monocrop	Wed Nov 05 16:59:48 CET 2025	7/9/1999	7	9	1999	250	1999	1.32900e+01	2.94600e+01	3.80000e+01	9.80000e+01	2.00000e-01	2.00000e-01	0.00000e+00	0.00000e+00	0.00000e+00	0.00000e+00	0.00000e+00	2.00000e-01	3.64301e+00	4.48811e+01	2.02900e+01	1.53477e+01	2.95334e+01	3.07411e+01	-8.55195e+01	1.09796e-01	1.29603e+01	1.72943e+01	-6.33000e+00	8.00000e-01	
monocrop	Wed Nov 05 16:59:48 CET 2025	8/9/1999	8	9	1999	251	1999	1.39100e+01	2.97400e+01	3.60000e+01	9.70000e+01	0.00000e+00	0.00000e+00	0.00000e+00	0.00000e+00	0.00000e+00	0.00000e+00	0.00000e+00	0.00000e+00	3.77858e+00	4.65401e+01	2.10400e+01	1.40966e+01	3.24435e+01	3.04890e+01	-9.03850e+01	1.03266e-01	1.29094e+01	1.73851e+01	-6.33000e+00	8.00000e-01	
monocrop	Wed Nov 05 16:59:48 CET 2025	9/9/1999	9	9	1999	252	1999	1.36800e+01	3.11100e+01	3.70000e+01	9.80000e+01	0.00000e+00	0.00000e+00	0.00000e+00	0.00000e+00	0.00000e+00	0.00000e+00	0.00000e+00	0.00000e+00	3.74015e+00	4.48811e+01	2.02900e+01	1.47037e+01	3.01775e+01	3.02354e+01	-8.85739e+01	9.67068e-02	1.28584e+01	1.82705e+01	-6.33000e+00	8.00000e-01	
monocrop	Wed Nov 05 16:59:48 CET 2025	10/9/1999	10	9	1999	253	1999	1.36800e+01	2.82200e+01	4.90000e+01	9.70000e+01	0.00000e+00	0.00000e+00	0.00000e+00	0.00000e+00	0.00000e+00	0.00000e+00	0.00000e+00	0.00000e+00	3.53424e+00	4.40406e+01	1.99100e+01	1.48272e+01	2.92134e+01	2.99805e+01	-8.53763e+01	9.01207e-02	1.28073e+01	1.80876e+01	-6.34000e+00	1.10000e+00	
monocrop	Wed Nov 05 16:59:48 CET 2025	11/9/1999	11	9	1999	254	1999	1.32500e+01	3.00200e+01	3.10000e+01	9.80000e+01	2.00000e-01	2.00000e-01	0.00000e+00	0.00000e+00	0.00000e+00	0.00000e+00	0.00000e+00	2.00000e-01	3.64440e+00	4.46599e+01	2.01900e+01	1.41563e+01	3.05036e+01	2.97241e+01	-8.87891e+01	8.35092e-02	1.27560e+01	1.66675e+01	-6.34000e+00	9.00000e-01	
monocrop	Wed Nov 05 16:59:48 CET 2025	12/9/1999	12	9	1999	255	1999	1.07700e+01	2.93600e+01	3.80000e+01	9.80000e+01	0.00000e+00	0.00000e+00	0.00000e+00	0.00000e+00	0.00000e+00	0.00000e+00	0.00000e+00	0.00000e+00	3.42378e+00	4.51465e+01	2.04100e+01	1.35238e+01	3.16227e+01	2.94665e+01	-8.92185e+01	7.68738e-02	1.27047e+01	1.59531e+01	-6.34000e+00	9.00000e-01	
monocrop	Wed Nov 05 16:59:48 CET 2025	13/9/1999	13	9	1999	256	1999	1.23700e+01	2.80000e+01	3.80000e+01	9.80000e+01	0.00000e+00	0.00000e+00	0.00000e+00	0.00000e+00	0.00000e+00	0.00000e+00	0.00000e+00	0.00000e+00	3.43373e+00	4.34212e+01	1.96300e+01	1.41679e+01	2.92533e+01	2.92076e+01	-8.58797e+01	7.02161e-02	1.26533e+01	1.60721e+01	-6.34000e+00	1.20000e+00	
monocrop	Wed Nov 05 16:59:48 CET 2025	14/9/1999	14	9	1999	257	1999	1.74100e+01	2.46700e+01	5.60000e+01	9.80000e+01	1.70000e+01	1.70000e+01	0.00000e+00	0.00000e+00	0.00000e+00	0.00000e+00	0.00000e+00	1.70000e+01	2.37570e+00	2.53714e+01	1.14700e+01	1.73768e+01	7.99460e+00	2.89476e+01	-4.61531e+01	6.35377e-02	1.26019e+01	1.91846e+01	-6.35000e+00	9.00000e-01	
monocrop	Wed Nov 05 16:59:48 CET 2025	15/9/1999	15	9	1999	258	1999	1.63400e+01	1.87900e+01	7.60000e+01	9.80000e+01	1.98000e+01	1.98000e+01	0.00000e+00	0.00000e+00	0.00000e+00	0.00000e+00	0.00000e+00	1.98000e+01	1.15531e+00	9.17972e+00	4.15000e+00	9.08793e+00	9.17969e-02	2.86866e+01	-1.00432e+01	5.68402e-02	1.25503e+01	1.74568e+01	-6.35000e+00	1.10000e+00	
monocrop	Wed Nov 05 16:59:48 CET 2025	16/9/1999	16	9	1999	259	1999	1.19600e+01	2.67800e+01	2.90000e+01	9.80000e+01	0.00000e+00	0.00000e+00	0.00000e+00	0.00000e+00	0.00000e+00	0.00000e+00	0.00000e+00	0.00000e+00	3.24915e+00	4.61862e+01	2.08800e+01	1.13178e+01	3.48684e+01	2.84244e+01	-9.36618e+01	5.01253e-02	1.24987e+01	1.42682e+01	-6.35000e+00	7.00000e-01	
monocrop	Wed Nov 05 16:59:48 CET 2025	17/9/1999	17	9	1999	260	1999	1.05900e+01	2.65100e+01	3.40000e+01	9.80000e+01	8.00000e-01	8.00000e-01	0.00000e+00	0.00000e+00	0.00000e+00	0.00000e+00	0.00000e+00	8.00000e-01	3.11809e+00	4.20940e+01	1.90300e+01	1.35344e+01	2.85596e+01	2.81614e+01	-8.46311e+01	4.33944e-02	1.24470e+01	1.40895e+01	-6.36000e+00	1.20000e+00	
monocrop	Wed Nov 05 16:59:48 CET 2025	18/9/1999	18	9	1999	261	1999	1.16100e+01	2.46900e+01	4.00000e+01	9.70000e+01	0.00000e+00	0.00000e+00	0.00000e+00	0.00000e+00	0.00000e+00	0.00000e+00	0.00000e+00	0.00000e+00	2.78124e+00	3.84221e+01	1.73700e+01	1.50066e+01	2.34156e+01	2.78974e+01	-7.63272e+01	3.66493e-02	1.23953e+01	1.42607e+01	-6.36000e+00	9.00000e-01	
monocrop	Wed Nov 05 16:59:48 CET 2025	19/9/1999	19	9	1999	262	1999	1.59900e+01	2.49000e+01	6.80000e+01	9.60000e+01	7.40000e+00	7.40000e+00	0.00000e+00	0.00000e+00	0.00000e+00	0.00000e+00	0.00000e+00	7.40000e+00	1.72552e+00	1.10820e+01	5.01000e+00	1.06864e+01	3.95620e-01	2.76327e+01	-1.55622e+01	2.98916e-02	1.23435e+01	1.96950e+01	-6.36000e+00	2.50000e+00	
monocrop	Wed Nov 05 16:59:48 CET 2025	20/9/1999	20	9	1999	263	1999	1.19400e+01	2.21900e+01	4.50000e+01	9.60000e+01	0.00000e+00	0.00000e+00	0.00000e+00	0.00000e+00	0.00000e+00	0.00000e+00	0.00000e+00	0.00000e+00	2.83449e+00	4.22267e+01	1.90900e+01	1.23802e+01	2.98466e+01	2.73672e+01	-8.49087e+01	2.31228e-02	1.22917e+01	1.37056e+01	-6.36000e+00	1.20000e+00	
monocrop	Wed Nov 05 16:59:48 CET 2025	21/9/1999	21	9	1999	264	1999	8.10000e+00	2.31400e+01	4.90000e+01	9.80000e+01	0.00000e+00	0.00000e+00	0.00000e+00	0.00000e+00	0.00000e+00	0.00000e+00	0.00000e+00	0.00000e+00	2.46264e+00	3.98157e+01	1.80000e+01	1.34005e+01	2.64152e+01	2.71010e+01	-7.96821e+01	1.63446e-02	1.22399e+01	1.30315e+01	-6.37000e+00	9.00000e-01	
monocrop	Wed Nov 05 16:59:48 CET 2025	22/9/1999	22	9	1999	265	1999	1.72600e+01	2.42500e+01	7.20000e+01	8.90000e+01	0.00000e+00	0.00000e+00	0.00000e+00	0.00000e+00	0.00000e+00	0.00000e+00	0.00000e+00	0.00000e+00	2.82984e+00	3.27816e+01	1.48200e+01	1.58019e+01	1.69797e+01	2.68342e+01	-6.80697e+01	9.55863e-03	1.21880e+01	1.97080e+01	-6.37000e+00	2.20000e+00	
monocrop	Wed Nov 05 16:59:48 CET 2025	23/9/1999	23	9	1999	266	1999	2.10200e+01	2.49000e+01	7.70000e+01	9.70000e+01	5.40000e+00	5.40000e+00	0.00000e+00	0.00000e+00	0.00000e+00	0.00000e+00	0.00000e+00	5.40000e+00	2.65247e+00	2.92203e+01	1.32100e+01	1.61762e+01	1.30441e+01	2.65669e+01	-6.16343e+01	2.76656e-03	1.21361e+01	2.43703e+01	-6.37000e+00	2.10000e+00	
monocrop	Wed Nov 05 16:59:48 CET 2025	24/9/1999	24	9	1999	267	1999	1.88500e+01	2.48400e+01	7.40000e+01	9.80000e+01	4.00000e-01	4.00000e-01	0.00000e+00	0.00000e+00	0.00000e+00	0.00000e+00	0.00000e+00	4.00000e-01	2.50489e+00	3.02378e+01	1.36700e+01	1.58529e+01	1.43849e+01	2.62992e+01	-6.42569e+01	-4.03000e-03	1.20842e+01	2.25104e+01	-6.37000e+00	1.40000e+00	
monocrop	Wed Nov 05 16:59:48 CET 2025	25/9/1999	25	9	1999	268	1999	1.84000e+01	2.44000e+01	6.80000e+01	9.80000e+01	0.00000e+00	0.00000e+00	0.00000e+00	0.00000e+00	0.00000e+00	0.00000e+00	0.00000e+00	0.00000e+00	1.93835e+00	2.01733e+01	9.12000e+00	1.50199e+01	5.15339e+00	2.60310e+01	-3.97371e+01	-1.08294e-02	1.20322e+01	2.11416e+01	-6.38000e+00	1.20000e+00	
monocrop	Wed Nov 05 16:59:48 CET 2025	26/9/1999	26	9	1999	269	1999	1.18200e+01	2.57700e+01	3.70000e+01	8.70000e+01	0.00000e+00	0.00000e+00	0.00000e+00	0.00000e+00	0.00000e+00	0.00000e+00	0.00000e+00	0.00000e+00	2.55989e+00	3.24498e+01	1.46700e+01	1.49185e+01	1.75313e+01	2.57626e+01	-6.97715e+01	-1.76299e-02	1.19803e+01	1.34401e+01	-6.38000e+00	1.00000e+00	
monocrop	Wed Nov 05 16:59:48 CET 2025	27/9/1999	27	9	1999	270	1999	9.99000e+00	2.33300e+01	5.70000e+01	9.80000e+01	4.00000e-01	4.00000e-01	0.00000e+00	0.00000e+00	0.00000e+00	0.00000e+00	0.00000e+00	4.00000e-01	1.63521e+00	2.02396e+01	9.15000e+00	1.48441e+01	5.39551e+00	2.54939e+01	-3.91762e+01	-2.44300e-02	1.19283e+01	1.46840e+01	-6.38000e+00	7.00000e-01	
monocrop	Wed Nov 05 16:59:48 CET 2025	28/9/1999	28	9	1999	271	1999	1.40000e+01	2.39600e+01	4.00000e+01	8.70000e+01	0.00000e+00	0.00000e+00	0.00000e+00	0.00000e+00	0.00000e+00	0.00000e+00	0.00000e+00	0.00000e+00	2.55444e+00	2.82249e+01	1.27600e+01	1.53092e+01	1.29156e+01	2.52252e+01	-6.04967e+01	-3.12279e-02	1.18764e+01	1.39254e+01	-6.38000e+00	1.50000e+00	
monocrop	Wed Nov 05 16:59:48 CET 2025	29/9/1999	29	9	1999	272	1999	9.63000e+00	2.67600e+01	4.00000e+01	9.80000e+01	0.00000e+00	0.00000e+00	0.00000e+00	0.00000e+00	0.00000e+00	0.00000e+00	0.00000e+00	0.00000e+00	2.52138e+00	3.94175e+01	1.78200e+01	1.07112e+01	2.87063e+01	2.49563e+01	-8.99763e+01	-3.80219e-02	1.18244e+01	1.44054e+01	-6.39000e+00	8.00000e-01	
monocrop	Wed Nov 05 16:59:48 CET 2025	30/9/1999	30	9	1999	273	1999	1.59200e+01	2.31200e+01	4.70000e+01	9.80000e+01	2.00000e-01	2.00000e-01	0.00000e+00	0.00000e+00	0.00000e+00	0.00000e+00	0.00000e+00	2.00000e-01	2.34687e+00	2.07926e+01	9.40000e+00	1.46590e+01	6.13358e+00	2.46874e+01	-4.31501e+01	-4.48104e-02	1.17725e+01	1.64432e+01	-6.39000e+00	2.40000e+00	
monocrop	Wed Nov 05 16:59:48 CET 2025	1/10/1999	1	10	1999	274	1999	1.27100e+01	2.41600e+01	4.10000e+01	8.80000e+01	0.00000e+00	0.00000e+00	0.00000e+00	0.00000e+00	0.00000e+00	0.00000e+00	0.00000e+00	0.00000e+00	2.66813e+00	3.16977e+01	1.43300e+01	1.38551e+01	1.78426e+01	2.44187e+01	-7.15023e+01	-5.15916e-02	1.17206e+01	1.36704e+01	-6.39000e+00	1.90000e+00	
monocrop	Wed Nov 05 16:59:48 CET 2025	2/10/1999	2	10	1999	275	1999	8.82000e+00	2.15500e+01	5.20000e+01	9.80000e+01	8.00000e-01	8.00000e-01	0.00000e+00	0.00000e+00	0.00000e+00	0.00000e+00	0.00000e+00	8.00000e-01	1.60877e+00	2.31594e+01	1.04700e+01	1.47387e+01	8.42076e+00	2.41501e+01	-4.83161e+01	-5.83639e-02	1.16687e+01	1.29312e+01	-6.39000e+00	7.00000e-01	
monocrop	Wed Nov 05 16:59:48 CET 2025	3/10/1999	3	10	1999	276	1999	9.26000e+00	1.95300e+01	4.60000e+01	9.80000e+01	4.00000e-01	4.00000e-01	0.00000e+00	0.00000e+00	0.00000e+00	0.00000e+00	0.00000e+00	4.00000e-01	1.46969e+00	9.53364e+00	4.31000e+00	9.20365e+00	3.29994e-01	2.38818e+01	-1.45607e+01	-6.51256e-02	1.16168e+01	1.17971e+01	-6.39000e+00	1.60000e+00	
monocrop	Wed Nov 05 16:59:48 CET 2025	4/10/1999	4	10	1999	277	1999	4.25500e+00	2.13500e+01	3.90000e+01	9.80000e+01	0.00000e+00	0.00000e+00	0.00000e+00	0.00000e+00	0.00000e+00	0.00000e+00	0.00000e+00	0.00000e+00	2.11586e+00	3.27373e+01	1.48000e+01	1.26112e+01	2.01261e+01	2.36138e+01	-7.23442e+01	-7.18748e-02	1.15650e+01	1.01180e+01	-6.40000e+00	2.20000e+00	
monocrop	Wed Nov 05 16:59:48 CET 2025	5/10/1999	5	10	1999	278	1999	3.07300e+00	1.85800e+01	3.40000e+01	7.80000e+01	0.00000e+00	0.00000e+00	0.00000e+00	0.00000e+00	0.00000e+00	0.00000e+00	0.00000e+00	0.00000e+00	1.86520e+00	3.89088e+01	1.75900e+01	8.58053e+00	3.03282e+01	2.33463e+01	-8.60531e+01	-7.86100e-02	1.15132e+01	7.25973e+00	-6.40000e+00	1.00000e+00	
monocrop	Wed Nov 05 16:59:48 CET 2025	6/10/1999	6	10	1999	279	1999	2.89400e+00	1.99500e+01	3.00000e+01	8.60000e+01	0.00000e+00	0.00000e+00	0.00000e+00	0.00000e+00	0.00000e+00	0.00000e+00	0.00000e+00	0.00000e+00	1.82009e+00	3.85548e+01	1.74300e+01	8.41301e+00	3.01418e+01	2.30793e+01	-8.73334e+01	-8.53292e-02	1.14615e+01	7.82227e+00	-6.40000e+00	9.00000e-01	
monocrop	Wed Nov 05 16:59:48 CET 2025	7/10/1999	7	10	1999	280	1999	2.08600e+00	2.17900e+01	3.00000e+01	9.80000e+01	0.00000e+00	0.00000e+00	0.00000e+00	0.00000e+00	0.00000e+00	0.00000e+00	0.00000e+00	0.00000e+00	1.72589e+00	3.72498e+01	1.68400e+01	8.95348e+00	2.82963e+01	2.28128e+01	-8.63426e+01	-9.20309e-02	1.14098e+01	8.93099e+00	-6.40000e+00	8.00000e-01	
monocrop	Wed Nov 05 16:59:48 CET 2025	8/10/1999	8	10	1999	281	1999	1.93500e+00	2.29400e+01	3.10000e+01	9.80000e+01	0.00000e+00	0.00000e+00	0.00000e+00	0.00000e+00	0.00000e+00	0.00000e+00	0.00000e+00	0.00000e+00	1.70856e+00	3.60111e+01	1.62800e+01	9.41113e+00	2.65999e+01	2.25470e+01	-8.51273e+01	-9.87132e-02	1.13582e+01	9.30171e+00	-6.41000e+00	8.00000e-01	
monocrop	Wed Nov 05 16:59:48 CET 2025	9/10/1999	9	10	1999	282	1999	4.04000e+00	2.51000e+01	3.40000e+01	9.80000e+01	0.00000e+00	0.00000e+00	0.00000e+00	0.00000e+00	0.00000e+00	0.00000e+00	0.00000e+00	0.00000e+00	1.76111e+00	3.56571e+01	1.61200e+01	9.25343e+00	2.64037e+01	2.22820e+01	-8.78698e+01	-1.05374e-01	1.13066e+01	1.09371e+01	-6.41000e+00	6.00000e-01	
monocrop	Wed Nov 05 16:59:48 CET 2025	10/10/1999	10	10	1999	283	1999	3.42300e+00	2.47900e+01	3.50000e+01	9.90000e+01	0.00000e+00	0.00000e+00	0.00000e+00	0.00000e+00	0.00000e+00	0.00000e+00	0.00000e+00	0.00000e+00	1.71029e+00	3.53032e+01	1.59600e+01	9.09676e+00	2.62065e+01	2.20179e+01	-8.75862e+01	-1.12013e-01	1.12552e+01	1.07746e+01	-6.41000e+00	7.00000e-01	
monocrop	Wed Nov 05 16:59:48 CET 2025	11/10/1999	11	10	1999	284	1999	4.17200e+00	2.39100e+01	3.90000e+01	9.80000e+01	0.00000e+00	0.00000e+00	0.00000e+00	0.00000e+00	0.00000e+00	0.00000e+00	0.00000e+00	0.00000e+00	1.66043e+00	3.34894e+01	1.51400e+01	9.88857e+00	2.36008e+01	2.17547e+01	-8.33327e+01	-1.18626e-01	1.12038e+01	1.09691e+01	-6.41000e+00	8.00000e-01	
monocrop	Wed Nov 05 16:59:48 CET 2025	12/10/1999	12	10	1999	285	1999	5.35600e+00	2.09300e+01	5.00000e+01	9.90000e+01	4.00000e-01	4.00000e-01	0.00000e+00	0.00000e+00	0.00000e+00	0.00000e+00	0.00000e+00	4.00000e-01	1.30502e+00	2.26728e+01	1.02500e+01	1.31506e+01	9.52223e+00	2.14925e+01	-5.30390e+01	-1.25213e-01	1.11525e+01	1.12522e+01	-6.41000e+00	7.00000e-01	
monocrop	Wed Nov 05 16:59:48 CET 2025	13/10/1999	13	10	1999	286	1999	1.45300e+01	1.59500e+01	9.50000e+01	9.80000e+01	2.40000e+01	2.40000e+01	0.00000e+00	0.00000e+00	0.00000e+00	0.00000e+00	0.00000e+00	2.40000e+01	4.86678e-01	2.56590e+00	1.16000e+00	2.54024e+00	2.56591e-02	2.12314e+01	1.78909e+00	-1.31772e-01	1.11014e+01	1.66971e+01	-6.42000e+00	8.00000e-01	
monocrop	Wed Nov 05 16:59:48 CET 2025	14/10/1999	14	10	1999	287	1999	1.12300e+01	1.87000e+01	7.70000e+01	9.80000e+01	1.66000e+01	1.66000e+01	0.00000e+00	0.00000e+00	0.00000e+00	0.00000e+00	0.00000e+00	1.66000e+01	8.47378e-01	9.26820e+00	4.19000e+00	8.71458e+00	5.53619e-01	2.09715e+01	-1.71073e+01	-1.38300e-01	1.10503e+01	1.48743e+01	-6.42000e+00	6.00000e-01	
monocrop	Wed Nov 05 16:59:48 CET 2025	15/10/1999	15	10	1999	288	1999	9.40000e+00	2.47600e+01	4.00000e+01	9.90000e+01	0.00000e+00	0.00000e+00	0.00000e+00	0.00000e+00	0.00000e+00	0.00000e+00	0.00000e+00	0.00000e+00	1.63643e+00	2.91760e+01	1.31900e+01	1.08581e+01	1.83179e+01	2.07129e+01	-7.78557e+01	-1.44797e-01	1.09993e+01	1.35240e+01	-6.42000e+00	6.00000e-01	
monocrop	Wed Nov 05 16:59:48 CET 2025	16/10/1999	16	10	1999	289	1999	7.10000e+00	2.22300e+01	4.60000e+01	9.90000e+01	0.00000e+00	0.00000e+00	0.00000e+00	0.00000e+00	0.00000e+00	0.00000e+00	0.00000e+00	0.00000e+00	1.44961e+00	3.22065e+01	1.45600e+01	8.84661e+00	2.33598e+01	2.04557e+01	-8.52729e+01	-1.51260e-01	1.09485e+01	1.20882e+01	-6.42000e+00	6.00000e-01	
monocrop	Wed Nov 05 16:59:48 CET 2025	17/10/1999	17	10	1999	290	1999	9.78000e+00	1.74400e+01	8.60000e+01	9.80000e+01	1.58000e+01	1.58000e+01	0.00000e+00	0.00000e+00	0.00000e+00	0.00000e+00	0.00000e+00	1.58000e+01	6.48939e-01	5.48571e+00	2.48000e+00	5.43086e+00	5.48573e-02	2.02000e+01	-6.98829e+00	-1.57687e-01	1.08979e+01	1.43252e+01	-6.42000e+00	1.00000e+00	
monocrop	Wed Nov 05 16:59:48 CET 2025	18/10/1999	18	10	1999	291	1999	9.93000e+00	1.64200e+01	8.20000e+01	9.80000e+01	3.94000e+01	3.94000e+01	0.00000e+00	0.00000e+00	0.00000e+00	0.00000e+00	0.00000e+00	3.94000e+01	8.79100e-01	1.43115e+01	6.47000e+00	1.11388e+01	3.17277e+00	1.99458e+01	-3.25685e+01	-1.64077e-01	1.08473e+01	1.36218e+01	-6.42000e+00	1.40000e+00	
monocrop	Wed Nov 05 16:59:48 CET 2025	19/10/1999	19	10	1999	292	1999	9.80000e+00	1.87200e+01	6.30000e+01	9.80000e+01	5.40000e+00	5.40000e+00	0.00000e+00	0.00000e+00	0.00000e+00	0.00000e+00	0.00000e+00	5.40000e+00	1.11740e+00	1.66562e+01	7.53000e+00	1.17081e+01	4.94814e+00	1.96932e+01	-4.07408e+01	-1.70427e-01	1.07970e+01	1.30750e+01	-6.43000e+00	1.10000e+00	
monocrop	Wed Nov 05 16:59:48 CET 2025	20/10/1999	20	10	1999	293	1999	1.21500e+01	1.72200e+01	8.60000e+01	9.70000e+01	4.76000e+01	4.76000e+01	0.00000e+00	0.00000e+00	0.00000e+00	0.00000e+00	0.00000e+00	4.76000e+01	8.68548e-01	6.25991e+00	2.83000e+00	6.19731e+00	6.25992e-02	1.94424e+01	-9.96201e+00	-1.76736e-01	1.07468e+01	1.52759e+01	-6.43000e+00	3.50000e+00	
monocrop	Wed Nov 05 16:59:48 CET 2025	21/10/1999	21	10	1999	294	1999	8.90000e+00	2.03000e+01	5.10000e+01	9.80000e+01	4.40000e+00	4.40000e+00	0.00000e+00	0.00000e+00	0.00000e+00	0.00000e+00	0.00000e+00	4.40000e+00	1.39417e+00	2.48848e+01	1.12500e+01	1.09000e+01	1.39848e+01	1.91934e+01	-6.79471e+01	-1.83002e-01	1.06967e+01	1.23696e+01	-5.67000e+00	1.50000e+00	
monocrop	Wed Nov 05 16:59:48 CET 2025	22/10/1999	22	10	1999	295	1999	8.89000e+00	2.03400e+01	8.20000e+01	9.80000e+01	0.00000e+00	0.00000e+00	0.00000e+00	0.00000e+00	0.00000e+00	0.00000e+00	0.00000e+00	0.00000e+00	9.16906e-01	1.32940e+01	6.01000e+00	1.04707e+01	2.82333e+00	1.89463e+01	-3.26231e+01	-1.89222e-01	1.06469e+01	1.49577e+01	-5.60000e+00	2.00000e+00	
monocrop	Wed Nov 05 16:59:48 CET 2025	23/10/1999	23	10	1999	296	1999	1.04900e+01	2.19100e+01	4.50000e+01	9.80000e+01	0.00000e+00	0.00000e+00	0.00000e+00	0.00000e+00	0.00000e+00	0.00000e+00	0.00000e+00	0.00000e+00	1.34096e+00	2.95078e+01	1.33400e+01	8.04622e+00	2.14616e+01	1.87012e+01	-8.65543e+01	-1.95396e-01	1.05973e+01	1.31560e+01	-5.62000e+00	7.00000e-01	
monocrop	Wed Nov 05 16:59:48 CET 2025	24/10/1999	24	10	1999	297	1999	1.28700e+01	1.97100e+01	8.20000e+01	9.80000e+01	1.60000e+00	1.60000e+00	0.00000e+00	0.00000e+00	0.00000e+00	0.00000e+00	0.00000e+00	1.60000e+00	7.50453e-01	6.03871e+00	2.73000e+00	5.97832e+00	6.03871e-02	1.84582e+01	-1.04406e+01	-2.01521e-01	1.05479e+01	1.66553e+01	-5.64000e+00	1.30000e+00	
monocrop	Wed Nov 05 16:59:48 CET 2025	25/10/1999	25	10	1999	298	1999	1.30700e+01	2.22800e+01	5.80000e+01	9.60000e+01	0.00000e+00	0.00000e+00	0.00000e+00	0.00000e+00	0.00000e+00	0.00000e+00	0.00000e+00	0.00000e+00	1.37191e+00	2.60350e+01	1.17700e+01	9.37488e+00	1.66601e+01	1.82174e+01	-7.86495e+01	-2.07595e-01	1.04987e+01	1.55579e+01	-5.62000e+00	1.00000e+00	
monocrop	Wed Nov 05 16:59:48 CET 2025	26/10/1999	26	10	1999	299	1999	1.09100e+01	2.01600e+01	6.40000e+01	9.70000e+01	0.00000e+00	0.00000e+00	0.00000e+00	0.00000e+00	0.00000e+00	0.00000e+00	0.00000e+00	0.00000e+00	9.93334e-01	1.53954e+01	6.96000e+00	1.07266e+01	4.66880e+00	1.79788e+01	-4.21061e+01	-2.13617e-01	1.04498e+01	1.41950e+01	-5.65000e+00	8.00000e-01	
monocrop	Wed Nov 05 16:59:48 CET 2025	27/10/1999	27	10	1999	300	1999	8.27000e+00	2.33300e+01	4.40000e+01	9.80000e+01	0.00000e+00	0.00000e+00	0.00000e+00	0.00000e+00	0.00000e+00	0.00000e+00	0.00000e+00	0.00000e+00	1.16667e+00	2.63447e+01	1.19100e+01	8.62401e+00	1.77207e+01	1.77426e+01	-8.12436e+01	-2.19584e-01	1.04011e+01	1.27343e+01	-5.67000e+00	7.00000e-01	
monocrop	Wed Nov 05 16:59:48 CET 2025	28/10/1999	28	10	1999	301	1999	8.87000e+00	2.16900e+01	5.70000e+01	9.80000e+01	2.00000e-01	2.00000e-01	0.00000e+00	0.00000e+00	0.00000e+00	0.00000e+00	0.00000e+00	2.00000e-01	9.78297e-01	1.88682e+01	8.53000e+00	1.06919e+01	8.17634e+00	1.75088e+01	-5.56801e+01	-2.25494e-01	1.03528e+01	1.34441e+01	-5.69000e+00	6.00000e-01	
monocrop	Wed Nov 05 16:59:48 CET 2025	29/10/1999	29	10	1999	302	1999	1.01000e+01	2.02000e+01	6.80000e+01	9.90000e+01	0.00000e+00	0.00000e+00	0.00000e+00	0.00000e+00	0.00000e+00	0.00000e+00	0.00000e+00	0.00000e+00	8.26013e-01	1.50415e+01	6.80000e+00	1.03538e+01	4.68765e+00	1.72775e+01	-4.28456e+01	-2.31346e-01	1.03046e+01	1.43644e+01	-5.70000e+00	5.00000e-01	
monocrop	Wed Nov 05 16:59:48 CET 2025	30/10/1999	30	10	1999	303	1999	1.55500e+01	2.13300e+01	6.80000e+01	9.70000e+01	0.00000e+00	0.00000e+00	0.00000e+00	0.00000e+00	0.00000e+00	0.00000e+00	0.00000e+00	0.00000e+00	1.02789e+00	1.03742e+01	4.69000e+00	8.73901e+00	1.63518e+00	1.70488e+01	-2.80270e+01	-2.37137e-01	1.02568e+01	1.74908e+01	-5.72000e+00	1.20000e+00	
monocrop	Wed Nov 05 16:59:48 CET 2025	31/10/1999	31	10	1999	304	1999	8.65000e+00	2.33700e+01	4.20000e+01	9.80000e+01	0.00000e+00	0.00000e+00	0.00000e+00	0.00000e+00	0.00000e+00	0.00000e+00	0.00000e+00	0.00000e+00	1.00407e+00	2.64553e+01	1.19600e+01	7.29585e+00	1.91595e+01	1.68228e+01	-8.68182e+01	-2.42866e-01	1.02094e+01	1.27247e+01	-5.74000e+00	5.00000e-01	
monocrop	Wed Nov 05 16:59:48 CET 2025	1/11/1999	1	11	1999	305	1999	7.79000e+00	2.05300e+01	7.20000e+01	9.80000e+01	2.00000e-01	2.00000e-01	0.00000e+00	0.00000e+00	0.00000e+00	0.00000e+00	0.00000e+00	2.00000e-01	7.70316e-01	2.06820e+01	9.35000e+00	9.67412e+00	1.10079e+01	1.65996e+01	-6.48492e+01	-2.48530e-01	1.01622e+01	1.37168e+01	-5.75000e+00	8.00000e-01	
monocrop	Wed Nov 05 16:59:48 CET 2025	2/11/1999	2	11	1999	306	1999	1.46400e+01	1.95800e+01	8.20000e+01	9.80000e+01	3.00000e+00	3.00000e+00	0.00000e+00	0.00000e+00	0.00000e+00	0.00000e+00	0.00000e+00	3.00000e+00	7.70105e-01	1.06396e+01	4.81000e+00	8.70574e+00	1.93389e+00	1.63793e+01	-3.00158e+01	-2.54128e-01	1.01154e+01	1.75464e+01	-5.77000e+00	1.30000e+00	
monocrop	Wed Nov 05 16:59:48 CET 2025	3/11/1999	3	11	1999	307	1999	6.01500e+00	1.80100e+01	4.70000e+01	9.70000e+01	0.00000e+00	0.00000e+00	0.00000e+00	0.00000e+00	0.00000e+00	0.00000e+00	0.00000e+00	0.00000e+00	7.13463e-01	2.55263e+01	1.15400e+01	6.93717e+00	1.85891e+01	1.61619e+01	-8.20169e+01	-2.59658e-01	1.00690e+01	1.00968e+01	-5.72000e+00	7.00000e-01	
monocrop	Wed Nov 05 16:59:48 CET 2025	4/11/1999	4	11	1999	308	1999	3.56600e+00	1.86500e+01	4.40000e+01	9.80000e+01	2.00000e-01	2.00000e-01	0.00000e+00	0.00000e+00	0.00000e+00	0.00000e+00	0.00000e+00	2.00000e-01	6.33171e-01	2.47742e+01	1.12000e+01	7.11028e+00	1.76639e+01	1.59475e+01	-8.01937e+01	-2.65117e-01	1.00229e+01	9.37817e+00	-5.73000e+00	6.00000e-01	
monocrop	Wed Nov 05 16:59:48 CET 2025	5/11/1999	5	11	1999	309	1999	3.20000e+00	1.69700e+01	5.70000e+01	9.90000e+01	0.00000e+00	0.00000e+00	0.00000e+00	0.00000e+00	0.00000e+00	0.00000e+00	0.00000e+00	0.00000e+00	5.58545e-01	1.77622e+01	8.03000e+00	9.53165e+00	8.23056e+00	1.57362e+01	-5.49718e+01	-2.70504e-01	9.97731e+00	9.62345e+00	-5.75000e+00	5.00000e-01	
monocrop	Wed Nov 05 16:59:48 CET 2025	6/11/1999	6	11	1999	310	1999	7.18000e+00	1.63800e+01	3.60000e+01	9.80000e+01	0.00000e+00	0.00000e+00	0.00000e+00	0.00000e+00	0.00000e+00	0.00000e+00	0.00000e+00	0.00000e+00	1.18215e+00	2.03502e+01	9.20000e+00	8.74619e+00	1.16040e+01	1.55281e+01	-6.59026e+01	-2.75817e-01	9.93211e+00	9.25261e+00	-5.76000e+00	2.40000e+00	
monocrop	Wed Nov 05 16:59:48 CET 2025	7/11/1999	7	11	1999	311	1999	5.49800e+00	1.54400e+01	3.20000e+01	6.10000e+01	0.00000e+00	0.00000e+00	0.00000e+00	0.00000e+00	0.00000e+00	0.00000e+00	0.00000e+00	0.00000e+00	9.06894e-01	2.53272e+01	1.14500e+01	5.78981e+00	1.95374e+01	1.53233e+01	-8.39642e+01	-2.81054e-01	9.88735e+00	5.88623e+00	-5.78000e+00	1.20000e+00	
monocrop	Wed Nov 05 16:59:48 CET 2025	8/11/1999	8	11	1999	312	1999	-7.40000e-01	1.83800e+01	2.70000e+01	9.60000e+01	0.00000e+00	0.00000e+00	0.00000e+00	0.00000e+00	0.00000e+00	0.00000e+00	0.00000e+00	0.00000e+00	4.97821e-01	2.44203e+01	1.10400e+01	6.12713e+00	1.82931e+01	1.51217e+01	-8.20148e+01	-2.86212e-01	9.84305e+00	6.96861e+00	-5.80000e+00	6.00000e-01	
monocrop	Wed Nov 05 16:59:48 CET 2025	9/11/1999	9	11	1999	313	1999	-4.57000e-01	1.84500e+01	3.50000e+01	9.80000e+01	0.00000e+00	0.00000e+00	0.00000e+00	0.00000e+00	0.00000e+00	0.00000e+00	0.00000e+00	0.00000e+00	4.96798e-01	2.37567e+01	1.07400e+01	6.28217e+00	1.74745e+01	1.49237e+01	-8.08901e+01	-2.91291e-01	9.79925e+00	7.62557e+00	-5.81000e+00	8.00000e-01	
monocrop	Wed Nov 05 16:59:48 CET 2025	10/11/1999	10	11	1999	314	1999	3.94500e+00	1.59000e+01	3.60000e+01	7.00000e+01	0.00000e+00	0.00000e+00	0.00000e+00	0.00000e+00	0.00000e+00	0.00000e+00	0.00000e+00	0.00000e+00	7.24827e-01	1.90452e+01	8.61000e+00	8.38126e+00	1.06639e+01	1.47290e+01	-6.37643e+01	-2.96287e-01	9.75595e+00	6.46821e+00	-5.83000e+00	7.00000e-01	
monocrop	Wed Nov 05 16:59:48 CET 2025	11/11/1999	11	11	1999	315	1999	4.47000e-01	1.15200e+01	5.40000e+01	9.70000e+01	4.40000e+00	4.40000e+00	0.00000e+00	0.00000e+00	0.00000e+00	0.00000e+00	0.00000e+00	4.40000e+00	6.03253e-01	5.97235e+00	2.70000e+00	5.72488e+00	2.47472e-01	1.45380e+01	-1.39927e+01	-3.01199e-01	9.71317e+00	7.04633e+00	-5.84000e+00	6.00000e-01	
monocrop	Wed Nov 05 16:59:48 CET 2025	12/11/1999	12	11	1999	316	1999	6.63500e+00	1.19600e+01	8.70000e+01	9.70000e+01	4.02000e+01	4.02000e+01	0.00000e+00	0.00000e+00	0.00000e+00	0.00000e+00	0.00000e+00	4.02000e+01	5.41431e-01	1.74747e+00	7.90000e-01	1.72999e+00	1.74747e-02	1.43506e+01	1.32288e+00	-3.06025e-01	9.67096e+00	1.07660e+01	-5.76000e+00	2.10000e+00	
monocrop	Wed Nov 05 16:59:48 CET 2025	13/11/1999	13	11	1999	317	1999	9.70000e+00	1.38700e+01	7.50000e+01	9.80000e+01	6.04000e+01	6.04000e+01	0.00000e+00	0.00000e+00	0.00000e+00	0.00000e+00	0.00000e+00	6.04000e+01	7.41089e-01	1.10599e+00	5.00000e-01	1.09493e+00	1.10599e-02	1.41669e+01	3.94577e+00	-3.10764e-01	9.62931e+00	1.19495e+01	-5.12000e+00	1.90000e+00	
monocrop	Wed Nov 05 16:59:48 CET 2025	14/11/1999	14	11	1999	318	1999	7.01000e+00	1.48000e+01	5.60000e+01	9.80000e+01	2.10000e+01	2.10000e+01	0.00000e+00	0.00000e+00	0.00000e+00	0.00000e+00	0.00000e+00	2.10000e+01	5.51408e-01	1.61696e+01	7.31000e+00	8.41756e+00	7.75202e+00	1.39869e+01	-5.62734e+01	-3.15412e-01	9.58827e+00	1.00344e+01	-4.23000e+00	1.20000e+00	
monocrop	Wed Nov 05 16:59:48 CET 2025	15/11/1999	15	11	1999	319	1999	1.91000e-01	1.40200e+01	5.00000e+01	9.20000e+01	0.00000e+00	0.00000e+00	0.00000e+00	0.00000e+00	0.00000e+00	0.00000e+00	0.00000e+00	0.00000e+00	3.92600e-01	1.93991e+01	8.77000e+00	7.26473e+00	1.21344e+01	1.38108e+01	-6.76727e+01	-3.19969e-01	9.54784e+00	7.15864e+00	-3.97000e+00	1.10000e+00	
monocrop	Wed Nov 05 16:59:48 CET 2025	16/11/1999	16	11	1999	320	1999	-1.56800e+00	1.25900e+01	3.90000e+01	9.80000e+01	0.00000e+00	0.00000e+00	0.00000e+00	0.00000e+00	0.00000e+00	0.00000e+00	0.00000e+00	0.00000e+00	4.48268e-01	1.91336e+01	8.65000e+00	7.18475e+00	1.19489e+01	1.36386e+01	-6.61567e+01	-3.24432e-01	9.50806e+00	6.18706e+00	-4.11000e+00	1.50000e+00	
monocrop	Wed Nov 05 16:59:48 CET 2025	17/11/1999	17	11	1999	321	1999	2.54600e+00	1.05300e+01	3.90000e+01	7.30000e+01	2.00000e-01	2.00000e-01	0.00000e+00	0.00000e+00	0.00000e+00	0.00000e+00	0.00000e+00	2.00000e-01	1.21603e+00	2.03281e+01	9.19000e+00	6.36458e+00	1.39635e+01	1.34704e+01	-7.15363e+01	-3.28799e-01	9.46896e+00	5.43032e+00	-4.24000e+00	3.60000e+00	
monocrop	Wed Nov 05 16:59:48 CET 2025	18/11/1999	18	11	1999	322	1999	3.89000e-01	1.16900e+01	5.30000e+01	9.00000e+01	2.60000e+00	2.60000e+00	0.00000e+00	0.00000e+00	0.00000e+00	0.00000e+00	0.00000e+00	2.60000e+00	7.90803e-01	1.10599e+01	5.00000e+00	7.86919e+00	3.19072e+00	1.33062e+01	-3.60964e+01	-3.33069e-01	9.43054e+00	6.69891e+00	-4.35000e+00	2.40000e+00	
monocrop	Wed Nov 05 16:59:48 CET 2025	19/11/1999	19	11	1999	323	1999	-2.90000e-01	9.52000e+00	3.90000e+01	7.30000e+01	0.00000e+00	0.00000e+00	0.00000e+00	0.00000e+00	0.00000e+00	0.00000e+00	0.00000e+00	0.00000e+00	7.83846e-01	2.11687e+01	9.57000e+00	5.36913e+00	1.57995e+01	1.31461e+01	-7.51668e+01	-3.37240e-01	9.39285e+00	4.75185e+00	-4.39000e+00	2.70000e+00	
monocrop	Wed Nov 05 16:59:48 CET 2025	20/11/1999	20	11	1999	324	1999	-2.22000e+00	7.02000e+00	3.50000e+01	9.70000e+01	0.00000e+00	0.00000e+00	0.00000e+00	0.00000e+00	0.00000e+00	0.00000e+00	0.00000e+00	0.00000e+00	3.69528e-01	1.24535e+01	5.63000e+00	7.92754e+00	4.52592e+00	1.29902e+01	-4.04957e+01	-3.41310e-01	9.35590e+00	4.78993e+00	-4.49000e+00	6.00000e-01	
monocrop	Wed Nov 05 16:59:48 CET 2025	21/11/1999	21	11	1999	325	1999	-3.71800e+00	4.29500e+00	5.60000e+01	9.70000e+01	0.00000e+00	0.00000e+00	0.00000e+00	0.00000e+00	0.00000e+00	0.00000e+00	0.00000e+00	0.00000e+00	4.25184e-01	5.19816e+00	2.35000e+00	5.00085e+00	1.97311e-01	1.28384e+01	-1.27807e+01	-3.45277e-01	9.31972e+00	4.77066e+00	-4.58000e+00	6.00000e-01	
monocrop	Wed Nov 05 16:59:48 CET 2025	22/11/1999	22	11	1999	326	1999	-6.07400e+00	6.08200e+00	3.30000e+01	9.70000e+01	2.00000e-01	2.00000e-01	0.00000e+00	0.00000e+00	0.00000e+00	0.00000e+00	0.00000e+00	2.00000e-01	2.48612e-01	2.03281e+01	9.19000e+00	5.25724e+00	1.50709e+01	1.26909e+01	-7.04442e+01	-3.49140e-01	9.28433e+00	3.97070e+00	-4.67000e+00	1.70000e+00	
monocrop	Wed Nov 05 16:59:48 CET 2025	23/11/1999	23	11	1999	327	1999	2.43300e+00	1.41600e+01	4.50000e+01	7.80000e+01	0.00000e+00	0.00000e+00	0.00000e+00	0.00000e+00	0.00000e+00	0.00000e+00	0.00000e+00	0.00000e+00	5.80657e-01	1.94433e+01	8.79000e+00	5.62535e+00	1.38180e+01	1.25478e+01	-7.63294e+01	-3.52896e-01	9.24977e+00	6.72573e+00	-4.74000e+00	2.00000e+00	
monocrop	Wed Nov 05 16:59:48 CET 2025	24/11/1999	24	11	1999	328	1999	-1.71200e+00	1.45300e+01	3.30000e+01	9.60000e+01	0.00000e+00	0.00000e+00	0.00000e+00	0.00000e+00	0.00000e+00	0.00000e+00	0.00000e+00	0.00000e+00	1.52886e-01	2.00627e+01	9.07000e+00	5.01168e+00	1.50510e+01	1.24090e+01	-7.89079e+01	-3.56544e-01	9.21606e+00	6.19922e+00	-4.81000e+00	9.00000e-01	
monocrop	Wed Nov 05 16:59:48 CET 2025	25/11/1999	25	11	1999	329	1999	-3.08100e+00	1.22100e+01	4.60000e+01	9.70000e+01	0.00000e+00	0.00000e+00	0.00000e+00	0.00000e+00	0.00000e+00	0.00000e+00	0.00000e+00	0.00000e+00	0.00000e+00	1.95318e+01	8.83000e+00	5.17237e+00	1.43594e+01	1.22746e+01	-7.53464e+01	-3.60082e-01	9.18322e+00	6.04570e+00	-4.88000e+00	6.00000e-01	
monocrop	Wed Nov 05 16:59:48 CET 2025	26/11/1999	26	11	1999	330	1999	6.90000e-01	1.24000e+01	5.50000e+01	9.10000e+01	0.00000e+00	0.00000e+00	0.00000e+00	0.00000e+00	0.00000e+00	0.00000e+00	0.00000e+00	0.00000e+00	2.18037e-01	1.34488e+01	6.08000e+00	7.38587e+00	6.06298e+00	1.21447e+01	-5.10427e+01	-3.63508e-01	9.15128e+00	7.08222e+00	-4.94000e+00	5.00000e-01	
monocrop	Wed Nov 05 16:59:48 CET 2025	27/11/1999	27	11	1999	331	1999	-1.19000e-01	1.31600e+01	5.80000e+01	9.80000e+01	0.00000e+00	0.00000e+00	0.00000e+00	0.00000e+00	0.00000e+00	0.00000e+00	0.00000e+00	0.00000e+00	3.67167e-01	8.67097e+00	3.92000e+00	6.72881e+00	1.94215e+00	1.20193e+01	-3.06976e+01	-3.66822e-01	9.12027e+00	7.55455e+00	-5.00000e+00	7.00000e-01	
monocrop	Wed Nov 05 16:59:48 CET 2025	28/11/1999	28	11	1999	332	1999	-2.61000e-01	1.22500e+01	7.10000e+01	9.90000e+01	0.00000e+00	0.00000e+00	0.00000e+00	0.00000e+00	0.00000e+00	0.00000e+00	0.00000e+00	0.00000e+00	1.29881e-01	1.15465e+01	5.22000e+00	7.27059e+00	4.27595e+00	1.18985e+01	-4.35567e+01	-3.70021e-01	9.09021e+00	7.93899e+00	-5.05000e+00	6.00000e-01	
monocrop	Wed Nov 05 16:59:48 CET 2025	29/11/1999	29	11	1999	333	1999	-5.00000e-03	1.42600e+01	5.90000e+01	9.80000e+01	0.00000e+00	0.00000e+00	0.00000e+00	0.00000e+00	0.00000e+00	0.00000e+00	0.00000e+00	0.00000e+00	0.00000e+00	1.77180e+01	8.01000e+00	5.60271e+00	1.21153e+01	1.17823e+01	-7.31986e+01	-3.73104e-01	9.06112e+00	7.92678e+00	-5.10000e+00	8.00000e-01	
monocrop	Wed Nov 05 16:59:48 CET 2025	30/11/1999	30	11	1999	334	1999	-4.76000e-01	1.67700e+01	3.00000e+01	9.90000e+01	2.00000e-01	2.00000e-01	0.00000e+00	0.00000e+00	0.00000e+00	0.00000e+00	0.00000e+00	2.00000e-01	7.60950e-02	1.82931e+01	8.27000e+00	5.10022e+00	1.31929e+01	1.16707e+01	-7.84033e+01	-3.76069e-01	9.03304e+00	6.98252e+00	-5.15000e+00	7.00000e-01	
monocrop	Wed Nov 05 16:59:48 CET 2025	1/12/1999	1	12	1999	335	1999	-1.64400e+00	1.30000e+01	5.50000e+01	9.80000e+01	0.00000e+00	0.00000e+00	0.00000e+00	0.00000e+00	0.00000e+00	0.00000e+00	0.00000e+00	0.00000e+00	2.52069e-01	1.01751e+01	4.60000e+00	6.94828e+00	3.22683e+00	1.15638e+01	-3.88541e+01	-3.78915e-01	9.00599e+00	6.99017e+00	-5.19000e+00	6.00000e-01	
monocrop	Wed Nov 05 16:59:48 CET 2025	2/12/1999	2	12	1999	336	1999	-2.82600e+00	1.65100e+01	4.50000e+01	9.80000e+01	2.00000e-01	2.00000e-01	0.00000e+00	0.00000e+00	0.00000e+00	0.00000e+00	0.00000e+00	2.00000e-01	1.87595e-02	1.84479e+01	8.34000e+00	4.68696e+00	1.37610e+01	1.14617e+01	-7.97570e+01	-3.81640e-01	8.97999e+00	7.07986e+00	-5.23000e+00	1.10000e+00	
monocrop	Wed Nov 05 16:59:48 CET 2025	3/12/1999	3	12	1999	337	1999	-3.27100e+00	1.35400e+01	4.80000e+01	9.80000e+01	2.00000e-01	2.00000e-01	0.00000e+00	0.00000e+00	0.00000e+00	0.00000e+00	0.00000e+00	2.00000e-01	0.00000e+00	1.68332e+01	7.61000e+00	5.54591e+00	1.12873e+01	1.13643e+01	-7.05338e+01	-3.84244e-01	8.95506e+00	6.42311e+00	-5.27000e+00	5.00000e-01	
monocrop	Wed Nov 05 16:59:48 CET 2025	4/12/1999	4	12	1999	338	1999	-1.73000e+00	1.16600e+01	6.60000e+01	9.90000e+01	0.00000e+00	0.00000e+00	0.00000e+00	0.00000e+00	0.00000e+00	0.00000e+00	0.00000e+00	0.00000e+00	2.34724e-01	8.47189e+00	3.83000e+00	6.42399e+00	2.04789e+00	1.12716e+01	-3.16756e+01	-3.86724e-01	8.93124e+00	7.17374e+00	-5.30000e+00	8.00000e-01	
monocrop	Wed Nov 05 16:59:48 CET 2025	5/12/1999	5	12	1999	339	1999	2.13800e+00	1.10300e+01	2.80000e+01	6.80000e+01	0.00000e+00	0.00000e+00	0.00000e+00	0.00000e+00	0.00000e+00	0.00000e+00	0.00000e+00	0.00000e+00	3.14581e-01	1.84479e+01	8.34000e+00	4.25346e+00	1.41945e+01	1.11838e+01	-7.92148e+01	-3.89080e-01	8.90854e+00	4.66933e+00	-5.33000e+00	1.40000e+00	
monocrop	Wed Nov 05 16:59:48 CET 2025	6/12/1999	6	12	1999	340	1999	-2.62700e+00	1.29700e+01	2.60000e+01	9.50000e+01	0.00000e+00	0.00000e+00	0.00000e+00	0.00000e+00	0.00000e+00	0.00000e+00	0.00000e+00	0.00000e+00	5.70545e-02	1.77622e+01	8.03000e+00	4.61153e+00	1.31507e+01	1.11009e+01	-7.65859e+01	-3.91309e-01	8.88698e+00	5.33699e+00	-5.37000e+00	1.00000e+00	
monocrop	Wed Nov 05 16:59:48 CET 2025	7/12/1999	7	12	1999	341	1999	-3.93500e+00	1.18700e+01	4.90000e+01	9.80000e+01	0.00000e+00	0.00000e+00	0.00000e+00	0.00000e+00	0.00000e+00	0.00000e+00	0.00000e+00	0.00000e+00	0.00000e+00	1.72977e+01	7.82000e+00	4.80415e+00	1.24935e+01	1.10228e+01	-7.37481e+01	-3.93412e-01	8.86660e+00	5.95995e+00	-5.40000e+00	8.00000e-01	
monocrop	Wed Nov 05 16:59:48 CET 2025	8/12/1999	8	12	1999	342	1999	-3.93700e+00	1.49500e+01	5.20000e+01	9.80000e+01	2.00000e-01	2.00000e-01	0.00000e+00	0.00000e+00	0.00000e+00	0.00000e+00	0.00000e+00	2.00000e-01	0.00000e+00	1.67447e+01	7.57000e+00	5.04440e+00	1.17003e+01	1.09497e+01	-7.39166e+01	-3.95387e-01	8.84740e+00	6.77204e+00	-5.43000e+00	7.00000e-01	
monocrop	Wed Nov 05 16:59:48 CET 2025	9/12/1999	9	12	1999	343	1999	6.01400e+00	1.20400e+01	7.50000e+01	9.80000e+01	4.00000e-01	4.00000e-01	0.00000e+00	0.00000e+00	0.00000e+00	0.00000e+00	0.00000e+00	4.00000e-01	3.67901e-01	4.53456e+00	2.05000e+00	4.33091e+00	2.03653e-01	1.08815e+01	-1.46364e+01	-3.97233e-01	8.82941e+00	9.93943e+00	-5.46000e+00	6.00000e-01	
monocrop	Wed Nov 05 16:59:48 CET 2025	10/12/1999	10	12	1999	344	1999	4.57700e+00	1.20600e+01	4.00000e+01	7.50000e+01	0.00000e+00	0.00000e+00	0.00000e+00	0.00000e+00	0.00000e+00	0.00000e+00	0.00000e+00	0.00000e+00	8.45037e-01	1.67005e+01	7.55000e+00	4.88882e+00	1.18116e+01	1.08182e+01	-7.51677e+01	-3.98948e-01	8.81264e+00	6.29768e+00	-5.48000e+00	3.30000e+00	
monocrop	Wed Nov 05 16:59:48 CET 2025	11/12/1999	11	12	1999	345	1999	4.65500e+00	1.55900e+01	6.50000e+01	8.70000e+01	0.00000e+00	0.00000e+00	0.00000e+00	0.00000e+00	0.00000e+00	0.00000e+00	0.00000e+00	0.00000e+00	7.04566e-01	7.58710e+00	3.43000e+00	5.96037e+00	1.62672e+00	1.07600e+01	-3.10686e+01	-4.00533e-01	8.79712e+00	9.40026e+00	-5.50000e+00	2.30000e+00	
monocrop	Wed Nov 05 16:59:48 CET 2025	12/12/1999	12	12	1999	346	1999	6.10900e+00	1.54800e+01	4.80000e+01	9.50000e+01	0.00000e+00	0.00000e+00	0.00000e+00	0.00000e+00	0.00000e+00	0.00000e+00	0.00000e+00	0.00000e+00	7.70645e-01	7.43226e+00	3.36000e+00	5.88658e+00	1.54568e+00	1.07067e+01	-3.05930e+01	-4.01986e-01	8.78286e+00	9.24939e+00	-5.53000e+00	1.90000e+00	
monocrop	Wed Nov 05 16:59:48 CET 2025	13/12/1999	13	12	1999	347	1999	1.84800e+00	1.29500e+01	4.50000e+01	9.70000e+01	0.00000e+00	0.00000e+00	0.00000e+00	0.00000e+00	0.00000e+00	0.00000e+00	0.00000e+00	0.00000e+00	1.74682e-01	1.68774e+01	7.63000e+00	4.54640e+00	1.23310e+01	1.06585e+01	-7.71275e+01	-4.03306e-01	8.76988e+00	7.30397e+00	-5.56000e+00	2.20000e+00	
monocrop	Wed Nov 05 16:59:48 CET 2025	14/12/1999	14	12	1999	348	1999	2.74500e+00	9.12000e+00	8.90000e+01	9.80000e+01	1.20000e+00	1.20000e+00	0.00000e+00	0.00000e+00	0.00000e+00	0.00000e+00	0.00000e+00	1.20000e+00	2.34260e-01	3.87097e+00	1.75000e+00	3.81556e+00	5.54097e-02	1.06153e+01	-1.14691e+01	-4.04492e-01	8.75819e+00	8.69551e+00	-5.58000e+00	6.00000e-01	
monocrop	Wed Nov 05 16:59:48 CET 2025	15/12/1999	15	12	1999	349	1999	1.73400e+00	9.09000e+00	4.20000e+01	9.70000e+01	1.20000e+00	1.20000e+00	0.00000e+00	0.00000e+00	0.00000e+00	0.00000e+00	0.00000e+00	1.20000e+00	2.67051e-01	9.40092e+00	4.25000e+00	6.37049e+00	3.03043e+00	1.05771e+01	-3.84139e+01	-4.05544e-01	8.74781e+00	6.23436e+00	-5.58000e+00	6.00000e-01	
monocrop	Wed Nov 05 16:59:48 CET 2025	16/12/1999	16	12	1999	350	1999	5.68000e-01	5.96700e+00	2.90000e+01	4.50000e+01	0.00000e+00	0.00000e+00	0.00000e+00	0.00000e+00	0.00000e+00	0.00000e+00	0.00000e+00	0.00000e+00	4.96367e-01	1.53069e+01	6.92000e+00	5.30868e+00	9.99823e+00	1.05440e+01	-6.49960e+01	-4.06462e-01	8.73874e+00	2.85576e+00	-5.57000e+00	1.50000e+00	
monocrop	Wed Nov 05 16:59:48 CET 2025	17/12/1999	17	12	1999	351	1999	-8.11000e+00	9.75000e+00	2.90000e+01	8.80000e+01	0.00000e+00	0.00000e+00	0.00000e+00	0.00000e+00	0.00000e+00	0.00000e+00	0.00000e+00	0.00000e+00	0.00000e+00	1.73641e+01	7.85000e+00	3.98640e+00	1.33777e+01	1.05160e+01	-7.50403e+01	-4.07245e-01	8.73100e+00	3.79105e+00	-5.59000e+00	6.00000e-01	
monocrop	Wed Nov 05 16:59:48 CET 2025	18/12/1999	18	12	1999	352	1999	-1.87100e+00	1.32600e+01	6.10000e+01	8.70000e+01	1.20000e+00	1.20000e+00	0.00000e+00	0.00000e+00	0.00000e+00	0.00000e+00	0.00000e+00	1.20000e+00	4.59485e-01	9.11336e+00	4.12000e+00	6.28432e+00	2.82905e+00	1.04931e+01	-3.83366e+01	-4.07891e-01	8.72459e+00	6.76948e+00	-5.62000e+00	2.00000e+00	
monocrop	Wed Nov 05 16:59:48 CET 2025	19/12/1999	19	12	1999	353	1999	6.05000e+00	1.36400e+01	5.60000e+01	7.80000e+01	4.00000e-01	4.00000e-01	0.00000e+00	0.00000e+00	0.00000e+00	0.00000e+00	0.00000e+00	4.00000e-01	1.10601e+00	5.08756e+00	2.30000e+00	4.65292e+00	4.34639e-01	1.04754e+01	-1.86136e+01	-4.08402e-01	8.71953e+00	8.13441e+00	-5.61000e+00	2.40000e+00	
monocrop	Wed Nov 05 16:59:48 CET 2025	20/12/1999	20	12	1999	354	1999	-1.75900e+00	9.04000e+00	1.50000e+01	7.10000e+01	0.00000e+00	0.00000e+00	0.00000e+00	0.00000e+00	0.00000e+00	0.00000e+00	0.00000e+00	0.00000e+00	1.39399e-01	1.77180e+01	8.01000e+00	3.62772e+00	1.40903e+01	1.04627e+01	-7.86465e+01	-4.08776e-01	8.71582e+00	3.40742e+00	-5.62000e+00	1.20000e+00	
monocrop	Wed Nov 05 16:59:48 CET 2025	21/12/1999	21	12	1999	355	1999	-3.67000e+00	7.33000e+00	3.00000e+01	7.40000e+01	0.00000e+00	0.00000e+00	0.00000e+00	0.00000e+00	0.00000e+00	0.00000e+00	0.00000e+00	0.00000e+00	0.00000e+00	1.62802e+01	7.36000e+00	4.63742e+00	1.16428e+01	1.04551e+01	-6.99511e+01	-4.09013e-01	8.71346e+00	3.62342e+00	-5.64000e+00	7.00000e-01	
monocrop	Wed Nov 05 16:59:48 CET 2025	22/12/1999	22	12	1999	356	1999	-3.95500e+00	9.46000e+00	4.20000e+01	8.70000e+01	0.00000e+00	0.00000e+00	0.00000e+00	0.00000e+00	0.00000e+00	0.00000e+00	0.00000e+00	0.00000e+00	0.00000e+00	1.58820e+01	7.18000e+00	4.87618e+00	1.10058e+01	1.04527e+01	-6.94893e+01	-4.09114e-01	8.71246e+00	4.79988e+00	-5.66000e+00	8.00000e-01	
monocrop	Wed Nov 05 16:59:48 CET 2025	23/12/1999	23	12	1999	357	1999	2.33900e+00	7.58000e+00	7.20000e+01	9.00000e+01	0.00000e+00	0.00000e+00	0.00000e+00	0.00000e+00	0.00000e+00	0.00000e+00	0.00000e+00	0.00000e+00	4.71955e-01	1.94654e+00	8.80000e-01	1.92708e+00	1.94654e-02	1.04554e+01	-2.26424e+00	-4.09078e-01	8.71283e+00	7.04061e+00	-5.68000e+00	3.00000e-01	
monocrop	Wed Nov 05 16:59:48 CET 2025	24/12/1999	24	12	1999	358	1999	6.79700e+00	1.02000e+01	7.90000e+01	9.50000e+01	0.00000e+00	0.00000e+00	0.00000e+00	0.00000e+00	0.00000e+00	0.00000e+00	0.00000e+00	0.00000e+00	1.59404e-01	7.60922e+00	3.44000e+00	5.87888e+00	1.73034e+00	1.04633e+01	-3.09993e+01	-4.08904e-01	8.71455e+00	9.64575e+00	-5.70000e+00	5.00000e-01	
monocrop	Wed Nov 05 16:59:48 CET 2025	25/12/1999	25	12	1999	359	1999	7.56000e+00	1.47300e+01	5.30000e+01	9.70000e+01	0.00000e+00	0.00000e+00	0.00000e+00	0.00000e+00	0.00000e+00	0.00000e+00	0.00000e+00	0.00000e+00	6.12182e-01	6.72442e+00	3.04000e+00	5.53262e+00	1.19180e+00	1.04762e+01	-2.76249e+01	-4.08594e-01	8.71763e+00	9.93089e+00	-5.72000e+00	1.40000e+00	
monocrop	Wed Nov 05 16:59:48 CET 2025	26/12/1999	26	12	1999	360	1999	6.01300e+00	1.92000e+01	3.80000e+01	9.50000e+01	2.00000e-01	2.00000e-01	0.00000e+00	0.00000e+00	0.00000e+00	0.00000e+00	0.00000e+00	2.00000e-01	1.06283e+00	1.40682e+01	6.36000e+00	5.79818e+00	8.27002e+00	1.04944e+01	-6.92830e+01	-4.08146e-01	8.72206e+00	9.69717e+00	-5.74000e+00	3.90000e+00	
monocrop	Wed Nov 05 16:59:48 CET 2025	27/12/1999	27	12	1999	361	1999	7.89000e+00	1.35100e+01	4.70000e+01	9.80000e+01	4.20000e+00	4.20000e+00	0.00000e+00	0.00000e+00	0.00000e+00	0.00000e+00	0.00000e+00	4.20000e+00	1.22375e+00	3.42857e+00	1.55000e+00	3.39429e+00	3.42858e-02	1.05176e+01	-9.86718e+00	-4.07563e-01	8.72785e+00	9.31991e+00	-5.75000e+00	3.10000e+00	
monocrop	Wed Nov 05 16:59:48 CET 2025	28/12/1999	28	12	1999	362	1999	5.01300e+00	1.00800e+01	4.10000e+01	8.90000e+01	4.20000e+00	4.20000e+00	0.00000e+00	0.00000e+00	0.00000e+00	0.00000e+00	0.00000e+00	4.20000e+00	1.11768e+00	1.73641e+01	7.85000e+00	4.03428e+00	1.33298e+01	1.05460e+01	-7.92616e+01	-4.06842e-01	8.73498e+00	6.75449e+00	-5.68000e+00	5.80000e+00	
monocrop	Wed Nov 05 16:59:48 CET 2025	29/12/1999	29	12	1999	363	1999	-1.44800e+00	9.69000e+00	3.50000e+01	9.30000e+01	0.00000e+00	0.00000e+00	0.00000e+00	0.00000e+00	0.00000e+00	0.00000e+00	0.00000e+00	0.00000e+00	3.08595e-02	1.74525e+01	7.89000e+00	4.02257e+00	1.34300e+01	1.05795e+01	-7.70268e+01	-4.05986e-01	8.74345e+00	5.24589e+00	-5.61000e+00	1.50000e+00	
monocrop	Wed Nov 05 16:59:48 CET 2025	30/12/1999	30	12	1999	364	1999	-2.53400e+00	1.04200e+01	3.30000e+01	8.20000e+01	0.00000e+00	0.00000e+00	0.00000e+00	0.00000e+00	0.00000e+00	0.00000e+00	0.00000e+00	0.00000e+00	0.00000e+00	1.71207e+01	7.74000e+00	4.32093e+00	1.27998e+01	1.06182e+01	-7.53363e+01	-4.04994e-01	8.75324e+00	4.65452e+00	-5.63000e+00	6.00000e-01	
monocrop	Wed Nov 05 16:59:48 CET 2025	31/12/1999	31	12	1999	365	1999	-2.40100e+00	9.64000e+00	6.50000e+01	9.70000e+01	0.00000e+00	0.00000e+00	0.00000e+00	0.00000e+00	0.00000e+00	0.00000e+00	0.00000e+00	0.00000e+00	1.81784e-01	8.49401e+00	3.84000e+00	6.21586e+00	2.27815e+00	1.06619e+01	-3.33060e+01	-4.03866e-01	8.76436e+00	6.40913e+00	-5.65000e+00	8.00000e-01	
monocrop	Wed Nov 05 16:59:48 CET 2025	1/1/2000	1	1	2000	1	2000	-3.42200e+00	1.27900e+01	5.40000e+01	9.80000e+01	0.00000e+00	0.00000e+00	0.00000e+00	0.00000e+00	0.00000e+00	0.00000e+00	0.00000e+00	0.00000e+00	0.00000e+00	1.59484e+01	7.21000e+00	5.19958e+00	1.07488e+01	1.07246e+01	-7.03051e+01	-4.02256e-01	8.78021e+00	6.48013e+00	-5.68000e+00	6.00000e-01	
monocrop	Wed Nov 05 16:59:48 CET 2025	2/1/2000	2	1	2000	2	2000	-2.93900e+00	1.49000e+01	4.60000e+01	9.80000e+01	0.00000e+00	0.00000e+00	0.00000e+00	0.00000e+00	0.00000e+00	0.00000e+00	0.00000e+00	0.00000e+00	0.00000e+00	1.74083e+01	7.87000e+00	4.36790e+00	1.30404e+01	1.07798e+01	-7.87882e+01	-4.00825e-01	8.79425e+00	6.71828e+00	-5.70000e+00	6.00000e-01	
monocrop	Wed Nov 05 16:59:48 CET 2025	3/1/2000	3	1	2000	3	2000	-2.14000e-01	9.18000e+00	6.90000e+01	9.70000e+01	2.00000e-01	2.00000e-01	0.00000e+00	0.00000e+00	0.00000e+00	0.00000e+00	0.00000e+00	2.00000e-01	2.66505e-01	6.08295e+00	2.75000e+00	5.29342e+00	7.89532e-01	1.08401e+01	-2.14117e+01	-3.99262e-01	8.80958e+00	6.97817e+00	-5.71000e+00	5.00000e-01	
monocrop	Wed Nov 05 16:59:48 CET 2025	4/1/2000	4	1	2000	4	2000	-5.06000e-01	1.43700e+01	5.10000e+01	9.80000e+01	0.00000e+00	0.00000e+00	0.00000e+00	0.00000e+00	0.00000e+00	0.00000e+00	0.00000e+00	0.00000e+00	0.00000e+00	1.68774e+01	7.63000e+00	4.90215e+00	1.19753e+01	1.09055e+01	-7.55298e+01	-3.97565e-01	8.82616e+00	7.42266e+00	-5.73000e+00	5.00000e-01	
monocrop	Wed Nov 05 16:59:48 CET 2025	5/1/2000	5	1	2000	5	2000	-7.02000e-01	1.74200e+01	4.10000e+01	9.80000e+01	0.00000e+00	0.00000e+00	0.00000e+00	0.00000e+00	0.00000e+00	0.00000e+00	0.00000e+00	0.00000e+00	6.73160e-02	1.43558e+01	6.49000e+00	6.19186e+00	8.16390e+00	1.09759e+01	-6.44557e+01	-3.95738e-01	8.84398e+00	7.63294e+00	-5.74000e+00	5.00000e-01	
monocrop	Wed Nov 05 16:59:48 CET 2025	6/1/2000	6	1	2000	6	2000	-1.22100e+00	1.19700e+01	7.40000e+01	9.80000e+01	0.00000e+00	0.00000e+00	0.00000e+00	0.00000e+00	0.00000e+00	0.00000e+00	0.00000e+00	0.00000e+00	2.50900e-01	6.30415e+00	2.85000e+00	5.45149e+00	8.52654e-01	1.10514e+01	-2.23446e+01	-3.93779e-01	8.86303e+00	7.69438e+00	-5.76000e+00	6.00000e-01	
monocrop	Wed Nov 05 16:59:48 CET 2025	7/1/2000	7	1	2000	7	2000	-1.90900e+00	1.63400e+01	4.00000e+01	9.90000e+01	2.00000e-01	2.00000e-01	0.00000e+00	0.00000e+00	0.00000e+00	0.00000e+00	0.00000e+00	2.00000e-01	7.65676e-03	1.59926e+01	7.23000e+00	5.68802e+00	1.03046e+01	1.11318e+01	-7.04986e+01	-3.91691e-01	8.88329e+00	7.06042e+00	-5.78000e+00	6.00000e-01	
monocrop	Wed Nov 05 16:59:48 CET 2025	8/1/2000	8	1	2000	8	2000	-2.26800e+00	1.35200e+01	4.80000e+01	9.80000e+01	2.00000e-01	2.00000e-01	0.00000e+00	0.00000e+00	0.00000e+00	0.00000e+00	0.00000e+00	2.00000e-01	0.00000e+00	1.56166e+01	7.06000e+00	5.96243e+00	9.65416e+00	1.12173e+01	-6.61032e+01	-3.89475e-01	8.90473e+00	6.64635e+00	-5.79000e+00	5.00000e-01	
monocrop	Wed Nov 05 16:59:48 CET 2025	9/1/2000	9	1	2000	9	2000	4.14200e+00	9.92000e+00	7.20000e+01	9.80000e+01	4.60000e+00	4.60000e+00	0.00000e+00	0.00000e+00	0.00000e+00	0.00000e+00	0.00000e+00	4.60000e+00	3.23521e-01	5.19816e+00	2.35000e+00	4.83341e+00	3.64746e-01	1.13078e+01	-1.65669e+01	-3.87130e-01	8.92733e+00	8.52653e+00	-5.80000e+00	3.00000e-01	
monocrop	Wed Nov 05 16:59:48 CET 2025	10/1/2000	10	1	2000	10	2000	-1.54100e+00	1.05500e+01	6.30000e+01	9.80000e+01	0.00000e+00	0.00000e+00	0.00000e+00	0.00000e+00	0.00000e+00	0.00000e+00	0.00000e+00	0.00000e+00	9.58325e-02	1.13032e+01	5.11000e+00	6.97909e+00	4.32413e+00	1.14032e+01	-4.37170e+01	-3.84659e-01	8.95108e+00	6.77818e+00	-5.72000e+00	4.00000e-01	
monocrop	Wed Nov 05 16:59:48 CET 2025	11/1/2000	11	1	2000	11	2000	-3.71700e+00	1.04700e+01	5.30000e+01	9.80000e+01	2.00000e-01	2.00000e-01	0.00000e+00	0.00000e+00	0.00000e+00	0.00000e+00	0.00000e+00	2.00000e-01	1.32995e-01	1.22544e+01	5.54000e+00	7.03314e+00	5.22124e+00	1.15035e+01	-4.70743e+01	-3.82063e-01	8.97595e+00	5.87235e+00	-5.74000e+00	6.00000e-01	
monocrop	Wed Nov 05 16:59:48 CET 2025	12/1/2000	12	1	2000	12	2000	-4.28900e+00	1.02100e+01	4.70000e+01	9.80000e+01	0.00000e+00	0.00000e+00	0.00000e+00	0.00000e+00	0.00000e+00	0.00000e+00	0.00000e+00	0.00000e+00	0.00000e+00	1.81825e+01	8.22000e+00	5.08170e+00	1.31008e+01	1.16087e+01	-7.22478e+01	-3.79343e-01	9.00191e+00	5.47543e+00	-5.75000e+00	5.00000e-01	
monocrop	Wed Nov 05 16:59:48 CET 2025	13/1/2000	13	1	2000	13	2000	-6.65800e+00	9.23000e+00	5.10000e+01	9.80000e+01	1.00000e+00	1.00000e+00	0.00000e+00	0.00000e+00	0.00000e+00	0.00000e+00	0.00000e+00	1.00000e+00	0.00000e+00	1.80940e+01	8.18000e+00	5.29371e+00	1.28003e+01	1.17188e+01	-6.97187e+01	-3.76500e-01	9.02895e+00	4.99266e+00	-5.76000e+00	5.00000e-01	
monocrop	Wed Nov 05 16:59:48 CET 2025	14/1/2000	14	1	2000	14	2000	3.90500e+00	1.06100e+01	6.50000e+01	9.60000e+01	8.00000e-01	8.00000e-01	0.00000e+00	0.00000e+00	0.00000e+00	0.00000e+00	0.00000e+00	8.00000e-01	1.01684e-01	1.59484e+01	7.21000e+00	6.50596e+00	9.44242e+00	1.18337e+01	-6.35199e+01	-3.73536e-01	9.05704e+00	8.20146e+00	-5.76000e+00	1.20000e+00	
monocrop	Wed Nov 05 16:59:48 CET 2025	15/1/2000	15	1	2000	15	2000	5.32600e+00	1.30700e+01	5.10000e+01	8.80000e+01	2.00000e-01	2.00000e-01	0.00000e+00	0.00000e+00	0.00000e+00	0.00000e+00	0.00000e+00	2.00000e-01	4.68261e-01	1.28959e+01	5.83000e+00	7.29845e+00	5.59740e+00	1.19534e+01	-5.07978e+01	-3.70452e-01	9.08615e+00	8.07868e+00	-5.75000e+00	1.20000e+00	
monocrop	Wed Nov 05 16:59:48 CET 2025	16/1/2000	16	1	2000	16	2000	-7.51000e-01	8.16000e+00	4.70000e+01	7.80000e+01	0.00000e+00	0.00000e+00	0.00000e+00	0.00000e+00	0.00000e+00	0.00000e+00	0.00000e+00	0.00000e+00	1.82609e-01	1.80276e+01	8.15000e+00	5.81885e+00	1.22088e+01	1.20778e+01	-6.81099e+01	-3.67249e-01	9.11626e+00	4.97503e+00	-5.76000e+00	1.00000e+00	
monocrop	Wed Nov 05 16:59:48 CET 2025	17/1/2000	17	1	2000	17	2000	-2.60900e+00	1.05600e+01	3.90000e+01	9.60000e+01	0.00000e+00	0.00000e+00	0.00000e+00	0.00000e+00	0.00000e+00	0.00000e+00	0.00000e+00	0.00000e+00	8.59792e-02	1.82046e+01	8.23000e+00	5.88986e+00	1.23147e+01	1.22070e+01	-6.91485e+01	-3.63930e-01	9.14735e+00	5.47650e+00	-5.78000e+00	7.00000e-01	
monocrop	Wed Nov 05 16:59:48 CET 2025	18/1/2000	18	1	2000	18	2000	-3.64200e+00	1.69100e+01	3.40000e+01	9.70000e+01	0.00000e+00	0.00000e+00	0.00000e+00	0.00000e+00	0.00000e+00	0.00000e+00	0.00000e+00	0.00000e+00	1.87453e-01	1.99078e+01	9.00000e+00	5.01541e+00	1.48924e+01	1.23409e+01	-7.99479e+01	-3.60494e-01	9.17938e+00	6.39365e+00	-5.80000e+00	1.10000e+00	
monocrop	Wed Nov 05 16:59:48 CET 2025	19/1/2000	19	1	2000	19	2000	5.70000e-02	1.21700e+01	3.20000e+01	6.20000e+01	0.00000e+00	0.00000e+00	0.00000e+00	0.00000e+00	0.00000e+00	0.00000e+00	0.00000e+00	0.00000e+00	3.79383e-01	2.03502e+01	9.20000e+00	4.91699e+00	1.54332e+01	1.24794e+01	-7.83924e+01	-3.56945e-01	9.21234e+00	4.42606e+00	-5.81000e+00	1.10000e+00	
monocrop	Wed Nov 05 16:59:48 CET 2025	20/1/2000	20	1	2000	20	2000	-5.17900e+00	1.15000e+01	3.00000e+01	9.40000e+01	0.00000e+00	0.00000e+00	0.00000e+00	0.00000e+00	0.00000e+00	0.00000e+00	0.00000e+00	0.00000e+00	1.15097e-01	2.01954e+01	9.13000e+00	5.24458e+00	1.49508e+01	1.26225e+01	-7.45893e+01	-3.53284e-01	9.24619e+00	4.74924e+00	-5.83000e+00	7.00000e-01	
monocrop	Wed Nov 05 16:59:48 CET 2025	21/1/2000	21	1	2000	21	2000	-7.26000e+00	1.20500e+01	3.10000e+01	9.60000e+01	0.00000e+00	0.00000e+00	0.00000e+00	0.00000e+00	0.00000e+00	0.00000e+00	0.00000e+00	0.00000e+00	9.69005e-02	2.07926e+01	9.40000e+00	5.05419e+00	1.57384e+01	1.27701e+01	-7.57753e+01	-3.49512e-01	9.28091e+00	4.60685e+00	-5.84000e+00	7.00000e-01	
monocrop	Wed Nov 05 16:59:48 CET 2025	22/1/2000	22	1	2000	22	2000	-5.57300e+00	1.17100e+01	3.60000e+01	9.30000e+01	0.00000e+00	0.00000e+00	0.00000e+00	0.00000e+00	0.00000e+00	0.00000e+00	0.00000e+00	0.00000e+00	5.11312e-01	2.02839e+01	9.17000e+00	5.62837e+00	1.46555e+01	1.29222e+01	-7.30571e+01	-3.45631e-01	9.31648e+00	4.90866e+00	-5.86000e+00	2.50000e+00	
monocrop	Wed Nov 05 16:59:48 CET 2025	23/1/2000	23	1	2000	23	2000	3.33800e+00	1.10300e+01	3.00000e+01	6.90000e+01	0.00000e+00	0.00000e+00	0.00000e+00	0.00000e+00	0.00000e+00	0.00000e+00	0.00000e+00	0.00000e+00	7.49238e-01	2.16553e+01	9.79000e+00	4.91352e+00	1.67418e+01	1.30788e+01	-7.98952e+01	-3.41643e-01	9.35287e+00	5.01781e+00	-5.87000e+00	2.00000e+00	
monocrop	Wed Nov 05 16:59:48 CET 2025	24/1/2000	24	1	2000	24	2000	-4.76800e+00	9.10000e+00	3.10000e+01	7.80000e+01	0.00000e+00	0.00000e+00	0.00000e+00	0.00000e+00	0.00000e+00	0.00000e+00	0.00000e+00	0.00000e+00	3.80962e-01	2.05051e+01	9.27000e+00	5.94207e+00	1.45630e+01	1.32397e+01	-7.03612e+01	-3.37549e-01	9.39005e+00	3.88989e+00	-5.88000e+00	1.20000e+00	
monocrop	Wed Nov 05 16:59:48 CET 2025	25/1/2000	25	1	2000	25	2000	-6.57000e+00	6.99000e-01	7.60000e+01	9.70000e+01	2.00000e-01	0.00000e+00	2.00000e-01	0.00000e+00	2.00000e-01	2.00000e-01	0.00000e+00	0.00000e+00	3.14354e-01	3.73825e+00	1.69000e+00	3.70087e+00	3.73826e-02	1.34050e+01	-6.60212e+00	-3.33352e-01	9.42799e+00	4.25721e+00	-5.90000e+00	7.00000e-01	
monocrop	Wed Nov 05 16:59:48 CET 2025	26/1/2000	26	1	2000	26	2000	-3.67000e+00	6.55800e+00	5.50000e+01	9.70000e+01	4.40000e+00	4.40000e+00	0.00000e+00	0.00000e+00	4.00000e-01	0.00000e+00	2.00000e-01	4.20000e+00	1.58587e-01	1.93991e+01	8.77000e+00	6.98605e+00	1.24130e+01	1.35746e+01	-6.30555e+01	-3.29053e-01	9.46668e+00	5.15130e+00	-5.90000e+00	9.00000e-01	
monocrop	Wed Nov 05 16:59:48 CET 2025	27/1/2000	27	1	2000	27	2000	-2.73100e+00	3.73600e+00	7.00000e+01	9.60000e+01	2.40000e+00	2.40000e+00	0.00000e+00	0.00000e+00	4.00000e-01	0.00000e+00	0.00000e+00	2.40000e+00	4.11034e-01	3.36221e+00	1.52000e+00	3.32859e+00	3.36220e-02	1.37484e+01	-5.12870e+00	-3.24654e-01	9.50608e+00	5.25681e+00	-5.82000e+00	5.00000e-01	
monocrop	Wed Nov 05 16:59:48 CET 2025	28/1/2000	28	1	2000	28	2000	-2.15600e+00	1.24500e+01	5.70000e+01	9.90000e+01	0.00000e+00	0.00000e+00	0.00000e+00	4.00000e-01	0.00000e+00	0.00000e+00	0.00000e+00	4.00000e-01	1.87584e-01	1.98857e+01	8.99000e+00	7.17473e+00	1.27110e+01	1.39263e+01	-6.72055e+01	-3.20157e-01	9.54617e+00	6.86902e+00	-5.78000e+00	6.00000e-01	
monocrop	Wed Nov 05 16:59:48 CET 2025	29/1/2000	29	1	2000	29	2000	-2.71300e+00	1.31400e+01	4.60000e+01	9.90000e+01	2.00000e-01	2.00000e-01	0.00000e+00	0.00000e+00	0.00000e+00	0.00000e+00	0.00000e+00	2.00000e-01	7.25222e-01	1.69438e+01	7.66000e+00	8.37323e+00	8.57055e+00	1.41084e+01	-5.55640e+01	-3.15563e-01	9.58693e+00	6.41430e+00	-5.80000e+00	2.80000e+00	
monocrop	Wed Nov 05 16:59:48 CET 2025	30/1/2000	30	1	2000	30	2000	7.92000e-01	1.68100e+01	4.30000e+01	9.60000e+01	0.00000e+00	0.00000e+00	0.00000e+00	0.00000e+00	0.00000e+00	0.00000e+00	0.00000e+00	0.00000e+00	9.68460e-01	2.33364e+01	1.05500e+01	5.61321e+00	1.77232e+01	1.42944e+01	-8.23302e+01	-3.10875e-01	9.62833e+00	7.86498e+00	-5.81000e+00	3.50000e+00	
monocrop	Wed Nov 05 16:59:48 CET 2025	31/1/2000	31	1	2000	31	2000	-1.13600e+00	1.90400e+01	4.40000e+01	9.80000e+01	0.00000e+00	0.00000e+00	0.00000e+00	0.00000e+00	0.00000e+00	0.00000e+00	0.00000e+00	0.00000e+00	4.52177e-01	1.78728e+01	8.08000e+00	8.48615e+00	9.38666e+00	1.44844e+01	-6.10243e+01	-3.06094e-01	9.67035e+00	8.11716e+00	-5.82000e+00	5.00000e-01	
monocrop	Wed Nov 05 16:59:48 CET 2025	1/2/2000	1	2	2000	32	2000	-7.12000e-01	1.10100e+01	8.90000e+01	9.90000e+01	0.00000e+00	0.00000e+00	0.00000e+00	0.00000e+00	0.00000e+00	0.00000e+00	0.00000e+00	0.00000e+00	3.42087e-01	3.49493e+00	1.58000e+00	3.45998e+00	3.49493e-02	1.46783e+01	-4.92683e+00	-3.01223e-01	9.71296e+00	8.27921e+00	-5.84000e+00	4.00000e-01	
monocrop	Wed Nov 05 16:59:48 CET 2025	2/2/2000	2	2	2000	33	2000	7.39000e+00	1.70100e+01	6.20000e+01	9.80000e+01	3.60000e+00	3.60000e+00	0.00000e+00	0.00000e+00	0.00000e+00	0.00000e+00	0.00000e+00	3.60000e+00	7.20324e-01	1.34046e+01	6.06000e+00	8.98678e+00	4.41783e+00	1.48761e+01	-4.29558e+01	-2.96264e-01	9.75615e+00	1.13582e+01	-5.85000e+00	1.40000e+00	
monocrop	Wed Nov 05 16:59:48 CET 2025	3/2/2000	3	2	2000	34	2000	1.99000e-01	1.81100e+01	1.90000e+01	8.90000e+01	0.00000e+00	0.00000e+00	0.00000e+00	0.00000e+00	0.00000e+00	0.00000e+00	0.00000e+00	0.00000e+00	6.32773e-01	2.52608e+01	1.14200e+01	5.44007e+00	1.98208e+01	1.50775e+01	-8.55267e+01	-2.91218e-01	9.79988e+00	6.25857e+00	-5.79000e+00	9.00000e-01	
monocrop	Wed Nov 05 16:59:48 CET 2025	4/2/2000	4	2	2000	35	2000	-2.56100e+00	1.71400e+01	2.90000e+01	9.60000e+01	0.00000e+00	0.00000e+00	0.00000e+00	0.00000e+00	0.00000e+00	0.00000e+00	0.00000e+00	0.00000e+00	5.14848e-01	2.47078e+01	1.11700e+01	6.17297e+00	1.85349e+01	1.52827e+01	-8.05063e+01	-2.86087e-01	9.84414e+00	6.38156e+00	-5.80000e+00	8.00000e-01	
monocrop	Wed Nov 05 16:59:48 CET 2025	5/2/2000	5	2	2000	36	2000	-2.10600e+00	1.34000e+01	6.30000e+01	9.80000e+01	2.00000e-01	2.00000e-01	0.00000e+00	0.00000e+00	0.00000e+00	0.00000e+00	0.00000e+00	2.00000e-01	3.62370e-01	2.18323e+01	9.87000e+00	8.11578e+00	1.37165e+01	1.54914e+01	-6.68040e+01	-2.80873e-01	9.88890e+00	7.33987e+00	-5.82000e+00	8.00000e-01	
monocrop	Wed Nov 05 16:59:48 CET 2025	6/2/2000	6	2	2000	37	2000	5.96600e+00	1.02800e+01	7.40000e+01	9.60000e+01	0.00000e+00	0.00000e+00	0.00000e+00	0.00000e+00	0.00000e+00	0.00000e+00	0.00000e+00	0.00000e+00	5.37435e-01	4.02581e+00	1.82000e+00	3.98555e+00	4.02582e-02	1.57036e+01	-5.92150e+00	-2.75579e-01	9.93414e+00	9.18677e+00	-5.83000e+00	4.00000e-01	
monocrop	Wed Nov 05 16:59:48 CET 2025	7/2/2000	7	2	2000	38	2000	3.38600e+00	1.58300e+01	3.70000e+01	9.80000e+01	0.00000e+00	0.00000e+00	0.00000e+00	0.00000e+00	0.00000e+00	0.00000e+00	0.00000e+00	0.00000e+00	1.01314e+00	2.30488e+01	1.04200e+01	8.04598e+00	1.50029e+01	1.59193e+01	-7.21338e+01	-2.70206e-01	9.97985e+00	8.06575e+00	-5.84000e+00	2.20000e+00	
monocrop	Wed Nov 05 16:59:48 CET 2025	8/2/2000	8	2	2000	39	2000	1.17500e+01	1.66400e+01	4.70000e+01	7.60000e+01	0.00000e+00	0.00000e+00	0.00000e+00	0.00000e+00	0.00000e+00	0.00000e+00	0.00000e+00	0.00000e+00	1.73135e+00	1.46433e+01	6.62000e+00	9.76322e+00	4.88010e+00	1.61383e+01	-4.39189e+01	-2.64756e-01	1.00260e+01	9.94702e+00	-5.86000e+00	2.70000e+00	
monocrop	Wed Nov 05 16:59:48 CET 2025	9/2/2000	9	2	2000	40	2000	1.48000e+00	1.59100e+01	3.20000e+01	7.70000e+01	0.00000e+00	0.00000e+00	0.00000e+00	0.00000e+00	0.00000e+00	0.00000e+00	0.00000e+00	0.00000e+00	1.15536e+00	2.68977e+01	1.21600e+01	6.28810e+00	2.06096e+01	1.63606e+01	-8.23897e+01	-2.59232e-01	1.00726e+01	6.12343e+00	-5.87000e+00	2.00000e+00	
monocrop	Wed Nov 05 16:59:48 CET 2025	10/2/2000	10	2	2000	41	2000	-3.03400e+00	1.78900e+01	2.00000e+01	9.50000e+01	4.00000e-01	4.00000e-01	0.00000e+00	0.00000e+00	0.00000e+00	0.00000e+00	0.00000e+00	4.00000e-01	7.51909e-01	2.68756e+01	1.21500e+01	6.65702e+00	2.02186e+01	1.65861e+01	-8.10511e+01	-2.53635e-01	1.01195e+01	5.92693e+00	-5.88000e+00	9.00000e-01	
monocrop	Wed Nov 05 16:59:48 CET 2025	11/2/2000	11	2	2000	42	2000	-1.71200e+00	1.56800e+01	4.70000e+01	9.40000e+01	0.00000e+00	0.00000e+00	0.00000e+00	0.00000e+00	0.00000e+00	0.00000e+00	0.00000e+00	0.00000e+00	8.84197e-01	1.63023e+01	7.37000e+00	1.02737e+01	6.02858e+00	1.68147e+01	-4.45560e+01	-2.47968e-01	1.01669e+01	7.04924e+00	-5.89000e+00	1.60000e+00	
monocrop	Wed Nov 05 16:59:48 CET 2025	12/2/2000	12	2	2000	43	2000	-2.01200e+00	1.42900e+01	3.00000e+01	9.20000e+01	0.00000e+00	0.00000e+00	0.00000e+00	0.00000e+00	0.00000e+00	0.00000e+00	0.00000e+00	0.00000e+00	8.80904e-01	2.56369e+01	1.15900e+01	8.10414e+00	1.75327e+01	1.70463e+01	-7.23899e+01	-2.42232e-01	1.02146e+01	5.75459e+00	-5.90000e+00	1.40000e+00	
monocrop	Wed Nov 05 16:59:48 CET 2025	13/2/2000	13	2	2000	44	2000	-1.29800e+00	1.28700e+01	4.70000e+01	9.30000e+01	1.20000e+00	1.20000e+00	0.00000e+00	0.00000e+00	0.00000e+00	0.00000e+00	0.00000e+00	1.20000e+00	9.98919e-01	1.42230e+01	6.43000e+00	1.01877e+01	4.03530e+00	1.72808e+01	-3.57519e+01	-2.36429e-01	1.02627e+01	6.44430e+00	-5.91000e+00	2.10000e+00	
monocrop	Wed Nov 05 16:59:48 CET 2025	14/2/2000	14	2	2000	45	2000	-2.33000e-01	1.93800e+01	4.10000e+01	9.70000e+01	0.00000e+00	0.00000e+00	0.00000e+00	0.00000e+00	0.00000e+00	0.00000e+00	0.00000e+00	0.00000e+00	9.40947e-01	2.81364e+01	1.27200e+01	7.20477e+00	2.09316e+01	1.75182e+01	-8.23602e+01	-2.30562e-01	1.03111e+01	8.22589e+00	-5.89000e+00	1.30000e+00	
monocrop	Wed Nov 05 16:59:48 CET 2025	15/2/2000	15	2	2000	46	2000	1.10100e+01	1.98700e+01	3.80000e+01	7.60000e+01	0.00000e+00	0.00000e+00	0.00000e+00	0.00000e+00	0.00000e+00	0.00000e+00	0.00000e+00	0.00000e+00	2.21450e+00	2.83134e+01	1.28000e+01	7.44562e+00	2.08677e+01	1.77583e+01	-8.61242e+01	-2.24632e-01	1.03598e+01	9.99007e+00	-5.91000e+00	3.20000e+00	
monocrop	Wed Nov 05 16:59:48 CET 2025	16/2/2000	16	2	2000	47	2000	6.37500e+00	1.38900e+01	3.80000e+01	8.90000e+01	4.00000e-01	4.00000e-01	0.00000e+00	0.00000e+00	0.00000e+00	0.00000e+00	0.00000e+00	4.00000e-01	1.75508e+00	2.22747e+01	1.00700e+01	1.05306e+01	1.17440e+01	1.80010e+01	-6.00673e+01	-2.18642e-01	1.04088e+01	7.85942e+00	-5.92000e+00	3.50000e+00	
monocrop	Wed Nov 05 16:59:48 CET 2025	17/2/2000	17	2	2000	48	2000	2.75000e+00	1.26300e+01	3.80000e+01	7.60000e+01	0.00000e+00	0.00000e+00	0.00000e+00	0.00000e+00	0.00000e+00	0.00000e+00	0.00000e+00	0.00000e+00	1.63187e+00	1.10599e+01	5.00000e+00	9.33195e+00	1.72795e+00	1.82463e+01	-2.46548e+01	-2.12594e-01	1.04581e+01	5.98149e+00	-5.92000e+00	2.60000e+00	
monocrop	Wed Nov 05 16:59:48 CET 2025	18/2/2000	18	2	2000	49	2000	-5.07000e-01	1.60700e+01	5.90000e+01	8.50000e+01	0.00000e+00	0.00000e+00	0.00000e+00	0.00000e+00	0.00000e+00	0.00000e+00	0.00000e+00	0.00000e+00	1.19173e+00	1.51078e+01	6.83000e+00	1.08762e+01	4.23168e+00	1.84941e+01	-3.65701e+01	-2.06488e-01	1.05077e+01	7.60287e+00	-5.93000e+00	2.50000e+00	
monocrop	Wed Nov 05 16:59:48 CET 2025	19/2/2000	19	2	2000	50	2000	9.01000e+00	1.57900e+01	3.60000e+01	7.60000e+01	0.00000e+00	0.00000e+00	0.00000e+00	0.00000e+00	0.00000e+00	0.00000e+00	0.00000e+00	0.00000e+00	2.09470e+00	2.70083e+01	1.22100e+01	9.53883e+00	1.74695e+01	1.87443e+01	-7.33987e+01	-2.00329e-01	1.05575e+01	8.05602e+00	-5.94000e+00	3.10000e+00	
monocrop	Wed Nov 05 16:59:48 CET 2025	20/2/2000	20	2	2000	51	2000	4.71000e-01	1.24500e+01	2.10000e+01	6.20000e+01	0.00000e+00	0.00000e+00	0.00000e+00	0.00000e+00	0.00000e+00	0.00000e+00	0.00000e+00	0.00000e+00	1.32470e+00	3.22065e+01	1.45600e+01	6.55779e+00	2.56487e+01	1.89967e+01	-8.19320e+01	-1.94116e-01	1.06076e+01	4.00283e+00	-5.95000e+00	1.40000e+00	
monocrop	Wed Nov 05 16:59:48 CET 2025	21/2/2000	21	2	2000	52	2000	-6.28800e+00	1.34500e+01	2.30000e+01	8.30000e+01	0.00000e+00	0.00000e+00	0.00000e+00	0.00000e+00	0.00000e+00	0.00000e+00	0.00000e+00	0.00000e+00	8.99548e-01	3.16535e+01	1.43100e+01	7.39670e+00	2.42568e+01	1.92513e+01	-7.76140e+01	-1.87854e-01	1.06579e+01	4.18225e+00	-5.96000e+00	7.00000e-01	
monocrop	Wed Nov 05 16:59:48 CET 2025	22/2/2000	22	2	2000	53	2000	-5.59300e+00	1.34600e+01	2.50000e+01	8.60000e+01	0.00000e+00	0.00000e+00	0.00000e+00	0.00000e+00	0.00000e+00	0.00000e+00	0.00000e+00	0.00000e+00	9.78525e-01	2.30931e+01	1.04400e+01	1.16455e+01	1.14475e+01	1.95080e+01	-5.39702e+01	-1.81543e-01	1.07084e+01	4.48962e+00	-5.97000e+00	8.00000e-01	
monocrop	Wed Nov 05 16:59:48 CET 2025	23/2/2000	23	2	2000	54	2000	-6.50300e+00	1.62400e+01	2.60000e+01	9.50000e+01	0.00000e+00	0.00000e+00	0.00000e+00	0.00000e+00	0.00000e+00	0.00000e+00	0.00000e+00	0.00000e+00	9.98186e-01	3.14544e+01	1.42200e+01	8.32891e+00	2.31255e+01	1.97668e+01	-7.68208e+01	-1.75185e-01	1.07591e+01	5.22544e+00	-5.98000e+00	9.00000e-01	
monocrop	Wed Nov 05 16:59:48 CET 2025	24/2/2000	24	2	2000	55	2000	-4.18400e+00	1.66800e+01	4.00000e+01	9.70000e+01	0.00000e+00	0.00000e+00	0.00000e+00	0.00000e+00	0.00000e+00	0.00000e+00	0.00000e+00	0.00000e+00	1.00764e+00	3.15650e+01	1.42700e+01	8.63986e+00	2.29251e+01	2.00274e+01	-7.71134e+01	-1.68783e-01	1.08100e+01	6.51095e+00	-5.99000e+00	9.00000e-01	
monocrop	Wed Nov 05 16:59:48 CET 2025	25/2/2000	25	2	2000	56	2000	-1.98500e+00	1.84600e+01	4.50000e+01	9.80000e+01	0.00000e+00	0.00000e+00	0.00000e+00	0.00000e+00	0.00000e+00	0.00000e+00	0.00000e+00	0.00000e+00	1.10234e+00	3.16313e+01	1.43000e+01	8.97615e+00	2.26552e+01	2.02898e+01	-7.82408e+01	-1.62338e-01	1.08611e+01	7.78807e+00	-6.00000e+00	9.00000e-01	
monocrop	Wed Nov 05 16:59:48 CET 2025	26/2/2000	26	2	2000	57	2000	-1.33400e+00	1.87000e+01	4.60000e+01	9.80000e+01	0.00000e+00	0.00000e+00	0.00000e+00	0.00000e+00	0.00000e+00	0.00000e+00	0.00000e+00	0.00000e+00	1.17225e+00	3.19410e+01	1.44400e+01	9.15723e+00	2.27838e+01	2.05539e+01	-7.83541e+01	-1.55853e-01	1.09123e+01	8.08309e+00	-6.01000e+00	1.00000e+00	
monocrop	Wed Nov 05 16:59:48 CET 2025	27/2/2000	27	2	2000	58	2000	-1.57000e+00	1.38700e+01	7.00000e+01	9.80000e+01	0.00000e+00	0.00000e+00	0.00000e+00	0.00000e+00	0.00000e+00	0.00000e+00	0.00000e+00	0.00000e+00	7.22397e-01	1.46212e+01	6.61000e+00	1.15107e+01	3.11047e+00	2.08196e+01	-2.95685e+01	-1.49329e-01	1.09637e+01	7.93038e+00	-6.02000e+00	6.00000e-01	
monocrop	Wed Nov 05 16:59:48 CET 2025	28/2/2000	28	2	2000	59	2000	9.39000e+00	1.31200e+01	8.00000e+01	9.70000e+01	0.00000e+00	0.00000e+00	0.00000e+00	0.00000e+00	0.00000e+00	0.00000e+00	0.00000e+00	0.00000e+00	7.68244e-01	8.64885e+00	3.91000e+00	8.29380e+00	3.55049e-01	2.10868e+01	-1.45367e+01	-1.42768e-01	1.10153e+01	1.18043e+01	-6.03000e+00	1.10000e+00	
monocrop	Wed Nov 05 16:59:48 CET 2025	29/2/2000	29	2	2000	60	2000	7.98000e+00	1.44400e+01	7.70000e+01	9.80000e+01	0.00000e+00	0.00000e+00	0.00000e+00	0.00000e+00	0.00000e+00	0.00000e+00	0.00000e+00	0.00000e+00	7.48879e-01	7.67558e+00	3.47000e+00	7.58934e+00	8.62327e-02	2.13554e+01	-1.17757e+01	-1.36173e-01	1.10669e+01	1.16361e+01	-6.04000e+00	8.00000e-01	
monocrop	Wed Nov 05 16:59:48 CET 2025	1/3/2000	1	3	2000	61	2000	7.57000e+00	1.59300e+01	4.30000e+01	9.80000e+01	8.00000e-01	8.00000e-01	0.00000e+00	0.00000e+00	0.00000e+00	0.00000e+00	0.00000e+00	8.00000e-01	1.80842e+00	2.19650e+01	9.93000e+00	1.32462e+01	8.71875e+00	2.16253e+01	-4.89553e+01	-1.29544e-01	1.11188e+01	9.71668e+00	-6.05000e+00	2.90000e+00	
monocrop	Wed Nov 05 16:59:48 CET 2025	2/3/2000	2	3	2000	62	2000	-1.14800e+00	1.50100e+01	2.10000e+01	8.40000e+01	0.00000e+00	0.00000e+00	0.00000e+00	0.00000e+00	0.00000e+00	0.00000e+00	0.00000e+00	0.00000e+00	1.74896e+00	3.61659e+01	1.63500e+01	8.29269e+00	2.78732e+01	2.18965e+01	-8.08984e+01	-1.22885e-01	1.11707e+01	5.23037e+00	-6.04000e+00	1.90000e+00	
monocrop	Wed Nov 05 16:59:48 CET 2025	3/3/2000	3	3	2000	63	2000	-4.55700e+00	1.64400e+01	2.10000e+01	9.60000e+01	0.00000e+00	0.00000e+00	0.00000e+00	0.00000e+00	0.00000e+00	0.00000e+00	0.00000e+00	0.00000e+00	1.55530e+00	3.47060e+01	1.56900e+01	9.71493e+00	2.49911e+01	2.21687e+01	-7.61184e+01	-1.16197e-01	1.12227e+01	5.44389e+00	-6.05000e+00	1.70000e+00	
monocrop	Wed Nov 05 16:59:48 CET 2025	4/3/2000	4	3	2000	64	2000	-3.56000e-01	1.83900e+01	3.50000e+01	7.20000e+01	0.00000e+00	0.00000e+00	0.00000e+00	0.00000e+00	0.00000e+00	0.00000e+00	0.00000e+00	0.00000e+00	1.75969e+00	1.56608e+01	7.08000e+00	1.23701e+01	3.29071e+00	2.24420e+01	-3.06361e+01	-1.09482e-01	1.12748e+01	6.14336e+00	-6.05000e+00	1.80000e+00	
monocrop	Wed Nov 05 16:59:48 CET 2025	5/3/2000	5	3	2000	65	2000	-3.85100e+00	1.67000e+01	1.50000e+01	5.30000e+01	0.00000e+00	0.00000e+00	0.00000e+00	0.00000e+00	0.00000e+00	0.00000e+00	0.00000e+00	0.00000e+00	1.64119e+00	3.88645e+01	1.75700e+01	7.55946e+00	3.13051e+01	2.27162e+01	-8.43538e+01	-1.02741e-01	1.13270e+01	3.27130e+00	-6.06000e+00	9.00000e-01	
monocrop	Wed Nov 05 16:59:48 CET 2025	6/3/2000	6	3	2000	66	2000	-4.86200e+00	1.55000e+01	3.20000e+01	9.60000e+01	0.00000e+00	0.00000e+00	0.00000e+00	0.00000e+00	0.00000e+00	0.00000e+00	0.00000e+00	0.00000e+00	1.40569e+00	3.55465e+01	1.60700e+01	1.03565e+01	2.51900e+01	2.29913e+01	-7.42592e+01	-9.59776e-02	1.13793e+01	5.70399e+00	-6.07000e+00	1.20000e+00	
monocrop	Wed Nov 05 16:59:48 CET 2025	7/3/2000	7	3	2000	67	2000	1.65800e+00	1.59700e+01	5.80000e+01	9.80000e+01	0.00000e+00	0.00000e+00	0.00000e+00	0.00000e+00	0.00000e+00	0.00000e+00	0.00000e+00	0.00000e+00	1.29814e+00	2.88885e+01	1.30600e+01	1.35862e+01	1.53023e+01	2.32670e+01	-6.01046e+01	-8.91925e-02	1.14317e+01	8.83465e+00	-6.08000e+00	9.00000e-01	
monocrop	Wed Nov 05 16:59:48 CET 2025	8/3/2000	8	3	2000	68	2000	-1.15500e+00	2.13800e+01	2.80000e+01	9.90000e+01	0.00000e+00	0.00000e+00	0.00000e+00	0.00000e+00	0.00000e+00	0.00000e+00	0.00000e+00	0.00000e+00	1.68205e+00	3.71392e+01	1.67900e+01	1.01355e+01	2.70037e+01	2.35434e+01	-8.15762e+01	-8.23877e-02	1.14841e+01	7.84891e+00	-6.09000e+00	8.00000e-01	
monocrop	Wed Nov 05 16:59:48 CET 2025	9/3/2000	9	3	2000	69	2000	2.47000e+00	2.78800e+01	2.10000e+01	8.70000e+01	0.00000e+00	0.00000e+00	0.00000e+00	0.00000e+00	0.00000e+00	0.00000e+00	0.00000e+00	0.00000e+00	2.17311e+00	3.74931e+01	1.69500e+01	1.03088e+01	2.71843e+01	2.38204e+01	-8.78040e+01	-7.55652e-02	1.15366e+01	9.30448e+00	-6.09000e+00	8.00000e-01	
monocrop	Wed Nov 05 16:59:48 CET 2025	10/3/2000	10	3	2000	70	2000	7.47000e-01	2.51200e+01	2.60000e+01	9.70000e+01	0.00000e+00	0.00000e+00	0.00000e+00	0.00000e+00	0.00000e+00	0.00000e+00	0.00000e+00	0.00000e+00	1.98640e+00	3.84221e+01	1.73700e+01	1.01028e+01	2.83193e+01	2.40978e+01	-8.61536e+01	-6.87269e-02	1.15892e+01	9.16234e+00	-6.10000e+00	8.00000e-01	
monocrop	Wed Nov 05 16:59:48 CET 2025	11/3/2000	11	3	2000	71	2000	1.42100e+00	2.48200e+01	2.50000e+01	9.70000e+01	0.00000e+00	0.00000e+00	0.00000e+00	0.00000e+00	0.00000e+00	0.00000e+00	0.00000e+00	0.00000e+00	2.05292e+00	3.93069e+01	1.77700e+01	9.91660e+00	2.93903e+01	2.43755e+01	-8.72402e+01	-6.18745e-02	1.16418e+01	9.19970e+00	-6.11000e+00	8.00000e-01	
monocrop	Wed Nov 05 16:59:48 CET 2025	12/3/2000	12	3	2000	72	2000	-8.20000e-02	2.17600e+01	3.00000e+01	9.70000e+01	0.00000e+00	0.00000e+00	0.00000e+00	0.00000e+00	0.00000e+00	0.00000e+00	0.00000e+00	0.00000e+00	1.94034e+00	3.91742e+01	1.77100e+01	1.04257e+01	2.87485e+01	2.46535e+01	-8.28550e+01	-5.50100e-02	1.16944e+01	8.23886e+00	-6.11000e+00	1.00000e+00	
monocrop	Wed Nov 05 16:59:48 CET 2025	13/3/2000	13	3	2000	73	2000	5.86000e-01	1.98900e+01	4.30000e+01	9.80000e+01	0.00000e+00	0.00000e+00	0.00000e+00	0.00000e+00	0.00000e+00	0.00000e+00	0.00000e+00	0.00000e+00	1.75403e+00	3.48387e+01	1.57500e+01	1.31953e+01	2.16434e+01	2.49317e+01	-7.07899e+01	-4.81351e-02	1.17470e+01	8.78762e+00	-6.12000e+00	1.00000e+00	
monocrop	Wed Nov 05 16:59:48 CET 2025	14/3/2000	14	3	2000	74	2000	8.31000e-01	2.34000e+01	2.60000e+01	9.80000e+01	0.00000e+00	0.00000e+00	0.00000e+00	0.00000e+00	0.00000e+00	0.00000e+00	0.00000e+00	0.00000e+00	2.15389e+00	3.82009e+01	1.72700e+01	1.18208e+01	2.63802e+01	2.52099e+01	-8.01042e+01	-4.12516e-02	1.17997e+01	8.75373e+00	-6.13000e+00	1.20000e+00	
monocrop	Wed Nov 05 16:59:48 CET 2025	15/3/2000	15	3	2000	75	2000	4.63400e+00	1.81900e+01	2.60000e+01	7.80000e+01	0.00000e+00	0.00000e+00	0.00000e+00	0.00000e+00	0.00000e+00	0.00000e+00	0.00000e+00	0.00000e+00	2.38271e+00	3.93954e+01	1.78100e+01	1.14883e+01	2.79071e+01	2.54881e+01	-7.93946e+01	-3.43614e-02	1.18524e+01	7.00842e+00	-6.14000e+00	1.50000e+00	
monocrop	Wed Nov 05 16:59:48 CET 2025	16/3/2000	16	3	2000	76	2000	-8.27000e-01	2.01600e+01	2.60000e+01	6.70000e+01	0.00000e+00	0.00000e+00	0.00000e+00	0.00000e+00	0.00000e+00	0.00000e+00	0.00000e+00	0.00000e+00	2.19612e+00	4.03687e+01	1.82500e+01	1.12717e+01	2.90969e+01	2.57662e+01	-8.00294e+01	-2.74663e-02	1.19051e+01	5.57829e+00	-6.14000e+00	1.10000e+00	
monocrop	Wed Nov 05 16:59:48 CET 2025	17/3/2000	17	3	2000	77	2000	4.34000e-01	2.08700e+01	2.80000e+01	8.00000e+01	0.00000e+00	0.00000e+00	0.00000e+00	0.00000e+00	0.00000e+00	0.00000e+00	0.00000e+00	0.00000e+00	2.20355e+00	4.12535e+01	1.86500e+01	1.11004e+01	3.01530e+01	2.60441e+01	-8.19958e+01	-2.05680e-02	1.19578e+01	6.91956e+00	-6.15000e+00	1.00000e+00	
monocrop	Wed Nov 05 16:59:48 CET 2025	18/3/2000	18	3	2000	78	2000	3.41000e-01	1.92400e+01	3.10000e+01	9.30000e+01	0.00000e+00	0.00000e+00	0.00000e+00	0.00000e+00	0.00000e+00	0.00000e+00	0.00000e+00	0.00000e+00	2.08690e+00	4.01696e+01	1.81600e+01	1.21753e+01	2.79943e+01	2.63217e+01	-7.74620e+01	-1.36683e-02	1.20105e+01	7.49990e+00	-6.15000e+00	1.10000e+00	
monocrop	Wed Nov 05 16:59:48 CET 2025	19/3/2000	19	3	2000	79	2000	2.94000e-01	1.24000e+01	4.50000e+01	8.00000e+01	4.00000e-01	4.00000e-01	0.00000e+00	0.00000e+00	0.00000e+00	0.00000e+00	0.00000e+00	4.00000e-01	1.16644e+00	1.04848e+01	4.74000e+00	1.01528e+01	3.31983e-01	2.65989e+01	-1.31477e+01	-6.76899e-03	1.20632e+01	5.98137e+00	-6.16000e+00	6.00000e-01	
monocrop	Wed Nov 05 16:59:48 CET 2025	20/3/2000	20	3	2000	80	2000	1.90000e-01	1.17000e+01	6.50000e+01	9.80000e+01	1.20000e+00	1.20000e+00	0.00000e+00	0.00000e+00	0.00000e+00	0.00000e+00	0.00000e+00	1.20000e+00	8.00529e-01	7.67558e+00	3.47000e+00	7.59882e+00	7.67555e-02	2.68757e+01	-7.41160e+00	1.28135e-04	1.21159e+01	7.58607e+00	-6.17000e+00	6.00000e-01	
monocrop	Wed Nov 05 16:59:48 CET 2025	21/3/2000	21	3	2000	81	2000	-1.04000e+00	1.52500e+01	2.70000e+01	9.90000e+01	2.00000e-01	2.00000e-01	0.00000e+00	0.00000e+00	0.00000e+00	0.00000e+00	0.00000e+00	2.00000e-01	2.02756e+00	4.30009e+01	1.94400e+01	1.15775e+01	3.14234e+01	2.71519e+01	-7.72204e+01	7.02133e-03	1.21686e+01	6.35182e+00	-6.17000e+00	1.20000e+00	
monocrop	Wed Nov 05 16:59:48 CET 2025	22/3/2000	22	3	2000	82	2000	1.48800e+00	1.52600e+01	5.00000e+01	9.70000e+01	0.00000e+00	0.00000e+00	0.00000e+00	0.00000e+00	0.00000e+00	0.00000e+00	0.00000e+00	0.00000e+00	1.95108e+00	4.03465e+01	1.82400e+01	1.35349e+01	2.68116e+01	2.74275e+01	-7.20146e+01	1.39089e-02	1.22213e+01	8.08047e+00	-6.18000e+00	1.20000e+00	
monocrop	Wed Nov 05 16:59:48 CET 2025	23/3/2000	23	3	2000	83	2000	8.26000e+00	1.54400e+01	4.70000e+01	9.70000e+01	1.20000e+00	1.20000e+00	0.00000e+00	0.00000e+00	0.00000e+00	0.00000e+00	0.00000e+00	1.20000e+00	1.78953e+00	1.65014e+01	7.46000e+00	1.40249e+01	2.47649e+00	2.77024e+01	-2.51542e+01	2.07889e-02	1.22739e+01	9.98917e+00	-6.18000e+00	2.20000e+00	
monocrop	Wed Nov 05 16:59:48 CET 2025	24/3/2000	24	3	2000	84	2000	4.36800e+00	1.82500e+01	5.80000e+01	9.80000e+01	4.00000e-01	4.00000e-01	0.00000e+00	0.00000e+00	0.00000e+00	0.00000e+00	0.00000e+00	4.00000e-01	2.10672e+00	3.84664e+01	1.73900e+01	1.50760e+01	2.33903e+01	2.79765e+01	-6.95533e+01	2.76599e-02	1.23265e+01	1.04411e+01	-6.19000e+00	1.20000e+00	
monocrop	Wed Nov 05 16:59:48 CET 2025	25/3/2000	25	3	2000	85	2000	2.62000e+00	1.68900e+01	6.20000e+01	9.90000e+01	0.00000e+00	0.00000e+00	0.00000e+00	0.00000e+00	0.00000e+00	0.00000e+00	0.00000e+00	0.00000e+00	1.43093e+00	2.32479e+01	1.05100e+01	1.66536e+01	6.59432e+00	2.82496e+01	-3.74777e+01	3.45199e-02	1.23790e+01	9.71459e+00	-6.19000e+00	7.00000e-01	
monocrop	Wed Nov 05 16:59:48 CET 2025	26/3/2000	26	3	2000	86	2000	7.30000e+00	1.50300e+01	4.00000e+01	7.70000e+01	0.00000e+00	0.00000e+00	0.00000e+00	0.00000e+00	0.00000e+00	0.00000e+00	0.00000e+00	0.00000e+00	2.83652e+00	3.18968e+01	1.44200e+01	1.73120e+01	1.45848e+01	2.85219e+01	-5.41351e+01	4.13673e-02	1.24315e+01	7.75638e+00	-6.20000e+00	3.00000e+00	
monocrop	Wed Nov 05 16:59:48 CET 2025	27/3/2000	27	3	2000	87	2000	4.19700e+00	1.48400e+01	4.20000e+01	8.00000e+01	4.00000e-01	4.00000e-01	0.00000e+00	0.00000e+00	0.00000e+00	0.00000e+00	0.00000e+00	4.00000e-01	2.40530e+00	3.12995e+01	1.41500e+01	1.75631e+01	1.37364e+01	2.87930e+01	-5.15528e+01	4.82004e-02	1.24839e+01	7.24533e+00	-6.20000e+00	2.30000e+00	
monocrop	Wed Nov 05 16:59:48 CET 2025	28/3/2000	28	3	2000	88	2000	-1.43900e+00	1.54100e+01	2.80000e+01	9.70000e+01	0.00000e+00	0.00000e+00	0.00000e+00	0.00000e+00	0.00000e+00	0.00000e+00	0.00000e+00	0.00000e+00	1.98159e+00	3.59005e+01	1.62300e+01	1.70178e+01	1.88827e+01	2.90631e+01	-5.84171e+01	5.50175e-02	1.25363e+01	6.24997e+00	-6.21000e+00	1.10000e+00	
monocrop	Wed Nov 05 16:59:48 CET 2025	29/3/2000	29	3	2000	89	2000	-6.09000e-01	1.41200e+01	3.70000e+01	9.60000e+01	0.00000e+00	0.00000e+00	0.00000e+00	0.00000e+00	0.00000e+00	0.00000e+00	0.00000e+00	0.00000e+00	2.52861e+00	4.63189e+01	2.09400e+01	1.25956e+01	3.37233e+01	2.93319e+01	-7.62272e+01	6.18167e-02	1.25886e+01	6.54574e+00	-6.21000e+00	2.60000e+00	
monocrop	Wed Nov 05 16:59:48 CET 2025	30/3/2000	30	3	2000	90	2000	-2.33400e+00	1.61800e+01	3.20000e+01	9.80000e+01	0.00000e+00	0.00000e+00	0.00000e+00	0.00000e+00	0.00000e+00	0.00000e+00	0.00000e+00	0.00000e+00	2.26807e+00	4.74028e+01	2.14300e+01	1.22679e+01	3.51348e+01	2.95995e+01	-7.82401e+01	6.85966e-02	1.26408e+01	6.47214e+00	-6.22000e+00	1.10000e+00	
monocrop	Wed Nov 05 16:59:48 CET 2025	31/3/2000	31	3	2000	91	2000	4.85300e+00	1.23000e+01	6.70000e+01	9.50000e+01	2.20000e+00	2.20000e+00	0.00000e+00	0.00000e+00	0.00000e+00	0.00000e+00	0.00000e+00	2.20000e+00	1.24226e+00	1.56608e+01	7.08000e+00	1.39667e+01	1.69418e+00	2.98657e+01	-2.03294e+01	7.53552e-02	1.26930e+01	9.02813e+00	-6.22000e+00	1.10000e+00	
monocrop	Wed Nov 05 16:59:48 CET 2025	1/4/2000	1	4	2000	92	2000	2.07200e+00	1.83900e+01	2.80000e+01	9.70000e+01	0.00000e+00	0.00000e+00	0.00000e+00	0.00000e+00	0.00000e+00	0.00000e+00	0.00000e+00	0.00000e+00	2.67486e+00	4.48811e+01	2.02900e+01	1.45673e+01	3.03138e+01	3.01305e+01	-7.52417e+01	8.20910e-02	1.27451e+01	7.78679e+00	-6.23000e+00	1.50000e+00	
monocrop	Wed Nov 05 16:59:48 CET 2025	2/4/2000	2	4	2000	93	2000	5.47100e+00	1.56600e+01	5.80000e+01	9.50000e+01	2.00000e-01	2.00000e-01	0.00000e+00	0.00000e+00	0.00000e+00	0.00000e+00	0.00000e+00	2.00000e-01	1.89845e+00	2.49733e+01	1.12900e+01	1.79085e+01	7.06480e+00	3.03938e+01	-3.74511e+01	8.88023e-02	1.27970e+01	9.74634e+00	-6.23000e+00	1.90000e+00	
monocrop	Wed Nov 05 16:59:48 CET 2025	3/4/2000	3	4	2000	94	2000	9.34000e+00	1.57500e+01	7.20000e+01	9.70000e+01	8.80000e+00	8.80000e+00	0.00000e+00	0.00000e+00	0.00000e+00	0.00000e+00	0.00000e+00	8.80000e+00	2.19653e+00	3.11668e+01	1.40900e+01	1.87777e+01	1.23891e+01	3.06555e+01	-4.92030e+01	9.54873e-02	1.28489e+01	1.22723e+01	-6.24000e+00	2.80000e+00	
monocrop	Wed Nov 05 16:59:48 CET 2025	4/4/2000	4	4	2000	95	2000	1.04500e+01	1.80800e+01	4.40000e+01	9.10000e+01	0.00000e+00	0.00000e+00	0.00000e+00	0.00000e+00	0.00000e+00	0.00000e+00	0.00000e+00	0.00000e+00	3.27938e+00	4.39742e+01	1.98800e+01	1.60087e+01	2.79655e+01	3.09156e+01	-7.41361e+01	1.02144e-01	1.29007e+01	1.09671e+01	-6.24000e+00	2.40000e+00	
monocrop	Wed Nov 05 16:59:48 CET 2025	5/4/2000	5	4	2000	96	2000	5.68900e+00	1.56100e+01	3.50000e+01	7.20000e+01	0.00000e+00	0.00000e+00	0.00000e+00	0.00000e+00	0.00000e+00	0.00000e+00	0.00000e+00	0.00000e+00	3.36517e+00	4.11429e+01	1.86000e+01	1.74591e+01	2.36838e+01	3.11740e+01	-6.51654e+01	1.08772e-01	1.29524e+01	6.85435e+00	-6.25000e+00	3.00000e+00	
monocrop	Wed Nov 05 16:59:48 CET 2025	6/4/2000	6	4	2000	97	2000	2.30800e+00	1.64000e+01	3.70000e+01	8.50000e+01	0.00000e+00	0.00000e+00	0.00000e+00	0.00000e+00	0.00000e+00	0.00000e+00	0.00000e+00	0.00000e+00	2.47540e+00	3.51041e+01	1.58700e+01	1.90826e+01	1.60215e+01	3.14306e+01	-5.33939e+01	1.15368e-01	1.30039e+01	7.16556e+00	-6.25000e+00	1.70000e+00	
monocrop	Wed Nov 05 16:59:48 CET 2025	7/4/2000	7	4	2000	98	2000	-1.28700e+00	1.92500e+01	3.50000e+01	9.70000e+01	0.00000e+00	0.00000e+00	0.00000e+00	0.00000e+00	0.00000e+00	0.00000e+00	0.00000e+00	0.00000e+00	2.72194e+00	5.14286e+01	2.32500e+01	1.26559e+01	3.87726e+01	3.16853e+01	-8.19531e+01	1.21932e-01	1.30553e+01	7.56057e+00	-6.26000e+00	1.10000e+00	
monocrop	Wed Nov 05 16:59:48 CET 2025	8/4/2000	8	4	2000	99	2000	3.73500e+00	1.72800e+01	3.70000e+01	9.80000e+01	8.00000e-01	8.00000e-01	0.00000e+00	0.00000e+00	0.00000e+00	0.00000e+00	0.00000e+00	8.00000e-01	2.51019e+00	3.91963e+01	1.77200e+01	1.87645e+01	2.04319e+01	3.19381e+01	-6.03351e+01	1.28461e-01	1.31066e+01	8.56650e+00	-6.26000e+00	1.30000e+00	
monocrop	Wed Nov 05 16:59:48 CET 2025	9/4/2000	9	4	2000	100	2000	8.13000e+00	9.78000e+00	7.50000e+01	9.60000e+01	1.02000e+01	1.02000e+01	0.00000e+00	0.00000e+00	0.00000e+00	0.00000e+00	0.00000e+00	1.02000e+01	8.84289e-01	8.11797e+00	3.67000e+00	8.03679e+00	8.11796e-02	3.21890e+01	-5.70743e+00	1.34953e-01	1.31577e+01	9.77687e+00	-6.26000e+00	5.00000e-01	
monocrop	Wed Nov 05 16:59:48 CET 2025	10/4/2000	10	4	2000	101	2000	8.28000e+00	1.35000e+01	7.30000e+01	9.80000e+01	2.20000e+00	2.20000e+00	0.00000e+00	0.00000e+00	0.00000e+00	0.00000e+00	0.00000e+00	2.20000e+00	1.06544e+00	1.15908e+01	5.24000e+00	1.14749e+01	1.15932e-01	3.24378e+01	-1.15800e+01	1.41408e-01	1.32087e+01	1.11310e+01	-6.27000e+00	4.00000e-01	
monocrop	Wed Nov 05 16:59:48 CET 2025	11/4/2000	11	4	2000	102	2000	8.98000e+00	1.85400e+01	4.30000e+01	9.70000e+01	8.00000e-01	8.00000e-01	0.00000e+00	0.00000e+00	0.00000e+00	0.00000e+00	0.00000e+00	8.00000e-01	2.62872e+00	3.36000e+01	1.51900e+01	2.00199e+01	1.35801e+01	3.26845e+01	-5.09560e+01	1.47823e-01	1.32595e+01	1.10065e+01	-6.27000e+00	1.50000e+00	
monocrop	Wed Nov 05 16:59:48 CET 2025	12/4/2000	12	4	2000	103	2000	4.83300e+00	1.72800e+01	3.70000e+01	9.70000e+01	0.00000e+00	0.00000e+00	0.00000e+00	0.00000e+00	0.00000e+00	0.00000e+00	0.00000e+00	0.00000e+00	2.51099e+00	3.53475e+01	1.59800e+01	2.01172e+01	1.52302e+01	3.29290e+01	-5.19752e+01	1.54197e-01	1.33102e+01	8.81960e+00	-6.28000e+00	1.40000e+00	
monocrop	Wed Nov 05 16:59:48 CET 2025	13/4/2000	13	4	2000	104	2000	4.47300e+00	1.92200e+01	3.90000e+01	9.70000e+01	0.00000e+00	0.00000e+00	0.00000e+00	0.00000e+00	0.00000e+00	0.00000e+00	0.00000e+00	0.00000e+00	2.89207e+00	4.71816e+01	2.13300e+01	1.71773e+01	3.00043e+01	3.31713e+01	-7.27028e+01	1.60529e-01	1.33606e+01	9.43204e+00	-6.28000e+00	9.00000e-01	
monocrop	Wed Nov 05 16:59:48 CET 2025	14/4/2000	14	4	2000	105	2000	1.12300e+01	1.57400e+01	7.60000e+01	9.30000e+01	2.00000e-01	2.00000e-01	0.00000e+00	0.00000e+00	0.00000e+00	0.00000e+00	0.00000e+00	2.00000e-01	2.02216e+00	2.24737e+01	1.01600e+01	1.80843e+01	4.38945e+00	3.34114e+01	-2.99113e+01	1.66815e-01	1.34109e+01	1.30507e+01	-6.28000e+00	3.00000e+00	
monocrop	Wed Nov 05 16:59:48 CET 2025	15/4/2000	15	4	2000	106	2000	7.85000e+00	1.91700e+01	2.90000e+01	9.00000e+01	8.00000e-01	8.00000e-01	0.00000e+00	0.00000e+00	0.00000e+00	0.00000e+00	0.00000e+00	8.00000e-01	3.73872e+00	5.51668e+01	2.49400e+01	1.30451e+01	4.21218e+01	3.36490e+01	-8.64656e+01	1.73056e-01	1.34610e+01	9.20451e+00	-6.29000e+00	1.60000e+00	
monocrop	Wed Nov 05 16:59:48 CET 2025	16/4/2000	16	4	2000	107	2000	9.49000e+00	1.46900e+01	6.90000e+01	9.70000e+01	2.98000e+01	2.98000e+01	0.00000e+00	0.00000e+00	0.00000e+00	0.00000e+00	0.00000e+00	2.98000e+01	1.43087e+00	1.02636e+01	4.64000e+00	1.01610e+01	1.02636e-01	3.38843e+01	-8.65576e+00	1.79249e-01	1.35109e+01	1.16990e+01	-6.29000e+00	2.70000e+00	
monocrop	Wed Nov 05 16:59:48 CET 2025	17/4/2000	17	4	2000	108	2000	4.71900e+00	1.86300e+01	2.90000e+01	9.80000e+01	4.00000e-01	4.00000e-01	0.00000e+00	0.00000e+00	0.00000e+00	0.00000e+00	0.00000e+00	4.00000e-01	3.17375e+00	4.50581e+01	2.03700e+01	1.90966e+01	2.59615e+01	3.41171e+01	-6.65864e+01	1.85393e-01	1.35605e+01	8.70834e+00	-5.79000e+00	1.80000e+00	
monocrop	Wed Nov 05 16:59:48 CET 2025	18/4/2000	18	4	2000	109	2000	1.35700e+00	1.89400e+01	3.50000e+01	9.80000e+01	0.00000e+00	0.00000e+00	0.00000e+00	0.00000e+00	0.00000e+00	0.00000e+00	0.00000e+00	0.00000e+00	3.24163e+00	5.30876e+01	2.40000e+01	1.54822e+01	3.76053e+01	3.43475e+01	-7.82733e+01	1.91486e-01	1.36100e+01	8.23955e+00	-5.81000e+00	1.70000e+00	
monocrop	Wed Nov 05 16:59:48 CET 2025	19/4/2000	19	4	2000	110	2000	5.74600e+00	2.19600e+01	2.50000e+01	8.70000e+01	0.00000e+00	0.00000e+00	0.00000e+00	0.00000e+00	0.00000e+00	0.00000e+00	0.00000e+00	0.00000e+00	4.33873e+00	5.75115e+01	2.60000e+01	1.27918e+01	4.47197e+01	3.45752e+01	-8.90876e+01	1.97526e-01	1.36592e+01	8.85861e+00	-5.82000e+00	2.50000e+00	
monocrop	Wed Nov 05 16:59:48 CET 2025	20/4/2000	20	4	2000	111	2000	1.95000e+00	2.29900e+01	2.70000e+01	9.70000e+01	0.00000e+00	0.00000e+00	0.00000e+00	0.00000e+00	0.00000e+00	0.00000e+00	0.00000e+00	0.00000e+00	3.33805e+00	5.16055e+01	2.33300e+01	1.69517e+01	3.46538e+01	3.48004e+01	-7.76908e+01	2.03512e-01	1.37081e+01	8.96029e+00	-5.84000e+00	1.00000e+00	
monocrop	Wed Nov 05 16:59:48 CET 2025	21/4/2000	21	4	2000	112	2000	4.77800e+00	2.33600e+01	3.00000e+01	9.80000e+01	0.00000e+00	0.00000e+00	0.00000e+00	0.00000e+00	0.00000e+00	0.00000e+00	0.00000e+00	0.00000e+00	3.41958e+00	5.09641e+01	2.30400e+01	1.75717e+01	3.33924e+01	3.50228e+01	-7.73697e+01	2.09442e-01	1.37568e+01	1.02671e+01	-5.85000e+00	8.00000e-01	
monocrop	Wed Nov 05 16:59:48 CET 2025	22/4/2000	22	4	2000	113	2000	1.19700e+01	1.59300e+01	8.40000e+01	9.70000e+01	4.00000e-01	4.00000e-01	0.00000e+00	0.00000e+00	0.00000e+00	0.00000e+00	0.00000e+00	4.00000e-01	1.32754e+00	1.37585e+01	6.22000e+00	1.33535e+01	4.05030e-01	3.52426e+01	-1.38053e+01	2.15315e-01	1.38052e+01	1.44067e+01	-5.86000e+00	1.70000e+00	
monocrop	Wed Nov 05 16:59:48 CET 2025	23/4/2000	23	4	2000	114	2000	1.01700e+01	1.45800e+01	5.80000e+01	9.70000e+01	1.56000e+01	1.56000e+01	0.00000e+00	0.00000e+00	0.00000e+00	0.00000e+00	0.00000e+00	1.56000e+01	1.69629e+00	1.38691e+01	6.27000e+00	1.34549e+01	4.14237e-01	3.54595e+01	-1.36322e+01	2.21129e-01	1.38533e+01	1.11307e+01	-5.88000e+00	2.00000e+00	
monocrop	Wed Nov 05 16:59:48 CET 2025	24/4/2000	24	4	2000	115	2000	6.63300e+00	1.95900e+01	2.60000e+01	9.70000e+01	0.00000e+00	0.00000e+00	0.00000e+00	0.00000e+00	0.00000e+00	0.00000e+00	0.00000e+00	0.00000e+00	4.00064e+00	5.88166e+01	2.65900e+01	1.35880e+01	4.52286e+01	3.56737e+01	-8.67117e+01	2.26882e-01	1.39012e+01	9.26965e+00	-5.89000e+00	1.70000e+00	
monocrop	Wed Nov 05 16:59:48 CET 2025	25/4/2000	25	4	2000	116	2000	5.60200e+00	2.06300e+01	4.00000e+01	9.80000e+01	0.00000e+00	0.00000e+00	0.00000e+00	0.00000e+00	0.00000e+00	0.00000e+00	0.00000e+00	0.00000e+00	3.51236e+00	5.23797e+01	2.36800e+01	1.79216e+01	3.44581e+01	3.58850e+01	-7.60601e+01	2.32574e-01	1.39487e+01	1.04032e+01	-5.90000e+00	1.30000e+00	
monocrop	Wed Nov 05 16:59:48 CET 2025	26/4/2000	26	4	2000	117	2000	6.95800e+00	1.92200e+01	4.10000e+01	9.80000e+01	0.00000e+00	0.00000e+00	0.00000e+00	0.00000e+00	0.00000e+00	0.00000e+00	0.00000e+00	0.00000e+00	3.52878e+00	5.03668e+01	2.27700e+01	1.91332e+01	3.12336e+01	3.60934e+01	-7.19143e+01	2.38201e-01	1.39959e+01	1.04601e+01	-5.92000e+00	1.70000e+00	
monocrop	Wed Nov 05 16:59:48 CET 2025	27/4/2000	27	4	2000	118	2000	6.21300e+00	1.67700e+01	5.90000e+01	9.80000e+01	3.60000e+00	3.60000e+00	0.00000e+00	0.00000e+00	0.00000e+00	0.00000e+00	0.00000e+00	3.60000e+00	1.20413e+00	5.61843e+00	2.54000e+00	5.56225e+00	5.61843e-02	3.62988e+01	-3.30883e-01	2.43763e-01	1.40427e+01	1.06359e+01	-5.93000e+00	1.60000e+00	
monocrop	Wed Nov 05 16:59:48 CET 2025	28/4/2000	28	4	2000	119	2000	5.11800e+00	1.68900e+01	5.10000e+01	9.80000e+01	6.00000e-01	6.00000e-01	0.00000e+00	0.00000e+00	0.00000e+00	0.00000e+00	0.00000e+00	6.00000e-01	1.90811e+00	2.32037e+01	1.04900e+01	1.91754e+01	4.02825e+00	3.65012e+01	-2.72695e+01	2.49258e-01	1.40892e+01	9.77272e+00	-5.94000e+00	9.00000e-01	
monocrop	Wed Nov 05 16:59:48 CET 2025	29/4/2000	29	4	2000	120	2000	3.96100e+00	1.89100e+01	4.00000e+01	9.80000e+01	2.00000e-01	2.00000e-01	0.00000e+00	0.00000e+00	0.00000e+00	0.00000e+00	0.00000e+00	2.00000e-01	3.60015e+00	5.95687e+01	2.69300e+01	1.46594e+01	4.49093e+01	3.67006e+01	-8.35322e+01	2.54685e-01	1.41353e+01	9.31413e+00	-5.95000e+00	1.00000e+00	
monocrop	Wed Nov 05 16:59:48 CET 2025	30/4/2000	30	4	2000	121	2000	4.48200e+00	2.05600e+01	3.90000e+01	9.80000e+01	0.00000e+00	0.00000e+00	0.00000e+00	0.00000e+00	0.00000e+00	0.00000e+00	0.00000e+00	0.00000e+00	3.52467e+00	5.37954e+01	2.43200e+01	1.84586e+01	3.53368e+01	3.68969e+01	-7.54391e+01	2.60042e-01	1.41811e+01	9.93290e+00	-5.96000e+00	1.10000e+00	
monocrop	Wed Nov 05 16:59:48 CET 2025	1/5/2000	1	5	2000	122	2000	6.76600e+00	2.43300e+01	4.10000e+01	9.80000e+01	0.00000e+00	0.00000e+00	0.00000e+00	0.00000e+00	0.00000e+00	0.00000e+00	0.00000e+00	0.00000e+00	3.92205e+00	5.50341e+01	2.48800e+01	1.80490e+01	3.69851e+01	3.70900e+01	-8.03903e+01	2.65327e-01	1.42264e+01	1.22656e+01	-5.97000e+00	1.00000e+00	
monocrop	Wed Nov 05 16:59:48 CET 2025	2/5/2000	2	5	2000	123	2000	6.94000e+00	2.61100e+01	3.30000e+01	9.80000e+01	0.00000e+00	0.00000e+00	0.00000e+00	0.00000e+00	0.00000e+00	0.00000e+00	0.00000e+00	0.00000e+00	4.27292e+00	5.83963e+01	2.64000e+01	1.63159e+01	4.20804e+01	3.72800e+01	-8.67697e+01	2.70540e-01	1.42713e+01	1.23042e+01	-5.98000e+00	1.00000e+00	
monocrop	Wed Nov 05 16:59:48 CET 2025	3/5/2000	3	5	2000	124	2000	7.05000e+00	2.42900e+01	3.40000e+01	9.80000e+01	0.00000e+00	0.00000e+00	0.00000e+00	0.00000e+00	0.00000e+00	0.00000e+00	0.00000e+00	0.00000e+00	4.19666e+00	5.89935e+01	2.66700e+01	1.62008e+01	4.27928e+01	3.74668e+01	-8.59418e+01	2.75677e-01	1.43158e+01	1.17393e+01	-5.99000e+00	1.00000e+00	
monocrop	Wed Nov 05 16:59:48 CET 2025	4/5/2000	4	5	2000	125	2000	7.15000e+00	2.29300e+01	3.70000e+01	9.90000e+01	0.00000e+00	0.00000e+00	0.00000e+00	0.00000e+00	0.00000e+00	0.00000e+00	0.00000e+00	0.00000e+00	3.01722e+00	3.73825e+01	1.69000e+01	2.30452e+01	1.43373e+01	3.76503e+01	-5.01964e+01	2.80739e-01	1.43599e+01	1.16154e+01	-6.00000e+00	9.00000e-01	
monocrop	Wed Nov 05 16:59:48 CET 2025	5/5/2000	5	5	2000	126	2000	9.21000e+00	2.27800e+01	4.80000e+01	9.80000e+01	0.00000e+00	0.00000e+00	0.00000e+00	0.00000e+00	0.00000e+00	0.00000e+00	0.00000e+00	0.00000e+00	3.56099e+00	4.51023e+01	2.03900e+01	2.25205e+01	2.25818e+01	3.78305e+01	-6.26586e+01	2.85723e-01	1.44034e+01	1.32573e+01	-6.01000e+00	1.40000e+00	
monocrop	Wed Nov 05 16:59:48 CET 2025	6/5/2000	6	5	2000	127	2000	1.41200e+01	1.82000e+01	8.00000e+01	9.80000e+01	6.00000e-01	6.00000e-01	0.00000e+00	0.00000e+00	0.00000e+00	0.00000e+00	0.00000e+00	6.00000e-01	1.20013e+00	1.03742e+01	4.69000e+00	1.02705e+01	1.03742e-01	3.80073e+01	-7.14259e+00	2.90628e-01	1.44465e+01	1.63342e+01	-6.02000e+00	7.00000e-01	
monocrop	Wed Nov 05 16:59:48 CET 2025	7/5/2000	7	5	2000	128	2000	1.25200e+01	1.81900e+01	7.90000e+01	9.80000e+01	1.50000e+01	1.50000e+01	0.00000e+00	0.00000e+00	0.00000e+00	0.00000e+00	0.00000e+00	1.50000e+01	1.29750e+00	1.26525e+01	5.72000e+00	1.25260e+01	1.26525e-01	3.81808e+01	-1.05573e+01	2.95452e-01	1.44891e+01	1.54265e+01	-6.03000e+00	5.00000e-01	
monocrop	Wed Nov 05 16:59:48 CET 2025	8/5/2000	8	5	2000	129	2000	1.30600e+01	1.96300e+01	7.60000e+01	9.80000e+01	2.00000e-01	2.00000e-01	0.00000e+00	0.00000e+00	0.00000e+00	0.00000e+00	0.00000e+00	2.00000e-01	2.05543e+00	2.43760e+01	1.10200e+01	2.01456e+01	4.23047e+00	3.83509e+01	-2.88631e+01	3.00195e-01	1.45312e+01	1.61567e+01	-6.04000e+00	6.00000e-01	
monocrop	Wed Nov 05 16:59:48 CET 2025	9/5/2000	9	5	2000	130	2000	1.04700e+01	1.89200e+01	8.00000e+01	9.80000e+01	0.00000e+00	0.00000e+00	0.00000e+00	0.00000e+00	0.00000e+00	0.00000e+00	0.00000e+00	0.00000e+00	1.15287e+00	1.03521e+01	4.68000e+00	1.02486e+01	1.03520e-01	3.85176e+01	-6.85730e+00	3.04853e-01	1.45727e+01	1.48681e+01	-6.05000e+00	6.00000e-01	
monocrop	Wed Nov 05 16:59:48 CET 2025	10/5/2000	10	5	2000	131	2000	1.52200e+01	1.84800e+01	8.40000e+01	9.80000e+01	4.20000e+01	4.20000e+01	0.00000e+00	0.00000e+00	0.00000e+00	0.00000e+00	0.00000e+00	4.20000e+01	1.45973e+00	1.47318e+01	6.66000e+00	1.43807e+01	3.51094e-01	3.86807e+01	-1.36304e+01	3.09427e-01	1.46137e+01	1.74512e+01	-6.06000e+00	9.00000e-01	
monocrop	Wed Nov 05 16:59:48 CET 2025	11/5/2000	11	5	2000	132	2000	1.03800e+01	2.02600e+01	6.90000e+01	9.80000e+01	2.00000e-01	2.00000e-01	0.00000e+00	0.00000e+00	0.00000e+00	0.00000e+00	0.00000e+00	2.00000e-01	3.73779e+00	5.21806e+01	2.35900e+01	2.14168e+01	3.07639e+01	3.88404e+01	-7.06271e+01	3.13915e-01	1.46541e+01	1.45222e+01	-5.38000e+00	1.50000e+00	
monocrop	Wed Nov 05 16:59:48 CET 2025	12/5/2000	12	5	2000	133	2000	1.03600e+01	2.30000e+01	5.70000e+01	9.80000e+01	2.00000e-01	2.00000e-01	0.00000e+00	0.00000e+00	0.00000e+00	0.00000e+00	0.00000e+00	2.00000e-01	3.89235e+00	5.20037e+01	2.35100e+01	2.16472e+01	3.03565e+01	3.89965e+01	-7.16762e+01	3.18314e-01	1.46939e+01	1.47027e+01	-5.41000e+00	9.00000e-01	
monocrop	Wed Nov 05 16:59:48 CET 2025	13/5/2000	13	5	2000	134	2000	1.14800e+01	2.59300e+01	4.10000e+01	9.80000e+01	4.00000e-01	4.00000e-01	0.00000e+00	0.00000e+00	0.00000e+00	0.00000e+00	0.00000e+00	4.00000e-01	4.83836e+00	6.04535e+01	2.73300e+01	1.76806e+01	4.27728e+01	3.91490e+01	-8.70965e+01	3.22625e-01	1.47330e+01	1.49814e+01	-5.43000e+00	1.20000e+00	
monocrop	Wed Nov 05 16:59:48 CET 2025	14/5/2000	14	5	2000	135	2000	9.28000e+00	2.57500e+01	4.20000e+01	9.90000e+01	2.00000e-01	2.00000e-01	0.00000e+00	0.00000e+00	0.00000e+00	0.00000e+00	0.00000e+00	2.00000e-01	4.64192e+00	6.11171e+01	2.76300e+01	1.74783e+01	4.36387e+01	3.92979e+01	-8.66750e+01	3.26845e-01	1.47716e+01	1.41014e+01	-5.45000e+00	1.00000e+00	
monocrop	Wed Nov 05 16:59:48 CET 2025	15/5/2000	15	5	2000	136	2000	1.00600e+01	2.59100e+01	3.90000e+01	9.80000e+01	0.00000e+00	0.00000e+00	0.00000e+00	0.00000e+00	0.00000e+00	0.00000e+00	0.00000e+00	0.00000e+00	4.79320e+00	6.20682e+01	2.80600e+01	1.70796e+01	4.49886e+01	3.94431e+01	-8.82708e+01	3.30973e-01	1.48095e+01	1.41134e+01	-5.48000e+00	1.00000e+00	
monocrop	Wed Nov 05 16:59:48 CET 2025	16/5/2000	16	5	2000	137	2000	8.98000e+00	2.56200e+01	3.50000e+01	9.80000e+01	0.00000e+00	0.00000e+00	0.00000e+00	0.00000e+00	0.00000e+00	0.00000e+00	0.00000e+00	0.00000e+00	4.66258e+00	6.15816e+01	2.78400e+01	1.75943e+01	4.39873e+01	3.95847e+01	-8.64547e+01	3.35008e-01	1.48467e+01	1.31218e+01	-5.51000e+00	9.00000e-01	
monocrop	Wed Nov 05 16:59:48 CET 2025	17/5/2000	17	5	2000	138	2000	9.65000e+00	2.44600e+01	4.50000e+01	9.80000e+01	0.00000e+00	0.00000e+00	0.00000e+00	0.00000e+00	0.00000e+00	0.00000e+00	0.00000e+00	0.00000e+00	2.77497e+00	2.97512e+01	1.34500e+01	2.26056e+01	7.14557e+00	3.97226e+01	-3.64258e+01	3.38948e-01	1.48832e+01	1.38912e+01	-5.54000e+00	8.00000e-01	
monocrop	Wed Nov 05 16:59:48 CET 2025	18/5/2000	18	5	2000	139	2000	1.14900e+01	2.28600e+01	3.70000e+01	9.60000e+01	2.00000e-01	2.00000e-01	0.00000e+00	0.00000e+00	0.00000e+00	0.00000e+00	0.00000e+00	2.00000e-01	4.85628e+00	5.87724e+01	2.65700e+01	1.95929e+01	3.91794e+01	3.98567e+01	-8.05709e+01	3.42792e-01	1.49189e+01	1.30184e+01	-5.56000e+00	2.00000e+00	
monocrop	Wed Nov 05 16:59:48 CET 2025	19/5/2000	19	5	2000	140	2000	8.76000e+00	2.11100e+01	3.30000e+01	8.00000e+01	2.00000e-01	2.00000e-01	0.00000e+00	0.00000e+00	0.00000e+00	0.00000e+00	0.00000e+00	2.00000e-01	5.18059e+00	6.55189e+01	2.96200e+01	1.55305e+01	4.99884e+01	3.99870e+01	-8.79761e+01	3.46540e-01	1.49540e+01	9.58598e+00	-5.59000e+00	2.30000e+00	
monocrop	Wed Nov 05 16:59:48 CET 2025	20/5/2000	20	5	2000	141	2000	4.57600e+00	2.45800e+01	3.00000e+01	9.70000e+01	2.00000e-01	2.00000e-01	0.00000e+00	0.00000e+00	0.00000e+00	0.00000e+00	0.00000e+00	2.00000e-01	4.56725e+00	6.53419e+01	2.95400e+01	1.58564e+01	4.94855e+01	4.01136e+01	-8.81093e+01	3.50189e-01	1.49882e+01	1.05283e+01	-5.61000e+00	1.00000e+00	
monocrop	Wed Nov 05 16:59:48 CET 2025	21/5/2000	21	5	2000	142	2000	6.24400e+00	2.25200e+01	4.40000e+01	9.80000e+01	2.00000e-01	2.00000e-01	0.00000e+00	0.00000e+00	0.00000e+00	0.00000e+00	0.00000e+00	2.00000e-01	4.34787e+00	6.04313e+01	2.73200e+01	1.91758e+01	4.12556e+01	4.02363e+01	-7.97986e+01	3.53738e-01	1.50217e+01	1.16235e+01	-5.63000e+00	1.50000e+00	
monocrop	Wed Nov 05 16:59:48 CET 2025	22/5/2000	22	5	2000	143	2000	8.82000e+00	2.57500e+01	2.80000e+01	8.00000e+01	1.80000e+00	1.80000e+00	0.00000e+00	0.00000e+00	0.00000e+00	0.00000e+00	0.00000e+00	1.80000e+00	4.98841e+00	6.33290e+01	2.86300e+01	1.75874e+01	4.57416e+01	4.03552e+01	-8.72576e+01	3.57186e-01	1.50544e+01	1.06452e+01	-5.65000e+00	1.10000e+00	
monocrop	Wed Nov 05 16:59:48 CET 2025	23/5/2000	23	5	2000	144	2000	5.62300e+00	2.41200e+01	3.30000e+01	9.70000e+01	0.00000e+00	0.00000e+00	0.00000e+00	0.00000e+00	0.00000e+00	0.00000e+00	0.00000e+00	0.00000e+00	4.58302e+00	6.52535e+01	2.95000e+01	1.64693e+01	4.87842e+01	4.04702e+01	-8.72182e+01	3.60533e-01	1.50863e+01	1.09831e+01	-5.67000e+00	9.00000e-01	
monocrop	Wed Nov 05 16:59:48 CET 2025	24/5/2000	24	5	2000	145	2000	8.04000e+00	2.66600e+01	3.20000e+01	9.80000e+01	0.00000e+00	0.00000e+00	0.00000e+00	0.00000e+00	0.00000e+00	0.00000e+00	0.00000e+00	0.00000e+00	4.92464e+00	6.41917e+01	2.90200e+01	1.73549e+01	4.68369e+01	4.05813e+01	-8.83347e+01	3.63776e-01	1.51173e+01	1.28664e+01	-5.69000e+00	1.00000e+00	
monocrop	Wed Nov 05 16:59:48 CET 2025	25/5/2000	25	5	2000	146	2000	1.16800e+01	2.77500e+01	3.50000e+01	9.80000e+01	0.00000e+00	0.00000e+00	0.00000e+00	0.00000e+00	0.00000e+00	0.00000e+00	0.00000e+00	0.00000e+00	4.94543e+00	5.70470e+01	2.57900e+01	2.14501e+01	3.55969e+01	4.06884e+01	-7.93553e+01	3.66915e-01	1.51474e+01	1.52662e+01	-5.71000e+00	1.30000e+00	
monocrop	Wed Nov 05 16:59:48 CET 2025	26/5/2000	26	5	2000	147	2000	1.15900e+01	2.68200e+01	3.60000e+01	9.60000e+01	9.80000e+00	9.80000e+00	0.00000e+00	0.00000e+00	0.00000e+00	0.00000e+00	0.00000e+00	9.80000e+00	5.02483e+00	6.05198e+01	2.73600e+01	1.98540e+01	4.06659e+01	4.07917e+01	-8.38574e+01	3.69949e-01	1.51767e+01	1.46782e+01	-5.73000e+00	1.10000e+00	
monocrop	Wed Nov 05 16:59:48 CET 2025	27/5/2000	27	5	2000	148	2000	1.12200e+01	2.44100e+01	3.00000e+01	9.70000e+01	8.20000e+00	8.20000e+00	0.00000e+00	0.00000e+00	0.00000e+00	0.00000e+00	0.00000e+00	8.20000e+00	4.93316e+00	6.12719e+01	2.77000e+01	1.95680e+01	4.17039e+01	4.08909e+01	-8.29322e+01	3.72876e-01	1.52050e+01	1.29440e+01	-5.75000e+00	1.20000e+00	
monocrop	Wed Nov 05 16:59:48 CET 2025	28/5/2000	28	5	2000	149	2000	1.11200e+01	2.28600e+01	4.60000e+01	9.80000e+01	2.00000e-01	2.00000e-01	0.00000e+00	0.00000e+00	0.00000e+00	0.00000e+00	0.00000e+00	2.00000e-01	3.66893e+00	4.30894e+01	1.94800e+01	2.50837e+01	1.80057e+01	4.09861e+01	-5.45948e+01	3.75695e-01	1.52324e+01	1.39308e+01	-5.77000e+00	1.20000e+00	
monocrop	Wed Nov 05 16:59:48 CET 2025	29/5/2000	29	5	2000	150	2000	1.53300e+01	2.49500e+01	3.80000e+01	7.70000e+01	0.00000e+00	0.00000e+00	0.00000e+00	0.00000e+00	0.00000e+00	0.00000e+00	0.00000e+00	0.00000e+00	5.35659e+00	5.54323e+01	2.50600e+01	2.25560e+01	3.28763e+01	4.10774e+01	-7.56259e+01	3.78407e-01	1.52588e+01	1.35526e+01	-5.78000e+00	2.00000e+00	
monocrop	Wed Nov 05 16:59:48 CET 2025	30/5/2000	30	5	2000	151	2000	1.44300e+01	2.72300e+01	3.70000e+01	8.30000e+01	0.00000e+00	0.00000e+00	0.00000e+00	0.00000e+00	0.00000e+00	0.00000e+00	0.00000e+00	0.00000e+00	6.07727e+00	6.56295e+01	2.96700e+01	1.72608e+01	4.83687e+01	4.11645e+01	-9.24762e+01	3.81009e-01	1.52843e+01	1.47572e+01	-5.80000e+00	2.10000e+00	
monocrop	Wed Nov 05 16:59:48 CET 2025	31/5/2000	31	5	2000	152	2000	1.54900e+01	2.55700e+01	4.50000e+01	7.10000e+01	0.00000e+00	0.00000e+00	0.00000e+00	0.00000e+00	0.00000e+00	0.00000e+00	0.00000e+00	0.00000e+00	4.97835e+00	4.74249e+01	2.14400e+01	2.48638e+01	2.25611e+01	4.12477e+01	-6.33233e+01	3.83500e-01	1.53088e+01	1.40039e+01	-5.81000e+00	2.10000e+00	
monocrop	Wed Nov 05 16:59:48 CET 2025	1/6/2000	1	6	2000	153	2000	1.22700e+01	2.94900e+01	3.00000e+01	9.50000e+01	0.00000e+00	0.00000e+00	0.00000e+00	0.00000e+00	0.00000e+00	0.00000e+00	0.00000e+00	0.00000e+00	5.64689e+00	6.47447e+01	2.92700e+01	1.80808e+01	4.66639e+01	4.13267e+01	-9.13839e+01	3.85881e-01	1.53322e+01	1.54194e+01	-5.83000e+00	1.20000e+00	
monocrop	Wed Nov 05 16:59:48 CET 2025	2/6/2000	2	6	2000	154	2000	1.04600e+01	2.77000e+01	3.40000e+01	9.80000e+01	0.00000e+00	0.00000e+00	0.00000e+00	0.00000e+00	0.00000e+00	0.00000e+00	0.00000e+00	0.00000e+00	5.10710e+00	6.21567e+01	2.81000e+01	1.97452e+01	4.24115e+01	4.14016e+01	-8.50567e+01	3.88149e-01	1.53547e+01	1.45642e+01	-5.84000e+00	1.00000e+00	
monocrop	Wed Nov 05 16:59:48 CET 2025	3/6/2000	3	6	2000	155	2000	1.18700e+01	2.78300e+01	3.50000e+01	9.70000e+01	0.00000e+00	0.00000e+00	0.00000e+00	0.00000e+00	0.00000e+00	0.00000e+00	0.00000e+00	0.00000e+00	5.26190e+00	6.32627e+01	2.86000e+01	1.92003e+01	4.40623e+01	4.14725e+01	-8.73010e+01	3.90304e-01	1.53761e+01	1.52789e+01	-5.86000e+00	9.00000e-01	
monocrop	Wed Nov 05 16:59:48 CET 2025	4/6/2000	4	6	2000	156	2000	1.09200e+01	2.82100e+01	3.80000e+01	9.80000e+01	0.00000e+00	0.00000e+00	0.00000e+00	0.00000e+00	0.00000e+00	0.00000e+00	0.00000e+00	0.00000e+00	5.25251e+00	6.29751e+01	2.84700e+01	1.94599e+01	4.35152e+01	4.15392e+01	-8.65468e+01	3.92346e-01	1.53964e+01	1.54658e+01	-5.87000e+00	1.10000e+00	
monocrop	Wed Nov 05 16:59:48 CET 2025	5/6/2000	5	6	2000	157	2000	1.24600e+01	2.65900e+01	5.40000e+01	9.70000e+01	2.00000e-01	2.00000e-01	0.00000e+00	0.00000e+00	0.00000e+00	0.00000e+00	0.00000e+00	2.00000e-01	4.12755e+00	4.64959e+01	2.10200e+01	2.52543e+01	2.12415e+01	4.16017e+01	-6.08332e+01	3.94273e-01	1.54156e+01	1.71289e+01	-5.88000e+00	1.20000e+00	
monocrop	Wed Nov 05 16:59:48 CET 2025	6/6/2000	6	6	2000	158	2000	1.45700e+01	2.44900e+01	3.50000e+01	9.30000e+01	1.40000e+00	1.40000e+00	0.00000e+00	0.00000e+00	0.00000e+00	0.00000e+00	0.00000e+00	1.40000e+00	4.44387e+00	4.47484e+01	2.02300e+01	2.54495e+01	1.92989e+01	4.16601e+01	-5.77044e+01	3.96086e-01	1.54338e+01	1.45244e+01	-5.90000e+00	1.80000e+00	
monocrop	Wed Nov 05 16:59:48 CET 2025	7/6/2000	7	6	2000	159	2000	1.17500e+01	2.74600e+01	2.80000e+01	7.70000e+01	0.00000e+00	0.00000e+00	0.00000e+00	0.00000e+00	0.00000e+00	0.00000e+00	0.00000e+00	0.00000e+00	5.91974e+00	6.77751e+01	3.06400e+01	1.66134e+01	5.11617e+01	4.17144e+01	-9.32722e+01	3.97782e-01	1.54508e+01	1.19702e+01	-5.91000e+00	1.60000e+00	
monocrop	Wed Nov 05 16:59:48 CET 2025	8/6/2000	8	6	2000	160	2000	8.56000e+00	2.77400e+01	3.30000e+01	9.80000e+01	0.00000e+00	0.00000e+00	0.00000e+00	0.00000e+00	0.00000e+00	0.00000e+00	0.00000e+00	0.00000e+00	5.25233e+00	6.48332e+01	2.93100e+01	1.86505e+01	4.61827e+01	4.17644e+01	-8.74156e+01	3.99362e-01	1.54667e+01	1.36361e+01	-5.92000e+00	1.30000e+00	
monocrop	Wed Nov 05 16:59:48 CET 2025	9/6/2000	9	6	2000	161	2000	1.36400e+01	2.55500e+01	5.90000e+01	9.80000e+01	0.00000e+00	0.00000e+00	0.00000e+00	0.00000e+00	0.00000e+00	0.00000e+00	0.00000e+00	0.00000e+00	4.88356e+00	5.78654e+01	2.61600e+01	2.23715e+01	3.54940e+01	4.18103e+01	-7.74928e+01	4.00825e-01	1.54814e+01	1.78872e+01	-5.93000e+00	1.40000e+00	
monocrop	Wed Nov 05 16:59:48 CET 2025	10/6/2000	10	6	2000	162	2000	1.47100e+01	2.14000e+01	7.20000e+01	9.80000e+01	7.60000e+00	7.60000e+00	0.00000e+00	0.00000e+00	0.00000e+00	0.00000e+00	0.00000e+00	7.60000e+00	1.53281e+00	1.22101e+01	5.52000e+00	1.20880e+01	1.22102e-01	4.18519e+01	-8.38658e+00	4.02171e-01	1.54950e+01	1.75903e+01	-5.94000e+00	9.00000e-01	
monocrop	Wed Nov 05 16:59:48 CET 2025	11/6/2000	11	6	2000	163	2000	1.39700e+01	1.91400e+01	5.80000e+01	9.80000e+01	1.60000e+00	1.60000e+00	0.00000e+00	0.00000e+00	0.00000e+00	0.00000e+00	0.00000e+00	1.60000e+00	1.67475e+00	1.25198e+01	5.66000e+00	1.23946e+01	1.25198e-01	4.18894e+01	-8.71266e+00	4.03399e-01	1.55075e+01	1.46803e+01	-5.96000e+00	9.00000e-01	
monocrop	Wed Nov 05 16:59:48 CET 2025	12/6/2000	12	6	2000	164	2000	1.26700e+01	2.40100e+01	4.30000e+01	9.00000e+01	0.00000e+00	0.00000e+00	0.00000e+00	0.00000e+00	0.00000e+00	0.00000e+00	0.00000e+00	0.00000e+00	3.18038e+00	3.32903e+01	1.50500e+01	2.44120e+01	8.87830e+00	4.19226e+01	-3.95658e+01	4.04508e-01	1.55187e+01	1.40105e+01	-5.97000e+00	6.00000e-01	
monocrop	Wed Nov 05 16:59:48 CET 2025	13/6/2000	13	6	2000	165	2000	1.44100e+01	2.78600e+01	4.40000e+01	9.70000e+01	1.60000e+00	1.60000e+00	0.00000e+00	0.00000e+00	0.00000e+00	0.00000e+00	0.00000e+00	1.60000e+00	3.96848e+00	4.09880e+01	1.85300e+01	2.56499e+01	1.53381e+01	4.19516e+01	-5.29543e+01	4.05498e-01	1.55288e+01	1.76680e+01	-5.98000e+00	9.00000e-01	
monocrop	Wed Nov 05 16:59:48 CET 2025	14/6/2000	14	6	2000	166	2000	1.61500e+01	2.54900e+01	6.40000e+01	9.80000e+01	1.04000e+01	1.04000e+01	0.00000e+00	0.00000e+00	0.00000e+00	0.00000e+00	0.00000e+00	1.04000e+01	2.79966e+00	2.76276e+01	1.24900e+01	2.24665e+01	5.16119e+00	4.19764e+01	-3.20141e+01	4.06370e-01	1.55376e+01	1.99099e+01	-5.99000e+00	8.00000e-01	
monocrop	Wed Nov 05 16:59:48 CET 2025	15/6/2000	15	6	2000	167	2000	1.24800e+01	3.15300e+01	2.90000e+01	9.90000e+01	2.00000e-01	2.00000e-01	0.00000e+00	0.00000e+00	0.00000e+00	0.00000e+00	0.00000e+00	2.00000e-01	5.86569e+00	6.54083e+01	2.95700e+01	1.86199e+01	4.67884e+01	4.19970e+01	-9.23572e+01	4.07122e-01	1.55453e+01	1.69164e+01	-6.00000e+00	1.10000e+00	
monocrop	Wed Nov 05 16:59:48 CET 2025	16/6/2000	16	6	2000	168	2000	1.39200e+01	3.28600e+01	2.20000e+01	7.40000e+01	0.00000e+00	0.00000e+00	0.00000e+00	0.00000e+00	0.00000e+00	0.00000e+00	0.00000e+00	0.00000e+00	6.43702e+00	6.77972e+01	3.06500e+01	1.70584e+01	5.07388e+01	4.20133e+01	-9.78504e+01	4.07754e-01	1.55518e+01	1.37999e+01	-6.01000e+00	1.30000e+00	
monocrop	Wed Nov 05 16:59:48 CET 2025	17/6/2000	17	6	2000	169	2000	1.29400e+01	3.16600e+01	2.00000e+01	9.50000e+01	0.00000e+00	0.00000e+00	0.00000e+00	0.00000e+00	0.00000e+00	0.00000e+00	0.00000e+00	0.00000e+00	6.01372e+00	6.41032e+01	2.89800e+01	1.94580e+01	4.46452e+01	4.20254e+01	-9.05414e+01	4.08266e-01	1.55570e+01	1.54740e+01	-6.02000e+00	1.40000e+00	
monocrop	Wed Nov 05 16:59:48 CET 2025	18/6/2000	18	6	2000	170	2000	1.31800e+01	2.81900e+01	4.40000e+01	9.70000e+01	0.00000e+00	0.00000e+00	0.00000e+00	0.00000e+00	0.00000e+00	0.00000e+00	0.00000e+00	0.00000e+00	5.70079e+00	6.47447e+01	2.92700e+01	1.90828e+01	4.56619e+01	4.20332e+01	-8.90658e+01	4.08659e-01	1.55610e+01	1.71855e+01	-6.03000e+00	1.60000e+00	
monocrop	Wed Nov 05 16:59:48 CET 2025	19/6/2000	19	6	2000	171	2000	1.25100e+01	2.80900e+01	3.30000e+01	9.90000e+01	0.00000e+00	0.00000e+00	0.00000e+00	0.00000e+00	0.00000e+00	0.00000e+00	0.00000e+00	0.00000e+00	5.64192e+00	6.59834e+01	2.98300e+01	1.83104e+01	4.76731e+01	4.20368e+01	-9.05652e+01	4.08931e-01	1.55638e+01	1.57107e+01	-6.03000e+00	1.20000e+00	
monocrop	Wed Nov 05 16:59:48 CET 2025	20/6/2000	20	6	2000	172	2000	1.03700e+01	2.71400e+01	3.40000e+01	9.80000e+01	0.00000e+00	0.00000e+00	0.00000e+00	0.00000e+00	0.00000e+00	0.00000e+00	0.00000e+00	0.00000e+00	5.37852e+00	6.51871e+01	2.94700e+01	1.88142e+01	4.63728e+01	4.20362e+01	-8.76696e+01	4.09083e-01	1.55653e+01	1.42715e+01	-6.04000e+00	1.30000e+00	
monocrop	Wed Nov 05 16:59:48 CET 2025	21/6/2000	21	6	2000	173	2000	9.69000e+00	2.70500e+01	3.90000e+01	9.70000e+01	0.00000e+00	0.00000e+00	0.00000e+00	0.00000e+00	0.00000e+00	0.00000e+00	0.00000e+00	0.00000e+00	5.42009e+00	6.78194e+01	3.06600e+01	1.70707e+01	5.07486e+01	4.20314e+01	-9.12257e+01	4.09114e-01	1.55656e+01	1.43535e+01	-6.05000e+00	1.20000e+00	
monocrop	Wed Nov 05 16:59:48 CET 2025	22/6/2000	22	6	2000	174	2000	1.05300e+01	2.80800e+01	5.40000e+01	9.80000e+01	0.00000e+00	0.00000e+00	0.00000e+00	0.00000e+00	0.00000e+00	0.00000e+00	0.00000e+00	0.00000e+00	5.12819e+00	6.15152e+01	2.78100e+01	2.08950e+01	4.06202e+01	4.20223e+01	-8.29177e+01	4.09026e-01	1.55647e+01	1.70079e+01	-6.06000e+00	1.40000e+00	
monocrop	Wed Nov 05 16:59:48 CET 2025	23/6/2000	23	6	2000	175	2000	1.51900e+01	2.96500e+01	2.50000e+01	8.90000e+01	0.00000e+00	0.00000e+00	0.00000e+00	0.00000e+00	0.00000e+00	0.00000e+00	0.00000e+00	0.00000e+00	5.79521e+00	5.74230e+01	2.59600e+01	2.27768e+01	3.46462e+01	4.20090e+01	-7.96418e+01	4.08817e-01	1.55626e+01	1.54519e+01	-6.07000e+00	1.80000e+00	
monocrop	Wed Nov 05 16:59:48 CET 2025	24/6/2000	24	6	2000	176	2000	1.17700e+01	2.74200e+01	3.30000e+01	6.60000e+01	0.00000e+00	0.00000e+00	0.00000e+00	0.00000e+00	0.00000e+00	0.00000e+00	0.00000e+00	0.00000e+00	6.47035e+00	6.67134e+01	3.01600e+01	1.77650e+01	4.89484e+01	4.19916e+01	-9.09313e+01	4.08488e-01	1.55593e+01	1.12792e+01	-6.08000e+00	2.70000e+00	
monocrop	Wed Nov 05 16:59:48 CET 2025	25/6/2000	25	6	2000	177	2000	1.15700e+01	2.67900e+01	3.30000e+01	6.70000e+01	0.00000e+00	0.00000e+00	0.00000e+00	0.00000e+00	0.00000e+00	0.00000e+00	0.00000e+00	0.00000e+00	5.37260e+00	6.09180e+01	2.75400e+01	2.11361e+01	3.97819e+01	4.19699e+01	-8.17011e+01	4.08040e-01	1.55547e+01	1.11026e+01	-6.08000e+00	1.30000e+00	
monocrop	Wed Nov 05 16:59:48 CET 2025	26/6/2000	26	6	2000	178	2000	9.24000e+00	2.86800e+01	2.80000e+01	8.80000e+01	0.00000e+00	0.00000e+00	0.00000e+00	0.00000e+00	0.00000e+00	0.00000e+00	0.00000e+00	0.00000e+00	5.62248e+00	6.74212e+01	3.04800e+01	1.72134e+01	5.02078e+01	4.19440e+01	-9.18731e+01	4.07472e-01	1.55489e+01	1.27033e+01	-6.09000e+00	1.30000e+00	
monocrop	Wed Nov 05 16:59:48 CET 2025	27/6/2000	27	6	2000	179	2000	1.27900e+01	3.01700e+01	2.60000e+01	9.50000e+01	0.00000e+00	0.00000e+00	0.00000e+00	0.00000e+00	0.00000e+00	0.00000e+00	0.00000e+00	0.00000e+00	5.59023e+00	6.01438e+01	2.71900e+01	2.14519e+01	3.86919e+01	4.19140e+01	-8.34604e+01	4.06784e-01	1.55419e+01	1.54862e+01	-6.10000e+00	1.40000e+00	
monocrop	Wed Nov 05 16:59:48 CET 2025	28/6/2000	28	6	2000	180	2000	1.89600e+01	3.25000e+01	2.90000e+01	9.60000e+01	0.00000e+00	0.00000e+00	0.00000e+00	0.00000e+00	0.00000e+00	0.00000e+00	0.00000e+00	0.00000e+00	6.39188e+00	5.90157e+01	2.66800e+01	2.19432e+01	3.70725e+01	4.18797e+01	-8.60026e+01	4.05978e-01	1.55337e+01	2.06691e+01	-6.11000e+00	1.90000e+00	
monocrop	Wed Nov 05 16:59:48 CET 2025	29/6/2000	29	6	2000	181	2000	1.54000e+01	3.30000e+01	3.00000e+01	7.80000e+01	0.00000e+00	0.00000e+00	0.00000e+00	0.00000e+00	0.00000e+00	0.00000e+00	0.00000e+00	0.00000e+00	5.90733e+00	5.89935e+01	2.66700e+01	2.19085e+01	3.70851e+01	4.18414e+01	-8.48624e+01	4.05053e-01	1.55243e+01	1.63004e+01	-6.11000e+00	1.20000e+00	
monocrop	Wed Nov 05 16:59:48 CET 2025	30/6/2000	30	6	2000	182	2000	1.26700e+01	2.95600e+01	3.40000e+01	9.80000e+01	1.00000e+00	1.00000e+00	0.00000e+00	0.00000e+00	0.00000e+00	0.00000e+00	0.00000e+00	1.00000e+00	5.71865e+00	6.42138e+01	2.90300e+01	1.90798e+01	4.51341e+01	4.17989e+01	-8.95911e+01	4.04009e-01	1.55137e+01	1.65199e+01	-6.12000e+00	1.40000e+00	
monocrop	Wed Nov 05 16:59:48 CET 2025	1/7/2000	1	7	2000	183	2000	1.54500e+01	2.77500e+01	5.40000e+01	9.80000e+01	0.00000e+00	0.00000e+00	0.00000e+00	0.00000e+00	0.00000e+00	0.00000e+00	0.00000e+00	0.00000e+00	5.10252e+00	5.49899e+01	2.48600e+01	2.34234e+01	3.15665e+01	4.17523e+01	-7.52896e+01	4.02848e-01	1.55019e+01	1.95971e+01	-6.13000e+00	1.70000e+00	
monocrop	Wed Nov 05 16:59:48 CET 2025	2/7/2000	2	7	2000	184	2000	1.35600e+01	2.88700e+01	4.50000e+01	9.70000e+01	0.00000e+00	0.00000e+00	0.00000e+00	0.00000e+00	0.00000e+00	0.00000e+00	0.00000e+00	0.00000e+00	5.32779e+00	5.77770e+01	2.61200e+01	2.22867e+01	3.54902e+01	4.17015e+01	-7.97025e+01	4.01569e-01	1.54890e+01	1.78809e+01	-6.13000e+00	1.70000e+00	
monocrop	Wed Nov 05 16:59:48 CET 2025	3/7/2000	3	7	2000	185	2000	1.80400e+01	2.59800e+01	6.90000e+01	9.50000e+01	6.80000e+00	6.80000e+00	0.00000e+00	0.00000e+00	0.00000e+00	0.00000e+00	0.00000e+00	6.80000e+00	2.40601e+00	2.03724e+01	9.21000e+00	1.85900e+01	1.78237e+00	4.16467e+01	-2.14500e+01	4.00174e-01	1.54749e+01	2.16807e+01	-6.14000e+00	1.20000e+00	
monocrop	Wed Nov 05 16:59:48 CET 2025	4/7/2000	4	7	2000	186	2000	1.60000e+01	2.89800e+01	3.10000e+01	9.70000e+01	0.00000e+00	0.00000e+00	0.00000e+00	0.00000e+00	0.00000e+00	0.00000e+00	0.00000e+00	0.00000e+00	6.55745e+00	6.67797e+01	3.01900e+01	1.71147e+01	4.96650e+01	4.15878e+01	-9.52979e+01	3.98662e-01	1.54596e+01	1.74235e+01	-6.15000e+00	2.50000e+00	
monocrop	Wed Nov 05 16:59:48 CET 2025	5/7/2000	5	7	2000	187	2000	1.21600e+01	2.99600e+01	2.60000e+01	9.10000e+01	0.00000e+00	0.00000e+00	0.00000e+00	0.00000e+00	0.00000e+00	0.00000e+00	0.00000e+00	0.00000e+00	5.66543e+00	6.16922e+01	2.78900e+01	2.01648e+01	4.15274e+01	4.15249e+01	-8.63799e+01	3.97035e-01	1.54433e+01	1.45932e+01	-6.15000e+00	1.50000e+00	
monocrop	Wed Nov 05 16:59:48 CET 2025	6/7/2000	6	7	2000	188	2000	1.24200e+01	3.01400e+01	2.80000e+01	9.50000e+01	0.00000e+00	0.00000e+00	0.00000e+00	0.00000e+00	0.00000e+00	0.00000e+00	0.00000e+00	0.00000e+00	5.45714e+00	6.04313e+01	2.73200e+01	2.07475e+01	3.96838e+01	4.14579e+01	-8.47995e+01	3.95293e-01	1.54258e+01	1.55503e+01	-6.16000e+00	1.20000e+00	
monocrop	Wed Nov 05 16:59:48 CET 2025	7/7/2000	7	7	2000	189	2000	1.68600e+01	3.15000e+01	3.00000e+01	8.90000e+01	0.00000e+00	0.00000e+00	0.00000e+00	0.00000e+00	0.00000e+00	0.00000e+00	0.00000e+00	0.00000e+00	6.14683e+00	5.49899e+01	2.48600e+01	2.30477e+01	3.19422e+01	4.13870e+01	-7.89876e+01	3.93437e-01	1.54073e+01	1.79391e+01	-6.16000e+00	2.50000e+00	
monocrop	Wed Nov 05 16:59:48 CET 2025	8/7/2000	8	7	2000	190	2000	1.71000e+01	2.93600e+01	2.50000e+01	6.70000e+01	0.00000e+00	0.00000e+00	0.00000e+00	0.00000e+00	0.00000e+00	0.00000e+00	0.00000e+00	0.00000e+00	6.75571e+00	5.94359e+01	2.68700e+01	2.10676e+01	3.83683e+01	4.13120e+01	-8.50422e+01	3.91467e-01	1.53876e+01	1.30977e+01	-6.17000e+00	2.80000e+00	
monocrop	Wed Nov 05 16:59:48 CET 2025	9/7/2000	9	7	2000	191	2000	1.40100e+01	2.69700e+01	3.20000e+01	8.10000e+01	4.00000e+00	4.00000e+00	0.00000e+00	0.00000e+00	0.00000e+00	0.00000e+00	0.00000e+00	4.00000e+00	6.27121e+00	6.50101e+01	2.93900e+01	1.77731e+01	4.72370e+01	4.12331e+01	-9.09248e+01	3.89385e-01	1.53669e+01	1.36081e+01	-6.18000e+00	2.60000e+00	
monocrop	Wed Nov 05 16:59:48 CET 2025	10/7/2000	10	7	2000	192	2000	1.26900e+01	2.17400e+01	6.10000e+01	9.50000e+01	0.00000e+00	0.00000e+00	0.00000e+00	0.00000e+00	0.00000e+00	0.00000e+00	0.00000e+00	0.00000e+00	1.70834e+00	1.20774e+01	5.46000e+00	1.19566e+01	1.20774e-01	4.11503e+01	-8.46019e+00	3.87190e-01	1.53452e+01	1.53084e+01	-6.18000e+00	1.10000e+00	
monocrop	Wed Nov 05 16:59:48 CET 2025	11/7/2000	11	7	2000	193	2000	1.16600e+01	2.45700e+01	3.20000e+01	7.90000e+01	0.00000e+00	0.00000e+00	0.00000e+00	0.00000e+00	0.00000e+00	0.00000e+00	0.00000e+00	0.00000e+00	5.97441e+00	6.03429e+01	2.72800e+01	2.02970e+01	4.00458e+01	4.10635e+01	-8.14143e+01	3.84885e-01	1.53224e+01	1.15289e+01	-6.19000e+00	3.40000e+00	
monocrop	Wed Nov 05 16:59:48 CET 2025	12/7/2000	12	7	2000	194	2000	1.14900e+01	2.44200e+01	2.90000e+01	6.60000e+01	0.00000e+00	0.00000e+00	0.00000e+00	0.00000e+00	0.00000e+00	0.00000e+00	0.00000e+00	0.00000e+00	6.15361e+00	6.55853e+01	2.96500e+01	1.70033e+01	4.85819e+01	4.09729e+01	-8.93579e+01	3.82470e-01	1.52986e+01	9.76823e+00	-6.19000e+00	2.80000e+00	
monocrop	Wed Nov 05 16:59:48 CET 2025	13/7/2000	13	7	2000	195	2000	6.61300e+00	2.73000e+01	3.30000e+01	8.80000e+01	0.00000e+00	0.00000e+00	0.00000e+00	0.00000e+00	0.00000e+00	0.00000e+00	0.00000e+00	0.00000e+00	5.40619e+00	6.27539e+01	2.83700e+01	1.86873e+01	4.40666e+01	4.08784e+01	-8.52234e+01	3.79945e-01	1.52739e+01	1.16809e+01	-6.20000e+00	2.50000e+00	
monocrop	Wed Nov 05 16:59:48 CET 2025	14/7/2000	14	7	2000	196	2000	1.61200e+01	2.53300e+01	4.00000e+01	8.20000e+01	0.00000e+00	0.00000e+00	0.00000e+00	0.00000e+00	0.00000e+00	0.00000e+00	0.00000e+00	0.00000e+00	4.77030e+00	3.59226e+01	1.62400e+01	2.45098e+01	1.14128e+01	4.07800e+01	-4.62217e+01	3.77313e-01	1.52481e+01	1.49064e+01	-6.20000e+00	3.50000e+00	
monocrop	Wed Nov 05 16:59:48 CET 2025	15/7/2000	15	7	2000	197	2000	1.22700e+01	2.55000e+01	3.10000e+01	8.00000e+01	0.00000e+00	0.00000e+00	0.00000e+00	0.00000e+00	0.00000e+00	0.00000e+00	0.00000e+00	0.00000e+00	5.59511e+00	5.87724e+01	2.65700e+01	2.06212e+01	3.81512e+01	4.06779e+01	-8.07822e+01	3.74573e-01	1.52215e+01	1.20990e+01	-6.21000e+00	2.50000e+00	
monocrop	Wed Nov 05 16:59:48 CET 2025	16/7/2000	16	7	2000	198	2000	9.27000e+00	2.72000e+01	2.40000e+01	7.10000e+01	0.00000e+00	0.00000e+00	0.00000e+00	0.00000e+00	0.00000e+00	0.00000e+00	0.00000e+00	0.00000e+00	5.26693e+00	6.18691e+01	2.79700e+01	1.87953e+01	4.30739e+01	4.05720e+01	-8.57127e+01	3.71727e-01	1.51938e+01	9.94174e+00	-6.21000e+00	1.40000e+00	
monocrop	Wed Nov 05 16:59:48 CET 2025	17/7/2000	17	7	2000	199	2000	6.27100e+00	2.77400e+01	2.30000e+01	8.00000e+01	0.00000e+00	0.00000e+00	0.00000e+00	0.00000e+00	0.00000e+00	0.00000e+00	0.00000e+00	0.00000e+00	5.02550e+00	6.24664e+01	2.82400e+01	1.82831e+01	4.41833e+01	4.04623e+01	-8.59655e+01	3.68775e-01	1.51653e+01	9.97418e+00	-6.22000e+00	1.30000e+00	
monocrop	Wed Nov 05 16:59:48 CET 2025	18/7/2000	18	7	2000	200	2000	8.74000e+00	2.83100e+01	2.40000e+01	8.90000e+01	0.00000e+00	0.00000e+00	0.00000e+00	0.00000e+00	0.00000e+00	0.00000e+00	0.00000e+00	0.00000e+00	5.30399e+00	6.38820e+01	2.88800e+01	1.72173e+01	4.66647e+01	4.03490e+01	-8.99769e+01	3.65720e-01	1.51359e+01	1.20426e+01	-6.22000e+00	1.40000e+00	
monocrop	Wed Nov 05 16:59:48 CET 2025	19/7/2000	19	7	2000	201	2000	1.05700e+01	3.11300e+01	2.80000e+01	9.30000e+01	0.00000e+00	0.00000e+00	0.00000e+00	0.00000e+00	0.00000e+00	0.00000e+00	0.00000e+00	0.00000e+00	5.51965e+00	6.22894e+01	2.81600e+01	1.80686e+01	4.42208e+01	4.02319e+01	-9.07166e+01	3.62562e-01	1.51057e+01	1.48985e+01	-6.23000e+00	1.40000e+00	
monocrop	Wed Nov 05 16:59:48 CET 2025	20/7/2000	20	7	2000	202	2000	1.16500e+01	3.27900e+01	2.20000e+01	8.10000e+01	0.00000e+00	0.00000e+00	0.00000e+00	0.00000e+00	0.00000e+00	0.00000e+00	0.00000e+00	0.00000e+00	5.78503e+00	6.35945e+01	2.87500e+01	1.70570e+01	4.65374e+01	4.01112e+01	-9.49712e+01	3.59302e-01	1.50745e+01	1.37920e+01	-6.23000e+00	1.20000e+00	
monocrop	Wed Nov 05 16:59:48 CET 2025	21/7/2000	21	7	2000	203	2000	1.29000e+01	3.24000e+01	2.40000e+01	9.40000e+01	0.00000e+00	0.00000e+00	0.00000e+00	0.00000e+00	0.00000e+00	0.00000e+00	0.00000e+00	0.00000e+00	5.87107e+00	6.32848e+01	2.86100e+01	1.70787e+01	4.62061e+01	3.99869e+01	-9.50864e+01	3.55941e-01	1.50426e+01	1.62192e+01	-6.24000e+00	1.40000e+00	
monocrop	Wed Nov 05 16:59:48 CET 2025	22/7/2000	22	7	2000	204	2000	1.23800e+01	2.81900e+01	3.70000e+01	9.80000e+01	2.40000e+00	2.40000e+00	0.00000e+00	0.00000e+00	0.00000e+00	0.00000e+00	0.00000e+00	2.40000e+00	5.07374e+00	5.76885e+01	2.60800e+01	2.01564e+01	3.75321e+01	3.98590e+01	-8.28740e+01	3.52481e-01	1.50099e+01	1.60529e+01	-6.24000e+00	1.50000e+00	
monocrop	Wed Nov 05 16:59:48 CET 2025	23/7/2000	23	7	2000	205	2000	1.56700e+01	2.68500e+01	3.80000e+01	9.60000e+01	6.00000e-01	6.00000e-01	0.00000e+00	0.00000e+00	0.00000e+00	0.00000e+00	0.00000e+00	6.00000e-01	2.76025e+00	1.78949e+01	8.09000e+00	1.67366e+01	1.15831e+00	3.97275e+01	-1.88760e+01	3.48923e-01	1.49763e+01	1.69202e+01	-6.25000e+00	1.70000e+00	
monocrop	Wed Nov 05 16:59:48 CET 2025	24/7/2000	24	7	2000	206	2000	1.52000e+01	3.07100e+01	2.80000e+01	9.70000e+01	3.04000e+01	3.04000e+01	0.00000e+00	0.00000e+00	0.00000e+00	0.00000e+00	0.00000e+00	3.04000e+01	4.64669e+00	4.33770e+01	1.96100e+01	2.41226e+01	1.92544e+01	3.95925e+01	-6.23847e+01	3.45268e-01	1.49421e+01	1.75021e+01	-6.25000e+00	1.60000e+00	
monocrop	Wed Nov 05 16:59:48 CET 2025	25/7/2000	25	7	2000	207	2000	1.40200e+01	2.85800e+01	3.90000e+01	9.60000e+01	2.00000e-01	2.00000e-01	0.00000e+00	0.00000e+00	0.00000e+00	0.00000e+00	0.00000e+00	2.00000e-01	4.78352e+00	5.16055e+01	2.33300e+01	2.22565e+01	2.93490e+01	3.94540e+01	-7.47906e+01	3.41517e-01	1.49070e+01	1.70883e+01	-6.25000e+00	1.40000e+00	
monocrop	Wed Nov 05 16:59:48 CET 2025	26/7/2000	26	7	2000	208	2000	1.44700e+01	2.99200e+01	3.00000e+01	9.80000e+01	0.00000e+00	0.00000e+00	0.00000e+00	0.00000e+00	0.00000e+00	0.00000e+00	0.00000e+00	0.00000e+00	5.47418e+00	6.21124e+01	2.80800e+01	1.68592e+01	4.52533e+01	3.93120e+01	-9.37599e+01	3.37671e-01	1.48713e+01	1.71135e+01	-6.26000e+00	1.00000e+00	
monocrop	Wed Nov 05 16:59:48 CET 2025	27/7/2000	27	7	2000	209	2000	1.55700e+01	3.04300e+01	3.00000e+01	9.00000e+01	3.80000e+00	3.80000e+00	0.00000e+00	0.00000e+00	0.00000e+00	0.00000e+00	0.00000e+00	3.80000e+00	5.63108e+00	6.16700e+01	2.78800e+01	1.69359e+01	4.47341e+01	3.91667e+01	-9.43282e+01	3.33733e-01	1.48349e+01	1.68478e+01	-6.26000e+00	1.10000e+00	
monocrop	Wed Nov 05 16:59:48 CET 2025	28/7/2000	28	7	2000	210	2000	1.88300e+01	2.97500e+01	2.80000e+01	9.70000e+01	0.00000e+00	0.00000e+00	0.00000e+00	0.00000e+00	0.00000e+00	0.00000e+00	0.00000e+00	0.00000e+00	6.02449e+00	6.02986e+01	2.72600e+01	1.75921e+01	4.27065e+01	3.90179e+01	-9.33741e+01	3.29703e-01	1.47978e+01	1.89684e+01	-6.27000e+00	1.80000e+00	
monocrop	Wed Nov 05 16:59:48 CET 2025	29/7/2000	29	7	2000	211	2000	1.33900e+01	2.95800e+01	2.80000e+01	9.00000e+01	0.00000e+00	0.00000e+00	0.00000e+00	0.00000e+00	0.00000e+00	0.00000e+00	0.00000e+00	0.00000e+00	5.83611e+00	6.28866e+01	2.84300e+01	1.56626e+01	4.72240e+01	3.88658e+01	-9.55134e+01	3.25582e-01	1.47600e+01	1.51068e+01	-6.27000e+00	2.00000e+00	
monocrop	Wed Nov 05 16:59:48 CET 2025	30/7/2000	30	7	2000	212	2000	1.30500e+01	3.24000e+01	2.40000e+01	8.40000e+01	0.00000e+00	0.00000e+00	0.00000e+00	0.00000e+00	0.00000e+00	0.00000e+00	0.00000e+00	0.00000e+00	5.55477e+00	6.28645e+01	2.84200e+01	1.54382e+01	4.74263e+01	3.87104e+01	-9.80454e+01	3.21372e-01	1.47216e+01	1.49124e+01	-6.27000e+00	9.00000e-01	
monocrop	Wed Nov 05 16:59:48 CET 2025	31/7/2000	31	7	2000	213	2000	1.19400e+01	3.23500e+01	2.40000e+01	8.20000e+01	0.00000e+00	0.00000e+00	0.00000e+00	0.00000e+00	0.00000e+00	0.00000e+00	0.00000e+00	0.00000e+00	5.59196e+00	6.26433e+01	2.83200e+01	1.53490e+01	4.72944e+01	3.85517e+01	-9.75427e+01	3.17075e-01	1.46826e+01	1.41290e+01	-6.28000e+00	1.20000e+00	
monocrop	Wed Nov 05 16:59:48 CET 2025	1/8/2000	1	8	2000	214	2000	1.19400e+01	2.94100e+01	3.50000e+01	9.60000e+01	0.00000e+00	0.00000e+00	0.00000e+00	0.00000e+00	0.00000e+00	0.00000e+00	0.00000e+00	0.00000e+00	4.86855e+00	5.60959e+01	2.53600e+01	1.91415e+01	3.69544e+01	3.83897e+01	-8.45447e+01	3.12691e-01	1.46430e+01	1.59568e+01	-6.28000e+00	1.20000e+00	
monocrop	Wed Nov 05 16:59:48 CET 2025	2/8/2000	2	8	2000	215	2000	1.96000e+01	2.97600e+01	4.80000e+01	9.60000e+01	8.40000e+00	8.40000e+00	0.00000e+00	0.00000e+00	0.00000e+00	0.00000e+00	0.00000e+00	8.40000e+00	4.91450e+00	4.96811e+01	2.24600e+01	2.16682e+01	2.80129e+01	3.82245e+01	-7.71260e+01	3.08222e-01	1.46029e+01	2.23678e+01	-6.29000e+00	1.10000e+00	
monocrop	Wed Nov 05 16:59:48 CET 2025	3/8/2000	3	8	2000	216	2000	1.83800e+01	2.31300e+01	5.10000e+01	9.70000e+01	0.00000e+00	0.00000e+00	0.00000e+00	0.00000e+00	0.00000e+00	0.00000e+00	0.00000e+00	0.00000e+00	1.86813e+00	1.23429e+01	5.58000e+00	1.22194e+01	1.23428e-01	3.80562e+01	-1.06084e+01	3.03669e-01	1.45621e+01	1.81166e+01	-6.29000e+00	8.00000e-01	
monocrop	Wed Nov 05 16:59:48 CET 2025	4/8/2000	4	8	2000	217	2000	1.47100e+01	2.84500e+01	2.80000e+01	6.60000e+01	1.60000e+00	1.60000e+00	0.00000e+00	0.00000e+00	0.00000e+00	0.00000e+00	0.00000e+00	1.60000e+00	5.69868e+00	5.30433e+01	2.39800e+01	2.00045e+01	3.30388e+01	3.78847e+01	-8.10641e+01	2.99035e-01	1.45209e+01	1.21045e+01	-6.29000e+00	2.50000e+00	
monocrop	Wed Nov 05 16:59:48 CET 2025	5/8/2000	5	8	2000	218	2000	1.47000e+01	2.78600e+01	3.10000e+01	6.80000e+01	0.00000e+00	0.00000e+00	0.00000e+00	0.00000e+00	0.00000e+00	0.00000e+00	0.00000e+00	0.00000e+00	4.22137e+00	3.62765e+01	1.64000e+01	2.30223e+01	1.32542e+01	3.77101e+01	-5.21942e+01	2.94320e-01	1.44791e+01	1.25161e+01	-6.30000e+00	1.60000e+00	
monocrop	Wed Nov 05 16:59:48 CET 2025	6/8/2000	6	8	2000	219	2000	1.55900e+01	2.98400e+01	3.10000e+01	5.70000e+01	0.00000e+00	0.00000e+00	0.00000e+00	0.00000e+00	0.00000e+00	0.00000e+00	0.00000e+00	0.00000e+00	4.77078e+00	4.52350e+01	2.04500e+01	2.22412e+01	2.29938e+01	3.75325e+01	-6.94361e+01	2.89525e-01	1.44368e+01	1.21435e+01	-6.30000e+00	1.30000e+00	
monocrop	Wed Nov 05 16:59:48 CET 2025	7/8/2000	7	8	2000	220	2000	1.51000e+01	3.20500e+01	2.40000e+01	7.20000e+01	0.00000e+00	0.00000e+00	0.00000e+00	0.00000e+00	0.00000e+00	0.00000e+00	0.00000e+00	0.00000e+00	5.31495e+00	5.41714e+01	2.44900e+01	1.88325e+01	3.53389e+01	3.73519e+01	-8.71276e+01	2.84653e-01	1.43941e+01	1.39547e+01	-6.30000e+00	1.30000e+00	
monocrop	Wed Nov 05 16:59:48 CET 2025	8/8/2000	8	8	2000	221	2000	1.29500e+01	3.32100e+01	2.30000e+01	8.20000e+01	0.00000e+00	0.00000e+00	0.00000e+00	0.00000e+00	0.00000e+00	0.00000e+00	0.00000e+00	0.00000e+00	4.89832e+00	5.16940e+01	2.33700e+01	1.97786e+01	3.19155e+01	3.71682e+01	-8.30572e+01	2.79704e-01	1.43508e+01	1.48134e+01	-6.31000e+00	1.00000e+00	
monocrop	Wed Nov 05 16:59:48 CET 2025	9/8/2000	9	8	2000	222	2000	1.50700e+01	3.18600e+01	3.00000e+01	8.90000e+01	0.00000e+00	0.00000e+00	0.00000e+00	0.00000e+00	0.00000e+00	0.00000e+00	0.00000e+00	0.00000e+00	5.23108e+00	5.57641e+01	2.52100e+01	1.74990e+01	3.82651e+01	3.69817e+01	-9.08882e+01	2.74681e-01	1.43072e+01	1.71837e+01	-6.31000e+00	1.20000e+00	
monocrop	Wed Nov 05 16:59:48 CET 2025	10/8/2000	10	8	2000	223	2000	1.46200e+01	3.15300e+01	3.60000e+01	9.70000e+01	0.00000e+00	0.00000e+00	0.00000e+00	0.00000e+00	0.00000e+00	0.00000e+00	0.00000e+00	0.00000e+00	5.15077e+00	5.65604e+01	2.55700e+01	1.67713e+01	3.97891e+01	3.67922e+01	-9.24262e+01	2.69584e-01	1.42631e+01	1.87580e+01	-6.31000e+00	1.20000e+00	
monocrop	Wed Nov 05 16:59:48 CET 2025	11/8/2000	11	8	2000	224	2000	1.57600e+01	3.06300e+01	4.20000e+01	9.40000e+01	0.00000e+00	0.00000e+00	0.00000e+00	0.00000e+00	0.00000e+00	0.00000e+00	0.00000e+00	0.00000e+00	4.41472e+00	4.43281e+01	2.00400e+01	2.16407e+01	2.26874e+01	3.65998e+01	-7.03907e+01	2.64416e-01	1.42186e+01	1.93208e+01	-6.32000e+00	1.40000e+00	
monocrop	Wed Nov 05 16:59:48 CET 2025	12/8/2000	12	8	2000	225	2000	1.91500e+01	2.74900e+01	5.20000e+01	9.70000e+01	1.20000e+00	1.20000e+00	0.00000e+00	0.00000e+00	0.00000e+00	0.00000e+00	0.00000e+00	1.20000e+00	2.52648e+00	2.13014e+01	9.63000e+00	1.82365e+01	3.06493e+00	3.64047e+01	-2.81818e+01	2.59177e-01	1.41737e+01	2.13282e+01	-6.32000e+00	7.00000e-01	
monocrop	Wed Nov 05 16:59:48 CET 2025	13/8/2000	13	8	2000	226	2000	1.56600e+01	3.34000e+01	3.40000e+01	9.80000e+01	2.00000e-01	2.00000e-01	0.00000e+00	0.00000e+00	0.00000e+00	0.00000e+00	0.00000e+00	2.00000e-01	4.74543e+00	4.86636e+01	2.20000e+01	1.99566e+01	2.87070e+01	3.62068e+01	-8.11400e+01	2.53869e-01	1.41284e+01	2.03206e+01	-6.32000e+00	1.00000e+00	
monocrop	Wed Nov 05 16:59:48 CET 2025	14/8/2000	14	8	2000	227	2000	1.58800e+01	3.39500e+01	3.40000e+01	9.90000e+01	0.00000e+00	0.00000e+00	0.00000e+00	0.00000e+00	0.00000e+00	0.00000e+00	0.00000e+00	0.00000e+00	5.19202e+00	5.34857e+01	2.41800e+01	1.74888e+01	3.59969e+01	3.60061e+01	-9.13832e+01	2.48494e-01	1.40827e+01	2.09511e+01	-6.33000e+00	1.20000e+00	
monocrop	Wed Nov 05 16:59:48 CET 2025	15/8/2000	15	8	2000	228	2000	1.73600e+01	3.74900e+01	2.50000e+01	8.60000e+01	0.00000e+00	0.00000e+00	0.00000e+00	0.00000e+00	0.00000e+00	0.00000e+00	0.00000e+00	0.00000e+00	5.59076e+00	5.41272e+01	2.44700e+01	1.68602e+01	3.72670e+01	3.58027e+01	-9.67040e+01	2.43053e-01	1.40367e+01	2.02820e+01	-6.33000e+00	1.00000e+00	
monocrop	Wed Nov 05 16:59:48 CET 2025	16/8/2000	16	8	2000	229	2000	1.66500e+01	3.54700e+01	3.00000e+01	8.70000e+01	3.20000e+00	3.20000e+00	0.00000e+00	0.00000e+00	0.00000e+00	0.00000e+00	0.00000e+00	3.20000e+00	5.47489e+00	5.38175e+01	2.43300e+01	1.67622e+01	3.70553e+01	3.55967e+01	-9.47840e+01	2.37547e-01	1.39904e+01	1.97282e+01	-6.33000e+00	1.30000e+00	
monocrop	Wed Nov 05 16:59:48 CET 2025	17/8/2000	17	8	2000	230	2000	1.94400e+01	3.17500e+01	3.70000e+01	9.60000e+01	0.00000e+00	0.00000e+00	0.00000e+00	0.00000e+00	0.00000e+00	0.00000e+00	0.00000e+00	0.00000e+00	4.39452e+00	4.09880e+01	1.85300e+01	2.12847e+01	1.97033e+01	3.53881e+01	-6.86995e+01	2.31979e-01	1.39437e+01	2.18165e+01	-6.34000e+00	1.20000e+00	
monocrop	Wed Nov 05 16:59:48 CET 2025	18/8/2000	18	8	2000	231	2000	1.71800e+01	3.00000e+01	3.80000e+01	9.60000e+01	0.00000e+00	0.00000e+00	0.00000e+00	0.00000e+00	0.00000e+00	0.00000e+00	0.00000e+00	0.00000e+00	4.55151e+00	4.59871e+01	2.07900e+01	1.98519e+01	2.61352e+01	3.51769e+01	-7.70169e+01	2.26349e-01	1.38967e+01	1.94961e+01	-6.34000e+00	1.50000e+00	
monocrop	Wed Nov 05 16:59:48 CET 2025	19/8/2000	19	8	2000	232	2000	1.56000e+01	2.91700e+01	5.40000e+01	9.90000e+01	0.00000e+00	0.00000e+00	0.00000e+00	0.00000e+00	0.00000e+00	0.00000e+00	0.00000e+00	0.00000e+00	4.41756e+00	4.87521e+01	2.20400e+01	1.85507e+01	3.02014e+01	3.49632e+01	-8.16785e+01	2.20660e-01	1.38494e+01	2.06940e+01	-6.34000e+00	1.60000e+00	
monocrop	Wed Nov 05 16:59:48 CET 2025	20/8/2000	20	8	2000	233	2000	2.18800e+01	2.86000e+01	6.00000e+01	9.80000e+01	0.00000e+00	0.00000e+00	0.00000e+00	0.00000e+00	0.00000e+00	0.00000e+00	0.00000e+00	0.00000e+00	3.97504e+00	3.77585e+01	1.70700e+01	2.11960e+01	1.65625e+01	3.47471e+01	-6.28464e+01	2.14913e-01	1.38019e+01	2.53761e+01	-6.34000e+00	1.60000e+00	
monocrop	Wed Nov 05 16:59:48 CET 2025	21/8/2000	21	8	2000	234	2000	1.47800e+01	2.71200e+01	5.00000e+01	9.80000e+01	2.00000e-01	2.00000e-01	0.00000e+00	0.00000e+00	0.00000e+00	0.00000e+00	0.00000e+00	2.00000e-01	2.63042e+00	2.21198e+01	1.00000e+01	1.82157e+01	3.90417e+00	3.45285e+01	-3.11940e+01	2.09109e-01	1.37541e+01	1.83354e+01	-6.35000e+00	1.60000e+00	
monocrop	Wed Nov 05 16:59:48 CET 2025	22/8/2000	22	8	2000	235	2000	1.02500e+01	3.22200e+01	1.80000e+01	9.80000e+01	0.00000e+00	0.00000e+00	0.00000e+00	0.00000e+00	0.00000e+00	0.00000e+00	0.00000e+00	0.00000e+00	4.46201e+00	5.19816e+01	2.35000e+01	1.60896e+01	3.58920e+01	3.43075e+01	-8.97595e+01	2.03249e-01	1.37060e+01	1.46249e+01	-6.35000e+00	1.10000e+00	
monocrop	Wed Nov 05 16:59:48 CET 2025	23/8/2000	23	8	2000	236	2000	1.24000e+01	3.00100e+01	3.60000e+01	9.50000e+01	0.00000e+00	0.00000e+00	0.00000e+00	0.00000e+00	0.00000e+00	0.00000e+00	0.00000e+00	0.00000e+00	4.37629e+00	5.19373e+01	2.34800e+01	1.58125e+01	3.61249e+01	3.40842e+01	-8.95647e+01	1.97336e-01	1.36576e+01	1.64856e+01	-6.35000e+00	1.10000e+00	
monocrop	Wed Nov 05 16:59:48 CET 2025	24/8/2000	24	8	2000	237	2000	1.84500e+01	3.10200e+01	4.60000e+01	9.80000e+01	0.00000e+00	0.00000e+00	0.00000e+00	0.00000e+00	0.00000e+00	0.00000e+00	0.00000e+00	0.00000e+00	3.12049e+00	2.72959e+01	1.23400e+01	1.98224e+01	7.47344e+00	3.38586e+01	-4.39801e+01	1.91371e-01	1.36090e+01	2.24414e+01	-6.36000e+00	1.00000e+00	
monocrop	Wed Nov 05 16:59:48 CET 2025	25/8/2000	25	8	2000	238	2000	1.74700e+01	3.46900e+01	3.10000e+01	9.70000e+01	0.00000e+00	0.00000e+00	0.00000e+00	0.00000e+00	0.00000e+00	0.00000e+00	0.00000e+00	0.00000e+00	4.47916e+00	4.39742e+01	1.98800e+01	1.89765e+01	2.49977e+01	3.36308e+01	-8.03188e+01	1.85356e-01	1.35602e+01	2.16085e+01	-6.36000e+00	9.00000e-01	
monocrop	Wed Nov 05 16:59:48 CET 2025	26/8/2000	26	8	2000	239	2000	1.37600e+01	3.11500e+01	4.50000e+01	9.70000e+01	0.00000e+00	0.00000e+00	0.00000e+00	0.00000e+00	0.00000e+00	0.00000e+00	0.00000e+00	0.00000e+00	3.78927e+00	3.78470e+01	1.71100e+01	2.02125e+01	1.76346e+01	3.34007e+01	-6.49737e+01	1.79291e-01	1.35112e+01	1.92881e+01	-6.36000e+00	1.70000e+00	
monocrop	Wed Nov 05 16:59:48 CET 2025	27/8/2000	27	8	2000	240	2000	1.82400e+01	2.98400e+01	2.60000e+01	6.30000e+01	0.00000e+00	0.00000e+00	0.00000e+00	0.00000e+00	0.00000e+00	0.00000e+00	0.00000e+00	0.00000e+00	5.70635e+00	5.14286e+01	2.32500e+01	1.48498e+01	3.65788e+01	3.31686e+01	-9.37986e+01	1.73180e-01	1.34620e+01	1.33044e+01	-6.36000e+00	2.60000e+00	
monocrop	Wed Nov 05 16:59:48 CET 2025	28/8/2000	28	8	2000	241	2000	1.35100e+01	3.13400e+01	1.50000e+01	7.60000e+01	0.00000e+00	0.00000e+00	0.00000e+00	0.00000e+00	0.00000e+00	0.00000e+00	0.00000e+00	0.00000e+00	4.61161e+00	4.90839e+01	2.21900e+01	1.59084e+01	3.31755e+01	3.29344e+01	-8.89134e+01	1.67022e-01	1.34126e+01	1.23382e+01	-6.37000e+00	1.40000e+00	
monocrop	Wed Nov 05 16:59:48 CET 2025	29/8/2000	29	8	2000	242	2000	9.38000e+00	3.02100e+01	2.50000e+01	8.10000e+01	3.64000e+01	3.64000e+01	0.00000e+00	0.00000e+00	0.00000e+00	0.00000e+00	0.00000e+00	3.64000e+01	4.12843e+00	5.10083e+01	2.30600e+01	1.44449e+01	3.65634e+01	3.26981e+01	-9.08860e+01	1.60820e-01	1.33629e+01	1.22277e+01	-6.37000e+00	1.10000e+00	
monocrop	Wed Nov 05 16:59:48 CET 2025	30/8/2000	30	8	2000	243	2000	1.77300e+01	2.10700e+01	7.50000e+01	9.90000e+01	8.00000e-01	8.00000e-01	0.00000e+00	0.00000e+00	0.00000e+00	0.00000e+00	0.00000e+00	8.00000e-01	1.38481e+00	1.13253e+01	5.12000e+00	1.12681e+01	5.72319e-02	3.24598e+01	-1.20048e+01	1.54575e-01	1.33132e+01	1.95850e+01	-6.37000e+00	1.10000e+00	
monocrop	Wed Nov 05 16:59:48 CET 2025	31/8/2000	31	8	2000	244	2000	1.49700e+01	2.50600e+01	4.10000e+01	9.90000e+01	0.00000e+00	0.00000e+00	0.00000e+00	0.00000e+00	0.00000e+00	0.00000e+00	0.00000e+00	0.00000e+00	3.83419e+00	4.36424e+01	1.97300e+01	1.76286e+01	2.60138e+01	3.22196e+01	-7.61791e+01	1.48289e-01	1.32632e+01	1.63716e+01	-6.37000e+00	1.90000e+00	
monocrop	Wed Nov 05 16:59:48 CET 2025	1/9/2000	1	9	2000	245	2000	1.13000e+01	2.86500e+01	3.10000e+01	9.80000e+01	0.00000e+00	0.00000e+00	0.00000e+00	0.00000e+00	0.00000e+00	0.00000e+00	0.00000e+00	0.00000e+00	4.17278e+00	5.08092e+01	2.29700e+01	1.35249e+01	3.72843e+01	3.19776e+01	-9.23948e+01	1.41964e-01	1.32131e+01	1.50479e+01	-6.38000e+00	1.60000e+00	
monocrop	Wed Nov 05 16:59:48 CET 2025	2/9/2000	2	9	2000	246	2000	1.35800e+01	2.65100e+01	3.40000e+01	7.50000e+01	0.00000e+00	0.00000e+00	0.00000e+00	0.00000e+00	0.00000e+00	0.00000e+00	0.00000e+00	0.00000e+00	4.76183e+00	4.79558e+01	2.16800e+01	1.49555e+01	3.30003e+01	3.17337e+01	-8.66964e+01	1.35600e-01	1.31628e+01	1.27701e+01	-6.38000e+00	2.90000e+00	
monocrop	Wed Nov 05 16:59:48 CET 2025	3/9/2000	3	9	2000	247	2000	1.28100e+01	2.59300e+01	3.10000e+01	7.70000e+01	0.00000e+00	0.00000e+00	0.00000e+00	0.00000e+00	0.00000e+00	0.00000e+00	0.00000e+00	0.00000e+00	3.96012e+00	4.23152e+01	1.91300e+01	1.73581e+01	2.49571e+01	3.14881e+01	-7.53325e+01	1.29200e-01	1.31124e+01	1.21336e+01	-6.38000e+00	1.90000e+00	
monocrop	Wed Nov 05 16:59:48 CET 2025	4/9/2000	4	9	2000	248	2000	1.08500e+01	2.70000e+01	2.80000e+01	7.50000e+01	0.00000e+00	0.00000e+00	0.00000e+00	0.00000e+00	0.00000e+00	0.00000e+00	0.00000e+00	0.00000e+00	3.83125e+00	4.94157e+01	2.23400e+01	1.33610e+01	3.60547e+01	3.12407e+01	-9.04668e+01	1.22765e-01	1.30618e+01	1.12551e+01	-6.38000e+00	1.10000e+00	
monocrop	Wed Nov 05 16:59:48 CET 2025	5/9/2000	5	9	2000	249	2000	8.60000e+00	2.88300e+01	2.40000e+01	8.40000e+01	0.00000e+00	0.00000e+00	0.00000e+00	0.00000e+00	0.00000e+00	0.00000e+00	0.00000e+00	0.00000e+00	3.74375e+00	5.00129e+01	2.26100e+01	1.25825e+01	3.74304e+01	3.09917e+01	-9.30283e+01	1.16296e-01	1.30112e+01	1.16475e+01	-6.39000e+00	1.00000e+00	
monocrop	Wed Nov 05 16:59:48 CET 2025	6/9/2000	6	9	2000	250	2000	8.35000e+00	2.69400e+01	2.50000e+01	9.80000e+01	0.00000e+00	0.00000e+00	0.00000e+00	0.00000e+00	0.00000e+00	0.00000e+00	0.00000e+00	0.00000e+00	3.52117e+00	4.50802e+01	2.03800e+01	1.52442e+01	2.98359e+01	3.07411e+01	-8.21601e+01	1.09796e-01	1.29603e+01	1.24026e+01	-6.39000e+00	1.50000e+00	
monocrop	Wed Nov 05 16:59:48 CET 2025	7/9/2000	7	9	2000	251	2000	1.83600e+01	2.96100e+01	3.30000e+01	5.50000e+01	0.00000e+00	0.00000e+00	0.00000e+00	0.00000e+00	0.00000e+00	0.00000e+00	0.00000e+00	0.00000e+00	4.83421e+00	3.72055e+01	1.68200e+01	1.79637e+01	1.92418e+01	3.04890e+01	-7.14849e+01	1.03266e-01	1.29094e+01	1.31115e+01	-6.39000e+00	2.60000e+00	
monocrop	Wed Nov 05 16:59:48 CET 2025	8/9/2000	8	9	2000	252	2000	1.06700e+01	2.96800e+01	1.50000e+01	8.60000e+01	0.00000e+00	0.00000e+00	0.00000e+00	0.00000e+00	0.00000e+00	0.00000e+00	0.00000e+00	0.00000e+00	3.88186e+00	4.92608e+01	2.22700e+01	1.19448e+01	3.73160e+01	3.02354e+01	-9.56998e+01	9.67068e-02	1.28584e+01	1.19285e+01	-6.39000e+00	1.10000e+00	
monocrop	Wed Nov 05 16:59:48 CET 2025	9/9/2000	9	9	2000	253	2000	8.78000e+00	2.79700e+01	3.00000e+01	9.40000e+01	0.00000e+00	0.00000e+00	0.00000e+00	0.00000e+00	0.00000e+00	0.00000e+00	0.00000e+00	0.00000e+00	3.45668e+00	4.76461e+01	2.15400e+01	1.26735e+01	3.49726e+01	2.99805e+01	-9.09177e+01	9.01207e-02	1.28073e+01	1.30911e+01	-6.39000e+00	1.00000e+00	
monocrop	Wed Nov 05 16:59:48 CET 2025	10/9/2000	10	9	2000	254	2000	7.91000e+00	2.93000e+01	2.90000e+01	9.60000e+01	0.00000e+00	0.00000e+00	0.00000e+00	0.00000e+00	0.00000e+00	0.00000e+00	0.00000e+00	0.00000e+00	3.38594e+00	4.77124e+01	2.15700e+01	1.22442e+01	3.54683e+01	2.97241e+01	-9.26614e+01	8.35092e-02	1.27560e+01	1.33884e+01	-6.40000e+00	8.00000e-01	
monocrop	Wed Nov 05 16:59:48 CET 2025	11/9/2000	11	9	2000	255	2000	8.60000e+00	2.86100e+01	3.10000e+01	9.80000e+01	2.00000e-01	2.00000e-01	0.00000e+00	0.00000e+00	0.00000e+00	0.00000e+00	0.00000e+00	2.00000e-01	3.35379e+00	4.69604e+01	2.12300e+01	1.23683e+01	3.45921e+01	2.94665e+01	-9.16774e+01	7.68738e-02	1.27047e+01	1.38168e+01	-6.40000e+00	9.00000e-01	
monocrop	Wed Nov 05 16:59:48 CET 2025	12/9/2000	12	9	2000	256	2000	1.37000e+01	2.69400e+01	5.60000e+01	9.90000e+01	0.00000e+00	0.00000e+00	0.00000e+00	0.00000e+00	0.00000e+00	0.00000e+00	0.00000e+00	0.00000e+00	2.76131e+00	3.33346e+01	1.50700e+01	1.76423e+01	1.56922e+01	2.92076e+01	-6.33478e+01	7.02161e-02	1.26533e+01	1.84710e+01	-6.40000e+00	1.00000e+00	
monocrop	Wed Nov 05 16:59:48 CET 2025	13/9/2000	13	9	2000	257	2000	1.62000e+01	2.85100e+01	4.90000e+01	9.90000e+01	0.00000e+00	0.00000e+00	0.00000e+00	0.00000e+00	0.00000e+00	0.00000e+00	0.00000e+00	0.00000e+00	3.21849e+00	3.80903e+01	1.72200e+01	1.62521e+01	2.18382e+01	2.89476e+01	-7.64962e+01	6.35377e-02	1.26019e+01	1.99812e+01	-6.40000e+00	8.00000e-01	
monocrop	Wed Nov 05 16:59:48 CET 2025	14/9/2000	14	9	2000	258	2000	1.47000e+01	2.82800e+01	5.60000e+01	9.90000e+01	0.00000e+00	0.00000e+00	0.00000e+00	0.00000e+00	0.00000e+00	0.00000e+00	0.00000e+00	0.00000e+00	2.82792e+00	3.33567e+01	1.50800e+01	1.72325e+01	1.61242e+01	2.86866e+01	-6.58005e+01	5.68402e-02	1.25503e+01	1.98498e+01	-6.41000e+00	9.00000e-01	
monocrop	Wed Nov 05 16:59:48 CET 2025	15/9/2000	15	9	2000	259	2000	1.96000e+01	2.76400e+01	6.20000e+01	9.90000e+01	0.00000e+00	0.00000e+00	0.00000e+00	0.00000e+00	0.00000e+00	0.00000e+00	0.00000e+00	0.00000e+00	2.96345e+00	3.30691e+01	1.49500e+01	1.70722e+01	1.59969e+01	2.84244e+01	-6.69316e+01	5.01253e-02	1.24987e+01	2.34668e+01	-6.41000e+00	8.00000e-01	
monocrop	Wed Nov 05 16:59:48 CET 2025	16/9/2000	16	9	2000	260	2000	1.79000e+01	3.14900e+01	3.20000e+01	9.90000e+01	0.00000e+00	0.00000e+00	0.00000e+00	0.00000e+00	0.00000e+00	0.00000e+00	0.00000e+00	0.00000e+00	3.69690e+00	3.70065e+01	1.67300e+01	1.58277e+01	2.11787e+01	2.81614e+01	-7.90104e+01	4.33944e-02	1.24470e+01	2.03667e+01	-6.41000e+00	1.40000e+00	
monocrop	Wed Nov 05 16:59:48 CET 2025	17/9/2000	17	9	2000	261	2000	9.51000e+00	2.81400e+01	2.80000e+01	9.80000e+01	0.00000e+00	0.00000e+00	0.00000e+00	0.00000e+00	0.00000e+00	0.00000e+00	0.00000e+00	0.00000e+00	3.06563e+00	4.34433e+01	1.96400e+01	1.23722e+01	3.10711e+01	2.78974e+01	-8.94541e+01	3.66493e-02	1.23953e+01	1.36825e+01	-6.41000e+00	8.00000e-01	
monocrop	Wed Nov 05 16:59:48 CET 2025	18/9/2000	18	9	2000	262	2000	9.29000e+00	2.65600e+01	3.60000e+01	9.70000e+01	4.48000e+01	4.48000e+01	0.00000e+00	0.00000e+00	0.00000e+00	0.00000e+00	0.00000e+00	4.48000e+01	2.98746e+00	4.27355e+01	1.93200e+01	1.24393e+01	3.02962e+01	2.76327e+01	-8.74552e+01	2.98916e-02	1.23435e+01	1.36497e+01	-6.41000e+00	1.10000e+00	
monocrop	Wed Nov 05 16:59:48 CET 2025	19/9/2000	19	9	2000	263	2000	1.19600e+01	2.18200e+01	6.40000e+01	9.80000e+01	2.00000e-01	2.00000e-01	0.00000e+00	0.00000e+00	0.00000e+00	0.00000e+00	0.00000e+00	2.00000e-01	1.59819e+00	1.30728e+01	5.91000e+00	1.20173e+01	1.05547e+00	2.73672e+01	-1.97000e+01	2.31228e-02	1.22917e+01	1.55730e+01	-6.42000e+00	2.00000e+00	
monocrop	Wed Nov 05 16:59:48 CET 2025	20/9/2000	20	9	2000	264	2000	1.29500e+01	2.08600e+01	4.70000e+01	9.80000e+01	0.00000e+00	0.00000e+00	0.00000e+00	0.00000e+00	0.00000e+00	0.00000e+00	0.00000e+00	0.00000e+00	2.24474e+00	2.35576e+01	1.06500e+01	1.62343e+01	7.32328e+00	2.71010e+01	-4.34009e+01	1.63446e-02	1.22399e+01	1.39521e+01	-6.42000e+00	1.90000e+00	
monocrop	Wed Nov 05 16:59:48 CET 2025	21/9/2000	21	9	2000	265	2000	1.11700e+01	2.51200e+01	3.10000e+01	9.50000e+01	0.00000e+00	0.00000e+00	0.00000e+00	0.00000e+00	0.00000e+00	0.00000e+00	0.00000e+00	0.00000e+00	3.02093e+00	4.32000e+01	1.95300e+01	1.09666e+01	3.22334e+01	2.68342e+01	-9.10851e+01	9.55863e-03	1.21880e+01	1.31115e+01	-6.42000e+00	1.20000e+00	
monocrop	Wed Nov 05 16:59:48 CET 2025	22/9/2000	22	9	2000	266	2000	9.02000e+00	2.91100e+01	3.20000e+01	9.80000e+01	0.00000e+00	0.00000e+00	0.00000e+00	0.00000e+00	0.00000e+00	0.00000e+00	0.00000e+00	0.00000e+00	2.98131e+00	4.24258e+01	1.91800e+01	1.10928e+01	3.13330e+01	2.65669e+01	-9.26733e+01	2.76656e-03	1.21361e+01	1.43301e+01	-6.42000e+00	1.00000e+00	
monocrop	Wed Nov 05 16:59:48 CET 2025	23/9/2000	23	9	2000	267	2000	1.04400e+01	2.51200e+01	3.00000e+01	9.90000e+01	0.00000e+00	0.00000e+00	0.00000e+00	0.00000e+00	0.00000e+00	0.00000e+00	0.00000e+00	0.00000e+00	2.77276e+00	4.21604e+01	1.90600e+01	1.08707e+01	3.12897e+01	2.62992e+01	-9.03854e+01	-4.03000e-03	1.20842e+01	1.31188e+01	-6.42000e+00	9.00000e-01	
monocrop	Wed Nov 05 16:59:48 CET 2025	24/9/2000	24	9	2000	268	2000	1.30700e+01	2.30300e+01	5.80000e+01	9.90000e+01	0.00000e+00	0.00000e+00	0.00000e+00	0.00000e+00	0.00000e+00	0.00000e+00	0.00000e+00	0.00000e+00	2.16136e+00	3.09456e+01	1.39900e+01	1.55141e+01	1.54315e+01	2.60310e+01	-6.40738e+01	-1.08294e-02	1.20322e+01	1.62401e+01	-6.43000e+00	7.00000e-01	
monocrop	Wed Nov 05 16:59:48 CET 2025	25/9/2000	25	9	2000	269	2000	1.10600e+01	2.50200e+01	5.80000e+01	9.90000e+01	2.00000e-01	2.00000e-01	0.00000e+00	0.00000e+00	0.00000e+00	0.00000e+00	0.00000e+00	2.00000e-01	2.25650e+00	3.43078e+01	1.55100e+01	1.43185e+01	1.99893e+01	2.57626e+01	-7.35897e+01	-1.76299e-02	1.19803e+01	1.62299e+01	-6.43000e+00	6.00000e-01	
monocrop	Wed Nov 05 16:59:48 CET 2025	26/9/2000	26	9	2000	270	2000	1.27800e+01	2.19300e+01	7.50000e+01	9.90000e+01	0.00000e+00	0.00000e+00	0.00000e+00	0.00000e+00	0.00000e+00	0.00000e+00	0.00000e+00	0.00000e+00	1.53108e+00	2.10802e+01	9.53000e+00	1.50521e+01	6.02806e+00	2.54939e+01	-4.11935e+01	-2.44300e-02	1.19283e+01	1.72267e+01	-6.43000e+00	6.00000e-01	
monocrop	Wed Nov 05 16:59:48 CET 2025	27/9/2000	27	9	2000	271	2000	1.64100e+01	2.30800e+01	6.20000e+01	9.90000e+01	2.10000e+01	2.10000e+01	0.00000e+00	0.00000e+00	0.00000e+00	0.00000e+00	0.00000e+00	2.10000e+01	1.61533e+00	1.70765e+01	7.72000e+00	1.36978e+01	3.37870e+00	2.52252e+01	-3.27983e+01	-3.12279e-02	1.18764e+01	1.85146e+01	-6.43000e+00	7.00000e-01	
monocrop	Wed Nov 05 16:59:48 CET 2025	28/9/2000	28	9	2000	272	2000	1.89600e+01	2.16600e+01	8.40000e+01	9.90000e+01	4.80000e+00	4.80000e+00	0.00000e+00	0.00000e+00	0.00000e+00	0.00000e+00	0.00000e+00	4.80000e+00	1.54049e+00	1.55945e+01	7.05000e+00	1.29864e+01	2.60805e+00	2.49563e+01	-2.94774e+01	-3.80219e-02	1.18244e+01	2.17942e+01	-6.43000e+00	3.00000e+00	
monocrop	Wed Nov 05 16:59:48 CET 2025	29/9/2000	29	9	2000	273	2000	1.26000e+01	1.90000e+01	8.50000e+01	9.80000e+01	6.72000e+01	6.72000e+01	0.00000e+00	0.00000e+00	0.00000e+00	0.00000e+00	0.00000e+00	6.72000e+01	8.67118e-01	6.48111e+00	2.93000e+00	6.41630e+00	6.48112e-02	2.46874e+01	-6.52990e+00	-4.48104e-02	1.17725e+01	1.64110e+01	-6.43000e+00	1.80000e+00	
monocrop	Wed Nov 05 16:59:48 CET 2025	30/9/2000	30	9	2000	274	2000	7.88000e+00	2.20400e+01	4.10000e+01	9.90000e+01	0.00000e+00	0.00000e+00	0.00000e+00	0.00000e+00	0.00000e+00	0.00000e+00	0.00000e+00	0.00000e+00	2.20436e+00	3.97272e+01	1.79600e+01	9.68738e+00	3.00398e+01	2.44187e+01	-8.83875e+01	-5.15916e-02	1.17206e+01	1.18956e+01	-6.44000e+00	1.00000e+00	
monocrop	Wed Nov 05 16:59:48 CET 2025	1/10/2000	1	10	2000	275	2000	8.55000e+00	2.25200e+01	4.00000e+01	9.90000e+01	0.00000e+00	0.00000e+00	0.00000e+00	0.00000e+00	0.00000e+00	0.00000e+00	0.00000e+00	0.00000e+00	2.18357e+00	3.57456e+01	1.61600e+01	1.17999e+01	2.39457e+01	2.41501e+01	-8.01847e+01	-5.83639e-02	1.16687e+01	1.22553e+01	-6.44000e+00	1.20000e+00	
monocrop	Wed Nov 05 16:59:48 CET 2025	2/10/2000	2	10	2000	276	2000	1.22300e+01	2.02200e+01	3.60000e+01	7.70000e+01	0.00000e+00	0.00000e+00	0.00000e+00	0.00000e+00	0.00000e+00	0.00000e+00	0.00000e+00	0.00000e+00	2.96032e+00	3.68737e+01	1.66700e+01	1.07883e+01	2.60855e+01	2.38818e+01	-8.36703e+01	-6.51256e-02	1.16168e+01	1.04126e+01	-6.44000e+00	2.60000e+00	
monocrop	Wed Nov 05 16:59:48 CET 2025	3/10/2000	3	10	2000	277	2000	8.72000e+00	2.14400e+01	3.60000e+01	8.70000e+01	0.00000e+00	0.00000e+00	0.00000e+00	0.00000e+00	0.00000e+00	0.00000e+00	0.00000e+00	0.00000e+00	2.27852e+00	3.84442e+01	1.73800e+01	9.34919e+00	2.90951e+01	2.36138e+01	-8.83354e+01	-7.18748e-02	1.15650e+01	1.05322e+01	-6.44000e+00	1.30000e+00	
monocrop	Wed Nov 05 16:59:48 CET 2025	4/10/2000	4	10	2000	278	2000	5.91500e+00	2.47900e+01	3.10000e+01	9.60000e+01	0.00000e+00	0.00000e+00	0.00000e+00	0.00000e+00	0.00000e+00	0.00000e+00	0.00000e+00	0.00000e+00	1.96825e+00	3.60111e+01	1.62800e+01	1.05683e+01	2.54427e+01	2.33463e+01	-8.47551e+01	-7.86100e-02	1.15132e+01	1.10669e+01	-6.44000e+00	6.00000e-01	
monocrop	Wed Nov 05 16:59:48 CET 2025	5/10/2000	5	10	2000	279	2000	7.69000e+00	2.49700e+01	4.40000e+01	9.90000e+01	0.00000e+00	0.00000e+00	0.00000e+00	0.00000e+00	0.00000e+00	0.00000e+00	0.00000e+00	0.00000e+00	2.11755e+00	2.95521e+01	1.33600e+01	1.32234e+01	1.63286e+01	2.30793e+01	-6.94157e+01	-8.53292e-02	1.14615e+01	1.32655e+01	-6.44000e+00	1.80000e+00	
monocrop	Wed Nov 05 16:59:48 CET 2025	6/10/2000	6	10	2000	280	2000	1.10200e+01	2.09300e+01	2.90000e+01	7.30000e+01	0.00000e+00	0.00000e+00	0.00000e+00	0.00000e+00	0.00000e+00	0.00000e+00	0.00000e+00	0.00000e+00	2.48348e+00	3.72276e+01	1.68300e+01	8.96938e+00	2.82583e+01	2.28128e+01	-8.90896e+01	-9.20309e-02	1.14098e+01	9.25011e+00	-6.45000e+00	1.60000e+00	
monocrop	Wed Nov 05 16:59:48 CET 2025	7/10/2000	7	10	2000	281	2000	7.36000e+00	2.02800e+01	2.60000e+01	6.70000e+01	0.00000e+00	0.00000e+00	0.00000e+00	0.00000e+00	0.00000e+00	0.00000e+00	0.00000e+00	0.00000e+00	2.18713e+00	3.20737e+01	1.45000e+01	1.16739e+01	2.03999e+01	2.25470e+01	-7.48029e+01	-9.87132e-02	1.13582e+01	7.34005e+00	-6.45000e+00	1.40000e+00	
monocrop	Wed Nov 05 16:59:48 CET 2025	8/10/2000	8	10	2000	282	2000	5.59300e+00	2.35400e+01	3.50000e+01	7.20000e+01	0.00000e+00	0.00000e+00	0.00000e+00	0.00000e+00	0.00000e+00	0.00000e+00	0.00000e+00	0.00000e+00	2.05274e+00	3.34673e+01	1.51300e+01	1.06182e+01	2.28491e+01	2.22820e+01	-8.12844e+01	-1.05374e-01	1.13066e+01	8.86367e+00	-6.45000e+00	1.20000e+00	
monocrop	Wed Nov 05 16:59:48 CET 2025	9/10/2000	9	10	2000	283	2000	1.15000e+01	2.25900e+01	3.40000e+01	7.90000e+01	0.00000e+00	0.00000e+00	0.00000e+00	0.00000e+00	0.00000e+00	0.00000e+00	0.00000e+00	0.00000e+00	2.54724e+00	3.27373e+01	1.48000e+01	1.06778e+01	2.20596e+01	2.20179e+01	-8.17807e+01	-1.12013e-01	1.12552e+01	1.09700e+01	-6.45000e+00	2.10000e+00	
monocrop	Wed Nov 05 16:59:48 CET 2025	10/10/2000	10	10	2000	284	2000	1.14400e+01	1.99300e+01	3.60000e+01	9.80000e+01	4.80000e+00	4.80000e+00	0.00000e+00	0.00000e+00	0.00000e+00	0.00000e+00	0.00000e+00	4.80000e+00	1.98334e+00	2.86230e+01	1.29400e+01	1.22146e+01	1.64084e+01	2.17547e+01	-6.95490e+01	-1.18626e-01	1.12038e+01	1.19287e+01	-6.45000e+00	1.70000e+00	
monocrop	Wed Nov 05 16:59:48 CET 2025	11/10/2000	11	10	2000	285	2000	1.11400e+01	1.64100e+01	6.50000e+01	9.90000e+01	3.60000e+00	3.60000e+00	0.00000e+00	0.00000e+00	0.00000e+00	0.00000e+00	0.00000e+00	3.60000e+00	9.10755e-01	5.13180e+00	2.32000e+00	5.08048e+00	5.13182e-02	2.14925e+01	-5.08287e+00	-1.25213e-01	1.11525e+01	1.29059e+01	-6.45000e+00	1.00000e+00	
monocrop	Wed Nov 05 16:59:48 CET 2025	12/10/2000	12	10	2000	286	2000	1.02500e+01	1.47300e+01	9.10000e+01	9.90000e+01	2.20000e+00	2.20000e+00	0.00000e+00	0.00000e+00	0.00000e+00	0.00000e+00	0.00000e+00	2.20000e+00	5.95086e-01	6.96774e+00	3.15000e+00	6.89806e+00	6.96774e-02	2.12314e+01	-1.01157e+01	-1.31772e-01	1.11014e+01	1.37475e+01	-6.46000e+00	6.00000e-01	
monocrop	Wed Nov 05 16:59:48 CET 2025	13/10/2000	13	10	2000	287	2000	1.06300e+01	1.32900e+01	9.10000e+01	9.80000e+01	8.80000e+00	8.80000e+00	0.00000e+00	0.00000e+00	0.00000e+00	0.00000e+00	0.00000e+00	8.80000e+00	5.50635e-01	5.10968e+00	2.31000e+00	5.05858e+00	5.10969e-02	2.09715e+01	-5.31938e+00	-1.38300e-01	1.10503e+01	1.32063e+01	-6.46000e+00	6.00000e-01	
monocrop	Wed Nov 05 16:59:48 CET 2025	14/10/2000	14	10	2000	288	2000	1.11700e+01	1.53800e+01	7.90000e+01	9.90000e+01	1.32000e+01	1.32000e+01	0.00000e+00	0.00000e+00	0.00000e+00	0.00000e+00	0.00000e+00	1.32000e+01	7.66865e-01	7.10046e+00	3.21000e+00	7.09003e+00	1.04260e-02	2.07129e+01	-1.10181e+01	-1.44797e-01	1.09993e+01	1.35587e+01	-6.46000e+00	1.10000e+00	
monocrop	Wed Nov 05 16:59:48 CET 2025	15/10/2000	15	10	2000	289	2000	1.12900e+01	1.63700e+01	7.60000e+01	9.80000e+01	5.60000e+00	5.60000e+00	0.00000e+00	0.00000e+00	0.00000e+00	0.00000e+00	0.00000e+00	5.60000e+00	1.19648e+00	2.07484e+01	9.38000e+00	1.25296e+01	8.21879e+00	2.04557e+01	-4.98707e+01	-1.51260e-01	1.09485e+01	1.37419e+01	-6.46000e+00	2.00000e+00	
monocrop	Wed Nov 05 16:59:48 CET 2025	16/10/2000	16	10	2000	290	2000	1.11400e+01	1.63800e+01	7.00000e+01	9.90000e+01	4.00000e-01	4.00000e-01	0.00000e+00	0.00000e+00	0.00000e+00	0.00000e+00	0.00000e+00	4.00000e-01	9.76420e-01	1.42452e+01	6.44000e+00	1.11902e+01	3.05496e+00	2.02000e+01	-3.20048e+01	-1.57687e-01	1.08979e+01	1.32864e+01	-6.35000e+00	9.00000e-01	
monocrop	Wed Nov 05 16:59:48 CET 2025	17/10/2000	17	10	2000	291	2000	7.60000e+00	2.15100e+01	4.60000e+01	9.80000e+01	0.00000e+00	0.00000e+00	0.00000e+00	0.00000e+00	0.00000e+00	0.00000e+00	0.00000e+00	0.00000e+00	1.48115e+00	3.22949e+01	1.46000e+01	8.02271e+00	2.42722e+01	1.99458e+01	-8.75789e+01	-1.64077e-01	1.08473e+01	1.19198e+01	-6.34000e+00	1.00000e+00	
monocrop	Wed Nov 05 16:59:48 CET 2025	18/10/2000	18	10	2000	292	2000	5.06100e+00	1.95100e+01	4.70000e+01	9.90000e+01	0.00000e+00	0.00000e+00	0.00000e+00	0.00000e+00	0.00000e+00	0.00000e+00	0.00000e+00	0.00000e+00	1.19143e+00	2.99945e+01	1.35600e+01	9.14441e+00	2.08501e+01	1.96932e+01	-7.94491e+01	-1.70427e-01	1.07970e+01	1.04228e+01	-6.34000e+00	7.00000e-01	
monocrop	Wed Nov 05 16:59:48 CET 2025	19/10/2000	19	10	2000	293	2000	6.60300e+00	2.04600e+01	5.90000e+01	9.90000e+01	0.00000e+00	0.00000e+00	0.00000e+00	0.00000e+00	0.00000e+00	0.00000e+00	0.00000e+00	0.00000e+00	1.11166e+00	2.53935e+01	1.14800e+01	1.09802e+01	1.44134e+01	1.94424e+01	-6.79368e+01	-1.76736e-01	1.07468e+01	1.22382e+01	-6.34000e+00	6.00000e-01	
monocrop	Wed Nov 05 16:59:48 CET 2025	20/10/2000	20	10	2000	294	2000	9.27000e+00	1.82600e+01	9.00000e+01	9.90000e+01	2.60000e+00	2.60000e+00	0.00000e+00	0.00000e+00	0.00000e+00	0.00000e+00	0.00000e+00	2.60000e+00	6.53999e-01	7.85253e+00	3.55000e+00	7.53492e+00	3.17613e-01	1.91934e+01	-1.50279e+01	-1.83002e-01	1.06967e+01	1.48636e+01	-6.35000e+00	1.80000e+00	
monocrop	Wed Nov 05 16:59:48 CET 2025	21/10/2000	21	10	2000	295	2000	1.35200e+01	2.00800e+01	6.70000e+01	9.70000e+01	0.00000e+00	0.00000e+00	0.00000e+00	0.00000e+00	0.00000e+00	0.00000e+00	0.00000e+00	0.00000e+00	1.52855e+00	2.54157e+01	1.14900e+01	1.04615e+01	1.49542e+01	1.89463e+01	-7.18829e+01	-1.89222e-01	1.06469e+01	1.56754e+01	-6.29000e+00	2.30000e+00	
monocrop	Wed Nov 05 16:59:48 CET 2025	22/10/2000	22	10	2000	296	2000	1.18000e+01	2.16600e+01	5.50000e+01	9.90000e+01	0.00000e+00	0.00000e+00	0.00000e+00	0.00000e+00	0.00000e+00	0.00000e+00	0.00000e+00	0.00000e+00	1.30913e+00	2.58138e+01	1.16700e+01	1.00356e+01	1.57782e+01	1.87012e+01	-7.47871e+01	-1.95396e-01	1.05973e+01	1.46543e+01	-6.30000e+00	8.00000e-01	
monocrop	Wed Nov 05 16:59:48 CET 2025	23/10/2000	23	10	2000	297	2000	1.20500e+01	1.60700e+01	8.90000e+01	9.90000e+01	8.00000e-01	8.00000e-01	0.00000e+00	0.00000e+00	0.00000e+00	0.00000e+00	0.00000e+00	8.00000e-01	5.37055e-01	5.19816e+00	2.35000e+00	5.14617e+00	5.19814e-02	1.84582e+01	-7.56079e+00	-2.01521e-01	1.05479e+01	1.50710e+01	-6.30000e+00	4.00000e-01	
monocrop	Wed Nov 05 16:59:48 CET 2025	24/10/2000	24	10	2000	298	2000	9.53000e+00	2.06600e+01	6.60000e+01	9.90000e+01	0.00000e+00	0.00000e+00	0.00000e+00	0.00000e+00	0.00000e+00	0.00000e+00	0.00000e+00	0.00000e+00	9.82893e-01	2.17659e+01	9.84000e+00	1.08353e+01	1.09306e+01	1.82174e+01	-6.22992e+01	-2.07595e-01	1.04987e+01	1.41422e+01	-6.30000e+00	5.00000e-01	
monocrop	Wed Nov 05 16:59:48 CET 2025	25/10/2000	25	10	2000	299	2000	8.97000e+00	1.81500e+01	7.50000e+01	9.90000e+01	2.00000e-01	2.00000e-01	0.00000e+00	0.00000e+00	0.00000e+00	0.00000e+00	0.00000e+00	2.00000e-01	8.24461e-01	2.15889e+01	9.76000e+00	1.06710e+01	1.09180e+01	1.79788e+01	-6.10789e+01	-2.13617e-01	1.04498e+01	1.35026e+01	-6.31000e+00	5.00000e-01	
monocrop	Wed Nov 05 16:59:48 CET 2025	26/10/2000	26	10	2000	300	2000	8.95000e+00	2.16000e+01	5.40000e+01	9.90000e+01	0.00000e+00	0.00000e+00	0.00000e+00	0.00000e+00	0.00000e+00	0.00000e+00	0.00000e+00	0.00000e+00	1.03231e+00	1.86249e+01	8.42000e+00	1.08595e+01	7.76536e+00	1.77426e+01	-5.39657e+01	-2.19584e-01	1.04011e+01	1.32664e+01	-6.31000e+00	7.00000e-01	
monocrop	Wed Nov 05 16:59:48 CET 2025	27/10/2000	27	10	2000	301	2000	6.83400e+00	2.26600e+01	3.80000e+01	9.80000e+01	0.00000e+00	0.00000e+00	0.00000e+00	0.00000e+00	0.00000e+00	0.00000e+00	0.00000e+00	0.00000e+00	1.20465e+00	2.69419e+01	1.21800e+01	7.96546e+00	1.89765e+01	1.75088e+01	-8.35084e+01	-2.25494e-01	1.03528e+01	1.13981e+01	-6.31000e+00	1.10000e+00	
monocrop	Wed Nov 05 16:59:48 CET 2025	28/10/2000	28	10	2000	302	2000	4.54900e+00	1.94800e+01	6.50000e+01	9.90000e+01	4.00000e-01	4.00000e-01	0.00000e+00	0.00000e+00	0.00000e+00	0.00000e+00	0.00000e+00	4.00000e-01	7.97456e-01	2.43539e+01	1.10100e+01	9.04945e+00	1.53045e+01	1.72775e+01	-7.27893e+01	-2.31346e-01	1.03046e+01	1.15007e+01	-6.32000e+00	9.00000e-01	
monocrop	Wed Nov 05 16:59:48 CET 2025	29/10/2000	29	10	2000	303	2000	1.07300e+01	1.92600e+01	5.30000e+01	9.90000e+01	0.00000e+00	0.00000e+00	0.00000e+00	0.00000e+00	0.00000e+00	0.00000e+00	0.00000e+00	0.00000e+00	9.38662e-01	1.90009e+01	8.59000e+00	1.03555e+01	8.64545e+00	1.70488e+01	-5.70688e+01	-2.37137e-01	1.02568e+01	1.29444e+01	-6.32000e+00	6.00000e-01	
monocrop	Wed Nov 05 16:59:48 CET 2025	30/10/2000	30	10	2000	304	2000	6.98500e+00	1.82200e+01	8.30000e+01	9.90000e+01	1.40000e+00	1.40000e+00	0.00000e+00	0.00000e+00	0.00000e+00	0.00000e+00	0.00000e+00	1.40000e+00	6.11766e-01	1.09051e+01	4.93000e+00	8.93158e+00	1.97349e+00	1.68228e+01	-2.87275e+01	-2.42866e-01	1.02094e+01	1.32663e+01	-6.32000e+00	1.10000e+00	
monocrop	Wed Nov 05 16:59:48 CET 2025	31/10/2000	31	10	2000	305	2000	8.30000e+00	1.59700e+01	5.40000e+01	9.50000e+01	1.00000e+00	1.00000e+00	0.00000e+00	0.00000e+00	0.00000e+00	0.00000e+00	0.00000e+00	1.00000e+00	1.05282e+00	1.43779e+01	6.50000e+00	9.93443e+00	4.44345e+00	1.65996e+01	-4.06969e+01	-2.48530e-01	1.01622e+01	1.05321e+01	-6.33000e+00	1.80000e+00	
monocrop	Wed Nov 05 16:59:48 CET 2025	1/11/2000	1	11	2000	306	2000	6.07900e+00	1.75900e+01	5.30000e+01	9.80000e+01	0.00000e+00	0.00000e+00	0.00000e+00	0.00000e+00	0.00000e+00	0.00000e+00	0.00000e+00	0.00000e+00	7.66023e-01	2.52608e+01	1.14200e+01	7.41686e+00	1.78440e+01	1.63793e+01	-7.95776e+01	-2.54128e-01	1.01154e+01	1.04640e+01	-6.33000e+00	1.00000e+00	
monocrop	Wed Nov 05 16:59:48 CET 2025	2/11/2000	2	11	2000	307	2000	7.03000e+00	1.49300e+01	7.60000e+01	9.90000e+01	2.00000e-01	2.00000e-01	0.00000e+00	0.00000e+00	0.00000e+00	0.00000e+00	0.00000e+00	2.00000e-01	5.53735e-01	7.10046e+00	3.21000e+00	6.68721e+00	4.13249e-01	1.61619e+01	-1.62568e+01	-2.59658e-01	1.00690e+01	1.14597e+01	-6.33000e+00	5.00000e-01	
monocrop	Wed Nov 05 16:59:48 CET 2025	3/11/2000	3	11	2000	308	2000	8.24000e+00	1.62700e+01	4.70000e+01	9.90000e+01	0.00000e+00	0.00000e+00	0.00000e+00	0.00000e+00	0.00000e+00	0.00000e+00	0.00000e+00	0.00000e+00	1.11844e+00	1.32055e+01	5.97000e+00	9.42004e+00	3.78549e+00	1.59475e+01	-3.86358e+01	-2.65117e-01	1.00229e+01	1.04019e+01	-6.33000e+00	2.10000e+00	
monocrop	Wed Nov 05 16:59:48 CET 2025	4/11/2000	4	11	2000	309	2000	5.22200e+00	1.48700e+01	5.20000e+01	8.90000e+01	0.00000e+00	0.00000e+00	0.00000e+00	0.00000e+00	0.00000e+00	0.00000e+00	0.00000e+00	0.00000e+00	9.38220e-01	1.74304e+01	7.88000e+00	9.56959e+00	7.86082e+00	1.57362e+01	-5.31820e+01	-2.70504e-01	9.97731e+00	8.67543e+00	-6.34000e+00	1.80000e+00	
monocrop	Wed Nov 05 16:59:48 CET 2025	5/11/2000	5	11	2000	310	2000	2.30000e-01	1.51700e+01	6.20000e+01	9.90000e+01	4.80000e+00	4.80000e+00	0.00000e+00	0.00000e+00	0.00000e+00	0.00000e+00	0.00000e+00	4.80000e+00	6.73395e-01	1.09051e+01	4.93000e+00	8.58517e+00	2.31990e+00	1.55281e+01	-3.02072e+01	-2.75817e-01	9.93211e+00	8.45331e+00	-6.34000e+00	1.60000e+00	
monocrop	Wed Nov 05 16:59:48 CET 2025	6/11/2000	6	11	2000	311	2000	7.49000e+00	1.70600e+01	5.40000e+01	9.70000e+01	3.60000e+00	3.60000e+00	0.00000e+00	0.00000e+00	0.00000e+00	0.00000e+00	0.00000e+00	3.60000e+00	9.78793e-01	1.49088e+01	6.74000e+00	9.36552e+00	5.54323e+00	1.53233e+01	-4.70974e+01	-2.81054e-01	9.88735e+00	1.07723e+01	-6.34000e+00	2.10000e+00	
monocrop	Wed Nov 05 16:59:48 CET 2025	7/11/2000	7	11	2000	312	2000	6.89000e+00	1.43300e+01	5.00000e+01	7.90000e+01	0.00000e+00	0.00000e+00	0.00000e+00	0.00000e+00	0.00000e+00	0.00000e+00	0.00000e+00	0.00000e+00	1.35329e+00	1.47318e+01	6.66000e+00	9.24342e+00	5.48837e+00	1.51217e+01	-4.58795e+01	-2.86212e-01	9.84305e+00	8.24192e+00	-6.35000e+00	2.80000e+00	
monocrop	Wed Nov 05 16:59:48 CET 2025	8/11/2000	8	11	2000	313	2000	4.02800e+00	1.40300e+01	5.40000e+01	9.90000e+01	8.00000e-01	8.00000e-01	0.00000e+00	0.00000e+00	0.00000e+00	0.00000e+00	0.00000e+00	8.00000e-01	5.06270e-01	1.76295e+01	7.97000e+00	8.91581e+00	8.71368e+00	1.49237e+01	-5.65412e+01	-2.91291e-01	9.79925e+00	8.79155e+00	-6.35000e+00	8.00000e-01	
monocrop	Wed Nov 05 16:59:48 CET 2025	9/11/2000	9	11	2000	314	2000	2.45900e+00	1.49200e+01	4.90000e+01	9.90000e+01	0.00000e+00	0.00000e+00	0.00000e+00	0.00000e+00	0.00000e+00	0.00000e+00	0.00000e+00	0.00000e+00	4.19409e-01	2.09696e+01	9.48000e+00	7.61795e+00	1.33516e+01	1.47290e+01	-6.99332e+01	-2.96287e-01	9.75595e+00	8.31128e+00	-6.35000e+00	7.00000e-01	
monocrop	Wed Nov 05 16:59:48 CET 2025	10/11/2000	10	11	2000	315	2000	-7.40000e-01	1.45800e+01	4.60000e+01	9.90000e+01	0.00000e+00	0.00000e+00	0.00000e+00	0.00000e+00	0.00000e+00	0.00000e+00	0.00000e+00	0.00000e+00	4.06786e-01	2.04166e+01	9.23000e+00	7.64899e+00	1.27676e+01	1.45380e+01	-6.77337e+01	-3.01199e-01	9.71317e+00	7.21744e+00	-6.35000e+00	9.00000e-01	
monocrop	Wed Nov 05 16:59:48 CET 2025	11/11/2000	11	11	2000	316	2000	-2.42800e+00	1.32900e+01	6.00000e+01	9.90000e+01	2.00000e-01	2.00000e-01	0.00000e+00	0.00000e+00	0.00000e+00	0.00000e+00	0.00000e+00	2.00000e-01	3.88180e-01	1.50194e+01	6.79000e+00	8.78487e+00	6.23449e+00	1.43506e+01	-4.75616e+01	-3.06025e-01	9.67096e+00	7.14081e+00	-6.36000e+00	1.00000e+00	
monocrop	Wed Nov 05 16:59:48 CET 2025	12/11/2000	12	11	2000	317	2000	1.02100e+01	1.62200e+01	8.60000e+01	9.80000e+01	2.44000e+01	2.44000e+01	0.00000e+00	0.00000e+00	0.00000e+00	0.00000e+00	0.00000e+00	2.44000e+01	6.41779e-01	2.03502e+00	9.20000e-01	2.01467e+00	2.03502e-02	1.41669e+01	3.87862e-01	-3.10764e-01	9.62931e+00	1.39609e+01	-6.36000e+00	2.90000e+00	
monocrop	Wed Nov 05 16:59:48 CET 2025	13/11/2000	13	11	2000	318	2000	1.02700e+01	1.68300e+01	7.30000e+01	9.70000e+01	3.00000e+00	3.00000e+00	0.00000e+00	0.00000e+00	0.00000e+00	0.00000e+00	0.00000e+00	3.00000e+00	7.92562e-01	3.89309e+00	1.76000e+00	3.85416e+00	3.89309e-02	1.39869e+01	-7.37324e+00	-3.15412e-01	9.58827e+00	1.31836e+01	-5.94000e+00	2.00000e+00	
monocrop	Wed Nov 05 16:59:48 CET 2025	14/11/2000	14	11	2000	319	2000	2.32000e+00	1.60100e+01	5.00000e+01	9.90000e+01	2.00000e+00	2.00000e+00	0.00000e+00	0.00000e+00	0.00000e+00	0.00000e+00	0.00000e+00	2.00000e+00	3.21576e-01	2.05272e+01	9.28000e+00	6.70177e+00	1.38254e+01	1.38108e+01	-7.41349e+01	-3.19969e-01	9.54784e+00	8.64063e+00	-5.89000e+00	8.00000e-01	
monocrop	Wed Nov 05 16:59:48 CET 2025	15/11/2000	15	11	2000	320	2000	1.63200e+00	1.25000e+01	6.60000e+01	9.90000e+01	0.00000e+00	0.00000e+00	0.00000e+00	0.00000e+00	0.00000e+00	0.00000e+00	0.00000e+00	0.00000e+00	3.67005e-01	1.01751e+01	4.60000e+00	7.74875e+00	2.42636e+00	1.36386e+01	-3.20110e+01	-3.24432e-01	9.50806e+00	8.29564e+00	-5.85000e+00	5.00000e-01	
monocrop	Wed Nov 05 16:59:48 CET 2025	16/11/2000	16	11	2000	321	2000	2.40000e-02	1.31600e+01	4.90000e+01	9.80000e+01	2.00000e-01	2.00000e-01	0.00000e+00	0.00000e+00	0.00000e+00	0.00000e+00	0.00000e+00	2.00000e-01	3.88708e-01	1.44664e+01	6.54000e+00	8.22902e+00	6.23734e+00	1.34704e+01	-4.94635e+01	-3.28799e-01	9.46896e+00	7.15385e+00	-5.87000e+00	8.00000e-01	
monocrop	Wed Nov 05 16:59:48 CET 2025	17/11/2000	17	11	2000	322	2000	2.95100e+00	1.32800e+01	3.70000e+01	8.00000e+01	0.00000e+00	0.00000e+00	0.00000e+00	0.00000e+00	0.00000e+00	0.00000e+00	0.00000e+00	0.00000e+00	9.74090e-01	2.16553e+01	9.79000e+00	5.27370e+00	1.63816e+01	1.33062e+01	-8.00200e+01	-3.33069e-01	9.43054e+00	6.31944e+00	-5.87000e+00	3.00000e+00	
monocrop	Wed Nov 05 16:59:48 CET 2025	18/11/2000	18	11	2000	323	2000	1.17000e-01	1.31900e+01	4.20000e+01	9.70000e+01	0.00000e+00	0.00000e+00	0.00000e+00	0.00000e+00	0.00000e+00	0.00000e+00	0.00000e+00	0.00000e+00	6.04467e-01	1.40240e+01	6.34000e+00	8.03638e+00	5.98759e+00	1.31461e+01	-4.91231e+01	-3.37240e-01	9.39285e+00	6.79321e+00	-5.89000e+00	1.70000e+00	
monocrop	Wed Nov 05 16:59:48 CET 2025	19/11/2000	19	11	2000	324	2000	-1.09700e+00	1.30800e+01	7.50000e+01	9.90000e+01	4.40000e+00	4.40000e+00	0.00000e+00	0.00000e+00	0.00000e+00	0.00000e+00	0.00000e+00	4.40000e+00	2.10493e-01	1.24977e+01	5.65000e+00	7.93068e+00	4.56701e+00	1.29902e+01	-4.32887e+01	-3.41310e-01	9.35590e+00	8.12410e+00	-5.90000e+00	9.00000e-01	
monocrop	Wed Nov 05 16:59:48 CET 2025	20/11/2000	20	11	2000	325	2000	3.02700e+00	1.08000e+01	8.10000e+01	9.90000e+01	4.00000e-01	4.00000e-01	0.00000e+00	0.00000e+00	0.00000e+00	0.00000e+00	0.00000e+00	4.00000e-01	4.07505e-01	3.71613e+00	1.68000e+00	3.67897e+00	3.71614e-02	1.28384e+01	-7.64937e+00	-3.45277e-01	9.31972e+00	8.95559e+00	-5.82000e+00	9.00000e-01	
monocrop	Wed Nov 05 16:59:48 CET 2025	21/11/2000	21	11	2000	326	2000	1.57400e+00	1.46900e+01	5.30000e+01	9.90000e+01	2.00000e-01	2.00000e-01	0.00000e+00	0.00000e+00	0.00000e+00	0.00000e+00	0.00000e+00	2.00000e-01	2.15342e-01	1.93327e+01	8.74000e+00	5.89097e+00	1.34417e+01	1.26909e+01	-7.50208e+01	-3.49140e-01	9.28433e+00	8.21908e+00	-5.82000e+00	1.30000e+00	
monocrop	Wed Nov 05 16:59:48 CET 2025	22/11/2000	22	11	2000	327	2000	7.46000e+00	1.47800e+01	7.40000e+01	9.30000e+01	2.00000e-01	2.00000e-01	0.00000e+00	0.00000e+00	0.00000e+00	0.00000e+00	0.00000e+00	2.00000e-01	4.70145e-01	1.13696e+01	5.14000e+00	7.58892e+00	3.78067e+00	1.25478e+01	-4.24002e+01	-3.52896e-01	9.24977e+00	1.10381e+01	-5.83000e+00	1.70000e+00	
monocrop	Wed Nov 05 16:59:48 CET 2025	23/11/2000	23	11	2000	328	2000	8.35000e+00	1.56600e+01	7.60000e+01	9.80000e+01	1.76000e+01	1.76000e+01	0.00000e+00	0.00000e+00	0.00000e+00	0.00000e+00	0.00000e+00	1.76000e+01	7.34033e-01	2.61014e+00	1.18000e+00	2.58404e+00	2.61014e-02	1.24090e+01	-3.45194e+00	-3.56544e-01	9.21606e+00	1.21943e+01	-5.84000e+00	2.50000e+00	
monocrop	Wed Nov 05 16:59:48 CET 2025	24/11/2000	24	11	2000	329	2000	1.08400e+00	1.22500e+01	4.80000e+01	9.80000e+01	0.00000e+00	0.00000e+00	0.00000e+00	0.00000e+00	0.00000e+00	0.00000e+00	0.00000e+00	0.00000e+00	2.56334e-01	1.98194e+01	8.96000e+00	4.97564e+00	1.48437e+01	1.22746e+01	-7.79471e+01	-3.60082e-01	9.18322e+00	7.14195e+00	-5.54000e+00	2.00000e+00	
monocrop	Wed Nov 05 16:59:48 CET 2025	25/11/2000	25	11	2000	330	2000	1.50000e+00	1.57300e+01	5.90000e+01	9.90000e+01	2.00000e-01	2.00000e-01	0.00000e+00	0.00000e+00	0.00000e+00	0.00000e+00	0.00000e+00	2.00000e-01	1.44614e-01	1.66783e+01	7.54000e+00	6.55292e+00	1.01254e+01	1.21447e+01	-6.75244e+01	-3.63508e-01	9.15128e+00	8.82821e+00	-5.56000e+00	1.00000e+00	
monocrop	Wed Nov 05 16:59:48 CET 2025	26/11/2000	26	11	2000	331	2000	5.89700e+00	1.46400e+01	5.00000e+01	9.90000e+01	2.60000e+00	2.60000e+00	0.00000e+00	0.00000e+00	0.00000e+00	0.00000e+00	0.00000e+00	2.60000e+00	4.82521e-01	1.47982e+01	6.69000e+00	7.05008e+00	7.74808e+00	1.20193e+01	-6.01408e+01	-3.66822e-01	9.12027e+00	9.30516e+00	-5.58000e+00	1.90000e+00	
monocrop	Wed Nov 05 16:59:48 CET 2025	27/11/2000	27	11	2000	332	2000	5.30800e+00	1.23800e+01	7.10000e+01	9.90000e+01	4.00000e-01	4.00000e-01	0.00000e+00	0.00000e+00	0.00000e+00	0.00000e+00	0.00000e+00	4.00000e-01	3.51357e-01	6.90138e+00	3.12000e+00	5.92910e+00	9.72287e-01	1.18985e+01	-2.34727e+01	-3.70021e-01	9.09021e+00	9.64705e+00	-5.55000e+00	6.00000e-01	
monocrop	Wed Nov 05 16:59:48 CET 2025	28/11/2000	28	11	2000	333	2000	3.18000e+00	1.40800e+01	7.50000e+01	9.90000e+01	2.00000e-01	2.00000e-01	0.00000e+00	0.00000e+00	0.00000e+00	0.00000e+00	0.00000e+00	2.00000e-01	8.51742e-02	1.31171e+01	5.93000e+00	7.15815e+00	5.95890e+00	1.17823e+01	-5.27320e+01	-3.73104e-01	9.06112e+00	9.73208e+00	-5.56000e+00	7.00000e-01	
monocrop	Wed Nov 05 16:59:48 CET 2025	29/11/2000	29	11	2000	334	2000	1.24000e+01	1.40600e+01	8.40000e+01	9.80000e+01	6.00000e+00	6.00000e+00	0.00000e+00	0.00000e+00	0.00000e+00	0.00000e+00	0.00000e+00	6.00000e+00	5.91536e-01	1.39355e+00	6.30000e-01	1.37961e+00	1.39354e-02	1.16707e+01	1.71100e+00	-3.76069e-01	9.03304e+00	1.38227e+01	-5.58000e+00	2.00000e+00	
monocrop	Wed Nov 05 16:59:48 CET 2025	30/11/2000	30	11	2000	335	2000	1.15300e+01	1.37500e+01	9.50000e+01	9.80000e+01	2.80000e+00	2.80000e+00	0.00000e+00	0.00000e+00	0.00000e+00	0.00000e+00	0.00000e+00	2.80000e+00	3.06668e-01	3.67189e+00	1.66000e+00	3.63517e+00	3.67188e-02	1.15638e+01	-9.49784e+00	-3.78915e-01	9.00599e+00	1.41028e+01	-5.48000e+00	1.00000e+00	
monocrop	Wed Nov 05 16:59:48 CET 2025	1/12/2000	1	12	2000	336	2000	1.13600e+01	1.54400e+01	8.50000e+01	9.90000e+01	0.00000e+00	0.00000e+00	0.00000e+00	0.00000e+00	0.00000e+00	0.00000e+00	0.00000e+00	0.00000e+00	3.53415e-01	8.89217e+00	4.02000e+00	6.61617e+00	2.27599e+00	1.14617e+01	-3.58607e+01	-3.81640e-01	8.97999e+00	1.41305e+01	-5.45000e+00	2.50000e+00	
monocrop	Wed Nov 05 16:59:48 CET 2025	2/12/2000	2	12	2000	337	2000	8.49000e+00	1.58600e+01	7.80000e+01	9.80000e+01	4.00000e+00	4.00000e+00	0.00000e+00	0.00000e+00	0.00000e+00	0.00000e+00	0.00000e+00	4.00000e+00	3.38786e-01	1.04406e+01	4.72000e+00	6.89141e+00	3.54915e+00	1.13643e+01	-4.37347e+01	-3.84244e-01	8.95506e+00	1.24734e+01	-5.48000e+00	2.10000e+00	
monocrop	Wed Nov 05 16:59:48 CET 2025	3/12/2000	3	12	2000	338	2000	6.44000e-01	1.61800e+01	4.60000e+01	9.90000e+01	2.00000e-01	2.00000e-01	0.00000e+00	0.00000e+00	0.00000e+00	0.00000e+00	0.00000e+00	2.00000e-01	0.00000e+00	1.76074e+01	7.96000e+00	4.96428e+00	1.26431e+01	1.12716e+01	-7.80356e+01	-3.86724e-01	8.93124e+00	7.99111e+00	-5.42000e+00	7.00000e-01	
monocrop	Wed Nov 05 16:59:48 CET 2025	4/12/2000	4	12	2000	339	2000	-4.29000e-01	1.40500e+01	6.70000e+01	9.90000e+01	2.00000e-01	2.00000e-01	0.00000e+00	0.00000e+00	0.00000e+00	0.00000e+00	0.00000e+00	2.00000e-01	0.00000e+00	1.51963e+01	6.87000e+00	6.10036e+00	9.09595e+00	1.11838e+01	-6.51573e+01	-3.89080e-01	8.90854e+00	8.20081e+00	-5.44000e+00	7.00000e-01	
monocrop	Wed Nov 05 16:59:48 CET 2025	5/12/2000	5	12	2000	340	2000	9.83000e+00	1.44000e+01	9.00000e+01	9.60000e+01	4.00000e-01	4.00000e-01	0.00000e+00	0.00000e+00	0.00000e+00	0.00000e+00	0.00000e+00	4.00000e-01	3.87594e-01	4.22488e+00	1.91000e+00	4.12486e+00	1.00027e-01	1.11009e+01	-1.30479e+01	-3.91309e-01	8.88698e+00	1.31302e+01	-5.47000e+00	1.80000e+00	
monocrop	Wed Nov 05 16:59:48 CET 2025	6/12/2000	6	12	2000	341	2000	1.37500e+01	1.49400e+01	9.10000e+01	9.80000e+01	9.60000e+00	9.60000e+00	0.00000e+00	0.00000e+00	0.00000e+00	0.00000e+00	0.00000e+00	9.60000e+00	4.95607e-01	2.18986e+00	9.90000e-01	2.16796e+00	2.18985e-02	1.10228e+01	-2.77017e+00	-3.93412e-01	8.86660e+00	1.54337e+01	-5.48000e+00	3.00000e+00	
monocrop	Wed Nov 05 16:59:48 CET 2025	7/12/2000	7	12	2000	342	2000	1.44300e+01	1.59300e+01	8.90000e+01	9.70000e+01	6.20000e+00	6.20000e+00	0.00000e+00	0.00000e+00	0.00000e+00	0.00000e+00	0.00000e+00	6.20000e+00	6.02011e-01	2.32258e+00	1.05000e+00	2.29935e+00	2.32258e-02	1.09497e+01	-3.53843e+00	-3.95387e-01	8.84740e+00	1.60295e+01	-5.33000e+00	3.60000e+00	
monocrop	Wed Nov 05 16:59:48 CET 2025	8/12/2000	8	12	2000	343	2000	1.22900e+01	1.60900e+01	8.30000e+01	9.90000e+01	0.00000e+00	0.00000e+00	0.00000e+00	0.00000e+00	0.00000e+00	0.00000e+00	0.00000e+00	0.00000e+00	4.02321e-01	6.25991e+00	2.83000e+00	5.39543e+00	8.64475e-01	1.08815e+01	-2.45848e+01	-3.97233e-01	8.82941e+00	1.47136e+01	-5.24000e+00	1.90000e+00	
monocrop	Wed Nov 05 16:59:48 CET 2025	9/12/2000	9	12	2000	344	2000	2.86700e+00	1.57300e+01	7.10000e+01	9.90000e+01	2.00000e-01	2.00000e-01	0.00000e+00	0.00000e+00	0.00000e+00	0.00000e+00	0.00000e+00	2.00000e-01	1.64199e-01	9.02488e+00	4.08000e+00	6.40511e+00	2.61977e+00	1.08182e+01	-3.80589e+01	-3.98948e-01	8.81264e+00	9.94755e+00	-5.28000e+00	5.00000e-01	
monocrop	Wed Nov 05 16:59:48 CET 2025	10/12/2000	10	12	2000	345	2000	1.23800e+00	1.46100e+01	7.30000e+01	9.90000e+01	0.00000e+00	0.00000e+00	0.00000e+00	0.00000e+00	0.00000e+00	0.00000e+00	0.00000e+00	0.00000e+00	0.00000e+00	1.38912e+01	6.28000e+00	6.12967e+00	7.76157e+00	1.07600e+01	-6.22910e+01	-4.00533e-01	8.79712e+00	9.16982e+00	-5.31000e+00	7.00000e-01	
monocrop	Wed Nov 05 16:59:48 CET 2025	11/12/2000	11	12	2000	346	2000	5.22000e-01	1.40700e+01	6.00000e+01	9.90000e+01	4.00000e-01	4.00000e-01	0.00000e+00	0.00000e+00	0.00000e+00	0.00000e+00	0.00000e+00	4.00000e-01	0.00000e+00	1.28737e+01	5.82000e+00	6.35113e+00	6.52261e+00	1.07067e+01	-5.70039e+01	-4.01986e-01	8.78286e+00	8.12095e+00	-5.34000e+00	5.00000e-01	
monocrop	Wed Nov 05 16:59:48 CET 2025	12/12/2000	12	12	2000	347	2000	3.08300e+00	1.17700e+01	8.20000e+01	9.90000e+01	0.00000e+00	0.00000e+00	0.00000e+00	0.00000e+00	0.00000e+00	0.00000e+00	0.00000e+00	0.00000e+00	2.99186e-01	3.89309e+00	1.76000e+00	3.83599e+00	5.70927e-02	1.06585e+01	-1.17300e+01	-4.03306e-01	8.76988e+00	9.32752e+00	-5.37000e+00	6.00000e-01	
monocrop	Wed Nov 05 16:59:48 CET 2025	13/12/2000	13	12	2000	348	2000	3.96400e+00	1.56000e+01	6.60000e+01	9.90000e+01	0.00000e+00	0.00000e+00	0.00000e+00	0.00000e+00	0.00000e+00	0.00000e+00	0.00000e+00	0.00000e+00	2.61964e-01	8.80369e+00	3.98000e+00	6.27341e+00	2.53028e+00	1.06153e+01	-3.79055e+01	-4.04492e-01	8.75819e+00	9.97401e+00	-5.40000e+00	1.00000e+00	
monocrop	Wed Nov 05 16:59:48 CET 2025	14/12/2000	14	12	2000	349	2000	3.54700e+00	1.19400e+01	7.40000e+01	9.90000e+01	0.00000e+00	0.00000e+00	0.00000e+00	0.00000e+00	0.00000e+00	0.00000e+00	0.00000e+00	0.00000e+00	2.59892e-01	5.77327e+00	2.61000e+00	5.07594e+00	6.97336e-01	1.05771e+01	-2.14145e+01	-4.05544e-01	8.74781e+00	9.11036e+00	-5.43000e+00	5.00000e-01	
monocrop	Wed Nov 05 16:59:48 CET 2025	15/12/2000	15	12	2000	350	2000	5.07100e+00	1.25200e+01	4.60000e+01	8.10000e+01	0.00000e+00	0.00000e+00	0.00000e+00	0.00000e+00	0.00000e+00	0.00000e+00	0.00000e+00	0.00000e+00	6.11585e-01	1.39134e+01	6.29000e+00	5.90609e+00	8.00727e+00	1.05440e+01	-6.35324e+01	-4.06462e-01	8.73874e+00	7.18332e+00	-5.46000e+00	2.50000e+00	
monocrop	Wed Nov 05 16:59:48 CET 2025	16/12/2000	16	12	2000	351	2000	1.22800e+00	1.15800e+01	4.10000e+01	8.90000e+01	0.00000e+00	0.00000e+00	0.00000e+00	0.00000e+00	0.00000e+00	0.00000e+00	0.00000e+00	0.00000e+00	1.62995e-01	1.72756e+01	7.81000e+00	4.05152e+00	1.32241e+01	1.05160e+01	-7.90196e+01	-4.07245e-01	8.73100e+00	6.24512e+00	-5.49000e+00	2.00000e+00	
monocrop	Wed Nov 05 16:59:48 CET 2025	17/12/2000	17	12	2000	352	2000	3.18000e+00	1.26100e+01	6.60000e+01	9.90000e+01	0.00000e+00	0.00000e+00	0.00000e+00	0.00000e+00	0.00000e+00	0.00000e+00	0.00000e+00	0.00000e+00	7.12413e-02	1.11705e+01	5.05000e+00	6.41582e+00	4.75469e+00	1.04931e+01	-4.93970e+01	-4.07891e-01	8.72459e+00	8.77927e+00	-5.52000e+00	9.00000e-01	
monocrop	Wed Nov 05 16:59:48 CET 2025	18/12/2000	18	12	2000	353	2000	5.69000e-01	1.44300e+01	5.20000e+01	9.90000e+01	2.00000e-01	2.00000e-01	0.00000e+00	0.00000e+00	0.00000e+00	0.00000e+00	0.00000e+00	2.00000e-01	0.00000e+00	1.57051e+01	7.10000e+00	5.00810e+00	1.06970e+01	1.04754e+01	-7.33059e+01	-4.08402e-01	8.71953e+00	7.82045e+00	-5.55000e+00	6.00000e-01	
monocrop	Wed Nov 05 16:59:48 CET 2025	19/12/2000	19	12	2000	354	2000	-5.14000e-01	1.30700e+01	6.10000e+01	9.90000e+01	0.00000e+00	0.00000e+00	0.00000e+00	0.00000e+00	0.00000e+00	0.00000e+00	0.00000e+00	0.00000e+00	3.03419e-02	1.13032e+01	5.11000e+00	6.38719e+00	4.91604e+00	1.04627e+01	-4.97333e+01	-4.08776e-01	8.71582e+00	7.61979e+00	-5.56000e+00	6.00000e-01	
monocrop	Wed Nov 05 16:59:48 CET 2025	20/12/2000	20	12	2000	355	2000	8.39000e+00	1.34400e+01	7.70000e+01	9.40000e+01	2.00000e-01	2.00000e-01	0.00000e+00	0.00000e+00	0.00000e+00	0.00000e+00	0.00000e+00	2.00000e-01	3.52380e-01	7.25530e+00	3.28000e+00	5.74737e+00	1.50793e+00	1.04551e+01	-3.02804e+01	-4.09013e-01	8.71346e+00	1.11495e+01	-5.59000e+00	1.50000e+00	
monocrop	Wed Nov 05 16:59:48 CET 2025	21/12/2000	21	12	2000	356	2000	9.64000e+00	1.23000e+01	7.10000e+01	8.90000e+01	0.00000e+00	0.00000e+00	0.00000e+00	0.00000e+00	0.00000e+00	0.00000e+00	0.00000e+00	0.00000e+00	4.92596e-01	4.49032e+00	2.03000e+00	4.25471e+00	2.35610e-01	1.04527e+01	-1.55447e+01	-4.09114e-01	8.71246e+00	1.04705e+01	-5.61000e+00	6.00000e-01	
monocrop	Wed Nov 05 16:59:48 CET 2025	22/12/2000	22	12	2000	357	2000	9.08000e+00	1.23600e+01	4.50000e+01	7.90000e+01	0.00000e+00	0.00000e+00	0.00000e+00	0.00000e+00	0.00000e+00	0.00000e+00	0.00000e+00	0.00000e+00	1.00338e+00	7.14470e+00	3.23000e+00	5.70426e+00	1.44044e+00	1.04554e+01	-2.94801e+01	-4.09078e-01	8.71283e+00	7.98076e+00	-5.63000e+00	1.90000e+00	
monocrop	Wed Nov 05 16:59:48 CET 2025	23/12/2000	23	12	2000	358	2000	5.86100e+00	9.96000e+00	4.60000e+01	9.80000e+01	1.52000e+01	1.52000e+01	0.00000e+00	0.00000e+00	0.00000e+00	0.00000e+00	0.00000e+00	1.52000e+01	7.78790e-01	3.91521e+00	1.77000e+00	3.83725e+00	7.79614e-02	1.04633e+01	-1.21475e+01	-4.08904e-01	8.71455e+00	7.67000e+00	-5.65000e+00	1.50000e+00	
monocrop	Wed Nov 05 16:59:48 CET 2025	24/12/2000	24	12	2000	359	2000	7.12000e+00	1.22700e+01	9.70000e+01	9.90000e+01	7.28000e+01	7.28000e+01	0.00000e+00	0.00000e+00	0.00000e+00	0.00000e+00	0.00000e+00	7.28000e+01	3.20373e-01	1.52627e+00	6.90000e-01	1.51100e+00	1.52627e-02	1.04762e+01	5.20236e-02	-4.08594e-01	8.71763e+00	1.17789e+01	-5.39000e+00	2.50000e+00	
monocrop	Wed Nov 05 16:59:48 CET 2025	25/12/2000	25	12	2000	360	2000	3.09400e+00	1.46000e+01	7.20000e+01	9.90000e+01	2.60000e+00	2.60000e+00	0.00000e+00	0.00000e+00	0.00000e+00	0.00000e+00	0.00000e+00	2.60000e+00	0.00000e+00	1.22765e+01	5.55000e+00	6.29155e+00	5.98494e+00	1.04944e+01	-5.61123e+01	-4.08146e-01	8.72206e+00	9.70577e+00	-4.31000e+00	9.00000e-01	
monocrop	Wed Nov 05 16:59:48 CET 2025	26/12/2000	26	12	2000	361	2000	4.99000e+00	1.35900e+01	7.80000e+01	9.90000e+01	2.00000e-01	2.00000e-01	0.00000e+00	0.00000e+00	0.00000e+00	0.00000e+00	0.00000e+00	2.00000e-01	0.00000e+00	1.63244e+01	7.38000e+00	4.69843e+00	1.16260e+01	1.05176e+01	-7.69117e+01	-4.07563e-01	8.72785e+00	1.03512e+01	-4.36000e+00	7.00000e-01	
monocrop	Wed Nov 05 16:59:48 CET 2025	27/12/2000	27	12	2000	362	2000	8.06000e+00	1.32700e+01	6.20000e+01	9.80000e+01	0.00000e+00	0.00000e+00	0.00000e+00	0.00000e+00	0.00000e+00	0.00000e+00	0.00000e+00	0.00000e+00	5.17070e-01	6.30415e+00	2.85000e+00	5.35022e+00	9.53929e-01	1.05460e+01	-2.48803e+01	-4.06842e-01	8.73498e+00	1.02601e+01	-4.46000e+00	1.40000e+00	
monocrop	Wed Nov 05 16:59:48 CET 2025	28/12/2000	28	12	2000	363	2000	3.95300e+00	1.04600e+01	4.30000e+01	8.80000e+01	2.00000e-01	2.00000e-01	0.00000e+00	0.00000e+00	0.00000e+00	0.00000e+00	0.00000e+00	2.00000e-01	4.97682e-01	1.45991e+01	6.60000e+00	5.67904e+00	8.92004e+00	1.05795e+01	-6.51590e+01	-4.05986e-01	8.74345e+00	6.64997e+00	-4.55000e+00	2.60000e+00	
monocrop	Wed Nov 05 16:59:48 CET 2025	29/12/2000	29	12	2000	364	2000	2.78200e+00	1.00700e+01	5.10000e+01	9.80000e+01	6.00000e-01	6.00000e-01	0.00000e+00	0.00000e+00	0.00000e+00	0.00000e+00	0.00000e+00	6.00000e-01	5.29052e-03	1.69217e+01	7.65000e+00	4.45715e+00	1.24645e+01	1.06182e+01	-7.57634e+01	-4.04994e-01	8.75324e+00	7.16873e+00	-4.63000e+00	1.80000e+00	
monocrop	Wed Nov 05 16:59:48 CET 2025	30/12/2000	30	12	2000	365	2000	2.63200e+00	6.36900e+00	3.40000e+01	9.80000e+01	6.00000e+00	6.00000e+00	0.00000e+00	0.00000e+00	0.00000e+00	0.00000e+00	0.00000e+00	6.00000e+00	7.10114e-01	3.49493e+00	1.58000e+00	3.45998e+00	3.49493e-02	1.06619e+01	-9.39096e+00	-4.03866e-01	8.76436e+00	5.55571e+00	-4.70000e+00	9.00000e-01	
monocrop	Wed Nov 05 16:59:48 CET 2025	31/12/2000	31	12	2000	366	2000	-2.89000e+00	1.05700e+01	2.90000e+01	9.70000e+01	0.00000e+00	0.00000e+00	0.00000e+00	0.00000e+00	0.00000e+00	0.00000e+00	0.00000e+00	0.00000e+00	0.00000e+00	1.77180e+01	8.01000e+00	4.03626e+00	1.36817e+01	1.07108e+01	-7.74776e+01	-4.02605e-01	8.77678e+00	5.06291e+00	-4.65000e+00	1.10000e+00	
