SimulationName	SimulationDate	Date	Day	Month	Year	JulianDay	idZone	idCell	idVoxel	x	y	z	thickness	volume	bulkDensity	fieldCapacity	wiltingPoint	waterStock	theta	isSaturated	waterPotentialTheta	nitrogenNh4Stock	nitrogenNo3Stock	cropRootsDensity	cropWaterUptake	cropNitrogenUptake	colonisationDirection	treeRootsDensity	treeRootsDensitySen	totalTreeRootsDensity	totalTreeRootsDensitySen	treeWaterUptake	totalTreeWaterUptake	treeNitrogenUptake	totalTreeNitrogenUptake	mineralNitrogenStock	cumulatedTreeNitrogenRootsSen	treeDeepRootsMineralisation	nitrogenAvailableForBoth	nitrogenAvailableForTrees	nitrogenAvailableForCrops	saturationDuration	treeRootsAgeInWater	totalTreeCarbonFineRoots	totalTreeCarbonCoarseRoots	totalTreeNitrogenFineRoots	totalTreeNitrogenCoarseRoots	totalTreeCarbonFineRootsSen	totalTreeCarbonCoarseRootsSen	totalTreeNitrogenFineRootsSen	totalTreeNitrogenCoarseRootsSen	totalTreeCarbonCoarseRootsTarget	totalTreeCarbonCoarseRootsImbalance	surfaceCarbonResidues	deepCarbonResidues	rootCarbonResidues	surfaceNitrogenResidues	deepNitrogenResidues	rootNitrogenResidues	treeRootsDensity	treeCarbonFineRoots	treeCarbonCoarseRoots	treeNitrogenFineRoots	treeNitrogenCoarseRoots	
monocrop	Thu Nov 20 13:21:01 CET 2025	28/1/2020	28	1	2020	28	1	1	1	5.0000000000000000e-01	5.0000000000000000e-01	2.0000000000000000e-01	4.0000000000000000e-01	4.0000000000000000e-01	1.4589606874013206e+00	2.5098248317331856e-01	1.0526950743019908e-01	9.9919521808624280e+01	2.4979880452156070e-01	Non	-3.2340367408050980e+02	1.5959894657135010e-01	2.0249765396118162e+00	0.0000000000000000e+00	0.0000000000000000e+00	0.0000000000000000e+00	error!	error!	error!	0.0000000000000000e+00	0.0000000000000000e+00	error!	0.0000000000000000e+00	error!	0.0000000000000000e+00	2.1845754861831663e+00	0.0000000000000000e+00	0.0000000000000000e+00	0.0000000000000000e+00	0.0000000000000000e+00	0.0000000000000000e+00	0	error!	0.0000000000000000e+00	0.0000000000000000e+00	0.0000000000000000e+00	0.0000000000000000e+00	0.0000000000000000e+00	0.0000000000000000e+00	0.0000000000000000e+00	0.0000000000000000e+00	0.0000000000000000e+00	0.0000000000000000e+00	0.00000e+00	0.00000e+00	0.00000e+00	0.00000e+00	0.00000e+00	0.00000e+00	error!	error!	error!	error!	error!	
monocrop	Thu Nov 20 13:21:01 CET 2025	28/1/2020	28	1	2020	28	1	1	2	5.0000000000000000e-01	5.0000000000000000e-01	6.0000000000000000e-01	4.0000000000000000e-01	4.0000000000000000e-01	1.4309090397266921e+00	3.0168622702993400e-01	1.5880384316758975e-01	1.2067314386367799e+02	3.0168285965919495e-01	Non	-3.1625061752086850e+02	0.0000000000000000e+00	2.2199048995971680e+00	0.0000000000000000e+00	0.0000000000000000e+00	0.0000000000000000e+00	error!	error!	error!	0.0000000000000000e+00	0.0000000000000000e+00	error!	0.0000000000000000e+00	error!	0.0000000000000000e+00	2.2199048995971680e+00	0.0000000000000000e+00	0.0000000000000000e+00	0.0000000000000000e+00	0.0000000000000000e+00	0.0000000000000000e+00	0	error!	0.0000000000000000e+00	0.0000000000000000e+00	0.0000000000000000e+00	0.0000000000000000e+00	0.0000000000000000e+00	0.0000000000000000e+00	0.0000000000000000e+00	0.0000000000000000e+00	0.0000000000000000e+00	0.0000000000000000e+00	0.00000e+00	0.00000e+00	0.00000e+00	0.00000e+00	0.00000e+00	0.00000e+00	error!	error!	error!	error!	error!	
monocrop	Thu Nov 20 13:21:01 CET 2025	28/1/2020	28	1	2020	28	1	1	3	5.0000000000000000e-01	5.0000000000000000e-01	1.0000000000000000e+00	4.0000000000000000e-01	4.0000000000000000e-01	1.3849533251186568e+00	3.4488479580833220e-01	2.0168833097530822e-01	1.3795388936996460e+02	3.4488472342491150e-01	Non	-3.1622829067263370e+02	0.0000000000000000e+00	9.4415216445922860e-01	0.0000000000000000e+00	0.0000000000000000e+00	0.0000000000000000e+00	error!	error!	error!	0.0000000000000000e+00	0.0000000000000000e+00	error!	0.0000000000000000e+00	error!	0.0000000000000000e+00	9.4415216445922860e-01	0.0000000000000000e+00	0.0000000000000000e+00	0.0000000000000000e+00	0.0000000000000000e+00	0.0000000000000000e+00	0	error!	0.0000000000000000e+00	0.0000000000000000e+00	0.0000000000000000e+00	0.0000000000000000e+00	0.0000000000000000e+00	0.0000000000000000e+00	0.0000000000000000e+00	0.0000000000000000e+00	0.0000000000000000e+00	0.0000000000000000e+00	0.00000e+00	0.00000e+00	0.00000e+00	0.00000e+00	0.00000e+00	0.00000e+00	error!	error!	error!	error!	error!	
monocrop	Thu Nov 20 13:21:01 CET 2025	28/1/2020	28	1	2020	28	1	1	4	5.0000000000000000e-01	5.0000000000000000e-01	1.4000000000000000e+00	4.0000000000000000e-01	4.0000000000000000e-01	1.3647856352403296e+00	3.6061863755992930e-01	2.1790127088065417e-01	1.4423083066940310e+02	3.6057707667350775e-01	Non	-3.1653747685226410e+02	0.0000000000000000e+00	3.1857967376708984e-01	0.0000000000000000e+00	0.0000000000000000e+00	0.0000000000000000e+00	error!	error!	error!	0.0000000000000000e+00	0.0000000000000000e+00	error!	0.0000000000000000e+00	error!	0.0000000000000000e+00	3.1857967376708984e-01	0.0000000000000000e+00	0.0000000000000000e+00	0.0000000000000000e+00	0.0000000000000000e+00	0.0000000000000000e+00	0	error!	0.0000000000000000e+00	0.0000000000000000e+00	0.0000000000000000e+00	0.0000000000000000e+00	0.0000000000000000e+00	0.0000000000000000e+00	0.0000000000000000e+00	0.0000000000000000e+00	0.0000000000000000e+00	0.0000000000000000e+00	0.00000e+00	0.00000e+00	0.00000e+00	0.00000e+00	0.00000e+00	0.00000e+00	error!	error!	error!	error!	error!	
monocrop	Thu Nov 20 13:21:01 CET 2025	28/1/2020	28	1	2020	28	1	1	5	5.0000000000000000e-01	5.0000000000000000e-01	1.8000000000000000e+00	4.0000000000000000e-01	4.0000000000000000e-01	1.3647856352403296e+00	3.6061863755992930e-01	2.1790127088065417e-01	1.2000000476837158e+02	3.0000001192092896e-01	Non	-1.3821103764841657e+03	0.0000000000000000e+00	0.0000000000000000e+00	0.0000000000000000e+00	0.0000000000000000e+00	0.0000000000000000e+00	error!	error!	error!	0.0000000000000000e+00	0.0000000000000000e+00	error!	0.0000000000000000e+00	error!	0.0000000000000000e+00	0.0000000000000000e+00	0.0000000000000000e+00	0.0000000000000000e+00	0.0000000000000000e+00	0.0000000000000000e+00	0.0000000000000000e+00	0	error!	0.0000000000000000e+00	0.0000000000000000e+00	0.0000000000000000e+00	0.0000000000000000e+00	0.0000000000000000e+00	0.0000000000000000e+00	0.0000000000000000e+00	0.0000000000000000e+00	0.0000000000000000e+00	0.0000000000000000e+00	0.00000e+00	0.00000e+00	0.00000e+00	0.00000e+00	0.00000e+00	0.00000e+00	error!	error!	error!	error!	error!	
monocrop	Thu Nov 20 13:21:01 CET 2025	28/1/2020	28	1	2020	28	1	1	6	5.0000000000000000e-01	5.0000000000000000e-01	2.2000000000000000e+00	4.0000000000000000e-01	4.0000000000000000e-01	1.3647856352403296e+00	3.6061863755992930e-01	2.1790127088065417e-01	1.2000000476837158e+02	3.0000001192092896e-01	Non	-1.3821103764841657e+03	0.0000000000000000e+00	0.0000000000000000e+00	0.0000000000000000e+00	0.0000000000000000e+00	0.0000000000000000e+00	error!	error!	error!	0.0000000000000000e+00	0.0000000000000000e+00	error!	0.0000000000000000e+00	error!	0.0000000000000000e+00	0.0000000000000000e+00	0.0000000000000000e+00	0.0000000000000000e+00	0.0000000000000000e+00	0.0000000000000000e+00	0.0000000000000000e+00	0	error!	0.0000000000000000e+00	0.0000000000000000e+00	0.0000000000000000e+00	0.0000000000000000e+00	0.0000000000000000e+00	0.0000000000000000e+00	0.0000000000000000e+00	0.0000000000000000e+00	0.0000000000000000e+00	0.0000000000000000e+00	0.00000e+00	0.00000e+00	0.00000e+00	0.00000e+00	0.00000e+00	0.00000e+00	error!	error!	error!	error!	error!	
monocrop	Thu Nov 20 13:21:01 CET 2025	28/1/2020	28	1	2020	28	1	1	7	5.0000000000000000e-01	5.0000000000000000e-01	2.5000000000000000e+00	2.0000000000000000e-01	2.0000000000000000e-01	1.3647856352403296e+00	3.6061863755992930e-01	2.1790127088065417e-01	6.0000002384185790e+01	3.0000001192092896e-01	Non	-1.3821103764841657e+03	0.0000000000000000e+00	0.0000000000000000e+00	0.0000000000000000e+00	0.0000000000000000e+00	0.0000000000000000e+00	error!	error!	error!	0.0000000000000000e+00	0.0000000000000000e+00	error!	0.0000000000000000e+00	error!	0.0000000000000000e+00	0.0000000000000000e+00	0.0000000000000000e+00	0.0000000000000000e+00	0.0000000000000000e+00	0.0000000000000000e+00	0.0000000000000000e+00	0	error!	0.0000000000000000e+00	0.0000000000000000e+00	0.0000000000000000e+00	0.0000000000000000e+00	0.0000000000000000e+00	0.0000000000000000e+00	0.0000000000000000e+00	0.0000000000000000e+00	0.0000000000000000e+00	0.0000000000000000e+00	0.00000e+00	0.00000e+00	0.00000e+00	0.00000e+00	0.00000e+00	0.00000e+00	error!	error!	error!	error!	error!	
monocrop	Thu Nov 20 13:21:01 CET 2025	28/2/2020	28	2	2020	59	1	1	1	5.0000000000000000e-01	5.0000000000000000e-01	2.0000000000000000e-01	4.0000000000000000e-01	4.0000000000000000e-01	1.4589606874013206e+00	2.5098248317331856e-01	1.0526950743019908e-01	8.8247901201248170e+01	2.2061975300312042e-01	Non	-5.7673010414906540e+02	6.5609180927276600e-02	2.8187255859375000e+00	0.0000000000000000e+00	0.0000000000000000e+00	0.0000000000000000e+00	error!	error!	error!	0.0000000000000000e+00	0.0000000000000000e+00	error!	0.0000000000000000e+00	error!	0.0000000000000000e+00	2.8843347668647765e+00	0.0000000000000000e+00	0.0000000000000000e+00	0.0000000000000000e+00	0.0000000000000000e+00	0.0000000000000000e+00	0	error!	0.0000000000000000e+00	0.0000000000000000e+00	0.0000000000000000e+00	0.0000000000000000e+00	0.0000000000000000e+00	0.0000000000000000e+00	0.0000000000000000e+00	0.0000000000000000e+00	0.0000000000000000e+00	0.0000000000000000e+00	0.00000e+00	0.00000e+00	0.00000e+00	0.00000e+00	0.00000e+00	0.00000e+00	error!	error!	error!	error!	error!	
monocrop	Thu Nov 20 13:21:01 CET 2025	28/2/2020	28	2	2020	59	1	1	2	5.0000000000000000e-01	5.0000000000000000e-01	6.0000000000000000e-01	4.0000000000000000e-01	4.0000000000000000e-01	1.4309090397266921e+00	3.0168622702993400e-01	1.5880384316758975e-01	1.2063946723937990e+02	3.0159866809844970e-01	Non	-3.1682252880015340e+02	0.0000000000000000e+00	2.2199048995971680e+00	0.0000000000000000e+00	0.0000000000000000e+00	0.0000000000000000e+00	error!	error!	error!	0.0000000000000000e+00	0.0000000000000000e+00	error!	0.0000000000000000e+00	error!	0.0000000000000000e+00	2.2199048995971680e+00	0.0000000000000000e+00	0.0000000000000000e+00	0.0000000000000000e+00	0.0000000000000000e+00	0.0000000000000000e+00	0	error!	0.0000000000000000e+00	0.0000000000000000e+00	0.0000000000000000e+00	0.0000000000000000e+00	0.0000000000000000e+00	0.0000000000000000e+00	0.0000000000000000e+00	0.0000000000000000e+00	0.0000000000000000e+00	0.0000000000000000e+00	0.00000e+00	0.00000e+00	0.00000e+00	0.00000e+00	0.00000e+00	0.00000e+00	error!	error!	error!	error!	error!	
monocrop	Thu Nov 20 13:21:01 CET 2025	28/2/2020	28	2	2020	59	1	1	3	5.0000000000000000e-01	5.0000000000000000e-01	1.0000000000000000e+00	4.0000000000000000e-01	4.0000000000000000e-01	1.3849533251186568e+00	3.4488479580833220e-01	2.0168833097530822e-01	1.3795388936996460e+02	3.4488472342491150e-01	Non	-3.1622829067263370e+02	0.0000000000000000e+00	9.4415216445922860e-01	0.0000000000000000e+00	0.0000000000000000e+00	0.0000000000000000e+00	error!	error!	error!	0.0000000000000000e+00	0.0000000000000000e+00	error!	0.0000000000000000e+00	error!	0.0000000000000000e+00	9.4415216445922860e-01	0.0000000000000000e+00	0.0000000000000000e+00	0.0000000000000000e+00	0.0000000000000000e+00	0.0000000000000000e+00	0	error!	0.0000000000000000e+00	0.0000000000000000e+00	0.0000000000000000e+00	0.0000000000000000e+00	0.0000000000000000e+00	0.0000000000000000e+00	0.0000000000000000e+00	0.0000000000000000e+00	0.0000000000000000e+00	0.0000000000000000e+00	0.00000e+00	0.00000e+00	0.00000e+00	0.00000e+00	0.00000e+00	0.00000e+00	error!	error!	error!	error!	error!	
monocrop	Thu Nov 20 13:21:01 CET 2025	28/2/2020	28	2	2020	59	1	1	4	5.0000000000000000e-01	5.0000000000000000e-01	1.4000000000000000e+00	4.0000000000000000e-01	4.0000000000000000e-01	1.3647856352403296e+00	3.6061863755992930e-01	2.1790127088065417e-01	1.4423083066940310e+02	3.6057707667350775e-01	Non	-3.1653747685226410e+02	0.0000000000000000e+00	3.1857967376708984e-01	0.0000000000000000e+00	0.0000000000000000e+00	0.0000000000000000e+00	error!	error!	error!	0.0000000000000000e+00	0.0000000000000000e+00	error!	0.0000000000000000e+00	error!	0.0000000000000000e+00	3.1857967376708984e-01	0.0000000000000000e+00	0.0000000000000000e+00	0.0000000000000000e+00	0.0000000000000000e+00	0.0000000000000000e+00	0	error!	0.0000000000000000e+00	0.0000000000000000e+00	0.0000000000000000e+00	0.0000000000000000e+00	0.0000000000000000e+00	0.0000000000000000e+00	0.0000000000000000e+00	0.0000000000000000e+00	0.0000000000000000e+00	0.0000000000000000e+00	0.00000e+00	0.00000e+00	0.00000e+00	0.00000e+00	0.00000e+00	0.00000e+00	error!	error!	error!	error!	error!	
monocrop	Thu Nov 20 13:21:01 CET 2025	28/2/2020	28	2	2020	59	1	1	5	5.0000000000000000e-01	5.0000000000000000e-01	1.8000000000000000e+00	4.0000000000000000e-01	4.0000000000000000e-01	1.3647856352403296e+00	3.6061863755992930e-01	2.1790127088065417e-01	1.2000000476837158e+02	3.0000001192092896e-01	Non	-1.3821103764841657e+03	0.0000000000000000e+00	0.0000000000000000e+00	0.0000000000000000e+00	0.0000000000000000e+00	0.0000000000000000e+00	error!	error!	error!	0.0000000000000000e+00	0.0000000000000000e+00	error!	0.0000000000000000e+00	error!	0.0000000000000000e+00	0.0000000000000000e+00	0.0000000000000000e+00	0.0000000000000000e+00	0.0000000000000000e+00	0.0000000000000000e+00	0.0000000000000000e+00	0	error!	0.0000000000000000e+00	0.0000000000000000e+00	0.0000000000000000e+00	0.0000000000000000e+00	0.0000000000000000e+00	0.0000000000000000e+00	0.0000000000000000e+00	0.0000000000000000e+00	0.0000000000000000e+00	0.0000000000000000e+00	0.00000e+00	0.00000e+00	0.00000e+00	0.00000e+00	0.00000e+00	0.00000e+00	error!	error!	error!	error!	error!	
monocrop	Thu Nov 20 13:21:01 CET 2025	28/2/2020	28	2	2020	59	1	1	6	5.0000000000000000e-01	5.0000000000000000e-01	2.2000000000000000e+00	4.0000000000000000e-01	4.0000000000000000e-01	1.3647856352403296e+00	3.6061863755992930e-01	2.1790127088065417e-01	1.2000000476837158e+02	3.0000001192092896e-01	Non	-1.3821103764841657e+03	0.0000000000000000e+00	0.0000000000000000e+00	0.0000000000000000e+00	0.0000000000000000e+00	0.0000000000000000e+00	error!	error!	error!	0.0000000000000000e+00	0.0000000000000000e+00	error!	0.0000000000000000e+00	error!	0.0000000000000000e+00	0.0000000000000000e+00	0.0000000000000000e+00	0.0000000000000000e+00	0.0000000000000000e+00	0.0000000000000000e+00	0.0000000000000000e+00	0	error!	0.0000000000000000e+00	0.0000000000000000e+00	0.0000000000000000e+00	0.0000000000000000e+00	0.0000000000000000e+00	0.0000000000000000e+00	0.0000000000000000e+00	0.0000000000000000e+00	0.0000000000000000e+00	0.0000000000000000e+00	0.00000e+00	0.00000e+00	0.00000e+00	0.00000e+00	0.00000e+00	0.00000e+00	error!	error!	error!	error!	error!	
monocrop	Thu Nov 20 13:21:01 CET 2025	28/2/2020	28	2	2020	59	1	1	7	5.0000000000000000e-01	5.0000000000000000e-01	2.5000000000000000e+00	2.0000000000000000e-01	2.0000000000000000e-01	1.3647856352403296e+00	3.6061863755992930e-01	2.1790127088065417e-01	6.0000002384185790e+01	3.0000001192092896e-01	Non	-1.3821103764841657e+03	0.0000000000000000e+00	0.0000000000000000e+00	0.0000000000000000e+00	0.0000000000000000e+00	0.0000000000000000e+00	error!	error!	error!	0.0000000000000000e+00	0.0000000000000000e+00	error!	0.0000000000000000e+00	error!	0.0000000000000000e+00	0.0000000000000000e+00	0.0000000000000000e+00	0.0000000000000000e+00	0.0000000000000000e+00	0.0000000000000000e+00	0.0000000000000000e+00	0	error!	0.0000000000000000e+00	0.0000000000000000e+00	0.0000000000000000e+00	0.0000000000000000e+00	0.0000000000000000e+00	0.0000000000000000e+00	0.0000000000000000e+00	0.0000000000000000e+00	0.0000000000000000e+00	0.0000000000000000e+00	0.00000e+00	0.00000e+00	0.00000e+00	0.00000e+00	0.00000e+00	0.00000e+00	error!	error!	error!	error!	error!	
monocrop	Thu Nov 20 13:21:01 CET 2025	28/3/2020	28	3	2020	88	1	1	1	5.0000000000000000e-01	5.0000000000000000e-01	2.0000000000000000e-01	4.0000000000000000e-01	4.0000000000000000e-01	1.4589606874013206e+00	2.5098248317331856e-01	1.0526950743019908e-01	8.7070608139038100e+01	2.1767652034759524e-01	Non	-6.1335965411850880e+02	7.8755712509155280e-02	3.5256336212158200e+00	0.0000000000000000e+00	0.0000000000000000e+00	0.0000000000000000e+00	error!	error!	error!	0.0000000000000000e+00	0.0000000000000000e+00	error!	0.0000000000000000e+00	error!	0.0000000000000000e+00	3.6043893337249755e+00	0.0000000000000000e+00	0.0000000000000000e+00	0.0000000000000000e+00	0.0000000000000000e+00	0.0000000000000000e+00	0	error!	0.0000000000000000e+00	0.0000000000000000e+00	0.0000000000000000e+00	0.0000000000000000e+00	0.0000000000000000e+00	0.0000000000000000e+00	0.0000000000000000e+00	0.0000000000000000e+00	0.0000000000000000e+00	0.0000000000000000e+00	0.00000e+00	0.00000e+00	0.00000e+00	0.00000e+00	0.00000e+00	0.00000e+00	error!	error!	error!	error!	error!	
monocrop	Thu Nov 20 13:21:01 CET 2025	28/3/2020	28	3	2020	88	1	1	2	5.0000000000000000e-01	5.0000000000000000e-01	6.0000000000000000e-01	4.0000000000000000e-01	4.0000000000000000e-01	1.4309090397266921e+00	3.0168622702993400e-01	1.5880384316758975e-01	1.2062348127365114e+02	3.0155870318412780e-01	Non	-3.1709439644187960e+02	0.0000000000000000e+00	2.2199048995971680e+00	0.0000000000000000e+00	0.0000000000000000e+00	0.0000000000000000e+00	error!	error!	error!	0.0000000000000000e+00	0.0000000000000000e+00	error!	0.0000000000000000e+00	error!	0.0000000000000000e+00	2.2199048995971680e+00	0.0000000000000000e+00	0.0000000000000000e+00	0.0000000000000000e+00	0.0000000000000000e+00	0.0000000000000000e+00	0	error!	0.0000000000000000e+00	0.0000000000000000e+00	0.0000000000000000e+00	0.0000000000000000e+00	0.0000000000000000e+00	0.0000000000000000e+00	0.0000000000000000e+00	0.0000000000000000e+00	0.0000000000000000e+00	0.0000000000000000e+00	0.00000e+00	0.00000e+00	0.00000e+00	0.00000e+00	0.00000e+00	0.00000e+00	error!	error!	error!	error!	error!	
monocrop	Thu Nov 20 13:21:01 CET 2025	28/3/2020	28	3	2020	88	1	1	3	5.0000000000000000e-01	5.0000000000000000e-01	1.0000000000000000e+00	4.0000000000000000e-01	4.0000000000000000e-01	1.3849533251186568e+00	3.4488479580833220e-01	2.0168833097530822e-01	1.3795388936996460e+02	3.4488472342491150e-01	Non	-3.1622829067263370e+02	0.0000000000000000e+00	9.4415216445922860e-01	0.0000000000000000e+00	0.0000000000000000e+00	0.0000000000000000e+00	error!	error!	error!	0.0000000000000000e+00	0.0000000000000000e+00	error!	0.0000000000000000e+00	error!	0.0000000000000000e+00	9.4415216445922860e-01	0.0000000000000000e+00	0.0000000000000000e+00	0.0000000000000000e+00	0.0000000000000000e+00	0.0000000000000000e+00	0	error!	0.0000000000000000e+00	0.0000000000000000e+00	0.0000000000000000e+00	0.0000000000000000e+00	0.0000000000000000e+00	0.0000000000000000e+00	0.0000000000000000e+00	0.0000000000000000e+00	0.0000000000000000e+00	0.0000000000000000e+00	0.00000e+00	0.00000e+00	0.00000e+00	0.00000e+00	0.00000e+00	0.00000e+00	error!	error!	error!	error!	error!	
monocrop	Thu Nov 20 13:21:01 CET 2025	28/3/2020	28	3	2020	88	1	1	4	5.0000000000000000e-01	5.0000000000000000e-01	1.4000000000000000e+00	4.0000000000000000e-01	4.0000000000000000e-01	1.3647856352403296e+00	3.6061863755992930e-01	2.1790127088065417e-01	1.4423083066940310e+02	3.6057707667350775e-01	Non	-3.1653747685226410e+02	0.0000000000000000e+00	3.1857967376708984e-01	0.0000000000000000e+00	0.0000000000000000e+00	0.0000000000000000e+00	error!	error!	error!	0.0000000000000000e+00	0.0000000000000000e+00	error!	0.0000000000000000e+00	error!	0.0000000000000000e+00	3.1857967376708984e-01	0.0000000000000000e+00	0.0000000000000000e+00	0.0000000000000000e+00	0.0000000000000000e+00	0.0000000000000000e+00	0	error!	0.0000000000000000e+00	0.0000000000000000e+00	0.0000000000000000e+00	0.0000000000000000e+00	0.0000000000000000e+00	0.0000000000000000e+00	0.0000000000000000e+00	0.0000000000000000e+00	0.0000000000000000e+00	0.0000000000000000e+00	0.00000e+00	0.00000e+00	0.00000e+00	0.00000e+00	0.00000e+00	0.00000e+00	error!	error!	error!	error!	error!	
monocrop	Thu Nov 20 13:21:01 CET 2025	28/3/2020	28	3	2020	88	1	1	5	5.0000000000000000e-01	5.0000000000000000e-01	1.8000000000000000e+00	4.0000000000000000e-01	4.0000000000000000e-01	1.3647856352403296e+00	3.6061863755992930e-01	2.1790127088065417e-01	1.2000000476837158e+02	3.0000001192092896e-01	Non	-1.3821103764841657e+03	0.0000000000000000e+00	0.0000000000000000e+00	0.0000000000000000e+00	0.0000000000000000e+00	0.0000000000000000e+00	error!	error!	error!	0.0000000000000000e+00	0.0000000000000000e+00	error!	0.0000000000000000e+00	error!	0.0000000000000000e+00	0.0000000000000000e+00	0.0000000000000000e+00	0.0000000000000000e+00	0.0000000000000000e+00	0.0000000000000000e+00	0.0000000000000000e+00	0	error!	0.0000000000000000e+00	0.0000000000000000e+00	0.0000000000000000e+00	0.0000000000000000e+00	0.0000000000000000e+00	0.0000000000000000e+00	0.0000000000000000e+00	0.0000000000000000e+00	0.0000000000000000e+00	0.0000000000000000e+00	0.00000e+00	0.00000e+00	0.00000e+00	0.00000e+00	0.00000e+00	0.00000e+00	error!	error!	error!	error!	error!	
monocrop	Thu Nov 20 13:21:01 CET 2025	28/3/2020	28	3	2020	88	1	1	6	5.0000000000000000e-01	5.0000000000000000e-01	2.2000000000000000e+00	4.0000000000000000e-01	4.0000000000000000e-01	1.3647856352403296e+00	3.6061863755992930e-01	2.1790127088065417e-01	1.2000000476837158e+02	3.0000001192092896e-01	Non	-1.3821103764841657e+03	0.0000000000000000e+00	0.0000000000000000e+00	0.0000000000000000e+00	0.0000000000000000e+00	0.0000000000000000e+00	error!	error!	error!	0.0000000000000000e+00	0.0000000000000000e+00	error!	0.0000000000000000e+00	error!	0.0000000000000000e+00	0.0000000000000000e+00	0.0000000000000000e+00	0.0000000000000000e+00	0.0000000000000000e+00	0.0000000000000000e+00	0.0000000000000000e+00	0	error!	0.0000000000000000e+00	0.0000000000000000e+00	0.0000000000000000e+00	0.0000000000000000e+00	0.0000000000000000e+00	0.0000000000000000e+00	0.0000000000000000e+00	0.0000000000000000e+00	0.0000000000000000e+00	0.0000000000000000e+00	0.00000e+00	0.00000e+00	0.00000e+00	0.00000e+00	0.00000e+00	0.00000e+00	error!	error!	error!	error!	error!	
monocrop	Thu Nov 20 13:21:01 CET 2025	28/3/2020	28	3	2020	88	1	1	7	5.0000000000000000e-01	5.0000000000000000e-01	2.5000000000000000e+00	2.0000000000000000e-01	2.0000000000000000e-01	1.3647856352403296e+00	3.6061863755992930e-01	2.1790127088065417e-01	6.0000002384185790e+01	3.0000001192092896e-01	Non	-1.3821103764841657e+03	0.0000000000000000e+00	0.0000000000000000e+00	0.0000000000000000e+00	0.0000000000000000e+00	0.0000000000000000e+00	error!	error!	error!	0.0000000000000000e+00	0.0000000000000000e+00	error!	0.0000000000000000e+00	error!	0.0000000000000000e+00	0.0000000000000000e+00	0.0000000000000000e+00	0.0000000000000000e+00	0.0000000000000000e+00	0.0000000000000000e+00	0.0000000000000000e+00	0	error!	0.0000000000000000e+00	0.0000000000000000e+00	0.0000000000000000e+00	0.0000000000000000e+00	0.0000000000000000e+00	0.0000000000000000e+00	0.0000000000000000e+00	0.0000000000000000e+00	0.0000000000000000e+00	0.0000000000000000e+00	0.00000e+00	0.00000e+00	0.00000e+00	0.00000e+00	0.00000e+00	0.00000e+00	error!	error!	error!	error!	error!	
monocrop	Thu Nov 20 13:21:01 CET 2025	28/4/2020	28	4	2020	119	1	1	1	5.0000000000000000e-01	5.0000000000000000e-01	2.0000000000000000e-01	4.0000000000000000e-01	4.0000000000000000e-01	1.4589606874013206e+00	2.5098248317331856e-01	1.0526950743019908e-01	1.0039304494857788e+02	2.5098261237144470e-01	Non	-3.1622699266936490e+02	5.8768939971923825e-02	2.7271022796630860e+00	0.0000000000000000e+00	0.0000000000000000e+00	0.0000000000000000e+00	error!	error!	error!	0.0000000000000000e+00	0.0000000000000000e+00	error!	0.0000000000000000e+00	error!	0.0000000000000000e+00	2.7858712196350100e+00	0.0000000000000000e+00	0.0000000000000000e+00	0.0000000000000000e+00	0.0000000000000000e+00	0.0000000000000000e+00	0	error!	0.0000000000000000e+00	0.0000000000000000e+00	0.0000000000000000e+00	0.0000000000000000e+00	0.0000000000000000e+00	0.0000000000000000e+00	0.0000000000000000e+00	0.0000000000000000e+00	0.0000000000000000e+00	0.0000000000000000e+00	0.00000e+00	0.00000e+00	0.00000e+00	0.00000e+00	0.00000e+00	0.00000e+00	error!	error!	error!	error!	error!	
monocrop	Thu Nov 20 13:21:01 CET 2025	28/4/2020	28	4	2020	119	1	1	2	5.0000000000000000e-01	5.0000000000000000e-01	6.0000000000000000e-01	4.0000000000000000e-01	4.0000000000000000e-01	1.4309090397266921e+00	3.0168622702993400e-01	1.5880384316758975e-01	1.2067445516586305e+02	3.0168613791465760e-01	Non	-3.1622837074429120e+02	0.0000000000000000e+00	3.4321388244628905e+00	0.0000000000000000e+00	0.0000000000000000e+00	0.0000000000000000e+00	error!	error!	error!	0.0000000000000000e+00	0.0000000000000000e+00	error!	0.0000000000000000e+00	error!	0.0000000000000000e+00	3.4321388244628905e+00	0.0000000000000000e+00	0.0000000000000000e+00	0.0000000000000000e+00	0.0000000000000000e+00	0.0000000000000000e+00	0	error!	0.0000000000000000e+00	0.0000000000000000e+00	0.0000000000000000e+00	0.0000000000000000e+00	0.0000000000000000e+00	0.0000000000000000e+00	0.0000000000000000e+00	0.0000000000000000e+00	0.0000000000000000e+00	0.0000000000000000e+00	0.00000e+00	0.00000e+00	0.00000e+00	0.00000e+00	0.00000e+00	0.00000e+00	error!	error!	error!	error!	error!	
monocrop	Thu Nov 20 13:21:01 CET 2025	28/4/2020	28	4	2020	119	1	1	3	5.0000000000000000e-01	5.0000000000000000e-01	1.0000000000000000e+00	4.0000000000000000e-01	4.0000000000000000e-01	1.3849533251186568e+00	3.4488479580833220e-01	2.0168833097530822e-01	1.3795388936996460e+02	3.4488472342491150e-01	Non	-3.1622829067263370e+02	0.0000000000000000e+00	1.4146420478820800e+00	0.0000000000000000e+00	0.0000000000000000e+00	0.0000000000000000e+00	error!	error!	error!	0.0000000000000000e+00	0.0000000000000000e+00	error!	0.0000000000000000e+00	error!	0.0000000000000000e+00	1.4146420478820800e+00	0.0000000000000000e+00	0.0000000000000000e+00	0.0000000000000000e+00	0.0000000000000000e+00	0.0000000000000000e+00	0	error!	0.0000000000000000e+00	0.0000000000000000e+00	0.0000000000000000e+00	0.0000000000000000e+00	0.0000000000000000e+00	0.0000000000000000e+00	0.0000000000000000e+00	0.0000000000000000e+00	0.0000000000000000e+00	0.0000000000000000e+00	0.00000e+00	0.00000e+00	0.00000e+00	0.00000e+00	0.00000e+00	0.00000e+00	error!	error!	error!	error!	error!	
monocrop	Thu Nov 20 13:21:01 CET 2025	28/4/2020	28	4	2020	119	1	1	4	5.0000000000000000e-01	5.0000000000000000e-01	1.4000000000000000e+00	4.0000000000000000e-01	4.0000000000000000e-01	1.3647856352403296e+00	3.6061863755992930e-01	2.1790127088065417e-01	1.4424746036529544e+02	3.6061865091323860e-01	Non	-3.1622766655672046e+02	0.0000000000000000e+00	4.8553328514099120e-01	0.0000000000000000e+00	0.0000000000000000e+00	0.0000000000000000e+00	error!	error!	error!	0.0000000000000000e+00	0.0000000000000000e+00	error!	0.0000000000000000e+00	error!	0.0000000000000000e+00	4.8553328514099120e-01	0.0000000000000000e+00	0.0000000000000000e+00	0.0000000000000000e+00	0.0000000000000000e+00	0.0000000000000000e+00	0	error!	0.0000000000000000e+00	0.0000000000000000e+00	0.0000000000000000e+00	0.0000000000000000e+00	0.0000000000000000e+00	0.0000000000000000e+00	0.0000000000000000e+00	0.0000000000000000e+00	0.0000000000000000e+00	0.0000000000000000e+00	0.00000e+00	0.00000e+00	0.00000e+00	0.00000e+00	0.00000e+00	0.00000e+00	error!	error!	error!	error!	error!	
monocrop	Thu Nov 20 13:21:01 CET 2025	28/4/2020	28	4	2020	119	1	1	5	5.0000000000000000e-01	5.0000000000000000e-01	1.8000000000000000e+00	4.0000000000000000e-01	4.0000000000000000e-01	1.3647856352403296e+00	3.6061863755992930e-01	2.1790127088065417e-01	1.4424746036529544e+02	3.6061865091323860e-01	Non	-3.1622766655672046e+02	0.0000000000000000e+00	8.0332541465759270e-02	0.0000000000000000e+00	0.0000000000000000e+00	0.0000000000000000e+00	error!	error!	error!	0.0000000000000000e+00	0.0000000000000000e+00	error!	0.0000000000000000e+00	error!	0.0000000000000000e+00	8.0332541465759270e-02	0.0000000000000000e+00	0.0000000000000000e+00	0.0000000000000000e+00	0.0000000000000000e+00	0.0000000000000000e+00	0	error!	0.0000000000000000e+00	0.0000000000000000e+00	0.0000000000000000e+00	0.0000000000000000e+00	0.0000000000000000e+00	0.0000000000000000e+00	0.0000000000000000e+00	0.0000000000000000e+00	0.0000000000000000e+00	0.0000000000000000e+00	0.00000e+00	0.00000e+00	0.00000e+00	0.00000e+00	0.00000e+00	0.00000e+00	error!	error!	error!	error!	error!	
monocrop	Thu Nov 20 13:21:01 CET 2025	28/4/2020	28	4	2020	119	1	1	6	5.0000000000000000e-01	5.0000000000000000e-01	2.2000000000000000e+00	4.0000000000000000e-01	4.0000000000000000e-01	1.3647856352403296e+00	3.6061863755992930e-01	2.1790127088065417e-01	1.3692609071731567e+02	3.4231522679328920e-01	Non	-4.8724953740840280e+02	0.0000000000000000e+00	1.7697179690003395e-03	0.0000000000000000e+00	0.0000000000000000e+00	0.0000000000000000e+00	error!	error!	error!	0.0000000000000000e+00	0.0000000000000000e+00	error!	0.0000000000000000e+00	error!	0.0000000000000000e+00	1.7697179690003395e-03	0.0000000000000000e+00	0.0000000000000000e+00	0.0000000000000000e+00	0.0000000000000000e+00	0.0000000000000000e+00	0	error!	0.0000000000000000e+00	0.0000000000000000e+00	0.0000000000000000e+00	0.0000000000000000e+00	0.0000000000000000e+00	0.0000000000000000e+00	0.0000000000000000e+00	0.0000000000000000e+00	0.0000000000000000e+00	0.0000000000000000e+00	0.00000e+00	0.00000e+00	0.00000e+00	0.00000e+00	0.00000e+00	0.00000e+00	error!	error!	error!	error!	error!	
monocrop	Thu Nov 20 13:21:01 CET 2025	28/4/2020	28	4	2020	119	1	1	7	5.0000000000000000e-01	5.0000000000000000e-01	2.5000000000000000e+00	2.0000000000000000e-01	2.0000000000000000e-01	1.3647856352403296e+00	3.6061863755992930e-01	2.1790127088065417e-01	6.0000002384185790e+01	3.0000001192092896e-01	Non	-1.3821103764841657e+03	0.0000000000000000e+00	0.0000000000000000e+00	0.0000000000000000e+00	0.0000000000000000e+00	0.0000000000000000e+00	error!	error!	error!	0.0000000000000000e+00	0.0000000000000000e+00	error!	0.0000000000000000e+00	error!	0.0000000000000000e+00	0.0000000000000000e+00	0.0000000000000000e+00	0.0000000000000000e+00	0.0000000000000000e+00	0.0000000000000000e+00	0.0000000000000000e+00	0	error!	0.0000000000000000e+00	0.0000000000000000e+00	0.0000000000000000e+00	0.0000000000000000e+00	0.0000000000000000e+00	0.0000000000000000e+00	0.0000000000000000e+00	0.0000000000000000e+00	0.0000000000000000e+00	0.0000000000000000e+00	0.00000e+00	0.00000e+00	0.00000e+00	0.00000e+00	0.00000e+00	0.00000e+00	error!	error!	error!	error!	error!	
monocrop	Thu Nov 20 13:21:01 CET 2025	28/5/2020	28	5	2020	149	1	1	1	5.0000000000000000e-01	5.0000000000000000e-01	2.0000000000000000e-01	4.0000000000000000e-01	4.0000000000000000e-01	1.4589606874013206e+00	2.5098248317331856e-01	1.0526950743019908e-01	8.0709969997406000e+01	2.0177492499351501e-01	Non	-8.6646841262765070e+02	1.2265900373458863e-01	3.1807344436645506e+00	4.5251458740234375e+02	4.7136772423982630e-02	8.4782233461737630e-03	error!	error!	error!	0.0000000000000000e+00	0.0000000000000000e+00	error!	0.0000000000000000e+00	error!	0.0000000000000000e+00	3.3033934473991393e+00	0.0000000000000000e+00	0.0000000000000000e+00	2.2541586916582476e-01	0.0000000000000000e+00	2.2541586916582476e-01	0	error!	0.0000000000000000e+00	0.0000000000000000e+00	0.0000000000000000e+00	0.0000000000000000e+00	0.0000000000000000e+00	0.0000000000000000e+00	0.0000000000000000e+00	0.0000000000000000e+00	0.0000000000000000e+00	0.0000000000000000e+00	0.00000e+00	0.00000e+00	0.00000e+00	0.00000e+00	0.00000e+00	0.00000e+00	error!	error!	error!	error!	error!	
monocrop	Thu Nov 20 13:21:01 CET 2025	28/5/2020	28	5	2020	149	1	1	2	5.0000000000000000e-01	5.0000000000000000e-01	6.0000000000000000e-01	4.0000000000000000e-01	4.0000000000000000e-01	1.4309090397266921e+00	3.0168622702993400e-01	1.5880384316758975e-01	1.2065303325653076e+02	3.0163258314132690e-01	Non	-3.1659201183906070e+02	0.0000000000000000e+00	4.0581020355224610e+00	0.0000000000000000e+00	0.0000000000000000e+00	0.0000000000000000e+00	error!	error!	error!	0.0000000000000000e+00	0.0000000000000000e+00	error!	0.0000000000000000e+00	error!	0.0000000000000000e+00	4.0581020355224610e+00	0.0000000000000000e+00	0.0000000000000000e+00	0.0000000000000000e+00	0.0000000000000000e+00	0.0000000000000000e+00	0	error!	0.0000000000000000e+00	0.0000000000000000e+00	0.0000000000000000e+00	0.0000000000000000e+00	0.0000000000000000e+00	0.0000000000000000e+00	0.0000000000000000e+00	0.0000000000000000e+00	0.0000000000000000e+00	0.0000000000000000e+00	0.00000e+00	0.00000e+00	0.00000e+00	0.00000e+00	0.00000e+00	0.00000e+00	error!	error!	error!	error!	error!	
monocrop	Thu Nov 20 13:21:01 CET 2025	28/5/2020	28	5	2020	149	1	1	3	5.0000000000000000e-01	5.0000000000000000e-01	1.0000000000000000e+00	4.0000000000000000e-01	4.0000000000000000e-01	1.3849533251186568e+00	3.4488479580833220e-01	2.0168833097530822e-01	1.3795388936996460e+02	3.4488472342491150e-01	Non	-3.1622829067263370e+02	0.0000000000000000e+00	1.9394948959350586e+00	0.0000000000000000e+00	0.0000000000000000e+00	0.0000000000000000e+00	error!	error!	error!	0.0000000000000000e+00	0.0000000000000000e+00	error!	0.0000000000000000e+00	error!	0.0000000000000000e+00	1.9394948959350586e+00	0.0000000000000000e+00	0.0000000000000000e+00	0.0000000000000000e+00	0.0000000000000000e+00	0.0000000000000000e+00	0	error!	0.0000000000000000e+00	0.0000000000000000e+00	0.0000000000000000e+00	0.0000000000000000e+00	0.0000000000000000e+00	0.0000000000000000e+00	0.0000000000000000e+00	0.0000000000000000e+00	0.0000000000000000e+00	0.0000000000000000e+00	0.00000e+00	0.00000e+00	0.00000e+00	0.00000e+00	0.00000e+00	0.00000e+00	error!	error!	error!	error!	error!	
monocrop	Thu Nov 20 13:21:01 CET 2025	28/5/2020	28	5	2020	149	1	1	4	5.0000000000000000e-01	5.0000000000000000e-01	1.4000000000000000e+00	4.0000000000000000e-01	4.0000000000000000e-01	1.3647856352403296e+00	3.6061863755992930e-01	2.1790127088065417e-01	1.4424746036529544e+02	3.6061865091323860e-01	Non	-3.1622766655672046e+02	0.0000000000000000e+00	6.7356739044189450e-01	0.0000000000000000e+00	0.0000000000000000e+00	0.0000000000000000e+00	error!	error!	error!	0.0000000000000000e+00	0.0000000000000000e+00	error!	0.0000000000000000e+00	error!	0.0000000000000000e+00	6.7356739044189450e-01	0.0000000000000000e+00	0.0000000000000000e+00	0.0000000000000000e+00	0.0000000000000000e+00	0.0000000000000000e+00	0	error!	0.0000000000000000e+00	0.0000000000000000e+00	0.0000000000000000e+00	0.0000000000000000e+00	0.0000000000000000e+00	0.0000000000000000e+00	0.0000000000000000e+00	0.0000000000000000e+00	0.0000000000000000e+00	0.0000000000000000e+00	0.00000e+00	0.00000e+00	0.00000e+00	0.00000e+00	0.00000e+00	0.00000e+00	error!	error!	error!	error!	error!	
monocrop	Thu Nov 20 13:21:01 CET 2025	28/5/2020	28	5	2020	149	1	1	5	5.0000000000000000e-01	5.0000000000000000e-01	1.8000000000000000e+00	4.0000000000000000e-01	4.0000000000000000e-01	1.3647856352403296e+00	3.6061863755992930e-01	2.1790127088065417e-01	1.4424746036529544e+02	3.6061865091323860e-01	Non	-3.1622766655672046e+02	0.0000000000000000e+00	1.6091552972793580e-01	0.0000000000000000e+00	0.0000000000000000e+00	0.0000000000000000e+00	error!	error!	error!	0.0000000000000000e+00	0.0000000000000000e+00	error!	0.0000000000000000e+00	error!	0.0000000000000000e+00	1.6091552972793580e-01	0.0000000000000000e+00	0.0000000000000000e+00	0.0000000000000000e+00	0.0000000000000000e+00	0.0000000000000000e+00	0	error!	0.0000000000000000e+00	0.0000000000000000e+00	0.0000000000000000e+00	0.0000000000000000e+00	0.0000000000000000e+00	0.0000000000000000e+00	0.0000000000000000e+00	0.0000000000000000e+00	0.0000000000000000e+00	0.0000000000000000e+00	0.00000e+00	0.00000e+00	0.00000e+00	0.00000e+00	0.00000e+00	0.00000e+00	error!	error!	error!	error!	error!	
monocrop	Thu Nov 20 13:21:01 CET 2025	28/5/2020	28	5	2020	149	1	1	6	5.0000000000000000e-01	5.0000000000000000e-01	2.2000000000000000e+00	4.0000000000000000e-01	4.0000000000000000e-01	1.3647856352403296e+00	3.6061863755992930e-01	2.1790127088065417e-01	1.4424746036529544e+02	3.6061865091323860e-01	Non	-3.1622766655672046e+02	0.0000000000000000e+00	1.0567799210548401e-02	0.0000000000000000e+00	0.0000000000000000e+00	0.0000000000000000e+00	error!	error!	error!	0.0000000000000000e+00	0.0000000000000000e+00	error!	0.0000000000000000e+00	error!	0.0000000000000000e+00	1.0567799210548401e-02	0.0000000000000000e+00	0.0000000000000000e+00	0.0000000000000000e+00	0.0000000000000000e+00	0.0000000000000000e+00	0	error!	0.0000000000000000e+00	0.0000000000000000e+00	0.0000000000000000e+00	0.0000000000000000e+00	0.0000000000000000e+00	0.0000000000000000e+00	0.0000000000000000e+00	0.0000000000000000e+00	0.0000000000000000e+00	0.0000000000000000e+00	0.00000e+00	0.00000e+00	0.00000e+00	0.00000e+00	0.00000e+00	0.00000e+00	error!	error!	error!	error!	error!	
monocrop	Thu Nov 20 13:21:01 CET 2025	28/5/2020	28	5	2020	149	1	1	7	5.0000000000000000e-01	5.0000000000000000e-01	2.5000000000000000e+00	2.0000000000000000e-01	2.0000000000000000e-01	1.3647856352403296e+00	3.6061863755992930e-01	2.1790127088065417e-01	7.2123730182647720e+01	3.6061865091323860e-01	Non	-3.1622766655672046e+02	0.0000000000000000e+00	1.6900302143767475e-04	0.0000000000000000e+00	0.0000000000000000e+00	0.0000000000000000e+00	error!	error!	error!	0.0000000000000000e+00	0.0000000000000000e+00	error!	0.0000000000000000e+00	error!	0.0000000000000000e+00	1.6900302143767475e-04	0.0000000000000000e+00	0.0000000000000000e+00	0.0000000000000000e+00	0.0000000000000000e+00	0.0000000000000000e+00	0	error!	0.0000000000000000e+00	0.0000000000000000e+00	0.0000000000000000e+00	0.0000000000000000e+00	0.0000000000000000e+00	0.0000000000000000e+00	0.0000000000000000e+00	0.0000000000000000e+00	0.0000000000000000e+00	0.0000000000000000e+00	0.00000e+00	0.00000e+00	0.00000e+00	0.00000e+00	0.00000e+00	0.00000e+00	error!	error!	error!	error!	error!	
monocrop	Thu Nov 20 13:21:01 CET 2025	28/6/2020	28	6	2020	180	1	1	1	5.0000000000000000e-01	5.0000000000000000e-01	2.0000000000000000e-01	4.0000000000000000e-01	4.0000000000000000e-01	1.4589606874013206e+00	2.5098248317331856e-01	1.0526950743019908e-01	5.6752073764801025e+01	1.4188018441200256e-01	Non	-4.2005018270313750e+03	8.6644012451171870e+00	4.8397056579589846e+00	4.8257183593750000e+04	2.8744651516662780e-01	4.0224597779478400e-01	error!	error!	error!	0.0000000000000000e+00	0.0000000000000000e+00	error!	0.0000000000000000e+00	error!	0.0000000000000000e+00	1.3504106903076170e+01	0.0000000000000000e+00	0.0000000000000000e+00	1.0536958158442110e+00	0.0000000000000000e+00	1.0536958158442110e+00	0	error!	0.0000000000000000e+00	0.0000000000000000e+00	0.0000000000000000e+00	0.0000000000000000e+00	0.0000000000000000e+00	0.0000000000000000e+00	0.0000000000000000e+00	0.0000000000000000e+00	0.0000000000000000e+00	0.0000000000000000e+00	0.00000e+00	0.00000e+00	0.00000e+00	0.00000e+00	0.00000e+00	0.00000e+00	error!	error!	error!	error!	error!	
monocrop	Thu Nov 20 13:21:01 CET 2025	28/6/2020	28	6	2020	180	1	1	2	5.0000000000000000e-01	5.0000000000000000e-01	6.0000000000000000e-01	4.0000000000000000e-01	4.0000000000000000e-01	1.4309090397266921e+00	3.0168622702993400e-01	1.5880384316758975e-01	8.7718707323074360e+01	2.1929676830768588e-01	Non	-2.2721706808979134e+03	0.0000000000000000e+00	2.0105211257934570e+00	6.4985339355468750e+02	3.0735285119177230e+00	6.7099442804199730e-02	error!	error!	error!	0.0000000000000000e+00	0.0000000000000000e+00	error!	0.0000000000000000e+00	error!	0.0000000000000000e+00	2.0105211257934570e+00	0.0000000000000000e+00	0.0000000000000000e+00	1.7576907174031167e-01	0.0000000000000000e+00	1.7576907174031167e-01	0	error!	0.0000000000000000e+00	0.0000000000000000e+00	0.0000000000000000e+00	0.0000000000000000e+00	0.0000000000000000e+00	0.0000000000000000e+00	0.0000000000000000e+00	0.0000000000000000e+00	0.0000000000000000e+00	0.0000000000000000e+00	0.00000e+00	0.00000e+00	0.00000e+00	0.00000e+00	0.00000e+00	0.00000e+00	error!	error!	error!	error!	error!	
monocrop	Thu Nov 20 13:21:01 CET 2025	28/6/2020	28	6	2020	180	1	1	3	5.0000000000000000e-01	5.0000000000000000e-01	1.0000000000000000e+00	4.0000000000000000e-01	4.0000000000000000e-01	1.3849533251186568e+00	3.4488479580833220e-01	2.0168833097530822e-01	1.3795388936996460e+02	3.4488472342491150e-01	Non	-3.1622829067263370e+02	0.0000000000000000e+00	1.9394948959350586e+00	0.0000000000000000e+00	0.0000000000000000e+00	0.0000000000000000e+00	error!	error!	error!	0.0000000000000000e+00	0.0000000000000000e+00	error!	0.0000000000000000e+00	error!	0.0000000000000000e+00	1.9394948959350586e+00	0.0000000000000000e+00	0.0000000000000000e+00	0.0000000000000000e+00	0.0000000000000000e+00	0.0000000000000000e+00	0	error!	0.0000000000000000e+00	0.0000000000000000e+00	0.0000000000000000e+00	0.0000000000000000e+00	0.0000000000000000e+00	0.0000000000000000e+00	0.0000000000000000e+00	0.0000000000000000e+00	0.0000000000000000e+00	0.0000000000000000e+00	0.00000e+00	0.00000e+00	0.00000e+00	0.00000e+00	0.00000e+00	0.00000e+00	error!	error!	error!	error!	error!	
monocrop	Thu Nov 20 13:21:01 CET 2025	28/6/2020	28	6	2020	180	1	1	4	5.0000000000000000e-01	5.0000000000000000e-01	1.4000000000000000e+00	4.0000000000000000e-01	4.0000000000000000e-01	1.3647856352403296e+00	3.6061863755992930e-01	2.1790127088065417e-01	1.4424746036529544e+02	3.6061865091323860e-01	Non	-3.1622766655672046e+02	0.0000000000000000e+00	6.7356739044189450e-01	0.0000000000000000e+00	0.0000000000000000e+00	0.0000000000000000e+00	error!	error!	error!	0.0000000000000000e+00	0.0000000000000000e+00	error!	0.0000000000000000e+00	error!	0.0000000000000000e+00	6.7356739044189450e-01	0.0000000000000000e+00	0.0000000000000000e+00	0.0000000000000000e+00	0.0000000000000000e+00	0.0000000000000000e+00	0	error!	0.0000000000000000e+00	0.0000000000000000e+00	0.0000000000000000e+00	0.0000000000000000e+00	0.0000000000000000e+00	0.0000000000000000e+00	0.0000000000000000e+00	0.0000000000000000e+00	0.0000000000000000e+00	0.0000000000000000e+00	0.00000e+00	0.00000e+00	0.00000e+00	0.00000e+00	0.00000e+00	0.00000e+00	error!	error!	error!	error!	error!	
monocrop	Thu Nov 20 13:21:01 CET 2025	28/6/2020	28	6	2020	180	1	1	5	5.0000000000000000e-01	5.0000000000000000e-01	1.8000000000000000e+00	4.0000000000000000e-01	4.0000000000000000e-01	1.3647856352403296e+00	3.6061863755992930e-01	2.1790127088065417e-01	1.4424746036529544e+02	3.6061865091323860e-01	Non	-3.1622766655672046e+02	0.0000000000000000e+00	1.6091552972793580e-01	0.0000000000000000e+00	0.0000000000000000e+00	0.0000000000000000e+00	error!	error!	error!	0.0000000000000000e+00	0.0000000000000000e+00	error!	0.0000000000000000e+00	error!	0.0000000000000000e+00	1.6091552972793580e-01	0.0000000000000000e+00	0.0000000000000000e+00	0.0000000000000000e+00	0.0000000000000000e+00	0.0000000000000000e+00	0	error!	0.0000000000000000e+00	0.0000000000000000e+00	0.0000000000000000e+00	0.0000000000000000e+00	0.0000000000000000e+00	0.0000000000000000e+00	0.0000000000000000e+00	0.0000000000000000e+00	0.0000000000000000e+00	0.0000000000000000e+00	0.00000e+00	0.00000e+00	0.00000e+00	0.00000e+00	0.00000e+00	0.00000e+00	error!	error!	error!	error!	error!	
monocrop	Thu Nov 20 13:21:01 CET 2025	28/6/2020	28	6	2020	180	1	1	6	5.0000000000000000e-01	5.0000000000000000e-01	2.2000000000000000e+00	4.0000000000000000e-01	4.0000000000000000e-01	1.3647856352403296e+00	3.6061863755992930e-01	2.1790127088065417e-01	1.4424746036529544e+02	3.6061865091323860e-01	Non	-3.1622766655672046e+02	0.0000000000000000e+00	1.0567799210548401e-02	0.0000000000000000e+00	0.0000000000000000e+00	0.0000000000000000e+00	error!	error!	error!	0.0000000000000000e+00	0.0000000000000000e+00	error!	0.0000000000000000e+00	error!	0.0000000000000000e+00	1.0567799210548401e-02	0.0000000000000000e+00	0.0000000000000000e+00	0.0000000000000000e+00	0.0000000000000000e+00	0.0000000000000000e+00	0	error!	0.0000000000000000e+00	0.0000000000000000e+00	0.0000000000000000e+00	0.0000000000000000e+00	0.0000000000000000e+00	0.0000000000000000e+00	0.0000000000000000e+00	0.0000000000000000e+00	0.0000000000000000e+00	0.0000000000000000e+00	0.00000e+00	0.00000e+00	0.00000e+00	0.00000e+00	0.00000e+00	0.00000e+00	error!	error!	error!	error!	error!	
monocrop	Thu Nov 20 13:21:01 CET 2025	28/6/2020	28	6	2020	180	1	1	7	5.0000000000000000e-01	5.0000000000000000e-01	2.5000000000000000e+00	2.0000000000000000e-01	2.0000000000000000e-01	1.3647856352403296e+00	3.6061863755992930e-01	2.1790127088065417e-01	7.2123730182647720e+01	3.6061865091323860e-01	Non	-3.1622766655672046e+02	0.0000000000000000e+00	1.6900302143767475e-04	0.0000000000000000e+00	0.0000000000000000e+00	0.0000000000000000e+00	error!	error!	error!	0.0000000000000000e+00	0.0000000000000000e+00	error!	0.0000000000000000e+00	error!	0.0000000000000000e+00	1.6900302143767475e-04	0.0000000000000000e+00	0.0000000000000000e+00	0.0000000000000000e+00	0.0000000000000000e+00	0.0000000000000000e+00	0	error!	0.0000000000000000e+00	0.0000000000000000e+00	0.0000000000000000e+00	0.0000000000000000e+00	0.0000000000000000e+00	0.0000000000000000e+00	0.0000000000000000e+00	0.0000000000000000e+00	0.0000000000000000e+00	0.0000000000000000e+00	0.00000e+00	0.00000e+00	0.00000e+00	0.00000e+00	0.00000e+00	0.00000e+00	error!	error!	error!	error!	error!	
monocrop	Thu Nov 20 13:21:01 CET 2025	28/7/2020	28	7	2020	210	1	1	1	5.0000000000000000e-01	5.0000000000000000e-01	2.0000000000000000e-01	4.0000000000000000e-01	4.0000000000000000e-01	1.4589606874013206e+00	2.5098248317331856e-01	1.0526950743019908e-01	3.9861029386520390e+01	9.9652573466300980e-02	Non	-2.0223354287909550e+04	2.9658075332641602e+00	7.3963836669921880e+00	1.5127839062500000e+05	5.3185808019166060e-01	4.4595254352543870e-02	error!	error!	error!	0.0000000000000000e+00	0.0000000000000000e+00	error!	0.0000000000000000e+00	error!	0.0000000000000000e+00	1.0362191200256348e+01	0.0000000000000000e+00	0.0000000000000000e+00	5.6322754291421530e-01	0.0000000000000000e+00	5.6322754291421530e-01	0	error!	0.0000000000000000e+00	0.0000000000000000e+00	0.0000000000000000e+00	0.0000000000000000e+00	0.0000000000000000e+00	0.0000000000000000e+00	0.0000000000000000e+00	0.0000000000000000e+00	0.0000000000000000e+00	0.0000000000000000e+00	0.00000e+00	0.00000e+00	0.00000e+00	0.00000e+00	0.00000e+00	0.00000e+00	error!	error!	error!	error!	error!	
monocrop	Thu Nov 20 13:21:01 CET 2025	28/7/2020	28	7	2020	210	1	1	2	5.0000000000000000e-01	5.0000000000000000e-01	6.0000000000000000e-01	4.0000000000000000e-01	4.0000000000000000e-01	1.4309090397266921e+00	3.0168622702993400e-01	1.5880384316758975e-01	5.9186589717865000e+01	1.4796647429466248e-01	Non	-2.4226093396423636e+04	0.0000000000000000e+00	1.3841805458068848e+00	3.7187663574218750e+03	0.0000000000000000e+00	5.6782907338399500e-03	error!	error!	error!	0.0000000000000000e+00	0.0000000000000000e+00	error!	0.0000000000000000e+00	error!	0.0000000000000000e+00	1.3841805458068848e+00	0.0000000000000000e+00	0.0000000000000000e+00	7.1715472518451880e-02	0.0000000000000000e+00	7.1715472518451880e-02	0	error!	0.0000000000000000e+00	0.0000000000000000e+00	0.0000000000000000e+00	0.0000000000000000e+00	0.0000000000000000e+00	0.0000000000000000e+00	0.0000000000000000e+00	0.0000000000000000e+00	0.0000000000000000e+00	0.0000000000000000e+00	0.00000e+00	0.00000e+00	0.00000e+00	0.00000e+00	0.00000e+00	0.00000e+00	error!	error!	error!	error!	error!	
monocrop	Thu Nov 20 13:21:01 CET 2025	28/7/2020	28	7	2020	210	1	1	3	5.0000000000000000e-01	5.0000000000000000e-01	1.0000000000000000e+00	4.0000000000000000e-01	4.0000000000000000e-01	1.3849533251186568e+00	3.4488479580833220e-01	2.0168833097530822e-01	1.3795388936996460e+02	3.4488472342491150e-01	Non	-3.1622829067263370e+02	0.0000000000000000e+00	1.9394948959350586e+00	0.0000000000000000e+00	0.0000000000000000e+00	0.0000000000000000e+00	error!	error!	error!	0.0000000000000000e+00	0.0000000000000000e+00	error!	0.0000000000000000e+00	error!	0.0000000000000000e+00	1.9394948959350586e+00	0.0000000000000000e+00	0.0000000000000000e+00	0.0000000000000000e+00	0.0000000000000000e+00	0.0000000000000000e+00	0	error!	0.0000000000000000e+00	0.0000000000000000e+00	0.0000000000000000e+00	0.0000000000000000e+00	0.0000000000000000e+00	0.0000000000000000e+00	0.0000000000000000e+00	0.0000000000000000e+00	0.0000000000000000e+00	0.0000000000000000e+00	0.00000e+00	0.00000e+00	0.00000e+00	0.00000e+00	0.00000e+00	0.00000e+00	error!	error!	error!	error!	error!	
monocrop	Thu Nov 20 13:21:01 CET 2025	28/7/2020	28	7	2020	210	1	1	4	5.0000000000000000e-01	5.0000000000000000e-01	1.4000000000000000e+00	4.0000000000000000e-01	4.0000000000000000e-01	1.3647856352403296e+00	3.6061863755992930e-01	2.1790127088065417e-01	1.4424746036529544e+02	3.6061865091323860e-01	Non	-3.1622766655672046e+02	0.0000000000000000e+00	6.7356739044189450e-01	0.0000000000000000e+00	0.0000000000000000e+00	0.0000000000000000e+00	error!	error!	error!	0.0000000000000000e+00	0.0000000000000000e+00	error!	0.0000000000000000e+00	error!	0.0000000000000000e+00	6.7356739044189450e-01	0.0000000000000000e+00	0.0000000000000000e+00	0.0000000000000000e+00	0.0000000000000000e+00	0.0000000000000000e+00	0	error!	0.0000000000000000e+00	0.0000000000000000e+00	0.0000000000000000e+00	0.0000000000000000e+00	0.0000000000000000e+00	0.0000000000000000e+00	0.0000000000000000e+00	0.0000000000000000e+00	0.0000000000000000e+00	0.0000000000000000e+00	0.00000e+00	0.00000e+00	0.00000e+00	0.00000e+00	0.00000e+00	0.00000e+00	error!	error!	error!	error!	error!	
monocrop	Thu Nov 20 13:21:01 CET 2025	28/7/2020	28	7	2020	210	1	1	5	5.0000000000000000e-01	5.0000000000000000e-01	1.8000000000000000e+00	4.0000000000000000e-01	4.0000000000000000e-01	1.3647856352403296e+00	3.6061863755992930e-01	2.1790127088065417e-01	1.4424746036529544e+02	3.6061865091323860e-01	Non	-3.1622766655672046e+02	0.0000000000000000e+00	1.6091552972793580e-01	0.0000000000000000e+00	0.0000000000000000e+00	0.0000000000000000e+00	error!	error!	error!	0.0000000000000000e+00	0.0000000000000000e+00	error!	0.0000000000000000e+00	error!	0.0000000000000000e+00	1.6091552972793580e-01	0.0000000000000000e+00	0.0000000000000000e+00	0.0000000000000000e+00	0.0000000000000000e+00	0.0000000000000000e+00	0	error!	0.0000000000000000e+00	0.0000000000000000e+00	0.0000000000000000e+00	0.0000000000000000e+00	0.0000000000000000e+00	0.0000000000000000e+00	0.0000000000000000e+00	0.0000000000000000e+00	0.0000000000000000e+00	0.0000000000000000e+00	0.00000e+00	0.00000e+00	0.00000e+00	0.00000e+00	0.00000e+00	0.00000e+00	error!	error!	error!	error!	error!	
monocrop	Thu Nov 20 13:21:01 CET 2025	28/7/2020	28	7	2020	210	1	1	6	5.0000000000000000e-01	5.0000000000000000e-01	2.2000000000000000e+00	4.0000000000000000e-01	4.0000000000000000e-01	1.3647856352403296e+00	3.6061863755992930e-01	2.1790127088065417e-01	1.4424746036529544e+02	3.6061865091323860e-01	Non	-3.1622766655672046e+02	0.0000000000000000e+00	1.0567799210548401e-02	0.0000000000000000e+00	0.0000000000000000e+00	0.0000000000000000e+00	error!	error!	error!	0.0000000000000000e+00	0.0000000000000000e+00	error!	0.0000000000000000e+00	error!	0.0000000000000000e+00	1.0567799210548401e-02	0.0000000000000000e+00	0.0000000000000000e+00	0.0000000000000000e+00	0.0000000000000000e+00	0.0000000000000000e+00	0	error!	0.0000000000000000e+00	0.0000000000000000e+00	0.0000000000000000e+00	0.0000000000000000e+00	0.0000000000000000e+00	0.0000000000000000e+00	0.0000000000000000e+00	0.0000000000000000e+00	0.0000000000000000e+00	0.0000000000000000e+00	0.00000e+00	0.00000e+00	0.00000e+00	0.00000e+00	0.00000e+00	0.00000e+00	error!	error!	error!	error!	error!	
monocrop	Thu Nov 20 13:21:01 CET 2025	28/7/2020	28	7	2020	210	1	1	7	5.0000000000000000e-01	5.0000000000000000e-01	2.5000000000000000e+00	2.0000000000000000e-01	2.0000000000000000e-01	1.3647856352403296e+00	3.6061863755992930e-01	2.1790127088065417e-01	7.2123730182647720e+01	3.6061865091323860e-01	Non	-3.1622766655672046e+02	0.0000000000000000e+00	1.6900302143767475e-04	0.0000000000000000e+00	0.0000000000000000e+00	0.0000000000000000e+00	error!	error!	error!	0.0000000000000000e+00	0.0000000000000000e+00	error!	0.0000000000000000e+00	error!	0.0000000000000000e+00	1.6900302143767475e-04	0.0000000000000000e+00	0.0000000000000000e+00	0.0000000000000000e+00	0.0000000000000000e+00	0.0000000000000000e+00	0	error!	0.0000000000000000e+00	0.0000000000000000e+00	0.0000000000000000e+00	0.0000000000000000e+00	0.0000000000000000e+00	0.0000000000000000e+00	0.0000000000000000e+00	0.0000000000000000e+00	0.0000000000000000e+00	0.0000000000000000e+00	0.00000e+00	0.00000e+00	0.00000e+00	0.00000e+00	0.00000e+00	0.00000e+00	error!	error!	error!	error!	error!	
monocrop	Thu Nov 20 13:21:01 CET 2025	28/8/2020	28	8	2020	241	1	1	1	5.0000000000000000e-01	5.0000000000000000e-01	2.0000000000000000e-01	4.0000000000000000e-01	4.0000000000000000e-01	1.4589606874013206e+00	2.5098248317331856e-01	1.0526950743019908e-01	4.4594264030456550e+01	1.1148566007614137e-01	Non	-1.2280817344727500e+04	1.9762447357177735e+00	8.4944664001464840e+00	1.5113807812500000e+05	0.0000000000000000e+00	8.1664702925396680e-04	error!	error!	error!	0.0000000000000000e+00	0.0000000000000000e+00	error!	0.0000000000000000e+00	error!	0.0000000000000000e+00	1.0470711135864258e+01	0.0000000000000000e+00	0.0000000000000000e+00	2.6492276611373770e-01	0.0000000000000000e+00	2.6492276611373770e-01	0	error!	0.0000000000000000e+00	0.0000000000000000e+00	0.0000000000000000e+00	0.0000000000000000e+00	0.0000000000000000e+00	0.0000000000000000e+00	0.0000000000000000e+00	0.0000000000000000e+00	0.0000000000000000e+00	0.0000000000000000e+00	0.00000e+00	0.00000e+00	0.00000e+00	0.00000e+00	0.00000e+00	0.00000e+00	error!	error!	error!	error!	error!	
monocrop	Thu Nov 20 13:21:01 CET 2025	28/8/2020	28	8	2020	241	1	1	2	5.0000000000000000e-01	5.0000000000000000e-01	6.0000000000000000e-01	4.0000000000000000e-01	4.0000000000000000e-01	1.4309090397266921e+00	3.0168622702993400e-01	1.5880384316758975e-01	5.5856853723526000e+01	1.3964213430881500e-01	Non	-3.4293239137797460e+04	0.0000000000000000e+00	1.2708971023559570e+00	3.7187663574218750e+03	2.1946476772427560e-04	1.8335290182816262e-04	error!	error!	error!	0.0000000000000000e+00	0.0000000000000000e+00	error!	0.0000000000000000e+00	error!	0.0000000000000000e+00	1.2708971023559570e+00	0.0000000000000000e+00	0.0000000000000000e+00	5.9480235875800180e-02	0.0000000000000000e+00	5.9480235875800180e-02	0	error!	0.0000000000000000e+00	0.0000000000000000e+00	0.0000000000000000e+00	0.0000000000000000e+00	0.0000000000000000e+00	0.0000000000000000e+00	0.0000000000000000e+00	0.0000000000000000e+00	0.0000000000000000e+00	0.0000000000000000e+00	0.00000e+00	0.00000e+00	0.00000e+00	0.00000e+00	0.00000e+00	0.00000e+00	error!	error!	error!	error!	error!	
monocrop	Thu Nov 20 13:21:01 CET 2025	28/8/2020	28	8	2020	241	1	1	3	5.0000000000000000e-01	5.0000000000000000e-01	1.0000000000000000e+00	4.0000000000000000e-01	4.0000000000000000e-01	1.3849533251186568e+00	3.4488479580833220e-01	2.0168833097530822e-01	1.3795388936996460e+02	3.4488472342491150e-01	Non	-3.1622829067263370e+02	0.0000000000000000e+00	1.9394948959350586e+00	0.0000000000000000e+00	0.0000000000000000e+00	0.0000000000000000e+00	error!	error!	error!	0.0000000000000000e+00	0.0000000000000000e+00	error!	0.0000000000000000e+00	error!	0.0000000000000000e+00	1.9394948959350586e+00	0.0000000000000000e+00	0.0000000000000000e+00	0.0000000000000000e+00	0.0000000000000000e+00	0.0000000000000000e+00	0	error!	0.0000000000000000e+00	0.0000000000000000e+00	0.0000000000000000e+00	0.0000000000000000e+00	0.0000000000000000e+00	0.0000000000000000e+00	0.0000000000000000e+00	0.0000000000000000e+00	0.0000000000000000e+00	0.0000000000000000e+00	0.00000e+00	0.00000e+00	0.00000e+00	0.00000e+00	0.00000e+00	0.00000e+00	error!	error!	error!	error!	error!	
monocrop	Thu Nov 20 13:21:01 CET 2025	28/8/2020	28	8	2020	241	1	1	4	5.0000000000000000e-01	5.0000000000000000e-01	1.4000000000000000e+00	4.0000000000000000e-01	4.0000000000000000e-01	1.3647856352403296e+00	3.6061863755992930e-01	2.1790127088065417e-01	1.4424746036529544e+02	3.6061865091323860e-01	Non	-3.1622766655672046e+02	0.0000000000000000e+00	6.7356739044189450e-01	0.0000000000000000e+00	0.0000000000000000e+00	0.0000000000000000e+00	error!	error!	error!	0.0000000000000000e+00	0.0000000000000000e+00	error!	0.0000000000000000e+00	error!	0.0000000000000000e+00	6.7356739044189450e-01	0.0000000000000000e+00	0.0000000000000000e+00	0.0000000000000000e+00	0.0000000000000000e+00	0.0000000000000000e+00	0	error!	0.0000000000000000e+00	0.0000000000000000e+00	0.0000000000000000e+00	0.0000000000000000e+00	0.0000000000000000e+00	0.0000000000000000e+00	0.0000000000000000e+00	0.0000000000000000e+00	0.0000000000000000e+00	0.0000000000000000e+00	0.00000e+00	0.00000e+00	0.00000e+00	0.00000e+00	0.00000e+00	0.00000e+00	error!	error!	error!	error!	error!	
monocrop	Thu Nov 20 13:21:01 CET 2025	28/8/2020	28	8	2020	241	1	1	5	5.0000000000000000e-01	5.0000000000000000e-01	1.8000000000000000e+00	4.0000000000000000e-01	4.0000000000000000e-01	1.3647856352403296e+00	3.6061863755992930e-01	2.1790127088065417e-01	1.4424746036529544e+02	3.6061865091323860e-01	Non	-3.1622766655672046e+02	0.0000000000000000e+00	1.6091552972793580e-01	0.0000000000000000e+00	0.0000000000000000e+00	0.0000000000000000e+00	error!	error!	error!	0.0000000000000000e+00	0.0000000000000000e+00	error!	0.0000000000000000e+00	error!	0.0000000000000000e+00	1.6091552972793580e-01	0.0000000000000000e+00	0.0000000000000000e+00	0.0000000000000000e+00	0.0000000000000000e+00	0.0000000000000000e+00	0	error!	0.0000000000000000e+00	0.0000000000000000e+00	0.0000000000000000e+00	0.0000000000000000e+00	0.0000000000000000e+00	0.0000000000000000e+00	0.0000000000000000e+00	0.0000000000000000e+00	0.0000000000000000e+00	0.0000000000000000e+00	0.00000e+00	0.00000e+00	0.00000e+00	0.00000e+00	0.00000e+00	0.00000e+00	error!	error!	error!	error!	error!	
monocrop	Thu Nov 20 13:21:01 CET 2025	28/8/2020	28	8	2020	241	1	1	6	5.0000000000000000e-01	5.0000000000000000e-01	2.2000000000000000e+00	4.0000000000000000e-01	4.0000000000000000e-01	1.3647856352403296e+00	3.6061863755992930e-01	2.1790127088065417e-01	1.4424746036529544e+02	3.6061865091323860e-01	Non	-3.1622766655672046e+02	0.0000000000000000e+00	1.0567799210548401e-02	0.0000000000000000e+00	0.0000000000000000e+00	0.0000000000000000e+00	error!	error!	error!	0.0000000000000000e+00	0.0000000000000000e+00	error!	0.0000000000000000e+00	error!	0.0000000000000000e+00	1.0567799210548401e-02	0.0000000000000000e+00	0.0000000000000000e+00	0.0000000000000000e+00	0.0000000000000000e+00	0.0000000000000000e+00	0	error!	0.0000000000000000e+00	0.0000000000000000e+00	0.0000000000000000e+00	0.0000000000000000e+00	0.0000000000000000e+00	0.0000000000000000e+00	0.0000000000000000e+00	0.0000000000000000e+00	0.0000000000000000e+00	0.0000000000000000e+00	0.00000e+00	0.00000e+00	0.00000e+00	0.00000e+00	0.00000e+00	0.00000e+00	error!	error!	error!	error!	error!	
monocrop	Thu Nov 20 13:21:01 CET 2025	28/8/2020	28	8	2020	241	1	1	7	5.0000000000000000e-01	5.0000000000000000e-01	2.5000000000000000e+00	2.0000000000000000e-01	2.0000000000000000e-01	1.3647856352403296e+00	3.6061863755992930e-01	2.1790127088065417e-01	7.2123730182647720e+01	3.6061865091323860e-01	Non	-3.1622766655672046e+02	0.0000000000000000e+00	1.6900302143767475e-04	0.0000000000000000e+00	0.0000000000000000e+00	0.0000000000000000e+00	error!	error!	error!	0.0000000000000000e+00	0.0000000000000000e+00	error!	0.0000000000000000e+00	error!	0.0000000000000000e+00	1.6900302143767475e-04	0.0000000000000000e+00	0.0000000000000000e+00	0.0000000000000000e+00	0.0000000000000000e+00	0.0000000000000000e+00	0	error!	0.0000000000000000e+00	0.0000000000000000e+00	0.0000000000000000e+00	0.0000000000000000e+00	0.0000000000000000e+00	0.0000000000000000e+00	0.0000000000000000e+00	0.0000000000000000e+00	0.0000000000000000e+00	0.0000000000000000e+00	0.00000e+00	0.00000e+00	0.00000e+00	0.00000e+00	0.00000e+00	0.00000e+00	error!	error!	error!	error!	error!	
monocrop	Thu Nov 20 13:21:01 CET 2025	28/9/2020	28	9	2020	272	1	1	1	5.0000000000000000e-01	5.0000000000000000e-01	2.0000000000000000e-01	4.0000000000000000e-01	4.0000000000000000e-01	1.4589606874013206e+00	2.5098248317331856e-01	1.0526950743019908e-01	5.9714734554290770e+01	1.4928683638572693e-01	Non	-3.3480096091556215e+03	1.2197329521179199e+00	8.6361244201660160e+00	1.2128607812500000e+05	2.6205331087112427e-01	1.3490524265130132e-02	error!	error!	error!	0.0000000000000000e+00	0.0000000000000000e+00	error!	0.0000000000000000e+00	error!	0.0000000000000000e+00	9.8558573722839360e+00	0.0000000000000000e+00	0.0000000000000000e+00	9.8368155709381480e-01	0.0000000000000000e+00	9.8368155709381480e-01	0	error!	0.0000000000000000e+00	0.0000000000000000e+00	0.0000000000000000e+00	0.0000000000000000e+00	0.0000000000000000e+00	0.0000000000000000e+00	0.0000000000000000e+00	0.0000000000000000e+00	0.0000000000000000e+00	0.0000000000000000e+00	0.00000e+00	0.00000e+00	0.00000e+00	0.00000e+00	0.00000e+00	0.00000e+00	error!	error!	error!	error!	error!	
monocrop	Thu Nov 20 13:21:01 CET 2025	28/9/2020	28	9	2020	272	1	1	2	5.0000000000000000e-01	5.0000000000000000e-01	6.0000000000000000e-01	4.0000000000000000e-01	4.0000000000000000e-01	1.4309090397266921e+00	3.0168622702993400e-01	1.5880384316758975e-01	5.5699408054351810e+01	1.3924852013587952e-01	Non	-3.4879110065660470e+04	0.0000000000000000e+00	1.1266090393066406e+00	3.3808562011718750e+03	0.0000000000000000e+00	7.1087560508671300e-04	error!	error!	error!	0.0000000000000000e+00	0.0000000000000000e+00	error!	0.0000000000000000e+00	error!	0.0000000000000000e+00	1.1266090393066406e+00	0.0000000000000000e+00	0.0000000000000000e+00	5.1834547595690510e-02	0.0000000000000000e+00	5.1834547595690510e-02	0	error!	0.0000000000000000e+00	0.0000000000000000e+00	0.0000000000000000e+00	0.0000000000000000e+00	0.0000000000000000e+00	0.0000000000000000e+00	0.0000000000000000e+00	0.0000000000000000e+00	0.0000000000000000e+00	0.0000000000000000e+00	0.00000e+00	0.00000e+00	0.00000e+00	0.00000e+00	0.00000e+00	0.00000e+00	error!	error!	error!	error!	error!	
monocrop	Thu Nov 20 13:21:01 CET 2025	28/9/2020	28	9	2020	272	1	1	3	5.0000000000000000e-01	5.0000000000000000e-01	1.0000000000000000e+00	4.0000000000000000e-01	4.0000000000000000e-01	1.3849533251186568e+00	3.4488479580833220e-01	2.0168833097530822e-01	1.3795388936996460e+02	3.4488472342491150e-01	Non	-3.1622829067263370e+02	0.0000000000000000e+00	1.9394948959350586e+00	0.0000000000000000e+00	0.0000000000000000e+00	0.0000000000000000e+00	error!	error!	error!	0.0000000000000000e+00	0.0000000000000000e+00	error!	0.0000000000000000e+00	error!	0.0000000000000000e+00	1.9394948959350586e+00	0.0000000000000000e+00	0.0000000000000000e+00	0.0000000000000000e+00	0.0000000000000000e+00	0.0000000000000000e+00	0	error!	0.0000000000000000e+00	0.0000000000000000e+00	0.0000000000000000e+00	0.0000000000000000e+00	0.0000000000000000e+00	0.0000000000000000e+00	0.0000000000000000e+00	0.0000000000000000e+00	0.0000000000000000e+00	0.0000000000000000e+00	0.00000e+00	0.00000e+00	0.00000e+00	0.00000e+00	0.00000e+00	0.00000e+00	error!	error!	error!	error!	error!	
monocrop	Thu Nov 20 13:21:01 CET 2025	28/9/2020	28	9	2020	272	1	1	4	5.0000000000000000e-01	5.0000000000000000e-01	1.4000000000000000e+00	4.0000000000000000e-01	4.0000000000000000e-01	1.3647856352403296e+00	3.6061863755992930e-01	2.1790127088065417e-01	1.4424746036529544e+02	3.6061865091323860e-01	Non	-3.1622766655672046e+02	0.0000000000000000e+00	6.7356739044189450e-01	0.0000000000000000e+00	0.0000000000000000e+00	0.0000000000000000e+00	error!	error!	error!	0.0000000000000000e+00	0.0000000000000000e+00	error!	0.0000000000000000e+00	error!	0.0000000000000000e+00	6.7356739044189450e-01	0.0000000000000000e+00	0.0000000000000000e+00	0.0000000000000000e+00	0.0000000000000000e+00	0.0000000000000000e+00	0	error!	0.0000000000000000e+00	0.0000000000000000e+00	0.0000000000000000e+00	0.0000000000000000e+00	0.0000000000000000e+00	0.0000000000000000e+00	0.0000000000000000e+00	0.0000000000000000e+00	0.0000000000000000e+00	0.0000000000000000e+00	0.00000e+00	0.00000e+00	0.00000e+00	0.00000e+00	0.00000e+00	0.00000e+00	error!	error!	error!	error!	error!	
monocrop	Thu Nov 20 13:21:01 CET 2025	28/9/2020	28	9	2020	272	1	1	5	5.0000000000000000e-01	5.0000000000000000e-01	1.8000000000000000e+00	4.0000000000000000e-01	4.0000000000000000e-01	1.3647856352403296e+00	3.6061863755992930e-01	2.1790127088065417e-01	1.4424746036529544e+02	3.6061865091323860e-01	Non	-3.1622766655672046e+02	0.0000000000000000e+00	1.6091552972793580e-01	0.0000000000000000e+00	0.0000000000000000e+00	0.0000000000000000e+00	error!	error!	error!	0.0000000000000000e+00	0.0000000000000000e+00	error!	0.0000000000000000e+00	error!	0.0000000000000000e+00	1.6091552972793580e-01	0.0000000000000000e+00	0.0000000000000000e+00	0.0000000000000000e+00	0.0000000000000000e+00	0.0000000000000000e+00	0	error!	0.0000000000000000e+00	0.0000000000000000e+00	0.0000000000000000e+00	0.0000000000000000e+00	0.0000000000000000e+00	0.0000000000000000e+00	0.0000000000000000e+00	0.0000000000000000e+00	0.0000000000000000e+00	0.0000000000000000e+00	0.00000e+00	0.00000e+00	0.00000e+00	0.00000e+00	0.00000e+00	0.00000e+00	error!	error!	error!	error!	error!	
monocrop	Thu Nov 20 13:21:01 CET 2025	28/9/2020	28	9	2020	272	1	1	6	5.0000000000000000e-01	5.0000000000000000e-01	2.2000000000000000e+00	4.0000000000000000e-01	4.0000000000000000e-01	1.3647856352403296e+00	3.6061863755992930e-01	2.1790127088065417e-01	1.4424746036529544e+02	3.6061865091323860e-01	Non	-3.1622766655672046e+02	0.0000000000000000e+00	1.0567799210548401e-02	0.0000000000000000e+00	0.0000000000000000e+00	0.0000000000000000e+00	error!	error!	error!	0.0000000000000000e+00	0.0000000000000000e+00	error!	0.0000000000000000e+00	error!	0.0000000000000000e+00	1.0567799210548401e-02	0.0000000000000000e+00	0.0000000000000000e+00	0.0000000000000000e+00	0.0000000000000000e+00	0.0000000000000000e+00	0	error!	0.0000000000000000e+00	0.0000000000000000e+00	0.0000000000000000e+00	0.0000000000000000e+00	0.0000000000000000e+00	0.0000000000000000e+00	0.0000000000000000e+00	0.0000000000000000e+00	0.0000000000000000e+00	0.0000000000000000e+00	0.00000e+00	0.00000e+00	0.00000e+00	0.00000e+00	0.00000e+00	0.00000e+00	error!	error!	error!	error!	error!	
monocrop	Thu Nov 20 13:21:01 CET 2025	28/9/2020	28	9	2020	272	1	1	7	5.0000000000000000e-01	5.0000000000000000e-01	2.5000000000000000e+00	2.0000000000000000e-01	2.0000000000000000e-01	1.3647856352403296e+00	3.6061863755992930e-01	2.1790127088065417e-01	7.2123730182647720e+01	3.6061865091323860e-01	Non	-3.1622766655672046e+02	0.0000000000000000e+00	1.6900302143767475e-04	0.0000000000000000e+00	0.0000000000000000e+00	0.0000000000000000e+00	error!	error!	error!	0.0000000000000000e+00	0.0000000000000000e+00	error!	0.0000000000000000e+00	error!	0.0000000000000000e+00	1.6900302143767475e-04	0.0000000000000000e+00	0.0000000000000000e+00	0.0000000000000000e+00	0.0000000000000000e+00	0.0000000000000000e+00	0	error!	0.0000000000000000e+00	0.0000000000000000e+00	0.0000000000000000e+00	0.0000000000000000e+00	0.0000000000000000e+00	0.0000000000000000e+00	0.0000000000000000e+00	0.0000000000000000e+00	0.0000000000000000e+00	0.0000000000000000e+00	0.00000e+00	0.00000e+00	0.00000e+00	0.00000e+00	0.00000e+00	0.00000e+00	error!	error!	error!	error!	error!	
monocrop	Thu Nov 20 13:21:01 CET 2025	28/10/2020	28	10	2020	302	1	1	1	5.0000000000000000e-01	5.0000000000000000e-01	2.0000000000000000e-01	4.0000000000000000e-01	4.0000000000000000e-01	1.4589606874013206e+00	2.5098248317331856e-01	1.0526950743019908e-01	7.2543394565582280e+01	1.8135848641395570e-01	Non	-1.4019040792609026e+03	6.3931303024292000e-01	6.9591087341308600e+00	0.0000000000000000e+00	0.0000000000000000e+00	0.0000000000000000e+00	error!	error!	error!	0.0000000000000000e+00	0.0000000000000000e+00	error!	0.0000000000000000e+00	error!	0.0000000000000000e+00	7.5984217643737795e+00	0.0000000000000000e+00	0.0000000000000000e+00	0.0000000000000000e+00	0.0000000000000000e+00	0.0000000000000000e+00	0	error!	0.0000000000000000e+00	0.0000000000000000e+00	0.0000000000000000e+00	0.0000000000000000e+00	0.0000000000000000e+00	0.0000000000000000e+00	0.0000000000000000e+00	0.0000000000000000e+00	0.0000000000000000e+00	0.0000000000000000e+00	1.11010e+03	0.00000e+00	8.35301e+02	2.15710e+01	0.00000e+00	1.79398e+01	error!	error!	error!	error!	error!	
monocrop	Thu Nov 20 13:21:01 CET 2025	28/10/2020	28	10	2020	302	1	1	2	5.0000000000000000e-01	5.0000000000000000e-01	6.0000000000000000e-01	4.0000000000000000e-01	4.0000000000000000e-01	1.4309090397266921e+00	3.0168622702993400e-01	1.5880384316758975e-01	5.5693900585174570e+01	1.3923475146293640e-01	Non	-3.4899814268765300e+04	0.0000000000000000e+00	1.1188911437988280e+00	0.0000000000000000e+00	0.0000000000000000e+00	0.0000000000000000e+00	error!	error!	error!	0.0000000000000000e+00	0.0000000000000000e+00	error!	0.0000000000000000e+00	error!	0.0000000000000000e+00	1.1188911437988280e+00	0.0000000000000000e+00	0.0000000000000000e+00	0.0000000000000000e+00	0.0000000000000000e+00	0.0000000000000000e+00	0	error!	0.0000000000000000e+00	0.0000000000000000e+00	0.0000000000000000e+00	0.0000000000000000e+00	0.0000000000000000e+00	0.0000000000000000e+00	0.0000000000000000e+00	0.0000000000000000e+00	0.0000000000000000e+00	0.0000000000000000e+00	0.00000e+00	0.00000e+00	0.00000e+00	0.00000e+00	0.00000e+00	0.00000e+00	error!	error!	error!	error!	error!	
monocrop	Thu Nov 20 13:21:01 CET 2025	28/10/2020	28	10	2020	302	1	1	3	5.0000000000000000e-01	5.0000000000000000e-01	1.0000000000000000e+00	4.0000000000000000e-01	4.0000000000000000e-01	1.3849533251186568e+00	3.4488479580833220e-01	2.0168833097530822e-01	1.3795388936996460e+02	3.4488472342491150e-01	Non	-3.1622829067263370e+02	0.0000000000000000e+00	1.9394948959350586e+00	0.0000000000000000e+00	0.0000000000000000e+00	0.0000000000000000e+00	error!	error!	error!	0.0000000000000000e+00	0.0000000000000000e+00	error!	0.0000000000000000e+00	error!	0.0000000000000000e+00	1.9394948959350586e+00	0.0000000000000000e+00	0.0000000000000000e+00	0.0000000000000000e+00	0.0000000000000000e+00	0.0000000000000000e+00	0	error!	0.0000000000000000e+00	0.0000000000000000e+00	0.0000000000000000e+00	0.0000000000000000e+00	0.0000000000000000e+00	0.0000000000000000e+00	0.0000000000000000e+00	0.0000000000000000e+00	0.0000000000000000e+00	0.0000000000000000e+00	0.00000e+00	0.00000e+00	0.00000e+00	0.00000e+00	0.00000e+00	0.00000e+00	error!	error!	error!	error!	error!	
monocrop	Thu Nov 20 13:21:01 CET 2025	28/10/2020	28	10	2020	302	1	1	4	5.0000000000000000e-01	5.0000000000000000e-01	1.4000000000000000e+00	4.0000000000000000e-01	4.0000000000000000e-01	1.3647856352403296e+00	3.6061863755992930e-01	2.1790127088065417e-01	1.4424746036529544e+02	3.6061865091323860e-01	Non	-3.1622766655672046e+02	0.0000000000000000e+00	6.7356739044189450e-01	0.0000000000000000e+00	0.0000000000000000e+00	0.0000000000000000e+00	error!	error!	error!	0.0000000000000000e+00	0.0000000000000000e+00	error!	0.0000000000000000e+00	error!	0.0000000000000000e+00	6.7356739044189450e-01	0.0000000000000000e+00	0.0000000000000000e+00	0.0000000000000000e+00	0.0000000000000000e+00	0.0000000000000000e+00	0	error!	0.0000000000000000e+00	0.0000000000000000e+00	0.0000000000000000e+00	0.0000000000000000e+00	0.0000000000000000e+00	0.0000000000000000e+00	0.0000000000000000e+00	0.0000000000000000e+00	0.0000000000000000e+00	0.0000000000000000e+00	0.00000e+00	0.00000e+00	0.00000e+00	0.00000e+00	0.00000e+00	0.00000e+00	error!	error!	error!	error!	error!	
monocrop	Thu Nov 20 13:21:01 CET 2025	28/10/2020	28	10	2020	302	1	1	5	5.0000000000000000e-01	5.0000000000000000e-01	1.8000000000000000e+00	4.0000000000000000e-01	4.0000000000000000e-01	1.3647856352403296e+00	3.6061863755992930e-01	2.1790127088065417e-01	1.4424746036529544e+02	3.6061865091323860e-01	Non	-3.1622766655672046e+02	0.0000000000000000e+00	1.6091552972793580e-01	0.0000000000000000e+00	0.0000000000000000e+00	0.0000000000000000e+00	error!	error!	error!	0.0000000000000000e+00	0.0000000000000000e+00	error!	0.0000000000000000e+00	error!	0.0000000000000000e+00	1.6091552972793580e-01	0.0000000000000000e+00	0.0000000000000000e+00	0.0000000000000000e+00	0.0000000000000000e+00	0.0000000000000000e+00	0	error!	0.0000000000000000e+00	0.0000000000000000e+00	0.0000000000000000e+00	0.0000000000000000e+00	0.0000000000000000e+00	0.0000000000000000e+00	0.0000000000000000e+00	0.0000000000000000e+00	0.0000000000000000e+00	0.0000000000000000e+00	0.00000e+00	0.00000e+00	0.00000e+00	0.00000e+00	0.00000e+00	0.00000e+00	error!	error!	error!	error!	error!	
monocrop	Thu Nov 20 13:21:01 CET 2025	28/10/2020	28	10	2020	302	1	1	6	5.0000000000000000e-01	5.0000000000000000e-01	2.2000000000000000e+00	4.0000000000000000e-01	4.0000000000000000e-01	1.3647856352403296e+00	3.6061863755992930e-01	2.1790127088065417e-01	1.4424746036529544e+02	3.6061865091323860e-01	Non	-3.1622766655672046e+02	0.0000000000000000e+00	1.0567799210548401e-02	0.0000000000000000e+00	0.0000000000000000e+00	0.0000000000000000e+00	error!	error!	error!	0.0000000000000000e+00	0.0000000000000000e+00	error!	0.0000000000000000e+00	error!	0.0000000000000000e+00	1.0567799210548401e-02	0.0000000000000000e+00	0.0000000000000000e+00	0.0000000000000000e+00	0.0000000000000000e+00	0.0000000000000000e+00	0	error!	0.0000000000000000e+00	0.0000000000000000e+00	0.0000000000000000e+00	0.0000000000000000e+00	0.0000000000000000e+00	0.0000000000000000e+00	0.0000000000000000e+00	0.0000000000000000e+00	0.0000000000000000e+00	0.0000000000000000e+00	0.00000e+00	0.00000e+00	0.00000e+00	0.00000e+00	0.00000e+00	0.00000e+00	error!	error!	error!	error!	error!	
monocrop	Thu Nov 20 13:21:01 CET 2025	28/10/2020	28	10	2020	302	1	1	7	5.0000000000000000e-01	5.0000000000000000e-01	2.5000000000000000e+00	2.0000000000000000e-01	2.0000000000000000e-01	1.3647856352403296e+00	3.6061863755992930e-01	2.1790127088065417e-01	7.2123730182647720e+01	3.6061865091323860e-01	Non	-3.1622766655672046e+02	0.0000000000000000e+00	1.6900302143767475e-04	0.0000000000000000e+00	0.0000000000000000e+00	0.0000000000000000e+00	error!	error!	error!	0.0000000000000000e+00	0.0000000000000000e+00	error!	0.0000000000000000e+00	error!	0.0000000000000000e+00	1.6900302143767475e-04	0.0000000000000000e+00	0.0000000000000000e+00	0.0000000000000000e+00	0.0000000000000000e+00	0.0000000000000000e+00	0	error!	0.0000000000000000e+00	0.0000000000000000e+00	0.0000000000000000e+00	0.0000000000000000e+00	0.0000000000000000e+00	0.0000000000000000e+00	0.0000000000000000e+00	0.0000000000000000e+00	0.0000000000000000e+00	0.0000000000000000e+00	0.00000e+00	0.00000e+00	0.00000e+00	0.00000e+00	0.00000e+00	0.00000e+00	error!	error!	error!	error!	error!	
monocrop	Thu Nov 20 13:21:01 CET 2025	28/11/2020	28	11	2020	333	1	1	1	5.0000000000000000e-01	5.0000000000000000e-01	2.0000000000000000e-01	4.0000000000000000e-01	4.0000000000000000e-01	1.4589606874013206e+00	2.5098248317331856e-01	1.0526950743019908e-01	9.1465818881988530e+01	2.2866454720497130e-01	Non	-4.8901854431603800e+02	7.0314073562622060e-02	7.3636199951171880e+00	0.0000000000000000e+00	0.0000000000000000e+00	0.0000000000000000e+00	error!	error!	error!	0.0000000000000000e+00	0.0000000000000000e+00	error!	0.0000000000000000e+00	error!	0.0000000000000000e+00	7.4339340686798100e+00	0.0000000000000000e+00	0.0000000000000000e+00	0.0000000000000000e+00	0.0000000000000000e+00	0.0000000000000000e+00	0	error!	0.0000000000000000e+00	0.0000000000000000e+00	0.0000000000000000e+00	0.0000000000000000e+00	0.0000000000000000e+00	0.0000000000000000e+00	0.0000000000000000e+00	0.0000000000000000e+00	0.0000000000000000e+00	0.0000000000000000e+00	5.61470e+02	0.00000e+00	1.97323e+02	1.09103e+01	0.00000e+00	4.23792e+00	error!	error!	error!	error!	error!	
monocrop	Thu Nov 20 13:21:01 CET 2025	28/11/2020	28	11	2020	333	1	1	2	5.0000000000000000e-01	5.0000000000000000e-01	6.0000000000000000e-01	4.0000000000000000e-01	4.0000000000000000e-01	1.4309090397266921e+00	3.0168622702993400e-01	1.5880384316758975e-01	5.5687868595123290e+01	1.3921967148780823e-01	Non	-3.4922506748588436e+04	0.0000000000000000e+00	1.1188911437988280e+00	0.0000000000000000e+00	0.0000000000000000e+00	0.0000000000000000e+00	error!	error!	error!	0.0000000000000000e+00	0.0000000000000000e+00	error!	0.0000000000000000e+00	error!	0.0000000000000000e+00	1.1188911437988280e+00	0.0000000000000000e+00	0.0000000000000000e+00	0.0000000000000000e+00	0.0000000000000000e+00	0.0000000000000000e+00	0	error!	0.0000000000000000e+00	0.0000000000000000e+00	0.0000000000000000e+00	0.0000000000000000e+00	0.0000000000000000e+00	0.0000000000000000e+00	0.0000000000000000e+00	0.0000000000000000e+00	0.0000000000000000e+00	0.0000000000000000e+00	0.00000e+00	0.00000e+00	0.00000e+00	0.00000e+00	0.00000e+00	0.00000e+00	error!	error!	error!	error!	error!	
monocrop	Thu Nov 20 13:21:01 CET 2025	28/11/2020	28	11	2020	333	1	1	3	5.0000000000000000e-01	5.0000000000000000e-01	1.0000000000000000e+00	4.0000000000000000e-01	4.0000000000000000e-01	1.3849533251186568e+00	3.4488479580833220e-01	2.0168833097530822e-01	1.3795388936996460e+02	3.4488472342491150e-01	Non	-3.1622829067263370e+02	0.0000000000000000e+00	1.9394948959350586e+00	0.0000000000000000e+00	0.0000000000000000e+00	0.0000000000000000e+00	error!	error!	error!	0.0000000000000000e+00	0.0000000000000000e+00	error!	0.0000000000000000e+00	error!	0.0000000000000000e+00	1.9394948959350586e+00	0.0000000000000000e+00	0.0000000000000000e+00	0.0000000000000000e+00	0.0000000000000000e+00	0.0000000000000000e+00	0	error!	0.0000000000000000e+00	0.0000000000000000e+00	0.0000000000000000e+00	0.0000000000000000e+00	0.0000000000000000e+00	0.0000000000000000e+00	0.0000000000000000e+00	0.0000000000000000e+00	0.0000000000000000e+00	0.0000000000000000e+00	0.00000e+00	0.00000e+00	0.00000e+00	0.00000e+00	0.00000e+00	0.00000e+00	error!	error!	error!	error!	error!	
monocrop	Thu Nov 20 13:21:01 CET 2025	28/11/2020	28	11	2020	333	1	1	4	5.0000000000000000e-01	5.0000000000000000e-01	1.4000000000000000e+00	4.0000000000000000e-01	4.0000000000000000e-01	1.3647856352403296e+00	3.6061863755992930e-01	2.1790127088065417e-01	1.4424746036529544e+02	3.6061865091323860e-01	Non	-3.1622766655672046e+02	0.0000000000000000e+00	6.7356739044189450e-01	0.0000000000000000e+00	0.0000000000000000e+00	0.0000000000000000e+00	error!	error!	error!	0.0000000000000000e+00	0.0000000000000000e+00	error!	0.0000000000000000e+00	error!	0.0000000000000000e+00	6.7356739044189450e-01	0.0000000000000000e+00	0.0000000000000000e+00	0.0000000000000000e+00	0.0000000000000000e+00	0.0000000000000000e+00	0	error!	0.0000000000000000e+00	0.0000000000000000e+00	0.0000000000000000e+00	0.0000000000000000e+00	0.0000000000000000e+00	0.0000000000000000e+00	0.0000000000000000e+00	0.0000000000000000e+00	0.0000000000000000e+00	0.0000000000000000e+00	0.00000e+00	0.00000e+00	0.00000e+00	0.00000e+00	0.00000e+00	0.00000e+00	error!	error!	error!	error!	error!	
monocrop	Thu Nov 20 13:21:01 CET 2025	28/11/2020	28	11	2020	333	1	1	5	5.0000000000000000e-01	5.0000000000000000e-01	1.8000000000000000e+00	4.0000000000000000e-01	4.0000000000000000e-01	1.3647856352403296e+00	3.6061863755992930e-01	2.1790127088065417e-01	1.4424746036529544e+02	3.6061865091323860e-01	Non	-3.1622766655672046e+02	0.0000000000000000e+00	1.6091552972793580e-01	0.0000000000000000e+00	0.0000000000000000e+00	0.0000000000000000e+00	error!	error!	error!	0.0000000000000000e+00	0.0000000000000000e+00	error!	0.0000000000000000e+00	error!	0.0000000000000000e+00	1.6091552972793580e-01	0.0000000000000000e+00	0.0000000000000000e+00	0.0000000000000000e+00	0.0000000000000000e+00	0.0000000000000000e+00	0	error!	0.0000000000000000e+00	0.0000000000000000e+00	0.0000000000000000e+00	0.0000000000000000e+00	0.0000000000000000e+00	0.0000000000000000e+00	0.0000000000000000e+00	0.0000000000000000e+00	0.0000000000000000e+00	0.0000000000000000e+00	0.00000e+00	0.00000e+00	0.00000e+00	0.00000e+00	0.00000e+00	0.00000e+00	error!	error!	error!	error!	error!	
monocrop	Thu Nov 20 13:21:01 CET 2025	28/11/2020	28	11	2020	333	1	1	6	5.0000000000000000e-01	5.0000000000000000e-01	2.2000000000000000e+00	4.0000000000000000e-01	4.0000000000000000e-01	1.3647856352403296e+00	3.6061863755992930e-01	2.1790127088065417e-01	1.4424746036529544e+02	3.6061865091323860e-01	Non	-3.1622766655672046e+02	0.0000000000000000e+00	1.0567799210548401e-02	0.0000000000000000e+00	0.0000000000000000e+00	0.0000000000000000e+00	error!	error!	error!	0.0000000000000000e+00	0.0000000000000000e+00	error!	0.0000000000000000e+00	error!	0.0000000000000000e+00	1.0567799210548401e-02	0.0000000000000000e+00	0.0000000000000000e+00	0.0000000000000000e+00	0.0000000000000000e+00	0.0000000000000000e+00	0	error!	0.0000000000000000e+00	0.0000000000000000e+00	0.0000000000000000e+00	0.0000000000000000e+00	0.0000000000000000e+00	0.0000000000000000e+00	0.0000000000000000e+00	0.0000000000000000e+00	0.0000000000000000e+00	0.0000000000000000e+00	0.00000e+00	0.00000e+00	0.00000e+00	0.00000e+00	0.00000e+00	0.00000e+00	error!	error!	error!	error!	error!	
monocrop	Thu Nov 20 13:21:01 CET 2025	28/11/2020	28	11	2020	333	1	1	7	5.0000000000000000e-01	5.0000000000000000e-01	2.5000000000000000e+00	2.0000000000000000e-01	2.0000000000000000e-01	1.3647856352403296e+00	3.6061863755992930e-01	2.1790127088065417e-01	7.2123730182647720e+01	3.6061865091323860e-01	Non	-3.1622766655672046e+02	0.0000000000000000e+00	1.6900302143767475e-04	0.0000000000000000e+00	0.0000000000000000e+00	0.0000000000000000e+00	error!	error!	error!	0.0000000000000000e+00	0.0000000000000000e+00	error!	0.0000000000000000e+00	error!	0.0000000000000000e+00	1.6900302143767475e-04	0.0000000000000000e+00	0.0000000000000000e+00	0.0000000000000000e+00	0.0000000000000000e+00	0.0000000000000000e+00	0	error!	0.0000000000000000e+00	0.0000000000000000e+00	0.0000000000000000e+00	0.0000000000000000e+00	0.0000000000000000e+00	0.0000000000000000e+00	0.0000000000000000e+00	0.0000000000000000e+00	0.0000000000000000e+00	0.0000000000000000e+00	0.00000e+00	0.00000e+00	0.00000e+00	0.00000e+00	0.00000e+00	0.00000e+00	error!	error!	error!	error!	error!	
monocrop	Thu Nov 20 13:21:01 CET 2025	28/12/2020	28	12	2020	363	1	1	1	5.0000000000000000e-01	5.0000000000000000e-01	2.0000000000000000e-01	4.0000000000000000e-01	4.0000000000000000e-01	1.4589606874013206e+00	2.5098248317331856e-01	1.0526950743019908e-01	1.0039304494857788e+02	2.5098261237144470e-01	Non	-3.1622699266936490e+02	9.0476143360137940e-02	4.2610134124755860e+00	0.0000000000000000e+00	0.0000000000000000e+00	0.0000000000000000e+00	error!	error!	error!	0.0000000000000000e+00	0.0000000000000000e+00	error!	0.0000000000000000e+00	error!	0.0000000000000000e+00	4.3514895558357240e+00	0.0000000000000000e+00	0.0000000000000000e+00	0.0000000000000000e+00	0.0000000000000000e+00	0.0000000000000000e+00	0	error!	0.0000000000000000e+00	0.0000000000000000e+00	0.0000000000000000e+00	0.0000000000000000e+00	0.0000000000000000e+00	0.0000000000000000e+00	0.0000000000000000e+00	0.0000000000000000e+00	0.0000000000000000e+00	0.0000000000000000e+00	3.71032e+02	0.00000e+00	5.27186e+01	7.20974e+00	0.00000e+00	1.13224e+00	error!	error!	error!	error!	error!	
monocrop	Thu Nov 20 13:21:01 CET 2025	28/12/2020	28	12	2020	363	1	1	2	5.0000000000000000e-01	5.0000000000000000e-01	6.0000000000000000e-01	4.0000000000000000e-01	4.0000000000000000e-01	1.4309090397266921e+00	3.0168622702993400e-01	1.5880384316758975e-01	1.0226260423660278e+02	2.5565651059150696e-01	Non	-8.9333532418068830e+02	0.0000000000000000e+00	4.8272575378417970e+00	0.0000000000000000e+00	0.0000000000000000e+00	0.0000000000000000e+00	error!	error!	error!	0.0000000000000000e+00	0.0000000000000000e+00	error!	0.0000000000000000e+00	error!	0.0000000000000000e+00	4.8272575378417970e+00	0.0000000000000000e+00	0.0000000000000000e+00	0.0000000000000000e+00	0.0000000000000000e+00	0.0000000000000000e+00	0	error!	0.0000000000000000e+00	0.0000000000000000e+00	0.0000000000000000e+00	0.0000000000000000e+00	0.0000000000000000e+00	0.0000000000000000e+00	0.0000000000000000e+00	0.0000000000000000e+00	0.0000000000000000e+00	0.0000000000000000e+00	0.00000e+00	0.00000e+00	0.00000e+00	0.00000e+00	0.00000e+00	0.00000e+00	error!	error!	error!	error!	error!	
monocrop	Thu Nov 20 13:21:01 CET 2025	28/12/2020	28	12	2020	363	1	1	3	5.0000000000000000e-01	5.0000000000000000e-01	1.0000000000000000e+00	4.0000000000000000e-01	4.0000000000000000e-01	1.3849533251186568e+00	3.4488479580833220e-01	2.0168833097530822e-01	1.3795388936996460e+02	3.4488472342491150e-01	Non	-3.1622829067263370e+02	0.0000000000000000e+00	1.9394948959350586e+00	0.0000000000000000e+00	0.0000000000000000e+00	0.0000000000000000e+00	error!	error!	error!	0.0000000000000000e+00	0.0000000000000000e+00	error!	0.0000000000000000e+00	error!	0.0000000000000000e+00	1.9394948959350586e+00	0.0000000000000000e+00	0.0000000000000000e+00	0.0000000000000000e+00	0.0000000000000000e+00	0.0000000000000000e+00	0	error!	0.0000000000000000e+00	0.0000000000000000e+00	0.0000000000000000e+00	0.0000000000000000e+00	0.0000000000000000e+00	0.0000000000000000e+00	0.0000000000000000e+00	0.0000000000000000e+00	0.0000000000000000e+00	0.0000000000000000e+00	0.00000e+00	0.00000e+00	0.00000e+00	0.00000e+00	0.00000e+00	0.00000e+00	error!	error!	error!	error!	error!	
monocrop	Thu Nov 20 13:21:01 CET 2025	28/12/2020	28	12	2020	363	1	1	4	5.0000000000000000e-01	5.0000000000000000e-01	1.4000000000000000e+00	4.0000000000000000e-01	4.0000000000000000e-01	1.3647856352403296e+00	3.6061863755992930e-01	2.1790127088065417e-01	1.4424746036529544e+02	3.6061865091323860e-01	Non	-3.1622766655672046e+02	0.0000000000000000e+00	6.7356739044189450e-01	0.0000000000000000e+00	0.0000000000000000e+00	0.0000000000000000e+00	error!	error!	error!	0.0000000000000000e+00	0.0000000000000000e+00	error!	0.0000000000000000e+00	error!	0.0000000000000000e+00	6.7356739044189450e-01	0.0000000000000000e+00	0.0000000000000000e+00	0.0000000000000000e+00	0.0000000000000000e+00	0.0000000000000000e+00	0	error!	0.0000000000000000e+00	0.0000000000000000e+00	0.0000000000000000e+00	0.0000000000000000e+00	0.0000000000000000e+00	0.0000000000000000e+00	0.0000000000000000e+00	0.0000000000000000e+00	0.0000000000000000e+00	0.0000000000000000e+00	0.00000e+00	0.00000e+00	0.00000e+00	0.00000e+00	0.00000e+00	0.00000e+00	error!	error!	error!	error!	error!	
monocrop	Thu Nov 20 13:21:01 CET 2025	28/12/2020	28	12	2020	363	1	1	5	5.0000000000000000e-01	5.0000000000000000e-01	1.8000000000000000e+00	4.0000000000000000e-01	4.0000000000000000e-01	1.3647856352403296e+00	3.6061863755992930e-01	2.1790127088065417e-01	1.4424746036529544e+02	3.6061865091323860e-01	Non	-3.1622766655672046e+02	0.0000000000000000e+00	1.6091552972793580e-01	0.0000000000000000e+00	0.0000000000000000e+00	0.0000000000000000e+00	error!	error!	error!	0.0000000000000000e+00	0.0000000000000000e+00	error!	0.0000000000000000e+00	error!	0.0000000000000000e+00	1.6091552972793580e-01	0.0000000000000000e+00	0.0000000000000000e+00	0.0000000000000000e+00	0.0000000000000000e+00	0.0000000000000000e+00	0	error!	0.0000000000000000e+00	0.0000000000000000e+00	0.0000000000000000e+00	0.0000000000000000e+00	0.0000000000000000e+00	0.0000000000000000e+00	0.0000000000000000e+00	0.0000000000000000e+00	0.0000000000000000e+00	0.0000000000000000e+00	0.00000e+00	0.00000e+00	0.00000e+00	0.00000e+00	0.00000e+00	0.00000e+00	error!	error!	error!	error!	error!	
monocrop	Thu Nov 20 13:21:01 CET 2025	28/12/2020	28	12	2020	363	1	1	6	5.0000000000000000e-01	5.0000000000000000e-01	2.2000000000000000e+00	4.0000000000000000e-01	4.0000000000000000e-01	1.3647856352403296e+00	3.6061863755992930e-01	2.1790127088065417e-01	1.4424746036529544e+02	3.6061865091323860e-01	Non	-3.1622766655672046e+02	0.0000000000000000e+00	1.0567799210548401e-02	0.0000000000000000e+00	0.0000000000000000e+00	0.0000000000000000e+00	error!	error!	error!	0.0000000000000000e+00	0.0000000000000000e+00	error!	0.0000000000000000e+00	error!	0.0000000000000000e+00	1.0567799210548401e-02	0.0000000000000000e+00	0.0000000000000000e+00	0.0000000000000000e+00	0.0000000000000000e+00	0.0000000000000000e+00	0	error!	0.0000000000000000e+00	0.0000000000000000e+00	0.0000000000000000e+00	0.0000000000000000e+00	0.0000000000000000e+00	0.0000000000000000e+00	0.0000000000000000e+00	0.0000000000000000e+00	0.0000000000000000e+00	0.0000000000000000e+00	0.00000e+00	0.00000e+00	0.00000e+00	0.00000e+00	0.00000e+00	0.00000e+00	error!	error!	error!	error!	error!	
monocrop	Thu Nov 20 13:21:01 CET 2025	28/12/2020	28	12	2020	363	1	1	7	5.0000000000000000e-01	5.0000000000000000e-01	2.5000000000000000e+00	2.0000000000000000e-01	2.0000000000000000e-01	1.3647856352403296e+00	3.6061863755992930e-01	2.1790127088065417e-01	7.2123730182647720e+01	3.6061865091323860e-01	Non	-3.1622766655672046e+02	0.0000000000000000e+00	1.6900302143767475e-04	0.0000000000000000e+00	0.0000000000000000e+00	0.0000000000000000e+00	error!	error!	error!	0.0000000000000000e+00	0.0000000000000000e+00	error!	0.0000000000000000e+00	error!	0.0000000000000000e+00	1.6900302143767475e-04	0.0000000000000000e+00	0.0000000000000000e+00	0.0000000000000000e+00	0.0000000000000000e+00	0.0000000000000000e+00	0	error!	0.0000000000000000e+00	0.0000000000000000e+00	0.0000000000000000e+00	0.0000000000000000e+00	0.0000000000000000e+00	0.0000000000000000e+00	0.0000000000000000e+00	0.0000000000000000e+00	0.0000000000000000e+00	0.0000000000000000e+00	0.00000e+00	0.00000e+00	0.00000e+00	0.00000e+00	0.00000e+00	0.00000e+00	error!	error!	error!	error!	error!	
monocrop	Thu Nov 20 13:21:01 CET 2025	28/1/2021	28	1	2021	28	1	1	1	5.0000000000000000e-01	5.0000000000000000e-01	2.0000000000000000e-01	4.0000000000000000e-01	4.0000000000000000e-01	1.4589606874013206e+00	2.5098248317331856e-01	1.0526950743019908e-01	9.8486089706420910e+01	2.4621522426605227e-01	Non	-3.4628129961633500e+02	3.5961205959320070e-01	4.0737476348876950e+00	0.0000000000000000e+00	0.0000000000000000e+00	0.0000000000000000e+00	error!	error!	error!	0.0000000000000000e+00	0.0000000000000000e+00	error!	0.0000000000000000e+00	error!	0.0000000000000000e+00	4.4333596944808960e+00	0.0000000000000000e+00	0.0000000000000000e+00	0.0000000000000000e+00	0.0000000000000000e+00	0.0000000000000000e+00	0	error!	0.0000000000000000e+00	0.0000000000000000e+00	0.0000000000000000e+00	0.0000000000000000e+00	0.0000000000000000e+00	0.0000000000000000e+00	0.0000000000000000e+00	0.0000000000000000e+00	0.0000000000000000e+00	0.0000000000000000e+00	2.67973e+02	0.00000e+00	1.86485e+01	5.20714e+00	0.00000e+00	4.00515e-01	error!	error!	error!	error!	error!	
monocrop	Thu Nov 20 13:21:01 CET 2025	28/1/2021	28	1	2021	28	1	1	2	5.0000000000000000e-01	5.0000000000000000e-01	6.0000000000000000e-01	4.0000000000000000e-01	4.0000000000000000e-01	1.4309090397266921e+00	3.0168622702993400e-01	1.5880384316758975e-01	1.1023854017257690e+02	2.7559635043144226e-01	Non	-5.6133941282154070e+02	0.0000000000000000e+00	5.3778980255126950e+00	0.0000000000000000e+00	0.0000000000000000e+00	0.0000000000000000e+00	error!	error!	error!	0.0000000000000000e+00	0.0000000000000000e+00	error!	0.0000000000000000e+00	error!	0.0000000000000000e+00	5.3778980255126950e+00	0.0000000000000000e+00	0.0000000000000000e+00	0.0000000000000000e+00	0.0000000000000000e+00	0.0000000000000000e+00	0	error!	0.0000000000000000e+00	0.0000000000000000e+00	0.0000000000000000e+00	0.0000000000000000e+00	0.0000000000000000e+00	0.0000000000000000e+00	0.0000000000000000e+00	0.0000000000000000e+00	0.0000000000000000e+00	0.0000000000000000e+00	0.00000e+00	0.00000e+00	0.00000e+00	0.00000e+00	0.00000e+00	0.00000e+00	error!	error!	error!	error!	error!	
monocrop	Thu Nov 20 13:21:01 CET 2025	28/1/2021	28	1	2021	28	1	1	3	5.0000000000000000e-01	5.0000000000000000e-01	1.0000000000000000e+00	4.0000000000000000e-01	4.0000000000000000e-01	1.3849533251186568e+00	3.4488479580833220e-01	2.0168833097530822e-01	1.3795388936996460e+02	3.4488472342491150e-01	Non	-3.1622829067263370e+02	0.0000000000000000e+00	1.9394948959350586e+00	0.0000000000000000e+00	0.0000000000000000e+00	0.0000000000000000e+00	error!	error!	error!	0.0000000000000000e+00	0.0000000000000000e+00	error!	0.0000000000000000e+00	error!	0.0000000000000000e+00	1.9394948959350586e+00	0.0000000000000000e+00	0.0000000000000000e+00	0.0000000000000000e+00	0.0000000000000000e+00	0.0000000000000000e+00	0	error!	0.0000000000000000e+00	0.0000000000000000e+00	0.0000000000000000e+00	0.0000000000000000e+00	0.0000000000000000e+00	0.0000000000000000e+00	0.0000000000000000e+00	0.0000000000000000e+00	0.0000000000000000e+00	0.0000000000000000e+00	0.00000e+00	0.00000e+00	0.00000e+00	0.00000e+00	0.00000e+00	0.00000e+00	error!	error!	error!	error!	error!	
monocrop	Thu Nov 20 13:21:01 CET 2025	28/1/2021	28	1	2021	28	1	1	4	5.0000000000000000e-01	5.0000000000000000e-01	1.4000000000000000e+00	4.0000000000000000e-01	4.0000000000000000e-01	1.3647856352403296e+00	3.6061863755992930e-01	2.1790127088065417e-01	1.4424746036529544e+02	3.6061865091323860e-01	Non	-3.1622766655672046e+02	0.0000000000000000e+00	6.7356739044189450e-01	0.0000000000000000e+00	0.0000000000000000e+00	0.0000000000000000e+00	error!	error!	error!	0.0000000000000000e+00	0.0000000000000000e+00	error!	0.0000000000000000e+00	error!	0.0000000000000000e+00	6.7356739044189450e-01	0.0000000000000000e+00	0.0000000000000000e+00	0.0000000000000000e+00	0.0000000000000000e+00	0.0000000000000000e+00	0	error!	0.0000000000000000e+00	0.0000000000000000e+00	0.0000000000000000e+00	0.0000000000000000e+00	0.0000000000000000e+00	0.0000000000000000e+00	0.0000000000000000e+00	0.0000000000000000e+00	0.0000000000000000e+00	0.0000000000000000e+00	0.00000e+00	0.00000e+00	0.00000e+00	0.00000e+00	0.00000e+00	0.00000e+00	error!	error!	error!	error!	error!	
monocrop	Thu Nov 20 13:21:01 CET 2025	28/1/2021	28	1	2021	28	1	1	5	5.0000000000000000e-01	5.0000000000000000e-01	1.8000000000000000e+00	4.0000000000000000e-01	4.0000000000000000e-01	1.3647856352403296e+00	3.6061863755992930e-01	2.1790127088065417e-01	1.4424746036529544e+02	3.6061865091323860e-01	Non	-3.1622766655672046e+02	0.0000000000000000e+00	1.6091552972793580e-01	0.0000000000000000e+00	0.0000000000000000e+00	0.0000000000000000e+00	error!	error!	error!	0.0000000000000000e+00	0.0000000000000000e+00	error!	0.0000000000000000e+00	error!	0.0000000000000000e+00	1.6091552972793580e-01	0.0000000000000000e+00	0.0000000000000000e+00	0.0000000000000000e+00	0.0000000000000000e+00	0.0000000000000000e+00	0	error!	0.0000000000000000e+00	0.0000000000000000e+00	0.0000000000000000e+00	0.0000000000000000e+00	0.0000000000000000e+00	0.0000000000000000e+00	0.0000000000000000e+00	0.0000000000000000e+00	0.0000000000000000e+00	0.0000000000000000e+00	0.00000e+00	0.00000e+00	0.00000e+00	0.00000e+00	0.00000e+00	0.00000e+00	error!	error!	error!	error!	error!	
monocrop	Thu Nov 20 13:21:01 CET 2025	28/1/2021	28	1	2021	28	1	1	6	5.0000000000000000e-01	5.0000000000000000e-01	2.2000000000000000e+00	4.0000000000000000e-01	4.0000000000000000e-01	1.3647856352403296e+00	3.6061863755992930e-01	2.1790127088065417e-01	1.4424746036529544e+02	3.6061865091323860e-01	Non	-3.1622766655672046e+02	0.0000000000000000e+00	1.0567799210548401e-02	0.0000000000000000e+00	0.0000000000000000e+00	0.0000000000000000e+00	error!	error!	error!	0.0000000000000000e+00	0.0000000000000000e+00	error!	0.0000000000000000e+00	error!	0.0000000000000000e+00	1.0567799210548401e-02	0.0000000000000000e+00	0.0000000000000000e+00	0.0000000000000000e+00	0.0000000000000000e+00	0.0000000000000000e+00	0	error!	0.0000000000000000e+00	0.0000000000000000e+00	0.0000000000000000e+00	0.0000000000000000e+00	0.0000000000000000e+00	0.0000000000000000e+00	0.0000000000000000e+00	0.0000000000000000e+00	0.0000000000000000e+00	0.0000000000000000e+00	0.00000e+00	0.00000e+00	0.00000e+00	0.00000e+00	0.00000e+00	0.00000e+00	error!	error!	error!	error!	error!	
monocrop	Thu Nov 20 13:21:01 CET 2025	28/1/2021	28	1	2021	28	1	1	7	5.0000000000000000e-01	5.0000000000000000e-01	2.5000000000000000e+00	2.0000000000000000e-01	2.0000000000000000e-01	1.3647856352403296e+00	3.6061863755992930e-01	2.1790127088065417e-01	7.2123730182647720e+01	3.6061865091323860e-01	Non	-3.1622766655672046e+02	0.0000000000000000e+00	1.6900302143767475e-04	0.0000000000000000e+00	0.0000000000000000e+00	0.0000000000000000e+00	error!	error!	error!	0.0000000000000000e+00	0.0000000000000000e+00	error!	0.0000000000000000e+00	error!	0.0000000000000000e+00	1.6900302143767475e-04	0.0000000000000000e+00	0.0000000000000000e+00	0.0000000000000000e+00	0.0000000000000000e+00	0.0000000000000000e+00	0	error!	0.0000000000000000e+00	0.0000000000000000e+00	0.0000000000000000e+00	0.0000000000000000e+00	0.0000000000000000e+00	0.0000000000000000e+00	0.0000000000000000e+00	0.0000000000000000e+00	0.0000000000000000e+00	0.0000000000000000e+00	0.00000e+00	0.00000e+00	0.00000e+00	0.00000e+00	0.00000e+00	0.00000e+00	error!	error!	error!	error!	error!	
monocrop	Thu Nov 20 13:21:01 CET 2025	28/2/2021	28	2	2021	59	1	1	1	5.0000000000000000e-01	5.0000000000000000e-01	2.0000000000000000e-01	4.0000000000000000e-01	4.0000000000000000e-01	1.4589606874013206e+00	2.5098248317331856e-01	1.0526950743019908e-01	9.8136436939239520e+01	2.4534109234809878e-01	Non	-3.5213782516221070e+02	6.9795083999633790e-02	3.0912483215332030e+00	0.0000000000000000e+00	0.0000000000000000e+00	0.0000000000000000e+00	error!	error!	error!	0.0000000000000000e+00	0.0000000000000000e+00	error!	0.0000000000000000e+00	error!	0.0000000000000000e+00	3.1610434055328370e+00	0.0000000000000000e+00	0.0000000000000000e+00	0.0000000000000000e+00	0.0000000000000000e+00	0.0000000000000000e+00	0	error!	0.0000000000000000e+00	0.0000000000000000e+00	0.0000000000000000e+00	0.0000000000000000e+00	0.0000000000000000e+00	0.0000000000000000e+00	0.0000000000000000e+00	0.0000000000000000e+00	0.0000000000000000e+00	0.0000000000000000e+00	1.44401e+02	0.00000e+00	5.88746e+00	2.80593e+00	0.00000e+00	1.26445e-01	error!	error!	error!	error!	error!	
monocrop	Thu Nov 20 13:21:01 CET 2025	28/2/2021	28	2	2021	59	1	1	2	5.0000000000000000e-01	5.0000000000000000e-01	6.0000000000000000e-01	4.0000000000000000e-01	4.0000000000000000e-01	1.4309090397266921e+00	3.0168622702993400e-01	1.5880384316758975e-01	1.2066498994827270e+02	3.0166247487068176e-01	Non	-3.1638898957337176e+02	0.0000000000000000e+00	6.6166572570800780e+00	0.0000000000000000e+00	0.0000000000000000e+00	0.0000000000000000e+00	error!	error!	error!	0.0000000000000000e+00	0.0000000000000000e+00	error!	0.0000000000000000e+00	error!	0.0000000000000000e+00	6.6166572570800780e+00	0.0000000000000000e+00	0.0000000000000000e+00	0.0000000000000000e+00	0.0000000000000000e+00	0.0000000000000000e+00	0	error!	0.0000000000000000e+00	0.0000000000000000e+00	0.0000000000000000e+00	0.0000000000000000e+00	0.0000000000000000e+00	0.0000000000000000e+00	0.0000000000000000e+00	0.0000000000000000e+00	0.0000000000000000e+00	0.0000000000000000e+00	0.00000e+00	0.00000e+00	0.00000e+00	0.00000e+00	0.00000e+00	0.00000e+00	error!	error!	error!	error!	error!	
monocrop	Thu Nov 20 13:21:01 CET 2025	28/2/2021	28	2	2021	59	1	1	3	5.0000000000000000e-01	5.0000000000000000e-01	1.0000000000000000e+00	4.0000000000000000e-01	4.0000000000000000e-01	1.3849533251186568e+00	3.4488479580833220e-01	2.0168833097530822e-01	1.3795388936996460e+02	3.4488472342491150e-01	Non	-3.1622829067263370e+02	0.0000000000000000e+00	2.6877687454223630e+00	0.0000000000000000e+00	0.0000000000000000e+00	0.0000000000000000e+00	error!	error!	error!	0.0000000000000000e+00	0.0000000000000000e+00	error!	0.0000000000000000e+00	error!	0.0000000000000000e+00	2.6877687454223630e+00	0.0000000000000000e+00	0.0000000000000000e+00	0.0000000000000000e+00	0.0000000000000000e+00	0.0000000000000000e+00	0	error!	0.0000000000000000e+00	0.0000000000000000e+00	0.0000000000000000e+00	0.0000000000000000e+00	0.0000000000000000e+00	0.0000000000000000e+00	0.0000000000000000e+00	0.0000000000000000e+00	0.0000000000000000e+00	0.0000000000000000e+00	0.00000e+00	0.00000e+00	0.00000e+00	0.00000e+00	0.00000e+00	0.00000e+00	error!	error!	error!	error!	error!	
monocrop	Thu Nov 20 13:21:01 CET 2025	28/2/2021	28	2	2021	59	1	1	4	5.0000000000000000e-01	5.0000000000000000e-01	1.4000000000000000e+00	4.0000000000000000e-01	4.0000000000000000e-01	1.3647856352403296e+00	3.6061863755992930e-01	2.1790127088065417e-01	1.4424746036529544e+02	3.6061865091323860e-01	Non	-3.1622766655672046e+02	0.0000000000000000e+00	8.8052225112915040e-01	0.0000000000000000e+00	0.0000000000000000e+00	0.0000000000000000e+00	error!	error!	error!	0.0000000000000000e+00	0.0000000000000000e+00	error!	0.0000000000000000e+00	error!	0.0000000000000000e+00	8.8052225112915040e-01	0.0000000000000000e+00	0.0000000000000000e+00	0.0000000000000000e+00	0.0000000000000000e+00	0.0000000000000000e+00	0	error!	0.0000000000000000e+00	0.0000000000000000e+00	0.0000000000000000e+00	0.0000000000000000e+00	0.0000000000000000e+00	0.0000000000000000e+00	0.0000000000000000e+00	0.0000000000000000e+00	0.0000000000000000e+00	0.0000000000000000e+00	0.00000e+00	0.00000e+00	0.00000e+00	0.00000e+00	0.00000e+00	0.00000e+00	error!	error!	error!	error!	error!	
monocrop	Thu Nov 20 13:21:01 CET 2025	28/2/2021	28	2	2021	59	1	1	5	5.0000000000000000e-01	5.0000000000000000e-01	1.8000000000000000e+00	4.0000000000000000e-01	4.0000000000000000e-01	1.3647856352403296e+00	3.6061863755992930e-01	2.1790127088065417e-01	1.4424746036529544e+02	3.6061865091323860e-01	Non	-3.1622766655672046e+02	0.0000000000000000e+00	2.4068484306335450e-01	0.0000000000000000e+00	0.0000000000000000e+00	0.0000000000000000e+00	error!	error!	error!	0.0000000000000000e+00	0.0000000000000000e+00	error!	0.0000000000000000e+00	error!	0.0000000000000000e+00	2.4068484306335450e-01	0.0000000000000000e+00	0.0000000000000000e+00	0.0000000000000000e+00	0.0000000000000000e+00	0.0000000000000000e+00	0	error!	0.0000000000000000e+00	0.0000000000000000e+00	0.0000000000000000e+00	0.0000000000000000e+00	0.0000000000000000e+00	0.0000000000000000e+00	0.0000000000000000e+00	0.0000000000000000e+00	0.0000000000000000e+00	0.0000000000000000e+00	0.00000e+00	0.00000e+00	0.00000e+00	0.00000e+00	0.00000e+00	0.00000e+00	error!	error!	error!	error!	error!	
monocrop	Thu Nov 20 13:21:01 CET 2025	28/2/2021	28	2	2021	59	1	1	6	5.0000000000000000e-01	5.0000000000000000e-01	2.2000000000000000e+00	4.0000000000000000e-01	4.0000000000000000e-01	1.3647856352403296e+00	3.6061863755992930e-01	2.1790127088065417e-01	1.4424746036529544e+02	3.6061865091323860e-01	Non	-3.1622766655672046e+02	0.0000000000000000e+00	2.7130806446075440e-02	0.0000000000000000e+00	0.0000000000000000e+00	0.0000000000000000e+00	error!	error!	error!	0.0000000000000000e+00	0.0000000000000000e+00	error!	0.0000000000000000e+00	error!	0.0000000000000000e+00	2.7130806446075440e-02	0.0000000000000000e+00	0.0000000000000000e+00	0.0000000000000000e+00	0.0000000000000000e+00	0.0000000000000000e+00	0	error!	0.0000000000000000e+00	0.0000000000000000e+00	0.0000000000000000e+00	0.0000000000000000e+00	0.0000000000000000e+00	0.0000000000000000e+00	0.0000000000000000e+00	0.0000000000000000e+00	0.0000000000000000e+00	0.0000000000000000e+00	0.00000e+00	0.00000e+00	0.00000e+00	0.00000e+00	0.00000e+00	0.00000e+00	error!	error!	error!	error!	error!	
monocrop	Thu Nov 20 13:21:01 CET 2025	28/2/2021	28	2	2021	59	1	1	7	5.0000000000000000e-01	5.0000000000000000e-01	2.5000000000000000e+00	2.0000000000000000e-01	2.0000000000000000e-01	1.3647856352403296e+00	3.6061863755992930e-01	2.1790127088065417e-01	7.2123730182647720e+01	3.6061865091323860e-01	Non	-3.1622766655672046e+02	0.0000000000000000e+00	1.0014356113970280e-03	0.0000000000000000e+00	0.0000000000000000e+00	0.0000000000000000e+00	error!	error!	error!	0.0000000000000000e+00	0.0000000000000000e+00	error!	0.0000000000000000e+00	error!	0.0000000000000000e+00	1.0014356113970280e-03	0.0000000000000000e+00	0.0000000000000000e+00	0.0000000000000000e+00	0.0000000000000000e+00	0.0000000000000000e+00	0	error!	0.0000000000000000e+00	0.0000000000000000e+00	0.0000000000000000e+00	0.0000000000000000e+00	0.0000000000000000e+00	0.0000000000000000e+00	0.0000000000000000e+00	0.0000000000000000e+00	0.0000000000000000e+00	0.0000000000000000e+00	0.00000e+00	0.00000e+00	0.00000e+00	0.00000e+00	0.00000e+00	0.00000e+00	error!	error!	error!	error!	error!	
monocrop	Thu Nov 20 13:21:01 CET 2025	28/3/2021	28	3	2021	87	1	1	1	5.0000000000000000e-01	5.0000000000000000e-01	2.0000000000000000e-01	4.0000000000000000e-01	4.0000000000000000e-01	1.4589606874013206e+00	2.5098248317331856e-01	1.0526950743019908e-01	8.3968192338943480e+01	2.0992048084735870e-01	Non	-7.2388498805136200e+02	9.2257672548294060e-02	3.9967151641845704e+00	0.0000000000000000e+00	0.0000000000000000e+00	0.0000000000000000e+00	error!	error!	error!	0.0000000000000000e+00	0.0000000000000000e+00	error!	0.0000000000000000e+00	error!	0.0000000000000000e+00	4.0889728367328640e+00	0.0000000000000000e+00	0.0000000000000000e+00	0.0000000000000000e+00	0.0000000000000000e+00	0.0000000000000000e+00	0	error!	0.0000000000000000e+00	0.0000000000000000e+00	0.0000000000000000e+00	0.0000000000000000e+00	0.0000000000000000e+00	0.0000000000000000e+00	0.0000000000000000e+00	0.0000000000000000e+00	0.0000000000000000e+00	0.0000000000000000e+00	1.17654e+02	0.00000e+00	3.85643e+00	2.28621e+00	0.00000e+00	8.28246e-02	error!	error!	error!	error!	error!	
monocrop	Thu Nov 20 13:21:01 CET 2025	28/3/2021	28	3	2021	87	1	1	2	5.0000000000000000e-01	5.0000000000000000e-01	6.0000000000000000e-01	4.0000000000000000e-01	4.0000000000000000e-01	1.4309090397266921e+00	3.0168622702993400e-01	1.5880384316758975e-01	1.2064086198806763e+02	3.0160215497016907e-01	Non	-3.1679882062768100e+02	0.0000000000000000e+00	6.6166572570800780e+00	0.0000000000000000e+00	0.0000000000000000e+00	0.0000000000000000e+00	error!	error!	error!	0.0000000000000000e+00	0.0000000000000000e+00	error!	0.0000000000000000e+00	error!	0.0000000000000000e+00	6.6166572570800780e+00	0.0000000000000000e+00	0.0000000000000000e+00	0.0000000000000000e+00	0.0000000000000000e+00	0.0000000000000000e+00	0	error!	0.0000000000000000e+00	0.0000000000000000e+00	0.0000000000000000e+00	0.0000000000000000e+00	0.0000000000000000e+00	0.0000000000000000e+00	0.0000000000000000e+00	0.0000000000000000e+00	0.0000000000000000e+00	0.0000000000000000e+00	0.00000e+00	0.00000e+00	0.00000e+00	0.00000e+00	0.00000e+00	0.00000e+00	error!	error!	error!	error!	error!	
monocrop	Thu Nov 20 13:21:01 CET 2025	28/3/2021	28	3	2021	87	1	1	3	5.0000000000000000e-01	5.0000000000000000e-01	1.0000000000000000e+00	4.0000000000000000e-01	4.0000000000000000e-01	1.3849533251186568e+00	3.4488479580833220e-01	2.0168833097530822e-01	1.3795388936996460e+02	3.4488472342491150e-01	Non	-3.1622829067263370e+02	0.0000000000000000e+00	2.6877687454223630e+00	0.0000000000000000e+00	0.0000000000000000e+00	0.0000000000000000e+00	error!	error!	error!	0.0000000000000000e+00	0.0000000000000000e+00	error!	0.0000000000000000e+00	error!	0.0000000000000000e+00	2.6877687454223630e+00	0.0000000000000000e+00	0.0000000000000000e+00	0.0000000000000000e+00	0.0000000000000000e+00	0.0000000000000000e+00	0	error!	0.0000000000000000e+00	0.0000000000000000e+00	0.0000000000000000e+00	0.0000000000000000e+00	0.0000000000000000e+00	0.0000000000000000e+00	0.0000000000000000e+00	0.0000000000000000e+00	0.0000000000000000e+00	0.0000000000000000e+00	0.00000e+00	0.00000e+00	0.00000e+00	0.00000e+00	0.00000e+00	0.00000e+00	error!	error!	error!	error!	error!	
monocrop	Thu Nov 20 13:21:01 CET 2025	28/3/2021	28	3	2021	87	1	1	4	5.0000000000000000e-01	5.0000000000000000e-01	1.4000000000000000e+00	4.0000000000000000e-01	4.0000000000000000e-01	1.3647856352403296e+00	3.6061863755992930e-01	2.1790127088065417e-01	1.4424746036529544e+02	3.6061865091323860e-01	Non	-3.1622766655672046e+02	0.0000000000000000e+00	8.8052225112915040e-01	0.0000000000000000e+00	0.0000000000000000e+00	0.0000000000000000e+00	error!	error!	error!	0.0000000000000000e+00	0.0000000000000000e+00	error!	0.0000000000000000e+00	error!	0.0000000000000000e+00	8.8052225112915040e-01	0.0000000000000000e+00	0.0000000000000000e+00	0.0000000000000000e+00	0.0000000000000000e+00	0.0000000000000000e+00	0	error!	0.0000000000000000e+00	0.0000000000000000e+00	0.0000000000000000e+00	0.0000000000000000e+00	0.0000000000000000e+00	0.0000000000000000e+00	0.0000000000000000e+00	0.0000000000000000e+00	0.0000000000000000e+00	0.0000000000000000e+00	0.00000e+00	0.00000e+00	0.00000e+00	0.00000e+00	0.00000e+00	0.00000e+00	error!	error!	error!	error!	error!	
monocrop	Thu Nov 20 13:21:01 CET 2025	28/3/2021	28	3	2021	87	1	1	5	5.0000000000000000e-01	5.0000000000000000e-01	1.8000000000000000e+00	4.0000000000000000e-01	4.0000000000000000e-01	1.3647856352403296e+00	3.6061863755992930e-01	2.1790127088065417e-01	1.4424746036529544e+02	3.6061865091323860e-01	Non	-3.1622766655672046e+02	0.0000000000000000e+00	2.4068484306335450e-01	0.0000000000000000e+00	0.0000000000000000e+00	0.0000000000000000e+00	error!	error!	error!	0.0000000000000000e+00	0.0000000000000000e+00	error!	0.0000000000000000e+00	error!	0.0000000000000000e+00	2.4068484306335450e-01	0.0000000000000000e+00	0.0000000000000000e+00	0.0000000000000000e+00	0.0000000000000000e+00	0.0000000000000000e+00	0	error!	0.0000000000000000e+00	0.0000000000000000e+00	0.0000000000000000e+00	0.0000000000000000e+00	0.0000000000000000e+00	0.0000000000000000e+00	0.0000000000000000e+00	0.0000000000000000e+00	0.0000000000000000e+00	0.0000000000000000e+00	0.00000e+00	0.00000e+00	0.00000e+00	0.00000e+00	0.00000e+00	0.00000e+00	error!	error!	error!	error!	error!	
monocrop	Thu Nov 20 13:21:01 CET 2025	28/3/2021	28	3	2021	87	1	1	6	5.0000000000000000e-01	5.0000000000000000e-01	2.2000000000000000e+00	4.0000000000000000e-01	4.0000000000000000e-01	1.3647856352403296e+00	3.6061863755992930e-01	2.1790127088065417e-01	1.4424746036529544e+02	3.6061865091323860e-01	Non	-3.1622766655672046e+02	0.0000000000000000e+00	2.7130806446075440e-02	0.0000000000000000e+00	0.0000000000000000e+00	0.0000000000000000e+00	error!	error!	error!	0.0000000000000000e+00	0.0000000000000000e+00	error!	0.0000000000000000e+00	error!	0.0000000000000000e+00	2.7130806446075440e-02	0.0000000000000000e+00	0.0000000000000000e+00	0.0000000000000000e+00	0.0000000000000000e+00	0.0000000000000000e+00	0	error!	0.0000000000000000e+00	0.0000000000000000e+00	0.0000000000000000e+00	0.0000000000000000e+00	0.0000000000000000e+00	0.0000000000000000e+00	0.0000000000000000e+00	0.0000000000000000e+00	0.0000000000000000e+00	0.0000000000000000e+00	0.00000e+00	0.00000e+00	0.00000e+00	0.00000e+00	0.00000e+00	0.00000e+00	error!	error!	error!	error!	error!	
monocrop	Thu Nov 20 13:21:01 CET 2025	28/3/2021	28	3	2021	87	1	1	7	5.0000000000000000e-01	5.0000000000000000e-01	2.5000000000000000e+00	2.0000000000000000e-01	2.0000000000000000e-01	1.3647856352403296e+00	3.6061863755992930e-01	2.1790127088065417e-01	7.2123730182647720e+01	3.6061865091323860e-01	Non	-3.1622766655672046e+02	0.0000000000000000e+00	1.0014356113970280e-03	0.0000000000000000e+00	0.0000000000000000e+00	0.0000000000000000e+00	error!	error!	error!	0.0000000000000000e+00	0.0000000000000000e+00	error!	0.0000000000000000e+00	error!	0.0000000000000000e+00	1.0014356113970280e-03	0.0000000000000000e+00	0.0000000000000000e+00	0.0000000000000000e+00	0.0000000000000000e+00	0.0000000000000000e+00	0	error!	0.0000000000000000e+00	0.0000000000000000e+00	0.0000000000000000e+00	0.0000000000000000e+00	0.0000000000000000e+00	0.0000000000000000e+00	0.0000000000000000e+00	0.0000000000000000e+00	0.0000000000000000e+00	0.0000000000000000e+00	0.00000e+00	0.00000e+00	0.00000e+00	0.00000e+00	0.00000e+00	0.00000e+00	error!	error!	error!	error!	error!	
monocrop	Thu Nov 20 13:21:01 CET 2025	28/4/2021	28	4	2021	118	1	1	1	5.0000000000000000e-01	5.0000000000000000e-01	2.0000000000000000e-01	4.0000000000000000e-01	4.0000000000000000e-01	1.4589606874013206e+00	2.5098248317331856e-01	1.0526950743019908e-01	9.5441591739654560e+01	2.3860397934913638e-01	Non	-4.0128574167070997e+02	8.0004978179931640e-02	5.0874816894531250e+00	0.0000000000000000e+00	0.0000000000000000e+00	0.0000000000000000e+00	error!	error!	error!	0.0000000000000000e+00	0.0000000000000000e+00	error!	0.0000000000000000e+00	error!	0.0000000000000000e+00	5.1674866676330570e+00	0.0000000000000000e+00	0.0000000000000000e+00	0.0000000000000000e+00	0.0000000000000000e+00	0.0000000000000000e+00	0	error!	0.0000000000000000e+00	0.0000000000000000e+00	0.0000000000000000e+00	0.0000000000000000e+00	0.0000000000000000e+00	0.0000000000000000e+00	0.0000000000000000e+00	0.0000000000000000e+00	0.0000000000000000e+00	0.0000000000000000e+00	0.00000e+00	8.01763e+01	3.01929e+00	0.00000e+00	1.55795e+00	6.48454e-02	error!	error!	error!	error!	error!	
monocrop	Thu Nov 20 13:21:01 CET 2025	28/4/2021	28	4	2021	118	1	1	2	5.0000000000000000e-01	5.0000000000000000e-01	6.0000000000000000e-01	4.0000000000000000e-01	4.0000000000000000e-01	1.4309090397266921e+00	3.0168622702993400e-01	1.5880384316758975e-01	1.2065594196319580e+02	3.0163985490798950e-01	Non	-3.1654260975821620e+02	0.0000000000000000e+00	6.6243469238281250e+00	0.0000000000000000e+00	0.0000000000000000e+00	0.0000000000000000e+00	error!	error!	error!	0.0000000000000000e+00	0.0000000000000000e+00	error!	0.0000000000000000e+00	error!	0.0000000000000000e+00	6.6243469238281250e+00	0.0000000000000000e+00	0.0000000000000000e+00	0.0000000000000000e+00	0.0000000000000000e+00	0.0000000000000000e+00	0	error!	0.0000000000000000e+00	0.0000000000000000e+00	0.0000000000000000e+00	0.0000000000000000e+00	0.0000000000000000e+00	0.0000000000000000e+00	0.0000000000000000e+00	0.0000000000000000e+00	0.0000000000000000e+00	0.0000000000000000e+00	0.00000e+00	0.00000e+00	0.00000e+00	0.00000e+00	0.00000e+00	0.00000e+00	error!	error!	error!	error!	error!	
monocrop	Thu Nov 20 13:21:01 CET 2025	28/4/2021	28	4	2021	118	1	1	3	5.0000000000000000e-01	5.0000000000000000e-01	1.0000000000000000e+00	4.0000000000000000e-01	4.0000000000000000e-01	1.3849533251186568e+00	3.4488479580833220e-01	2.0168833097530822e-01	1.3795388936996460e+02	3.4488472342491150e-01	Non	-3.1622829067263370e+02	0.0000000000000000e+00	2.6920665740966796e+00	0.0000000000000000e+00	0.0000000000000000e+00	0.0000000000000000e+00	error!	error!	error!	0.0000000000000000e+00	0.0000000000000000e+00	error!	0.0000000000000000e+00	error!	0.0000000000000000e+00	2.6920665740966796e+00	0.0000000000000000e+00	0.0000000000000000e+00	0.0000000000000000e+00	0.0000000000000000e+00	0.0000000000000000e+00	0	error!	0.0000000000000000e+00	0.0000000000000000e+00	0.0000000000000000e+00	0.0000000000000000e+00	0.0000000000000000e+00	0.0000000000000000e+00	0.0000000000000000e+00	0.0000000000000000e+00	0.0000000000000000e+00	0.0000000000000000e+00	0.00000e+00	0.00000e+00	0.00000e+00	0.00000e+00	0.00000e+00	0.00000e+00	error!	error!	error!	error!	error!	
monocrop	Thu Nov 20 13:21:01 CET 2025	28/4/2021	28	4	2021	118	1	1	4	5.0000000000000000e-01	5.0000000000000000e-01	1.4000000000000000e+00	4.0000000000000000e-01	4.0000000000000000e-01	1.3647856352403296e+00	3.6061863755992930e-01	2.1790127088065417e-01	1.4424746036529544e+02	3.6061865091323860e-01	Non	-3.1622766655672046e+02	0.0000000000000000e+00	8.8170194625854490e-01	0.0000000000000000e+00	0.0000000000000000e+00	0.0000000000000000e+00	error!	error!	error!	0.0000000000000000e+00	0.0000000000000000e+00	error!	0.0000000000000000e+00	error!	0.0000000000000000e+00	8.8170194625854490e-01	0.0000000000000000e+00	0.0000000000000000e+00	0.0000000000000000e+00	0.0000000000000000e+00	0.0000000000000000e+00	0	error!	0.0000000000000000e+00	0.0000000000000000e+00	0.0000000000000000e+00	0.0000000000000000e+00	0.0000000000000000e+00	0.0000000000000000e+00	0.0000000000000000e+00	0.0000000000000000e+00	0.0000000000000000e+00	0.0000000000000000e+00	0.00000e+00	0.00000e+00	0.00000e+00	0.00000e+00	0.00000e+00	0.00000e+00	error!	error!	error!	error!	error!	
monocrop	Thu Nov 20 13:21:01 CET 2025	28/4/2021	28	4	2021	118	1	1	5	5.0000000000000000e-01	5.0000000000000000e-01	1.8000000000000000e+00	4.0000000000000000e-01	4.0000000000000000e-01	1.3647856352403296e+00	3.6061863755992930e-01	2.1790127088065417e-01	1.4424746036529544e+02	3.6061865091323860e-01	Non	-3.1622766655672046e+02	0.0000000000000000e+00	2.4113111495971679e-01	0.0000000000000000e+00	0.0000000000000000e+00	0.0000000000000000e+00	error!	error!	error!	0.0000000000000000e+00	0.0000000000000000e+00	error!	0.0000000000000000e+00	error!	0.0000000000000000e+00	2.4113111495971679e-01	0.0000000000000000e+00	0.0000000000000000e+00	0.0000000000000000e+00	0.0000000000000000e+00	0.0000000000000000e+00	0	error!	0.0000000000000000e+00	0.0000000000000000e+00	0.0000000000000000e+00	0.0000000000000000e+00	0.0000000000000000e+00	0.0000000000000000e+00	0.0000000000000000e+00	0.0000000000000000e+00	0.0000000000000000e+00	0.0000000000000000e+00	0.00000e+00	0.00000e+00	0.00000e+00	0.00000e+00	0.00000e+00	0.00000e+00	error!	error!	error!	error!	error!	
monocrop	Thu Nov 20 13:21:01 CET 2025	28/4/2021	28	4	2021	118	1	1	6	5.0000000000000000e-01	5.0000000000000000e-01	2.2000000000000000e+00	4.0000000000000000e-01	4.0000000000000000e-01	1.3647856352403296e+00	3.6061863755992930e-01	2.1790127088065417e-01	1.4424746036529544e+02	3.6061865091323860e-01	Non	-3.1622766655672046e+02	0.0000000000000000e+00	2.7230829000473022e-02	0.0000000000000000e+00	0.0000000000000000e+00	0.0000000000000000e+00	error!	error!	error!	0.0000000000000000e+00	0.0000000000000000e+00	error!	0.0000000000000000e+00	error!	0.0000000000000000e+00	2.7230829000473022e-02	0.0000000000000000e+00	0.0000000000000000e+00	0.0000000000000000e+00	0.0000000000000000e+00	0.0000000000000000e+00	0	error!	0.0000000000000000e+00	0.0000000000000000e+00	0.0000000000000000e+00	0.0000000000000000e+00	0.0000000000000000e+00	0.0000000000000000e+00	0.0000000000000000e+00	0.0000000000000000e+00	0.0000000000000000e+00	0.0000000000000000e+00	0.00000e+00	0.00000e+00	0.00000e+00	0.00000e+00	0.00000e+00	0.00000e+00	error!	error!	error!	error!	error!	
monocrop	Thu Nov 20 13:21:01 CET 2025	28/4/2021	28	4	2021	118	1	1	7	5.0000000000000000e-01	5.0000000000000000e-01	2.5000000000000000e+00	2.0000000000000000e-01	2.0000000000000000e-01	1.3647856352403296e+00	3.6061863755992930e-01	2.1790127088065417e-01	7.2123730182647720e+01	3.6061865091323860e-01	Non	-3.1622766655672046e+02	0.0000000000000000e+00	1.0069240815937520e-03	0.0000000000000000e+00	0.0000000000000000e+00	0.0000000000000000e+00	error!	error!	error!	0.0000000000000000e+00	0.0000000000000000e+00	error!	0.0000000000000000e+00	error!	0.0000000000000000e+00	1.0069240815937520e-03	0.0000000000000000e+00	0.0000000000000000e+00	0.0000000000000000e+00	0.0000000000000000e+00	0.0000000000000000e+00	0	error!	0.0000000000000000e+00	0.0000000000000000e+00	0.0000000000000000e+00	0.0000000000000000e+00	0.0000000000000000e+00	0.0000000000000000e+00	0.0000000000000000e+00	0.0000000000000000e+00	0.0000000000000000e+00	0.0000000000000000e+00	0.00000e+00	0.00000e+00	0.00000e+00	0.00000e+00	0.00000e+00	0.00000e+00	error!	error!	error!	error!	error!	
monocrop	Thu Nov 20 13:21:01 CET 2025	28/5/2021	28	5	2021	148	1	1	1	5.0000000000000000e-01	5.0000000000000000e-01	2.0000000000000000e-01	4.0000000000000000e-01	4.0000000000000000e-01	1.4589606874013206e+00	2.5098248317331856e-01	1.0526950743019908e-01	8.4765374660491940e+01	2.1191343665122986e-01	Non	-6.9337359383480160e+02	5.8739817142486570e-02	3.7195457458496093e+00	2.9337713623046875e+02	2.4890480563044548e-02	3.3025734592229130e-03	error!	error!	error!	0.0000000000000000e+00	0.0000000000000000e+00	error!	0.0000000000000000e+00	error!	0.0000000000000000e+00	3.7782855629920960e+00	0.0000000000000000e+00	0.0000000000000000e+00	2.6605455551337404e-01	0.0000000000000000e+00	2.6605455551337404e-01	0	error!	0.0000000000000000e+00	0.0000000000000000e+00	0.0000000000000000e+00	0.0000000000000000e+00	0.0000000000000000e+00	0.0000000000000000e+00	0.0000000000000000e+00	0.0000000000000000e+00	0.0000000000000000e+00	0.0000000000000000e+00	0.00000e+00	7.96342e+00	8.21121e-01	0.00000e+00	1.54742e-01	1.76352e-02	error!	error!	error!	error!	error!	
monocrop	Thu Nov 20 13:21:01 CET 2025	28/5/2021	28	5	2021	148	1	1	2	5.0000000000000000e-01	5.0000000000000000e-01	6.0000000000000000e-01	4.0000000000000000e-01	4.0000000000000000e-01	1.4309090397266921e+00	3.0168622702993400e-01	1.5880384316758975e-01	1.2066307067871095e+02	3.0165767669677734e-01	Non	-3.1642156901209950e+02	0.0000000000000000e+00	7.0159240722656250e+00	0.0000000000000000e+00	0.0000000000000000e+00	0.0000000000000000e+00	error!	error!	error!	0.0000000000000000e+00	0.0000000000000000e+00	error!	0.0000000000000000e+00	error!	0.0000000000000000e+00	7.0159240722656250e+00	0.0000000000000000e+00	0.0000000000000000e+00	0.0000000000000000e+00	0.0000000000000000e+00	0.0000000000000000e+00	0	error!	0.0000000000000000e+00	0.0000000000000000e+00	0.0000000000000000e+00	0.0000000000000000e+00	0.0000000000000000e+00	0.0000000000000000e+00	0.0000000000000000e+00	0.0000000000000000e+00	0.0000000000000000e+00	0.0000000000000000e+00	0.00000e+00	0.00000e+00	0.00000e+00	0.00000e+00	0.00000e+00	0.00000e+00	error!	error!	error!	error!	error!	
monocrop	Thu Nov 20 13:21:01 CET 2025	28/5/2021	28	5	2021	148	1	1	3	5.0000000000000000e-01	5.0000000000000000e-01	1.0000000000000000e+00	4.0000000000000000e-01	4.0000000000000000e-01	1.3849533251186568e+00	3.4488479580833220e-01	2.0168833097530822e-01	1.3795388936996460e+02	3.4488472342491150e-01	Non	-3.1622829067263370e+02	0.0000000000000000e+00	4.3757812500000000e+00	0.0000000000000000e+00	0.0000000000000000e+00	0.0000000000000000e+00	error!	error!	error!	0.0000000000000000e+00	0.0000000000000000e+00	error!	0.0000000000000000e+00	error!	0.0000000000000000e+00	4.3757812500000000e+00	0.0000000000000000e+00	0.0000000000000000e+00	0.0000000000000000e+00	0.0000000000000000e+00	0.0000000000000000e+00	0	error!	0.0000000000000000e+00	0.0000000000000000e+00	0.0000000000000000e+00	0.0000000000000000e+00	0.0000000000000000e+00	0.0000000000000000e+00	0.0000000000000000e+00	0.0000000000000000e+00	0.0000000000000000e+00	0.0000000000000000e+00	0.00000e+00	0.00000e+00	0.00000e+00	0.00000e+00	0.00000e+00	0.00000e+00	error!	error!	error!	error!	error!	
monocrop	Thu Nov 20 13:21:01 CET 2025	28/5/2021	28	5	2021	148	1	1	4	5.0000000000000000e-01	5.0000000000000000e-01	1.4000000000000000e+00	4.0000000000000000e-01	4.0000000000000000e-01	1.3647856352403296e+00	3.6061863755992930e-01	2.1790127088065417e-01	1.4424746036529544e+02	3.6061865091323860e-01	Non	-3.1622766655672046e+02	0.0000000000000000e+00	1.5126644134521485e+00	0.0000000000000000e+00	0.0000000000000000e+00	0.0000000000000000e+00	error!	error!	error!	0.0000000000000000e+00	0.0000000000000000e+00	error!	0.0000000000000000e+00	error!	0.0000000000000000e+00	1.5126644134521485e+00	0.0000000000000000e+00	0.0000000000000000e+00	0.0000000000000000e+00	0.0000000000000000e+00	0.0000000000000000e+00	0	error!	0.0000000000000000e+00	0.0000000000000000e+00	0.0000000000000000e+00	0.0000000000000000e+00	0.0000000000000000e+00	0.0000000000000000e+00	0.0000000000000000e+00	0.0000000000000000e+00	0.0000000000000000e+00	0.0000000000000000e+00	0.00000e+00	0.00000e+00	0.00000e+00	0.00000e+00	0.00000e+00	0.00000e+00	error!	error!	error!	error!	error!	
monocrop	Thu Nov 20 13:21:01 CET 2025	28/5/2021	28	5	2021	148	1	1	5	5.0000000000000000e-01	5.0000000000000000e-01	1.8000000000000000e+00	4.0000000000000000e-01	4.0000000000000000e-01	1.3647856352403296e+00	3.6061863755992930e-01	2.1790127088065417e-01	1.4424746036529544e+02	3.6061865091323860e-01	Non	-3.1622766655672046e+02	0.0000000000000000e+00	4.5833964347839357e-01	0.0000000000000000e+00	0.0000000000000000e+00	0.0000000000000000e+00	error!	error!	error!	0.0000000000000000e+00	0.0000000000000000e+00	error!	0.0000000000000000e+00	error!	0.0000000000000000e+00	4.5833964347839357e-01	0.0000000000000000e+00	0.0000000000000000e+00	0.0000000000000000e+00	0.0000000000000000e+00	0.0000000000000000e+00	0	error!	0.0000000000000000e+00	0.0000000000000000e+00	0.0000000000000000e+00	0.0000000000000000e+00	0.0000000000000000e+00	0.0000000000000000e+00	0.0000000000000000e+00	0.0000000000000000e+00	0.0000000000000000e+00	0.0000000000000000e+00	0.00000e+00	0.00000e+00	0.00000e+00	0.00000e+00	0.00000e+00	0.00000e+00	error!	error!	error!	error!	error!	
monocrop	Thu Nov 20 13:21:01 CET 2025	28/5/2021	28	5	2021	148	1	1	6	5.0000000000000000e-01	5.0000000000000000e-01	2.2000000000000000e+00	4.0000000000000000e-01	4.0000000000000000e-01	1.3647856352403296e+00	3.6061863755992930e-01	2.1790127088065417e-01	1.4424746036529544e+02	3.6061865091323860e-01	Non	-3.1622766655672046e+02	0.0000000000000000e+00	9.2468553781509400e-02	0.0000000000000000e+00	0.0000000000000000e+00	0.0000000000000000e+00	error!	error!	error!	0.0000000000000000e+00	0.0000000000000000e+00	error!	0.0000000000000000e+00	error!	0.0000000000000000e+00	9.2468553781509400e-02	0.0000000000000000e+00	0.0000000000000000e+00	0.0000000000000000e+00	0.0000000000000000e+00	0.0000000000000000e+00	0	error!	0.0000000000000000e+00	0.0000000000000000e+00	0.0000000000000000e+00	0.0000000000000000e+00	0.0000000000000000e+00	0.0000000000000000e+00	0.0000000000000000e+00	0.0000000000000000e+00	0.0000000000000000e+00	0.0000000000000000e+00	0.00000e+00	0.00000e+00	0.00000e+00	0.00000e+00	0.00000e+00	0.00000e+00	error!	error!	error!	error!	error!	
monocrop	Thu Nov 20 13:21:01 CET 2025	28/5/2021	28	5	2021	148	1	1	7	5.0000000000000000e-01	5.0000000000000000e-01	2.5000000000000000e+00	2.0000000000000000e-01	2.0000000000000000e-01	1.3647856352403296e+00	3.6061863755992930e-01	2.1790127088065417e-01	7.2123730182647720e+01	3.6061865091323860e-01	Non	-3.1622766655672046e+02	0.0000000000000000e+00	7.9183757305145260e-03	0.0000000000000000e+00	0.0000000000000000e+00	0.0000000000000000e+00	error!	error!	error!	0.0000000000000000e+00	0.0000000000000000e+00	error!	0.0000000000000000e+00	error!	0.0000000000000000e+00	7.9183757305145260e-03	0.0000000000000000e+00	0.0000000000000000e+00	0.0000000000000000e+00	0.0000000000000000e+00	0.0000000000000000e+00	0	error!	0.0000000000000000e+00	0.0000000000000000e+00	0.0000000000000000e+00	0.0000000000000000e+00	0.0000000000000000e+00	0.0000000000000000e+00	0.0000000000000000e+00	0.0000000000000000e+00	0.0000000000000000e+00	0.0000000000000000e+00	0.00000e+00	0.00000e+00	0.00000e+00	0.00000e+00	0.00000e+00	0.00000e+00	error!	error!	error!	error!	error!	
monocrop	Thu Nov 20 13:21:01 CET 2025	28/6/2021	28	6	2021	179	1	1	1	5.0000000000000000e-01	5.0000000000000000e-01	2.0000000000000000e-01	4.0000000000000000e-01	4.0000000000000000e-01	1.4589606874013206e+00	2.5098248317331856e-01	1.0526950743019908e-01	6.4650028944015500e+01	1.6162507236003876e-01	Non	-2.3487071360517930e+03	1.0718314170837402e+00	1.3917979431152343e+01	4.0129523437500000e+04	1.4107270730583554e-01	2.2019669576543363e-01	error!	error!	error!	0.0000000000000000e+00	0.0000000000000000e+00	error!	0.0000000000000000e+00	error!	0.0000000000000000e+00	1.4989810848236083e+01	0.0000000000000000e+00	0.0000000000000000e+00	1.3149623036178055e+00	0.0000000000000000e+00	1.3149623036178055e+00	0	error!	0.0000000000000000e+00	0.0000000000000000e+00	0.0000000000000000e+00	0.0000000000000000e+00	0.0000000000000000e+00	0.0000000000000000e+00	0.0000000000000000e+00	0.0000000000000000e+00	0.0000000000000000e+00	0.0000000000000000e+00	0.00000e+00	2.76341e-01	1.59891e-01	0.00000e+00	5.36975e-03	3.43398e-03	error!	error!	error!	error!	error!	
monocrop	Thu Nov 20 13:21:01 CET 2025	28/6/2021	28	6	2021	179	1	1	2	5.0000000000000000e-01	5.0000000000000000e-01	6.0000000000000000e-01	4.0000000000000000e-01	4.0000000000000000e-01	1.4309090397266921e+00	3.0168622702993400e-01	1.5880384316758975e-01	1.0041460990905762e+02	2.5103652477264404e-01	Non	-9.9902765224882440e+02	0.0000000000000000e+00	5.3201759338378904e+00	4.8604174804687500e+02	1.9695032070770990e+00	8.9855013648094800e-02	error!	error!	error!	0.0000000000000000e+00	0.0000000000000000e+00	error!	0.0000000000000000e+00	error!	0.0000000000000000e+00	5.3201759338378904e+00	0.0000000000000000e+00	0.0000000000000000e+00	5.3659277369073110e-01	0.0000000000000000e+00	5.3659277369073110e-01	0	error!	0.0000000000000000e+00	0.0000000000000000e+00	0.0000000000000000e+00	0.0000000000000000e+00	0.0000000000000000e+00	0.0000000000000000e+00	0.0000000000000000e+00	0.0000000000000000e+00	0.0000000000000000e+00	0.0000000000000000e+00	0.00000e+00	0.00000e+00	0.00000e+00	0.00000e+00	0.00000e+00	0.00000e+00	error!	error!	error!	error!	error!	
monocrop	Thu Nov 20 13:21:01 CET 2025	28/6/2021	28	6	2021	179	1	1	3	5.0000000000000000e-01	5.0000000000000000e-01	1.0000000000000000e+00	4.0000000000000000e-01	4.0000000000000000e-01	1.3849533251186568e+00	3.4488479580833220e-01	2.0168833097530822e-01	1.3795388936996460e+02	3.4488472342491150e-01	Non	-3.1622829067263370e+02	0.0000000000000000e+00	4.3757812500000000e+00	0.0000000000000000e+00	0.0000000000000000e+00	0.0000000000000000e+00	error!	error!	error!	0.0000000000000000e+00	0.0000000000000000e+00	error!	0.0000000000000000e+00	error!	0.0000000000000000e+00	4.3757812500000000e+00	0.0000000000000000e+00	0.0000000000000000e+00	0.0000000000000000e+00	0.0000000000000000e+00	0.0000000000000000e+00	0	error!	0.0000000000000000e+00	0.0000000000000000e+00	0.0000000000000000e+00	0.0000000000000000e+00	0.0000000000000000e+00	0.0000000000000000e+00	0.0000000000000000e+00	0.0000000000000000e+00	0.0000000000000000e+00	0.0000000000000000e+00	0.00000e+00	0.00000e+00	0.00000e+00	0.00000e+00	0.00000e+00	0.00000e+00	error!	error!	error!	error!	error!	
monocrop	Thu Nov 20 13:21:01 CET 2025	28/6/2021	28	6	2021	179	1	1	4	5.0000000000000000e-01	5.0000000000000000e-01	1.4000000000000000e+00	4.0000000000000000e-01	4.0000000000000000e-01	1.3647856352403296e+00	3.6061863755992930e-01	2.1790127088065417e-01	1.4424746036529544e+02	3.6061865091323860e-01	Non	-3.1622766655672046e+02	0.0000000000000000e+00	1.5126644134521485e+00	0.0000000000000000e+00	0.0000000000000000e+00	0.0000000000000000e+00	error!	error!	error!	0.0000000000000000e+00	0.0000000000000000e+00	error!	0.0000000000000000e+00	error!	0.0000000000000000e+00	1.5126644134521485e+00	0.0000000000000000e+00	0.0000000000000000e+00	0.0000000000000000e+00	0.0000000000000000e+00	0.0000000000000000e+00	0	error!	0.0000000000000000e+00	0.0000000000000000e+00	0.0000000000000000e+00	0.0000000000000000e+00	0.0000000000000000e+00	0.0000000000000000e+00	0.0000000000000000e+00	0.0000000000000000e+00	0.0000000000000000e+00	0.0000000000000000e+00	0.00000e+00	0.00000e+00	0.00000e+00	0.00000e+00	0.00000e+00	0.00000e+00	error!	error!	error!	error!	error!	
monocrop	Thu Nov 20 13:21:01 CET 2025	28/6/2021	28	6	2021	179	1	1	5	5.0000000000000000e-01	5.0000000000000000e-01	1.8000000000000000e+00	4.0000000000000000e-01	4.0000000000000000e-01	1.3647856352403296e+00	3.6061863755992930e-01	2.1790127088065417e-01	1.4424746036529544e+02	3.6061865091323860e-01	Non	-3.1622766655672046e+02	0.0000000000000000e+00	4.5833964347839357e-01	0.0000000000000000e+00	0.0000000000000000e+00	0.0000000000000000e+00	error!	error!	error!	0.0000000000000000e+00	0.0000000000000000e+00	error!	0.0000000000000000e+00	error!	0.0000000000000000e+00	4.5833964347839357e-01	0.0000000000000000e+00	0.0000000000000000e+00	0.0000000000000000e+00	0.0000000000000000e+00	0.0000000000000000e+00	0	error!	0.0000000000000000e+00	0.0000000000000000e+00	0.0000000000000000e+00	0.0000000000000000e+00	0.0000000000000000e+00	0.0000000000000000e+00	0.0000000000000000e+00	0.0000000000000000e+00	0.0000000000000000e+00	0.0000000000000000e+00	0.00000e+00	0.00000e+00	0.00000e+00	0.00000e+00	0.00000e+00	0.00000e+00	error!	error!	error!	error!	error!	
monocrop	Thu Nov 20 13:21:01 CET 2025	28/6/2021	28	6	2021	179	1	1	6	5.0000000000000000e-01	5.0000000000000000e-01	2.2000000000000000e+00	4.0000000000000000e-01	4.0000000000000000e-01	1.3647856352403296e+00	3.6061863755992930e-01	2.1790127088065417e-01	1.4424746036529544e+02	3.6061865091323860e-01	Non	-3.1622766655672046e+02	0.0000000000000000e+00	9.2468553781509400e-02	0.0000000000000000e+00	0.0000000000000000e+00	0.0000000000000000e+00	error!	error!	error!	0.0000000000000000e+00	0.0000000000000000e+00	error!	0.0000000000000000e+00	error!	0.0000000000000000e+00	9.2468553781509400e-02	0.0000000000000000e+00	0.0000000000000000e+00	0.0000000000000000e+00	0.0000000000000000e+00	0.0000000000000000e+00	0	error!	0.0000000000000000e+00	0.0000000000000000e+00	0.0000000000000000e+00	0.0000000000000000e+00	0.0000000000000000e+00	0.0000000000000000e+00	0.0000000000000000e+00	0.0000000000000000e+00	0.0000000000000000e+00	0.0000000000000000e+00	0.00000e+00	0.00000e+00	0.00000e+00	0.00000e+00	0.00000e+00	0.00000e+00	error!	error!	error!	error!	error!	
monocrop	Thu Nov 20 13:21:01 CET 2025	28/6/2021	28	6	2021	179	1	1	7	5.0000000000000000e-01	5.0000000000000000e-01	2.5000000000000000e+00	2.0000000000000000e-01	2.0000000000000000e-01	1.3647856352403296e+00	3.6061863755992930e-01	2.1790127088065417e-01	7.2123730182647720e+01	3.6061865091323860e-01	Non	-3.1622766655672046e+02	0.0000000000000000e+00	7.9183757305145260e-03	0.0000000000000000e+00	0.0000000000000000e+00	0.0000000000000000e+00	error!	error!	error!	0.0000000000000000e+00	0.0000000000000000e+00	error!	0.0000000000000000e+00	error!	0.0000000000000000e+00	7.9183757305145260e-03	0.0000000000000000e+00	0.0000000000000000e+00	0.0000000000000000e+00	0.0000000000000000e+00	0.0000000000000000e+00	0	error!	0.0000000000000000e+00	0.0000000000000000e+00	0.0000000000000000e+00	0.0000000000000000e+00	0.0000000000000000e+00	0.0000000000000000e+00	0.0000000000000000e+00	0.0000000000000000e+00	0.0000000000000000e+00	0.0000000000000000e+00	0.00000e+00	0.00000e+00	0.00000e+00	0.00000e+00	0.00000e+00	0.00000e+00	error!	error!	error!	error!	error!	
monocrop	Thu Nov 20 13:21:01 CET 2025	28/7/2021	28	7	2021	209	1	1	1	5.0000000000000000e-01	5.0000000000000000e-01	2.0000000000000000e-01	4.0000000000000000e-01	4.0000000000000000e-01	1.4589606874013206e+00	2.5098248317331856e-01	1.0526950743019908e-01	4.8463067412376410e+01	1.2115766853094102e-01	Non	-8.4828539750937180e+03	1.5141675949096680e+00	1.0108248901367187e+01	1.4020528125000000e+05	4.9817093846185040e-01	6.8394440947435300e-02	error!	error!	error!	0.0000000000000000e+00	0.0000000000000000e+00	error!	0.0000000000000000e+00	error!	0.0000000000000000e+00	1.1622416496276855e+01	0.0000000000000000e+00	0.0000000000000000e+00	6.6759811051409980e-01	0.0000000000000000e+00	6.6759811051409980e-01	0	error!	0.0000000000000000e+00	0.0000000000000000e+00	0.0000000000000000e+00	0.0000000000000000e+00	0.0000000000000000e+00	0.0000000000000000e+00	0.0000000000000000e+00	0.0000000000000000e+00	0.0000000000000000e+00	0.0000000000000000e+00	0.00000e+00	4.82018e-02	3.58466e-02	0.00000e+00	9.36637e-04	7.69878e-04	error!	error!	error!	error!	error!	
monocrop	Thu Nov 20 13:21:01 CET 2025	28/7/2021	28	7	2021	209	1	1	2	5.0000000000000000e-01	5.0000000000000000e-01	6.0000000000000000e-01	4.0000000000000000e-01	4.0000000000000000e-01	1.4309090397266921e+00	3.0168622702993400e-01	1.5880384316758975e-01	6.4055949449539180e+01	1.6013987362384796e-01	Non	-1.5071389821201600e+04	0.0000000000000000e+00	3.7142505645751953e+00	2.2503659667968750e+03	7.8438069786114240e-01	2.1580968262292943e-02	error!	error!	error!	0.0000000000000000e+00	0.0000000000000000e+00	error!	0.0000000000000000e+00	error!	0.0000000000000000e+00	3.7142505645751953e+00	0.0000000000000000e+00	0.0000000000000000e+00	2.1065182250768560e-01	0.0000000000000000e+00	2.1065182250768560e-01	0	error!	0.0000000000000000e+00	0.0000000000000000e+00	0.0000000000000000e+00	0.0000000000000000e+00	0.0000000000000000e+00	0.0000000000000000e+00	0.0000000000000000e+00	0.0000000000000000e+00	0.0000000000000000e+00	0.0000000000000000e+00	0.00000e+00	0.00000e+00	0.00000e+00	0.00000e+00	0.00000e+00	0.00000e+00	error!	error!	error!	error!	error!	
monocrop	Thu Nov 20 13:21:01 CET 2025	28/7/2021	28	7	2021	209	1	1	3	5.0000000000000000e-01	5.0000000000000000e-01	1.0000000000000000e+00	4.0000000000000000e-01	4.0000000000000000e-01	1.3849533251186568e+00	3.4488479580833220e-01	2.0168833097530822e-01	1.3795388936996460e+02	3.4488472342491150e-01	Non	-3.1622829067263370e+02	0.0000000000000000e+00	4.3757812500000000e+00	0.0000000000000000e+00	0.0000000000000000e+00	0.0000000000000000e+00	error!	error!	error!	0.0000000000000000e+00	0.0000000000000000e+00	error!	0.0000000000000000e+00	error!	0.0000000000000000e+00	4.3757812500000000e+00	0.0000000000000000e+00	0.0000000000000000e+00	0.0000000000000000e+00	0.0000000000000000e+00	0.0000000000000000e+00	0	error!	0.0000000000000000e+00	0.0000000000000000e+00	0.0000000000000000e+00	0.0000000000000000e+00	0.0000000000000000e+00	0.0000000000000000e+00	0.0000000000000000e+00	0.0000000000000000e+00	0.0000000000000000e+00	0.0000000000000000e+00	0.00000e+00	0.00000e+00	0.00000e+00	0.00000e+00	0.00000e+00	0.00000e+00	error!	error!	error!	error!	error!	
monocrop	Thu Nov 20 13:21:01 CET 2025	28/7/2021	28	7	2021	209	1	1	4	5.0000000000000000e-01	5.0000000000000000e-01	1.4000000000000000e+00	4.0000000000000000e-01	4.0000000000000000e-01	1.3647856352403296e+00	3.6061863755992930e-01	2.1790127088065417e-01	1.4424746036529544e+02	3.6061865091323860e-01	Non	-3.1622766655672046e+02	0.0000000000000000e+00	1.5126644134521485e+00	0.0000000000000000e+00	0.0000000000000000e+00	0.0000000000000000e+00	error!	error!	error!	0.0000000000000000e+00	0.0000000000000000e+00	error!	0.0000000000000000e+00	error!	0.0000000000000000e+00	1.5126644134521485e+00	0.0000000000000000e+00	0.0000000000000000e+00	0.0000000000000000e+00	0.0000000000000000e+00	0.0000000000000000e+00	0	error!	0.0000000000000000e+00	0.0000000000000000e+00	0.0000000000000000e+00	0.0000000000000000e+00	0.0000000000000000e+00	0.0000000000000000e+00	0.0000000000000000e+00	0.0000000000000000e+00	0.0000000000000000e+00	0.0000000000000000e+00	0.00000e+00	0.00000e+00	0.00000e+00	0.00000e+00	0.00000e+00	0.00000e+00	error!	error!	error!	error!	error!	
monocrop	Thu Nov 20 13:21:01 CET 2025	28/7/2021	28	7	2021	209	1	1	5	5.0000000000000000e-01	5.0000000000000000e-01	1.8000000000000000e+00	4.0000000000000000e-01	4.0000000000000000e-01	1.3647856352403296e+00	3.6061863755992930e-01	2.1790127088065417e-01	1.4424746036529544e+02	3.6061865091323860e-01	Non	-3.1622766655672046e+02	0.0000000000000000e+00	4.5833964347839357e-01	0.0000000000000000e+00	0.0000000000000000e+00	0.0000000000000000e+00	error!	error!	error!	0.0000000000000000e+00	0.0000000000000000e+00	error!	0.0000000000000000e+00	error!	0.0000000000000000e+00	4.5833964347839357e-01	0.0000000000000000e+00	0.0000000000000000e+00	0.0000000000000000e+00	0.0000000000000000e+00	0.0000000000000000e+00	0	error!	0.0000000000000000e+00	0.0000000000000000e+00	0.0000000000000000e+00	0.0000000000000000e+00	0.0000000000000000e+00	0.0000000000000000e+00	0.0000000000000000e+00	0.0000000000000000e+00	0.0000000000000000e+00	0.0000000000000000e+00	0.00000e+00	0.00000e+00	0.00000e+00	0.00000e+00	0.00000e+00	0.00000e+00	error!	error!	error!	error!	error!	
monocrop	Thu Nov 20 13:21:01 CET 2025	28/7/2021	28	7	2021	209	1	1	6	5.0000000000000000e-01	5.0000000000000000e-01	2.2000000000000000e+00	4.0000000000000000e-01	4.0000000000000000e-01	1.3647856352403296e+00	3.6061863755992930e-01	2.1790127088065417e-01	1.4424746036529544e+02	3.6061865091323860e-01	Non	-3.1622766655672046e+02	0.0000000000000000e+00	9.2468553781509400e-02	0.0000000000000000e+00	0.0000000000000000e+00	0.0000000000000000e+00	error!	error!	error!	0.0000000000000000e+00	0.0000000000000000e+00	error!	0.0000000000000000e+00	error!	0.0000000000000000e+00	9.2468553781509400e-02	0.0000000000000000e+00	0.0000000000000000e+00	0.0000000000000000e+00	0.0000000000000000e+00	0.0000000000000000e+00	0	error!	0.0000000000000000e+00	0.0000000000000000e+00	0.0000000000000000e+00	0.0000000000000000e+00	0.0000000000000000e+00	0.0000000000000000e+00	0.0000000000000000e+00	0.0000000000000000e+00	0.0000000000000000e+00	0.0000000000000000e+00	0.00000e+00	0.00000e+00	0.00000e+00	0.00000e+00	0.00000e+00	0.00000e+00	error!	error!	error!	error!	error!	
monocrop	Thu Nov 20 13:21:01 CET 2025	28/7/2021	28	7	2021	209	1	1	7	5.0000000000000000e-01	5.0000000000000000e-01	2.5000000000000000e+00	2.0000000000000000e-01	2.0000000000000000e-01	1.3647856352403296e+00	3.6061863755992930e-01	2.1790127088065417e-01	7.2123730182647720e+01	3.6061865091323860e-01	Non	-3.1622766655672046e+02	0.0000000000000000e+00	7.9183757305145260e-03	0.0000000000000000e+00	0.0000000000000000e+00	0.0000000000000000e+00	error!	error!	error!	0.0000000000000000e+00	0.0000000000000000e+00	error!	0.0000000000000000e+00	error!	0.0000000000000000e+00	7.9183757305145260e-03	0.0000000000000000e+00	0.0000000000000000e+00	0.0000000000000000e+00	0.0000000000000000e+00	0.0000000000000000e+00	0	error!	0.0000000000000000e+00	0.0000000000000000e+00	0.0000000000000000e+00	0.0000000000000000e+00	0.0000000000000000e+00	0.0000000000000000e+00	0.0000000000000000e+00	0.0000000000000000e+00	0.0000000000000000e+00	0.0000000000000000e+00	0.00000e+00	0.00000e+00	0.00000e+00	0.00000e+00	0.00000e+00	0.00000e+00	error!	error!	error!	error!	error!	
monocrop	Thu Nov 20 13:21:01 CET 2025	28/8/2021	28	8	2021	240	1	1	1	5.0000000000000000e-01	5.0000000000000000e-01	2.0000000000000000e-01	4.0000000000000000e-01	4.0000000000000000e-01	1.4589606874013206e+00	2.5098248317331856e-01	1.0526950743019908e-01	3.4393092989921570e+01	8.5982732474803920e-02	Non	-3.8959902445981860e+04	1.6723648071289063e+00	8.8988670349121100e+00	1.4020528125000000e+05	2.8221971263794086e-02	1.9129835477725326e-02	error!	error!	error!	0.0000000000000000e+00	0.0000000000000000e+00	error!	0.0000000000000000e+00	error!	0.0000000000000000e+00	1.0571231842041016e+01	0.0000000000000000e+00	0.0000000000000000e+00	4.1287956201955156e-01	0.0000000000000000e+00	4.1287956201955156e-01	0	error!	0.0000000000000000e+00	0.0000000000000000e+00	0.0000000000000000e+00	0.0000000000000000e+00	0.0000000000000000e+00	0.0000000000000000e+00	0.0000000000000000e+00	0.0000000000000000e+00	0.0000000000000000e+00	0.0000000000000000e+00	0.00000e+00	2.52844e-04	2.87918e-03	0.00000e+00	4.91316e-06	6.18361e-05	error!	error!	error!	error!	error!	
monocrop	Thu Nov 20 13:21:01 CET 2025	28/8/2021	28	8	2021	240	1	1	2	5.0000000000000000e-01	5.0000000000000000e-01	6.0000000000000000e-01	4.0000000000000000e-01	4.0000000000000000e-01	1.4309090397266921e+00	3.0168622702993400e-01	1.5880384316758975e-01	5.6915265321731574e+01	1.4228816330432892e-01	Non	-3.0639603872774970e+04	0.0000000000000000e+00	3.1226301193237305e+00	2.2503659667968750e+03	1.2750504268178545e-01	6.5911147383295910e-03	error!	error!	error!	0.0000000000000000e+00	0.0000000000000000e+00	error!	0.0000000000000000e+00	error!	0.0000000000000000e+00	3.1226301193237305e+00	0.0000000000000000e+00	0.0000000000000000e+00	1.4225614065269102e-01	0.0000000000000000e+00	1.4225614065269102e-01	0	error!	0.0000000000000000e+00	0.0000000000000000e+00	0.0000000000000000e+00	0.0000000000000000e+00	0.0000000000000000e+00	0.0000000000000000e+00	0.0000000000000000e+00	0.0000000000000000e+00	0.0000000000000000e+00	0.0000000000000000e+00	0.00000e+00	0.00000e+00	0.00000e+00	0.00000e+00	0.00000e+00	0.00000e+00	error!	error!	error!	error!	error!	
monocrop	Thu Nov 20 13:21:01 CET 2025	28/8/2021	28	8	2021	240	1	1	3	5.0000000000000000e-01	5.0000000000000000e-01	1.0000000000000000e+00	4.0000000000000000e-01	4.0000000000000000e-01	1.3849533251186568e+00	3.4488479580833220e-01	2.0168833097530822e-01	1.3795388936996460e+02	3.4488472342491150e-01	Non	-3.1622829067263370e+02	0.0000000000000000e+00	4.3757812500000000e+00	0.0000000000000000e+00	0.0000000000000000e+00	0.0000000000000000e+00	error!	error!	error!	0.0000000000000000e+00	0.0000000000000000e+00	error!	0.0000000000000000e+00	error!	0.0000000000000000e+00	4.3757812500000000e+00	0.0000000000000000e+00	0.0000000000000000e+00	0.0000000000000000e+00	0.0000000000000000e+00	0.0000000000000000e+00	0	error!	0.0000000000000000e+00	0.0000000000000000e+00	0.0000000000000000e+00	0.0000000000000000e+00	0.0000000000000000e+00	0.0000000000000000e+00	0.0000000000000000e+00	0.0000000000000000e+00	0.0000000000000000e+00	0.0000000000000000e+00	0.00000e+00	0.00000e+00	0.00000e+00	0.00000e+00	0.00000e+00	0.00000e+00	error!	error!	error!	error!	error!	
monocrop	Thu Nov 20 13:21:01 CET 2025	28/8/2021	28	8	2021	240	1	1	4	5.0000000000000000e-01	5.0000000000000000e-01	1.4000000000000000e+00	4.0000000000000000e-01	4.0000000000000000e-01	1.3647856352403296e+00	3.6061863755992930e-01	2.1790127088065417e-01	1.4424746036529544e+02	3.6061865091323860e-01	Non	-3.1622766655672046e+02	0.0000000000000000e+00	1.5126644134521485e+00	0.0000000000000000e+00	0.0000000000000000e+00	0.0000000000000000e+00	error!	error!	error!	0.0000000000000000e+00	0.0000000000000000e+00	error!	0.0000000000000000e+00	error!	0.0000000000000000e+00	1.5126644134521485e+00	0.0000000000000000e+00	0.0000000000000000e+00	0.0000000000000000e+00	0.0000000000000000e+00	0.0000000000000000e+00	0	error!	0.0000000000000000e+00	0.0000000000000000e+00	0.0000000000000000e+00	0.0000000000000000e+00	0.0000000000000000e+00	0.0000000000000000e+00	0.0000000000000000e+00	0.0000000000000000e+00	0.0000000000000000e+00	0.0000000000000000e+00	0.00000e+00	0.00000e+00	0.00000e+00	0.00000e+00	0.00000e+00	0.00000e+00	error!	error!	error!	error!	error!	
monocrop	Thu Nov 20 13:21:01 CET 2025	28/8/2021	28	8	2021	240	1	1	5	5.0000000000000000e-01	5.0000000000000000e-01	1.8000000000000000e+00	4.0000000000000000e-01	4.0000000000000000e-01	1.3647856352403296e+00	3.6061863755992930e-01	2.1790127088065417e-01	1.4424746036529544e+02	3.6061865091323860e-01	Non	-3.1622766655672046e+02	0.0000000000000000e+00	4.5833964347839357e-01	0.0000000000000000e+00	0.0000000000000000e+00	0.0000000000000000e+00	error!	error!	error!	0.0000000000000000e+00	0.0000000000000000e+00	error!	0.0000000000000000e+00	error!	0.0000000000000000e+00	4.5833964347839357e-01	0.0000000000000000e+00	0.0000000000000000e+00	0.0000000000000000e+00	0.0000000000000000e+00	0.0000000000000000e+00	0	error!	0.0000000000000000e+00	0.0000000000000000e+00	0.0000000000000000e+00	0.0000000000000000e+00	0.0000000000000000e+00	0.0000000000000000e+00	0.0000000000000000e+00	0.0000000000000000e+00	0.0000000000000000e+00	0.0000000000000000e+00	0.00000e+00	0.00000e+00	0.00000e+00	0.00000e+00	0.00000e+00	0.00000e+00	error!	error!	error!	error!	error!	
monocrop	Thu Nov 20 13:21:01 CET 2025	28/8/2021	28	8	2021	240	1	1	6	5.0000000000000000e-01	5.0000000000000000e-01	2.2000000000000000e+00	4.0000000000000000e-01	4.0000000000000000e-01	1.3647856352403296e+00	3.6061863755992930e-01	2.1790127088065417e-01	1.4424746036529544e+02	3.6061865091323860e-01	Non	-3.1622766655672046e+02	0.0000000000000000e+00	9.2468553781509400e-02	0.0000000000000000e+00	0.0000000000000000e+00	0.0000000000000000e+00	error!	error!	error!	0.0000000000000000e+00	0.0000000000000000e+00	error!	0.0000000000000000e+00	error!	0.0000000000000000e+00	9.2468553781509400e-02	0.0000000000000000e+00	0.0000000000000000e+00	0.0000000000000000e+00	0.0000000000000000e+00	0.0000000000000000e+00	0	error!	0.0000000000000000e+00	0.0000000000000000e+00	0.0000000000000000e+00	0.0000000000000000e+00	0.0000000000000000e+00	0.0000000000000000e+00	0.0000000000000000e+00	0.0000000000000000e+00	0.0000000000000000e+00	0.0000000000000000e+00	0.00000e+00	0.00000e+00	0.00000e+00	0.00000e+00	0.00000e+00	0.00000e+00	error!	error!	error!	error!	error!	
monocrop	Thu Nov 20 13:21:01 CET 2025	28/8/2021	28	8	2021	240	1	1	7	5.0000000000000000e-01	5.0000000000000000e-01	2.5000000000000000e+00	2.0000000000000000e-01	2.0000000000000000e-01	1.3647856352403296e+00	3.6061863755992930e-01	2.1790127088065417e-01	7.2123730182647720e+01	3.6061865091323860e-01	Non	-3.1622766655672046e+02	0.0000000000000000e+00	7.9183757305145260e-03	0.0000000000000000e+00	0.0000000000000000e+00	0.0000000000000000e+00	error!	error!	error!	0.0000000000000000e+00	0.0000000000000000e+00	error!	0.0000000000000000e+00	error!	0.0000000000000000e+00	7.9183757305145260e-03	0.0000000000000000e+00	0.0000000000000000e+00	0.0000000000000000e+00	0.0000000000000000e+00	0.0000000000000000e+00	0	error!	0.0000000000000000e+00	0.0000000000000000e+00	0.0000000000000000e+00	0.0000000000000000e+00	0.0000000000000000e+00	0.0000000000000000e+00	0.0000000000000000e+00	0.0000000000000000e+00	0.0000000000000000e+00	0.0000000000000000e+00	0.00000e+00	0.00000e+00	0.00000e+00	0.00000e+00	0.00000e+00	0.00000e+00	error!	error!	error!	error!	error!	
monocrop	Thu Nov 20 13:21:01 CET 2025	28/9/2021	28	9	2021	271	1	1	1	5.0000000000000000e-01	5.0000000000000000e-01	2.0000000000000000e-01	4.0000000000000000e-01	4.0000000000000000e-01	1.4589606874013206e+00	2.5098248317331856e-01	1.0526950743019908e-01	4.5672121644020080e+01	1.1418030411005020e-01	Non	-1.1043515513996720e+04	1.2463614463806152e+00	9.6564353942871100e+00	1.2370303906250000e+05	1.8121476471424103e-01	2.1651355466052017e-02	error!	error!	error!	0.0000000000000000e+00	0.0000000000000000e+00	error!	0.0000000000000000e+00	error!	0.0000000000000000e+00	1.0902796840667724e+01	0.0000000000000000e+00	0.0000000000000000e+00	6.9124467283951050e-01	0.0000000000000000e+00	6.9124467283951050e-01	0	error!	0.0000000000000000e+00	0.0000000000000000e+00	0.0000000000000000e+00	0.0000000000000000e+00	0.0000000000000000e+00	0.0000000000000000e+00	0.0000000000000000e+00	0.0000000000000000e+00	0.0000000000000000e+00	0.0000000000000000e+00	0.00000e+00	3.58077e-06	1.88157e-04	0.00000e+00	6.95801e-08	4.04105e-06	error!	error!	error!	error!	error!	
monocrop	Thu Nov 20 13:21:01 CET 2025	28/9/2021	28	9	2021	271	1	1	2	5.0000000000000000e-01	5.0000000000000000e-01	6.0000000000000000e-01	4.0000000000000000e-01	4.0000000000000000e-01	1.4309090397266921e+00	3.0168622702993400e-01	1.5880384316758975e-01	5.6386566162109380e+01	1.4096641540527344e-01	Non	-3.2404691954760332e+04	0.0000000000000000e+00	3.0013011932373046e+00	2.1143481445312500e+03	0.0000000000000000e+00	4.1642618270674135e-03	error!	error!	error!	0.0000000000000000e+00	0.0000000000000000e+00	error!	0.0000000000000000e+00	error!	0.0000000000000000e+00	3.0013011932373046e+00	0.0000000000000000e+00	0.0000000000000000e+00	1.3294889591474415e-01	0.0000000000000000e+00	1.3294889591474415e-01	0	error!	0.0000000000000000e+00	0.0000000000000000e+00	0.0000000000000000e+00	0.0000000000000000e+00	0.0000000000000000e+00	0.0000000000000000e+00	0.0000000000000000e+00	0.0000000000000000e+00	0.0000000000000000e+00	0.0000000000000000e+00	0.00000e+00	0.00000e+00	0.00000e+00	0.00000e+00	0.00000e+00	0.00000e+00	error!	error!	error!	error!	error!	
monocrop	Thu Nov 20 13:21:01 CET 2025	28/9/2021	28	9	2021	271	1	1	3	5.0000000000000000e-01	5.0000000000000000e-01	1.0000000000000000e+00	4.0000000000000000e-01	4.0000000000000000e-01	1.3849533251186568e+00	3.4488479580833220e-01	2.0168833097530822e-01	1.3795388936996460e+02	3.4488472342491150e-01	Non	-3.1622829067263370e+02	0.0000000000000000e+00	4.3757812500000000e+00	0.0000000000000000e+00	0.0000000000000000e+00	0.0000000000000000e+00	error!	error!	error!	0.0000000000000000e+00	0.0000000000000000e+00	error!	0.0000000000000000e+00	error!	0.0000000000000000e+00	4.3757812500000000e+00	0.0000000000000000e+00	0.0000000000000000e+00	0.0000000000000000e+00	0.0000000000000000e+00	0.0000000000000000e+00	0	error!	0.0000000000000000e+00	0.0000000000000000e+00	0.0000000000000000e+00	0.0000000000000000e+00	0.0000000000000000e+00	0.0000000000000000e+00	0.0000000000000000e+00	0.0000000000000000e+00	0.0000000000000000e+00	0.0000000000000000e+00	0.00000e+00	0.00000e+00	0.00000e+00	0.00000e+00	0.00000e+00	0.00000e+00	error!	error!	error!	error!	error!	
monocrop	Thu Nov 20 13:21:01 CET 2025	28/9/2021	28	9	2021	271	1	1	4	5.0000000000000000e-01	5.0000000000000000e-01	1.4000000000000000e+00	4.0000000000000000e-01	4.0000000000000000e-01	1.3647856352403296e+00	3.6061863755992930e-01	2.1790127088065417e-01	1.4424746036529544e+02	3.6061865091323860e-01	Non	-3.1622766655672046e+02	0.0000000000000000e+00	1.5126644134521485e+00	0.0000000000000000e+00	0.0000000000000000e+00	0.0000000000000000e+00	error!	error!	error!	0.0000000000000000e+00	0.0000000000000000e+00	error!	0.0000000000000000e+00	error!	0.0000000000000000e+00	1.5126644134521485e+00	0.0000000000000000e+00	0.0000000000000000e+00	0.0000000000000000e+00	0.0000000000000000e+00	0.0000000000000000e+00	0	error!	0.0000000000000000e+00	0.0000000000000000e+00	0.0000000000000000e+00	0.0000000000000000e+00	0.0000000000000000e+00	0.0000000000000000e+00	0.0000000000000000e+00	0.0000000000000000e+00	0.0000000000000000e+00	0.0000000000000000e+00	0.00000e+00	0.00000e+00	0.00000e+00	0.00000e+00	0.00000e+00	0.00000e+00	error!	error!	error!	error!	error!	
monocrop	Thu Nov 20 13:21:01 CET 2025	28/9/2021	28	9	2021	271	1	1	5	5.0000000000000000e-01	5.0000000000000000e-01	1.8000000000000000e+00	4.0000000000000000e-01	4.0000000000000000e-01	1.3647856352403296e+00	3.6061863755992930e-01	2.1790127088065417e-01	1.4424746036529544e+02	3.6061865091323860e-01	Non	-3.1622766655672046e+02	0.0000000000000000e+00	4.5833964347839357e-01	0.0000000000000000e+00	0.0000000000000000e+00	0.0000000000000000e+00	error!	error!	error!	0.0000000000000000e+00	0.0000000000000000e+00	error!	0.0000000000000000e+00	error!	0.0000000000000000e+00	4.5833964347839357e-01	0.0000000000000000e+00	0.0000000000000000e+00	0.0000000000000000e+00	0.0000000000000000e+00	0.0000000000000000e+00	0	error!	0.0000000000000000e+00	0.0000000000000000e+00	0.0000000000000000e+00	0.0000000000000000e+00	0.0000000000000000e+00	0.0000000000000000e+00	0.0000000000000000e+00	0.0000000000000000e+00	0.0000000000000000e+00	0.0000000000000000e+00	0.00000e+00	0.00000e+00	0.00000e+00	0.00000e+00	0.00000e+00	0.00000e+00	error!	error!	error!	error!	error!	
monocrop	Thu Nov 20 13:21:01 CET 2025	28/9/2021	28	9	2021	271	1	1	6	5.0000000000000000e-01	5.0000000000000000e-01	2.2000000000000000e+00	4.0000000000000000e-01	4.0000000000000000e-01	1.3647856352403296e+00	3.6061863755992930e-01	2.1790127088065417e-01	1.4424746036529544e+02	3.6061865091323860e-01	Non	-3.1622766655672046e+02	0.0000000000000000e+00	9.2468553781509400e-02	0.0000000000000000e+00	0.0000000000000000e+00	0.0000000000000000e+00	error!	error!	error!	0.0000000000000000e+00	0.0000000000000000e+00	error!	0.0000000000000000e+00	error!	0.0000000000000000e+00	9.2468553781509400e-02	0.0000000000000000e+00	0.0000000000000000e+00	0.0000000000000000e+00	0.0000000000000000e+00	0.0000000000000000e+00	0	error!	0.0000000000000000e+00	0.0000000000000000e+00	0.0000000000000000e+00	0.0000000000000000e+00	0.0000000000000000e+00	0.0000000000000000e+00	0.0000000000000000e+00	0.0000000000000000e+00	0.0000000000000000e+00	0.0000000000000000e+00	0.00000e+00	0.00000e+00	0.00000e+00	0.00000e+00	0.00000e+00	0.00000e+00	error!	error!	error!	error!	error!	
monocrop	Thu Nov 20 13:21:01 CET 2025	28/9/2021	28	9	2021	271	1	1	7	5.0000000000000000e-01	5.0000000000000000e-01	2.5000000000000000e+00	2.0000000000000000e-01	2.0000000000000000e-01	1.3647856352403296e+00	3.6061863755992930e-01	2.1790127088065417e-01	7.2123730182647720e+01	3.6061865091323860e-01	Non	-3.1622766655672046e+02	0.0000000000000000e+00	7.9183757305145260e-03	0.0000000000000000e+00	0.0000000000000000e+00	0.0000000000000000e+00	error!	error!	error!	0.0000000000000000e+00	0.0000000000000000e+00	error!	0.0000000000000000e+00	error!	0.0000000000000000e+00	7.9183757305145260e-03	0.0000000000000000e+00	0.0000000000000000e+00	0.0000000000000000e+00	0.0000000000000000e+00	0.0000000000000000e+00	0	error!	0.0000000000000000e+00	0.0000000000000000e+00	0.0000000000000000e+00	0.0000000000000000e+00	0.0000000000000000e+00	0.0000000000000000e+00	0.0000000000000000e+00	0.0000000000000000e+00	0.0000000000000000e+00	0.0000000000000000e+00	0.00000e+00	0.00000e+00	0.00000e+00	0.00000e+00	0.00000e+00	0.00000e+00	error!	error!	error!	error!	error!	
monocrop	Thu Nov 20 13:21:01 CET 2025	28/10/2021	28	10	2021	301	1	1	1	5.0000000000000000e-01	5.0000000000000000e-01	2.0000000000000000e-01	4.0000000000000000e-01	4.0000000000000000e-01	1.4589606874013206e+00	2.5098248317331856e-01	1.0526950743019908e-01	5.2774637937545776e+01	1.3193659484386444e-01	Non	-5.8054676184472950e+03	1.0050251960754395e+00	8.7859245300292970e+00	0.0000000000000000e+00	0.0000000000000000e+00	0.0000000000000000e+00	error!	error!	error!	0.0000000000000000e+00	0.0000000000000000e+00	error!	0.0000000000000000e+00	error!	0.0000000000000000e+00	9.7909497261047370e+00	0.0000000000000000e+00	0.0000000000000000e+00	0.0000000000000000e+00	0.0000000000000000e+00	0.0000000000000000e+00	0	error!	0.0000000000000000e+00	0.0000000000000000e+00	0.0000000000000000e+00	0.0000000000000000e+00	0.0000000000000000e+00	0.0000000000000000e+00	0.0000000000000000e+00	0.0000000000000000e+00	0.0000000000000000e+00	0.0000000000000000e+00	1.03800e+03	7.90261e-08	1.16303e+03	2.11770e+01	1.53560e-09	2.62256e+01	error!	error!	error!	error!	error!	
monocrop	Thu Nov 20 13:21:01 CET 2025	28/10/2021	28	10	2021	301	1	1	2	5.0000000000000000e-01	5.0000000000000000e-01	6.0000000000000000e-01	4.0000000000000000e-01	4.0000000000000000e-01	1.4309090397266921e+00	3.0168622702993400e-01	1.5880384316758975e-01	5.6376099586486816e+01	1.4094024896621704e-01	Non	-3.2440814064206443e+04	0.0000000000000000e+00	2.9815734863281250e+00	0.0000000000000000e+00	0.0000000000000000e+00	0.0000000000000000e+00	error!	error!	error!	0.0000000000000000e+00	0.0000000000000000e+00	error!	0.0000000000000000e+00	error!	0.0000000000000000e+00	2.9815734863281250e+00	0.0000000000000000e+00	0.0000000000000000e+00	0.0000000000000000e+00	0.0000000000000000e+00	0.0000000000000000e+00	0	error!	0.0000000000000000e+00	0.0000000000000000e+00	0.0000000000000000e+00	0.0000000000000000e+00	0.0000000000000000e+00	0.0000000000000000e+00	0.0000000000000000e+00	0.0000000000000000e+00	0.0000000000000000e+00	0.0000000000000000e+00	0.00000e+00	0.00000e+00	0.00000e+00	0.00000e+00	0.00000e+00	0.00000e+00	error!	error!	error!	error!	error!	
monocrop	Thu Nov 20 13:21:01 CET 2025	28/10/2021	28	10	2021	301	1	1	3	5.0000000000000000e-01	5.0000000000000000e-01	1.0000000000000000e+00	4.0000000000000000e-01	4.0000000000000000e-01	1.3849533251186568e+00	3.4488479580833220e-01	2.0168833097530822e-01	1.3795388936996460e+02	3.4488472342491150e-01	Non	-3.1622829067263370e+02	0.0000000000000000e+00	4.3757812500000000e+00	0.0000000000000000e+00	0.0000000000000000e+00	0.0000000000000000e+00	error!	error!	error!	0.0000000000000000e+00	0.0000000000000000e+00	error!	0.0000000000000000e+00	error!	0.0000000000000000e+00	4.3757812500000000e+00	0.0000000000000000e+00	0.0000000000000000e+00	0.0000000000000000e+00	0.0000000000000000e+00	0.0000000000000000e+00	0	error!	0.0000000000000000e+00	0.0000000000000000e+00	0.0000000000000000e+00	0.0000000000000000e+00	0.0000000000000000e+00	0.0000000000000000e+00	0.0000000000000000e+00	0.0000000000000000e+00	0.0000000000000000e+00	0.0000000000000000e+00	0.00000e+00	0.00000e+00	0.00000e+00	0.00000e+00	0.00000e+00	0.00000e+00	error!	error!	error!	error!	error!	
monocrop	Thu Nov 20 13:21:01 CET 2025	28/10/2021	28	10	2021	301	1	1	4	5.0000000000000000e-01	5.0000000000000000e-01	1.4000000000000000e+00	4.0000000000000000e-01	4.0000000000000000e-01	1.3647856352403296e+00	3.6061863755992930e-01	2.1790127088065417e-01	1.4424746036529544e+02	3.6061865091323860e-01	Non	-3.1622766655672046e+02	0.0000000000000000e+00	1.5126644134521485e+00	0.0000000000000000e+00	0.0000000000000000e+00	0.0000000000000000e+00	error!	error!	error!	0.0000000000000000e+00	0.0000000000000000e+00	error!	0.0000000000000000e+00	error!	0.0000000000000000e+00	1.5126644134521485e+00	0.0000000000000000e+00	0.0000000000000000e+00	0.0000000000000000e+00	0.0000000000000000e+00	0.0000000000000000e+00	0	error!	0.0000000000000000e+00	0.0000000000000000e+00	0.0000000000000000e+00	0.0000000000000000e+00	0.0000000000000000e+00	0.0000000000000000e+00	0.0000000000000000e+00	0.0000000000000000e+00	0.0000000000000000e+00	0.0000000000000000e+00	0.00000e+00	0.00000e+00	0.00000e+00	0.00000e+00	0.00000e+00	0.00000e+00	error!	error!	error!	error!	error!	
monocrop	Thu Nov 20 13:21:01 CET 2025	28/10/2021	28	10	2021	301	1	1	5	5.0000000000000000e-01	5.0000000000000000e-01	1.8000000000000000e+00	4.0000000000000000e-01	4.0000000000000000e-01	1.3647856352403296e+00	3.6061863755992930e-01	2.1790127088065417e-01	1.4424746036529544e+02	3.6061865091323860e-01	Non	-3.1622766655672046e+02	0.0000000000000000e+00	4.5833964347839357e-01	0.0000000000000000e+00	0.0000000000000000e+00	0.0000000000000000e+00	error!	error!	error!	0.0000000000000000e+00	0.0000000000000000e+00	error!	0.0000000000000000e+00	error!	0.0000000000000000e+00	4.5833964347839357e-01	0.0000000000000000e+00	0.0000000000000000e+00	0.0000000000000000e+00	0.0000000000000000e+00	0.0000000000000000e+00	0	error!	0.0000000000000000e+00	0.0000000000000000e+00	0.0000000000000000e+00	0.0000000000000000e+00	0.0000000000000000e+00	0.0000000000000000e+00	0.0000000000000000e+00	0.0000000000000000e+00	0.0000000000000000e+00	0.0000000000000000e+00	0.00000e+00	0.00000e+00	0.00000e+00	0.00000e+00	0.00000e+00	0.00000e+00	error!	error!	error!	error!	error!	
monocrop	Thu Nov 20 13:21:01 CET 2025	28/10/2021	28	10	2021	301	1	1	6	5.0000000000000000e-01	5.0000000000000000e-01	2.2000000000000000e+00	4.0000000000000000e-01	4.0000000000000000e-01	1.3647856352403296e+00	3.6061863755992930e-01	2.1790127088065417e-01	1.4424746036529544e+02	3.6061865091323860e-01	Non	-3.1622766655672046e+02	0.0000000000000000e+00	9.2468553781509400e-02	0.0000000000000000e+00	0.0000000000000000e+00	0.0000000000000000e+00	error!	error!	error!	0.0000000000000000e+00	0.0000000000000000e+00	error!	0.0000000000000000e+00	error!	0.0000000000000000e+00	9.2468553781509400e-02	0.0000000000000000e+00	0.0000000000000000e+00	0.0000000000000000e+00	0.0000000000000000e+00	0.0000000000000000e+00	0	error!	0.0000000000000000e+00	0.0000000000000000e+00	0.0000000000000000e+00	0.0000000000000000e+00	0.0000000000000000e+00	0.0000000000000000e+00	0.0000000000000000e+00	0.0000000000000000e+00	0.0000000000000000e+00	0.0000000000000000e+00	0.00000e+00	0.00000e+00	0.00000e+00	0.00000e+00	0.00000e+00	0.00000e+00	error!	error!	error!	error!	error!	
monocrop	Thu Nov 20 13:21:01 CET 2025	28/10/2021	28	10	2021	301	1	1	7	5.0000000000000000e-01	5.0000000000000000e-01	2.5000000000000000e+00	2.0000000000000000e-01	2.0000000000000000e-01	1.3647856352403296e+00	3.6061863755992930e-01	2.1790127088065417e-01	7.2123730182647720e+01	3.6061865091323860e-01	Non	-3.1622766655672046e+02	0.0000000000000000e+00	7.9183757305145260e-03	0.0000000000000000e+00	0.0000000000000000e+00	0.0000000000000000e+00	error!	error!	error!	0.0000000000000000e+00	0.0000000000000000e+00	error!	0.0000000000000000e+00	error!	0.0000000000000000e+00	7.9183757305145260e-03	0.0000000000000000e+00	0.0000000000000000e+00	0.0000000000000000e+00	0.0000000000000000e+00	0.0000000000000000e+00	0	error!	0.0000000000000000e+00	0.0000000000000000e+00	0.0000000000000000e+00	0.0000000000000000e+00	0.0000000000000000e+00	0.0000000000000000e+00	0.0000000000000000e+00	0.0000000000000000e+00	0.0000000000000000e+00	0.0000000000000000e+00	0.00000e+00	0.00000e+00	0.00000e+00	0.00000e+00	0.00000e+00	0.00000e+00	error!	error!	error!	error!	error!	
monocrop	Thu Nov 20 13:21:01 CET 2025	28/11/2021	28	11	2021	332	1	1	1	5.0000000000000000e-01	5.0000000000000000e-01	2.0000000000000000e-01	4.0000000000000000e-01	4.0000000000000000e-01	1.4589606874013206e+00	2.5098248317331856e-01	1.0526950743019908e-01	9.9383831024169920e+01	2.4845957756042480e-01	Non	-3.3174609665039410e+02	3.6057242751121520e-02	7.3841545104980470e+00	0.0000000000000000e+00	0.0000000000000000e+00	0.0000000000000000e+00	error!	error!	error!	0.0000000000000000e+00	0.0000000000000000e+00	error!	0.0000000000000000e+00	error!	0.0000000000000000e+00	7.4202117532491690e+00	0.0000000000000000e+00	0.0000000000000000e+00	0.0000000000000000e+00	0.0000000000000000e+00	0.0000000000000000e+00	0	error!	0.0000000000000000e+00	0.0000000000000000e+00	0.0000000000000000e+00	0.0000000000000000e+00	0.0000000000000000e+00	0.0000000000000000e+00	0.0000000000000000e+00	0.0000000000000000e+00	0.0000000000000000e+00	0.0000000000000000e+00	5.76862e+02	6.14604e-09	1.98033e+02	1.17690e+01	1.19427e-10	4.46552e+00	error!	error!	error!	error!	error!	
monocrop	Thu Nov 20 13:21:01 CET 2025	28/11/2021	28	11	2021	332	1	1	2	5.0000000000000000e-01	5.0000000000000000e-01	6.0000000000000000e-01	4.0000000000000000e-01	4.0000000000000000e-01	1.4309090397266921e+00	3.0168622702993400e-01	1.5880384316758975e-01	6.8189954757690430e+01	1.7047488689422607e-01	Non	-1.0352113983788610e+04	0.0000000000000000e+00	4.3167533874511720e+00	0.0000000000000000e+00	0.0000000000000000e+00	0.0000000000000000e+00	error!	error!	error!	0.0000000000000000e+00	0.0000000000000000e+00	error!	0.0000000000000000e+00	error!	0.0000000000000000e+00	4.3167533874511720e+00	0.0000000000000000e+00	0.0000000000000000e+00	0.0000000000000000e+00	0.0000000000000000e+00	0.0000000000000000e+00	0	error!	0.0000000000000000e+00	0.0000000000000000e+00	0.0000000000000000e+00	0.0000000000000000e+00	0.0000000000000000e+00	0.0000000000000000e+00	0.0000000000000000e+00	0.0000000000000000e+00	0.0000000000000000e+00	0.0000000000000000e+00	0.00000e+00	0.00000e+00	0.00000e+00	0.00000e+00	0.00000e+00	0.00000e+00	error!	error!	error!	error!	error!	
monocrop	Thu Nov 20 13:21:01 CET 2025	28/11/2021	28	11	2021	332	1	1	3	5.0000000000000000e-01	5.0000000000000000e-01	1.0000000000000000e+00	4.0000000000000000e-01	4.0000000000000000e-01	1.3849533251186568e+00	3.4488479580833220e-01	2.0168833097530822e-01	1.3795388936996460e+02	3.4488472342491150e-01	Non	-3.1622829067263370e+02	0.0000000000000000e+00	4.3757812500000000e+00	0.0000000000000000e+00	0.0000000000000000e+00	0.0000000000000000e+00	error!	error!	error!	0.0000000000000000e+00	0.0000000000000000e+00	error!	0.0000000000000000e+00	error!	0.0000000000000000e+00	4.3757812500000000e+00	0.0000000000000000e+00	0.0000000000000000e+00	0.0000000000000000e+00	0.0000000000000000e+00	0.0000000000000000e+00	0	error!	0.0000000000000000e+00	0.0000000000000000e+00	0.0000000000000000e+00	0.0000000000000000e+00	0.0000000000000000e+00	0.0000000000000000e+00	0.0000000000000000e+00	0.0000000000000000e+00	0.0000000000000000e+00	0.0000000000000000e+00	0.00000e+00	0.00000e+00	0.00000e+00	0.00000e+00	0.00000e+00	0.00000e+00	error!	error!	error!	error!	error!	
monocrop	Thu Nov 20 13:21:01 CET 2025	28/11/2021	28	11	2021	332	1	1	4	5.0000000000000000e-01	5.0000000000000000e-01	1.4000000000000000e+00	4.0000000000000000e-01	4.0000000000000000e-01	1.3647856352403296e+00	3.6061863755992930e-01	2.1790127088065417e-01	1.4424746036529544e+02	3.6061865091323860e-01	Non	-3.1622766655672046e+02	0.0000000000000000e+00	1.5126644134521485e+00	0.0000000000000000e+00	0.0000000000000000e+00	0.0000000000000000e+00	error!	error!	error!	0.0000000000000000e+00	0.0000000000000000e+00	error!	0.0000000000000000e+00	error!	0.0000000000000000e+00	1.5126644134521485e+00	0.0000000000000000e+00	0.0000000000000000e+00	0.0000000000000000e+00	0.0000000000000000e+00	0.0000000000000000e+00	0	error!	0.0000000000000000e+00	0.0000000000000000e+00	0.0000000000000000e+00	0.0000000000000000e+00	0.0000000000000000e+00	0.0000000000000000e+00	0.0000000000000000e+00	0.0000000000000000e+00	0.0000000000000000e+00	0.0000000000000000e+00	0.00000e+00	0.00000e+00	0.00000e+00	0.00000e+00	0.00000e+00	0.00000e+00	error!	error!	error!	error!	error!	
monocrop	Thu Nov 20 13:21:01 CET 2025	28/11/2021	28	11	2021	332	1	1	5	5.0000000000000000e-01	5.0000000000000000e-01	1.8000000000000000e+00	4.0000000000000000e-01	4.0000000000000000e-01	1.3647856352403296e+00	3.6061863755992930e-01	2.1790127088065417e-01	1.4424746036529544e+02	3.6061865091323860e-01	Non	-3.1622766655672046e+02	0.0000000000000000e+00	4.5833964347839357e-01	0.0000000000000000e+00	0.0000000000000000e+00	0.0000000000000000e+00	error!	error!	error!	0.0000000000000000e+00	0.0000000000000000e+00	error!	0.0000000000000000e+00	error!	0.0000000000000000e+00	4.5833964347839357e-01	0.0000000000000000e+00	0.0000000000000000e+00	0.0000000000000000e+00	0.0000000000000000e+00	0.0000000000000000e+00	0	error!	0.0000000000000000e+00	0.0000000000000000e+00	0.0000000000000000e+00	0.0000000000000000e+00	0.0000000000000000e+00	0.0000000000000000e+00	0.0000000000000000e+00	0.0000000000000000e+00	0.0000000000000000e+00	0.0000000000000000e+00	0.00000e+00	0.00000e+00	0.00000e+00	0.00000e+00	0.00000e+00	0.00000e+00	error!	error!	error!	error!	error!	
monocrop	Thu Nov 20 13:21:01 CET 2025	28/11/2021	28	11	2021	332	1	1	6	5.0000000000000000e-01	5.0000000000000000e-01	2.2000000000000000e+00	4.0000000000000000e-01	4.0000000000000000e-01	1.3647856352403296e+00	3.6061863755992930e-01	2.1790127088065417e-01	1.4424746036529544e+02	3.6061865091323860e-01	Non	-3.1622766655672046e+02	0.0000000000000000e+00	9.2468553781509400e-02	0.0000000000000000e+00	0.0000000000000000e+00	0.0000000000000000e+00	error!	error!	error!	0.0000000000000000e+00	0.0000000000000000e+00	error!	0.0000000000000000e+00	error!	0.0000000000000000e+00	9.2468553781509400e-02	0.0000000000000000e+00	0.0000000000000000e+00	0.0000000000000000e+00	0.0000000000000000e+00	0.0000000000000000e+00	0	error!	0.0000000000000000e+00	0.0000000000000000e+00	0.0000000000000000e+00	0.0000000000000000e+00	0.0000000000000000e+00	0.0000000000000000e+00	0.0000000000000000e+00	0.0000000000000000e+00	0.0000000000000000e+00	0.0000000000000000e+00	0.00000e+00	0.00000e+00	0.00000e+00	0.00000e+00	0.00000e+00	0.00000e+00	error!	error!	error!	error!	error!	
monocrop	Thu Nov 20 13:21:01 CET 2025	28/11/2021	28	11	2021	332	1	1	7	5.0000000000000000e-01	5.0000000000000000e-01	2.5000000000000000e+00	2.0000000000000000e-01	2.0000000000000000e-01	1.3647856352403296e+00	3.6061863755992930e-01	2.1790127088065417e-01	7.2123730182647720e+01	3.6061865091323860e-01	Non	-3.1622766655672046e+02	0.0000000000000000e+00	7.9183757305145260e-03	0.0000000000000000e+00	0.0000000000000000e+00	0.0000000000000000e+00	error!	error!	error!	0.0000000000000000e+00	0.0000000000000000e+00	error!	0.0000000000000000e+00	error!	0.0000000000000000e+00	7.9183757305145260e-03	0.0000000000000000e+00	0.0000000000000000e+00	0.0000000000000000e+00	0.0000000000000000e+00	0.0000000000000000e+00	0	error!	0.0000000000000000e+00	0.0000000000000000e+00	0.0000000000000000e+00	0.0000000000000000e+00	0.0000000000000000e+00	0.0000000000000000e+00	0.0000000000000000e+00	0.0000000000000000e+00	0.0000000000000000e+00	0.0000000000000000e+00	0.00000e+00	0.00000e+00	0.00000e+00	0.00000e+00	0.00000e+00	0.00000e+00	error!	error!	error!	error!	error!	
monocrop	Thu Nov 20 13:21:01 CET 2025	28/12/2021	28	12	2021	362	1	1	1	5.0000000000000000e-01	5.0000000000000000e-01	2.0000000000000000e-01	4.0000000000000000e-01	4.0000000000000000e-01	1.4589606874013206e+00	2.5098248317331856e-01	1.0526950743019908e-01	1.0039304494857788e+02	2.5098261237144470e-01	Non	-3.1622699266936490e+02	1.3261243104934692e-01	5.2878398895263670e+00	0.0000000000000000e+00	0.0000000000000000e+00	0.0000000000000000e+00	error!	error!	error!	0.0000000000000000e+00	0.0000000000000000e+00	error!	0.0000000000000000e+00	error!	0.0000000000000000e+00	5.4204523205757145e+00	0.0000000000000000e+00	0.0000000000000000e+00	0.0000000000000000e+00	0.0000000000000000e+00	0.0000000000000000e+00	0	error!	0.0000000000000000e+00	0.0000000000000000e+00	0.0000000000000000e+00	0.0000000000000000e+00	0.0000000000000000e+00	0.0000000000000000e+00	0.0000000000000000e+00	0.0000000000000000e+00	0.0000000000000000e+00	0.0000000000000000e+00	3.91411e+02	1.25501e-09	4.57824e+01	7.98551e+00	2.43869e-11	1.03237e+00	error!	error!	error!	error!	error!	
monocrop	Thu Nov 20 13:21:01 CET 2025	28/12/2021	28	12	2021	362	1	1	2	5.0000000000000000e-01	5.0000000000000000e-01	6.0000000000000000e-01	4.0000000000000000e-01	4.0000000000000000e-01	1.4309090397266921e+00	3.0168622702993400e-01	1.5880384316758975e-01	9.5224940776824970e+01	2.3806235194206240e-01	Non	-1.3810762601487530e+03	0.0000000000000000e+00	6.8702400207519530e+00	0.0000000000000000e+00	0.0000000000000000e+00	0.0000000000000000e+00	error!	error!	error!	0.0000000000000000e+00	0.0000000000000000e+00	error!	0.0000000000000000e+00	error!	0.0000000000000000e+00	6.8702400207519530e+00	0.0000000000000000e+00	0.0000000000000000e+00	0.0000000000000000e+00	0.0000000000000000e+00	0.0000000000000000e+00	0	error!	0.0000000000000000e+00	0.0000000000000000e+00	0.0000000000000000e+00	0.0000000000000000e+00	0.0000000000000000e+00	0.0000000000000000e+00	0.0000000000000000e+00	0.0000000000000000e+00	0.0000000000000000e+00	0.0000000000000000e+00	0.00000e+00	0.00000e+00	0.00000e+00	0.00000e+00	0.00000e+00	0.00000e+00	error!	error!	error!	error!	error!	
monocrop	Thu Nov 20 13:21:01 CET 2025	28/12/2021	28	12	2021	362	1	1	3	5.0000000000000000e-01	5.0000000000000000e-01	1.0000000000000000e+00	4.0000000000000000e-01	4.0000000000000000e-01	1.3849533251186568e+00	3.4488479580833220e-01	2.0168833097530822e-01	1.3795388936996460e+02	3.4488472342491150e-01	Non	-3.1622829067263370e+02	0.0000000000000000e+00	4.3757812500000000e+00	0.0000000000000000e+00	0.0000000000000000e+00	0.0000000000000000e+00	error!	error!	error!	0.0000000000000000e+00	0.0000000000000000e+00	error!	0.0000000000000000e+00	error!	0.0000000000000000e+00	4.3757812500000000e+00	0.0000000000000000e+00	0.0000000000000000e+00	0.0000000000000000e+00	0.0000000000000000e+00	0.0000000000000000e+00	0	error!	0.0000000000000000e+00	0.0000000000000000e+00	0.0000000000000000e+00	0.0000000000000000e+00	0.0000000000000000e+00	0.0000000000000000e+00	0.0000000000000000e+00	0.0000000000000000e+00	0.0000000000000000e+00	0.0000000000000000e+00	0.00000e+00	0.00000e+00	0.00000e+00	0.00000e+00	0.00000e+00	0.00000e+00	error!	error!	error!	error!	error!	
monocrop	Thu Nov 20 13:21:01 CET 2025	28/12/2021	28	12	2021	362	1	1	4	5.0000000000000000e-01	5.0000000000000000e-01	1.4000000000000000e+00	4.0000000000000000e-01	4.0000000000000000e-01	1.3647856352403296e+00	3.6061863755992930e-01	2.1790127088065417e-01	1.4424746036529544e+02	3.6061865091323860e-01	Non	-3.1622766655672046e+02	0.0000000000000000e+00	1.5126644134521485e+00	0.0000000000000000e+00	0.0000000000000000e+00	0.0000000000000000e+00	error!	error!	error!	0.0000000000000000e+00	0.0000000000000000e+00	error!	0.0000000000000000e+00	error!	0.0000000000000000e+00	1.5126644134521485e+00	0.0000000000000000e+00	0.0000000000000000e+00	0.0000000000000000e+00	0.0000000000000000e+00	0.0000000000000000e+00	0	error!	0.0000000000000000e+00	0.0000000000000000e+00	0.0000000000000000e+00	0.0000000000000000e+00	0.0000000000000000e+00	0.0000000000000000e+00	0.0000000000000000e+00	0.0000000000000000e+00	0.0000000000000000e+00	0.0000000000000000e+00	0.00000e+00	0.00000e+00	0.00000e+00	0.00000e+00	0.00000e+00	0.00000e+00	error!	error!	error!	error!	error!	
monocrop	Thu Nov 20 13:21:01 CET 2025	28/12/2021	28	12	2021	362	1	1	5	5.0000000000000000e-01	5.0000000000000000e-01	1.8000000000000000e+00	4.0000000000000000e-01	4.0000000000000000e-01	1.3647856352403296e+00	3.6061863755992930e-01	2.1790127088065417e-01	1.4424746036529544e+02	3.6061865091323860e-01	Non	-3.1622766655672046e+02	0.0000000000000000e+00	4.5833964347839357e-01	0.0000000000000000e+00	0.0000000000000000e+00	0.0000000000000000e+00	error!	error!	error!	0.0000000000000000e+00	0.0000000000000000e+00	error!	0.0000000000000000e+00	error!	0.0000000000000000e+00	4.5833964347839357e-01	0.0000000000000000e+00	0.0000000000000000e+00	0.0000000000000000e+00	0.0000000000000000e+00	0.0000000000000000e+00	0	error!	0.0000000000000000e+00	0.0000000000000000e+00	0.0000000000000000e+00	0.0000000000000000e+00	0.0000000000000000e+00	0.0000000000000000e+00	0.0000000000000000e+00	0.0000000000000000e+00	0.0000000000000000e+00	0.0000000000000000e+00	0.00000e+00	0.00000e+00	0.00000e+00	0.00000e+00	0.00000e+00	0.00000e+00	error!	error!	error!	error!	error!	
monocrop	Thu Nov 20 13:21:01 CET 2025	28/12/2021	28	12	2021	362	1	1	6	5.0000000000000000e-01	5.0000000000000000e-01	2.2000000000000000e+00	4.0000000000000000e-01	4.0000000000000000e-01	1.3647856352403296e+00	3.6061863755992930e-01	2.1790127088065417e-01	1.4424746036529544e+02	3.6061865091323860e-01	Non	-3.1622766655672046e+02	0.0000000000000000e+00	9.2468553781509400e-02	0.0000000000000000e+00	0.0000000000000000e+00	0.0000000000000000e+00	error!	error!	error!	0.0000000000000000e+00	0.0000000000000000e+00	error!	0.0000000000000000e+00	error!	0.0000000000000000e+00	9.2468553781509400e-02	0.0000000000000000e+00	0.0000000000000000e+00	0.0000000000000000e+00	0.0000000000000000e+00	0.0000000000000000e+00	0	error!	0.0000000000000000e+00	0.0000000000000000e+00	0.0000000000000000e+00	0.0000000000000000e+00	0.0000000000000000e+00	0.0000000000000000e+00	0.0000000000000000e+00	0.0000000000000000e+00	0.0000000000000000e+00	0.0000000000000000e+00	0.00000e+00	0.00000e+00	0.00000e+00	0.00000e+00	0.00000e+00	0.00000e+00	error!	error!	error!	error!	error!	
monocrop	Thu Nov 20 13:21:01 CET 2025	28/12/2021	28	12	2021	362	1	1	7	5.0000000000000000e-01	5.0000000000000000e-01	2.5000000000000000e+00	2.0000000000000000e-01	2.0000000000000000e-01	1.3647856352403296e+00	3.6061863755992930e-01	2.1790127088065417e-01	7.2123730182647720e+01	3.6061865091323860e-01	Non	-3.1622766655672046e+02	0.0000000000000000e+00	7.9183757305145260e-03	0.0000000000000000e+00	0.0000000000000000e+00	0.0000000000000000e+00	error!	error!	error!	0.0000000000000000e+00	0.0000000000000000e+00	error!	0.0000000000000000e+00	error!	0.0000000000000000e+00	7.9183757305145260e-03	0.0000000000000000e+00	0.0000000000000000e+00	0.0000000000000000e+00	0.0000000000000000e+00	0.0000000000000000e+00	0	error!	0.0000000000000000e+00	0.0000000000000000e+00	0.0000000000000000e+00	0.0000000000000000e+00	0.0000000000000000e+00	0.0000000000000000e+00	0.0000000000000000e+00	0.0000000000000000e+00	0.0000000000000000e+00	0.0000000000000000e+00	0.00000e+00	0.00000e+00	0.00000e+00	0.00000e+00	0.00000e+00	0.00000e+00	error!	error!	error!	error!	error!	
